  0
SECTION
  2
HEADER
  9
$ANGBASE
  50
0.0
  9
$ANGDIR
  70
1
  9
$MEASUREMENT
  70
0
  0
ENDSEC
  0
SECTION
  2
TABLES
  0
TABLE
  2
LTYPE
  70
4
  0
LTYPE
  5
40F
  2
CONTINUOUS
  70
0
  3
Solid line
  72
65
  73
0
  40
0.0
  0
LTYPE
  5
410
  2
DASHDOT
 70
0
  3
Dash Dot ____ _ ____ _
 72
65
 73
4
 40
2.0
 49
1.25
 49
-0.25
 49
0.25
 49
-0.25
  0
LTYPE
  5
411
  2
DASHED
 70
0
  3
Dashed __ __ __ __ __
 72
65
 73
2
 40
0.75
 49
0.5
 49
-0.25
  0
LTYPE
  5
43B
  2
DOTTED
 70
0
  3
Dotted .  .  .  .
 72
65
 73
2
 40
0.2
 49
0.0
 49
-0.2
  0
ENDTAB
  0
TABLE
  2
STYLE
  70
4
  0
STYLE
  2
KICAD
  70
0
  40
0
  41
1
  42
1
  50
0
  71
0
  3
isocp.shx
  0
STYLE
  2
KICADB
  70
0
  40
0
  41
1
  42
1
  50
0
  71
0
  3
isocp.shx
  0
STYLE
  2
KICADI
  70
0
  40
0
  41
1
  42
1
  50
15
  71
0
  3
isocp.shx
  0
STYLE
  2
KICADBI
  70
0
  40
0
  41
1
  42
1
  50
15
  71
0
  3
isocp.shx
  0
ENDTAB
  0
TABLE
  2
LAYER
  70
1
  0
LAYER
  2
BLACK
  70
0
  62
7
  6
CONTINUOUS
  0
ENDTAB
  0
ENDSEC
  0
SECTION
  2
ENTITIES
0
LINE
8
BLACK
6
CONTINUOUS
10
0.7171183070866142
20
0.5699670866141732
11
0.7197885039370079
21
0.5684254330708661
0
LINE
8
BLACK
6
CONTINUOUS
10
0.7197885039370079
20
0.5684254330708661
11
0.7219687401574802
21
0.5662451968503937
0
LINE
8
BLACK
6
CONTINUOUS
10
0.7219687401574802
20
0.5662451968503937
11
0.7235103937007874
21
0.5635749999999999
0
LINE
8
BLACK
6
CONTINUOUS
10
0.7235103937007874
20
0.5635749999999999
11
0.7243083858267716
21
0.5605967716535433
0
LINE
8
BLACK
6
CONTINUOUS
10
0.7243083858267716
20
0.5605967716535433
11
0.7243083858267716
21
0.5575134645669291
0
LINE
8
BLACK
6
CONTINUOUS
10
0.7243083858267716
20
0.5575134645669291
11
0.7235103937007874
21
0.5545352362204724
0
LINE
8
BLACK
6
CONTINUOUS
10
0.7235103937007874
20
0.5545352362204724
11
0.7219687401574802
21
0.5518650393700787
0
LINE
8
BLACK
6
CONTINUOUS
10
0.7219687401574802
20
0.5518650393700787
11
0.7197885039370079
21
0.5496848031496063
0
LINE
8
BLACK
6
CONTINUOUS
10
0.7197885039370079
20
0.5496848031496063
11
0.7171183070866142
21
0.5481431496062992
0
LINE
8
BLACK
6
CONTINUOUS
10
0.7171183070866142
20
0.5481431496062992
11
0.715052283464567
21
0.5475896062992126
0
LINE
8
BLACK
6
CONTINUOUS
10
0.715052283464567
20
0.5475896062992126
11
0.708315905511811
21
0.5408531889763779
0
LINE
8
BLACK
6
CONTINUOUS
10
0.708315905511811
20
0.5408531889763779
11
0.7077623622047244
21
0.5387872047244094
0
LINE
8
BLACK
6
CONTINUOUS
10
0.7077623622047244
20
0.5387872047244094
11
0.7066929133858267
21
0.5369349212598425
0
LINE
8
BLACK
6
CONTINUOUS
10
0.7066929133858267
20
0.5369349212598425
11
0.7066929133858267
21
0.5070296850393701
0
LINE
8
BLACK
6
CONTINUOUS
10
0.7066929133858267
20
0.5070296850393701
11
0.8219902755905512
21
0.3917322834645669
0
LINE
8
BLACK
6
CONTINUOUS
10
0.8219902755905512
20
0.3917322834645669
11
1.0223622047244094
21
0.3917322834645669
0
LINE
8
BLACK
6
CONTINUOUS
10
1.0223622047244094
20
0.3917322834645669
11
1.0223622047244094
21
0.4118897637795276
0
LINE
8
BLACK
6
CONTINUOUS
10
1.0223622047244094
20
0.4118897637795276
11
1.0823622047244095
21
0.4118897637795276
0
LINE
8
BLACK
6
CONTINUOUS
10
1.0823622047244095
20
0.4118897637795276
11
1.0823622047244095
21
0.3518897637795276
0
LINE
8
BLACK
6
CONTINUOUS
10
1.0823622047244095
20
0.3518897637795276
11
1.0223622047244094
21
0.3518897637795276
0
LINE
8
BLACK
6
CONTINUOUS
10
1.0223622047244094
20
0.3518897637795276
11
1.0223622047244094
21
0.3720472440944882
0
LINE
8
BLACK
6
CONTINUOUS
10
1.0223622047244094
20
0.3720472440944882
11
0.8179133858267716
21
0.3720472440944882
0
LINE
8
BLACK
6
CONTINUOUS
10
0.8179133858267716
20
0.3720472440944882
11
0.8159935826771654
21
0.3722363385826772
0
LINE
8
BLACK
6
CONTINUOUS
10
0.8159935826771654
20
0.3722363385826772
11
0.8159932283464567
21
0.3722363385826772
0
LINE
8
BLACK
6
CONTINUOUS
10
0.8159932283464567
20
0.3722363385826772
11
0.8124451968503937
21
0.3737059842519685
0
LINE
8
BLACK
6
CONTINUOUS
10
0.8124451968503937
20
0.3737059842519685
11
0.8109537007874016
21
0.3749300393700787
0
LINE
8
BLACK
6
CONTINUOUS
10
0.8109537007874016
20
0.3749300393700787
11
0.6898906692913386
21
0.495993031496063
0
LINE
8
BLACK
6
CONTINUOUS
10
0.6898906692913386
20
0.495993031496063
11
0.688666811023622
21
0.4974843700787401
0
LINE
8
BLACK
6
CONTINUOUS
10
0.688666811023622
20
0.4974843700787401
11
0.688666653543307
21
0.4974845275590551
0
LINE
8
BLACK
6
CONTINUOUS
10
0.688666653543307
20
0.4974845275590551
11
0.6871970078740157
21
0.5010325590551181
0
LINE
8
BLACK
6
CONTINUOUS
10
0.6871970078740157
20
0.5010325590551181
11
0.687007874015748
21
0.5029527559055118
0
LINE
8
BLACK
6
CONTINUOUS
10
0.687007874015748
20
0.5029527559055118
11
0.687007874015748
21
0.5369349212598425
0
LINE
8
BLACK
6
CONTINUOUS
10
0.687007874015748
20
0.5369349212598425
11
0.6859384251968503
21
0.5387872047244094
0
LINE
8
BLACK
6
CONTINUOUS
10
0.6859384251968503
20
0.5387872047244094
11
0.6851404330708661
21
0.5417654330708661
0
LINE
8
BLACK
6
CONTINUOUS
10
0.6851404330708661
20
0.5417654330708661
11
0.6851404330708661
21
0.5448487401574803
0
LINE
8
BLACK
6
CONTINUOUS
10
0.6851404330708661
20
0.5448487401574803
11
0.6859384251968503
21
0.547826968503937
0
LINE
8
BLACK
6
CONTINUOUS
10
0.6859384251968503
20
0.547826968503937
11
0.6874800787401575
21
0.5504971653543307
0
LINE
8
BLACK
6
CONTINUOUS
10
0.6874800787401575
20
0.5504971653543307
11
0.68966031496063
21
0.5526774015748032
0
LINE
8
BLACK
6
CONTINUOUS
10
0.68966031496063
20
0.5526774015748032
11
0.6923305118110236
21
0.5542190551181102
0
LINE
8
BLACK
6
CONTINUOUS
10
0.6923305118110236
20
0.5542190551181102
11
0.6943964566929134
21
0.5547726377952755
0
LINE
8
BLACK
6
CONTINUOUS
10
0.6943964566929134
20
0.5547726377952755
11
0.701132874015748
21
0.5615090157480315
0
LINE
8
BLACK
6
CONTINUOUS
10
0.701132874015748
20
0.5615090157480315
11
0.7016864566929134
21
0.5635749999999999
0
LINE
8
BLACK
6
CONTINUOUS
10
0.7016864566929134
20
0.5635749999999999
11
0.7032281102362204
21
0.5662451968503937
0
LINE
8
BLACK
6
CONTINUOUS
10
0.7032281102362204
20
0.5662451968503937
11
0.7054083464566929
21
0.5684254330708661
0
LINE
8
BLACK
6
CONTINUOUS
10
0.7054083464566929
20
0.5684254330708661
11
0.7080785433070866
21
0.5699670866141732
0
LINE
8
BLACK
6
CONTINUOUS
10
0.7080785433070866
20
0.5699670866141732
11
0.7110567716535433
21
0.5707650787401575
0
LINE
8
BLACK
6
CONTINUOUS
10
0.7110567716535433
20
0.5707650787401575
11
0.7141400787401575
21
0.5707650787401575
0
LINE
8
BLACK
6
CONTINUOUS
10
0.7141400787401575
20
0.5707650787401575
11
0.7171183070866142
21
0.5699670866141732
0
LINE
8
BLACK
6
CONTINUOUS
10
0.5123938976377953
20
0.604415905511811
11
0.515064094488189
21
0.602874251968504
0
LINE
8
BLACK
6
CONTINUOUS
10
0.515064094488189
20
0.602874251968504
11
0.5172443307086614
21
0.6006940157480315
0
LINE
8
BLACK
6
CONTINUOUS
10
0.5172443307086614
20
0.6006940157480315
11
0.5179859842519685
21
0.5994094488188976
0
LINE
8
BLACK
6
CONTINUOUS
10
0.5179859842519685
20
0.5994094488188976
11
0.6082677165354331
21
0.5994094488188976
0
LINE
8
BLACK
6
CONTINUOUS
10
0.6082677165354331
20
0.5994094488188976
11
0.6094198425196851
21
0.5992959842519685
0
LINE
8
BLACK
6
CONTINUOUS
10
0.6094198425196851
20
0.5992959842519685
11
0.6103016141732284
21
0.598930748031496
0
LINE
8
BLACK
6
CONTINUOUS
10
0.6103016141732284
20
0.598930748031496
11
0.611548622047244
21
0.5984142125984252
0
LINE
8
BLACK
6
CONTINUOUS
10
0.611548622047244
20
0.5984142125984252
11
0.6124435433070866
21
0.5976797637795276
0
LINE
8
BLACK
6
CONTINUOUS
10
0.6124435433070866
20
0.5976797637795276
11
0.668545905511811
21
0.5415774015748032
0
LINE
8
BLACK
6
CONTINUOUS
10
0.668545905511811
20
0.5415774015748032
11
0.6692803543307086
21
0.5406825196850393
0
LINE
8
BLACK
6
CONTINUOUS
10
0.6692803543307086
20
0.5406825196850393
11
0.6699038188976377
21
0.5391772047244094
0
LINE
8
BLACK
6
CONTINUOUS
10
0.6699038188976377
20
0.5391772047244094
11
0.670162125984252
21
0.5385537007874016
0
LINE
8
BLACK
6
CONTINUOUS
10
0.670162125984252
20
0.5385537007874016
11
0.6702755905511811
21
0.5374015748031495
0
LINE
8
BLACK
6
CONTINUOUS
10
0.6702755905511811
20
0.5374015748031495
11
0.6702755905511811
21
0.4857138582677165
0
LINE
8
BLACK
6
CONTINUOUS
10
0.6702755905511811
20
0.4857138582677165
11
0.7190904330708662
21
0.4368990157480315
0
LINE
8
BLACK
6
CONTINUOUS
10
0.7190904330708662
20
0.4368990157480315
11
0.7220395669291338
21
0.4361088188976378
0
LINE
8
BLACK
6
CONTINUOUS
10
0.7220395669291338
20
0.4361088188976378
11
0.7247097637795276
21
0.4345671653543307
0
LINE
8
BLACK
6
CONTINUOUS
10
0.7247097637795276
20
0.4345671653543307
11
0.72689
21
0.4323869291338582
0
LINE
8
BLACK
6
CONTINUOUS
10
0.72689
20
0.4323869291338582
11
0.7284316535433071
21
0.4297167322834646
0
LINE
8
BLACK
6
CONTINUOUS
10
0.7284316535433071
20
0.4297167322834646
11
0.7292296456692913
21
0.4267385039370079
0
LINE
8
BLACK
6
CONTINUOUS
10
0.7292296456692913
20
0.4267385039370079
11
0.7292296456692913
21
0.4236551968503937
0
LINE
8
BLACK
6
CONTINUOUS
10
0.7292296456692913
20
0.4236551968503937
11
0.7284316535433071
21
0.420676968503937
0
LINE
8
BLACK
6
CONTINUOUS
10
0.7284316535433071
20
0.420676968503937
11
0.72689
21
0.4180067716535433
0
LINE
8
BLACK
6
CONTINUOUS
10
0.72689
20
0.4180067716535433
11
0.7247097637795276
21
0.4158265354330709
0
LINE
8
BLACK
6
CONTINUOUS
10
0.7247097637795276
20
0.4158265354330709
11
0.7220395669291338
21
0.4142848818897638
0
LINE
8
BLACK
6
CONTINUOUS
10
0.7220395669291338
20
0.4142848818897638
11
0.7190613385826772
21
0.4134868897637795
0
LINE
8
BLACK
6
CONTINUOUS
10
0.7190613385826772
20
0.4134868897637795
11
0.715978031496063
21
0.4134868897637795
0
LINE
8
BLACK
6
CONTINUOUS
10
0.715978031496063
20
0.4134868897637795
11
0.7129998031496063
21
0.4142848818897638
0
LINE
8
BLACK
6
CONTINUOUS
10
0.7129998031496063
20
0.4142848818897638
11
0.7103296062992126
21
0.4158265354330709
0
LINE
8
BLACK
6
CONTINUOUS
10
0.7103296062992126
20
0.4158265354330709
11
0.7081493700787401
21
0.4180067716535433
0
LINE
8
BLACK
6
CONTINUOUS
10
0.7081493700787401
20
0.4180067716535433
11
0.7066077165354331
21
0.420676968503937
0
LINE
8
BLACK
6
CONTINUOUS
10
0.7066077165354331
20
0.420676968503937
11
0.7058097244094488
21
0.4236551968503937
0
LINE
8
BLACK
6
CONTINUOUS
10
0.7058097244094488
20
0.4236551968503937
11
0.7058097244094488
21
0.4267385039370079
0
LINE
8
BLACK
6
CONTINUOUS
10
0.7058097244094488
20
0.4267385039370079
11
0.7066077165354331
21
0.4297167322834646
0
LINE
8
BLACK
6
CONTINUOUS
10
0.7066077165354331
20
0.4297167322834646
11
0.7076917716535432
21
0.4315943700787401
0
LINE
8
BLACK
6
CONTINUOUS
10
0.7076917716535432
20
0.4315943700787401
11
0.6601942519685039
21
0.4790918897637795
0
LINE
8
BLACK
6
CONTINUOUS
10
0.6601942519685039
20
0.4790918897637795
11
0.6594598031496063
21
0.4799868110236221
0
LINE
8
BLACK
6
CONTINUOUS
10
0.6594598031496063
20
0.4799868110236221
11
0.658578031496063
21
0.4821156299212598
0
LINE
8
BLACK
6
CONTINUOUS
10
0.658578031496063
20
0.4821156299212598
11
0.6584645669291338
21
0.483267716535433
0
LINE
8
BLACK
6
CONTINUOUS
10
0.6584645669291338
20
0.483267716535433
11
0.6584645669291338
21
0.5349554330708661
0
LINE
8
BLACK
6
CONTINUOUS
10
0.6584645669291338
20
0.5349554330708661
11
0.6058215748031496
21
0.5875984251968503
0
LINE
8
BLACK
6
CONTINUOUS
10
0.6058215748031496
20
0.5875984251968503
11
0.5179859842519685
21
0.5875984251968503
0
LINE
8
BLACK
6
CONTINUOUS
10
0.5179859842519685
20
0.5875984251968503
11
0.5172443307086614
21
0.5863138582677165
0
LINE
8
BLACK
6
CONTINUOUS
10
0.5172443307086614
20
0.5863138582677165
11
0.515064094488189
21
0.5841336220472441
0
LINE
8
BLACK
6
CONTINUOUS
10
0.515064094488189
20
0.5841336220472441
11
0.5123938976377953
21
0.582591968503937
0
LINE
8
BLACK
6
CONTINUOUS
10
0.5123938976377953
20
0.582591968503937
11
0.5094156692913385
21
0.5817939763779527
0
LINE
8
BLACK
6
CONTINUOUS
10
0.5094156692913385
20
0.5817939763779527
11
0.5063323622047244
21
0.5817939763779527
0
LINE
8
BLACK
6
CONTINUOUS
10
0.5063323622047244
20
0.5817939763779527
11
0.5033541338582677
21
0.582591968503937
0
LINE
8
BLACK
6
CONTINUOUS
10
0.5033541338582677
20
0.582591968503937
11
0.5006839370078741
21
0.5841336220472441
0
LINE
8
BLACK
6
CONTINUOUS
10
0.5006839370078741
20
0.5841336220472441
11
0.4985037007874016
21
0.5863138582677165
0
LINE
8
BLACK
6
CONTINUOUS
10
0.4985037007874016
20
0.5863138582677165
11
0.4969620472440945
21
0.5889840551181103
0
LINE
8
BLACK
6
CONTINUOUS
10
0.4969620472440945
20
0.5889840551181103
11
0.4961640551181102
21
0.5919622834645669
0
LINE
8
BLACK
6
CONTINUOUS
10
0.4961640551181102
20
0.5919622834645669
11
0.4961640551181102
21
0.5950455905511811
0
LINE
8
BLACK
6
CONTINUOUS
10
0.4961640551181102
20
0.5950455905511811
11
0.4969620472440945
21
0.5980238188976378
0
LINE
8
BLACK
6
CONTINUOUS
10
0.4969620472440945
20
0.5980238188976378
11
0.4985037007874016
21
0.6006940157480315
0
LINE
8
BLACK
6
CONTINUOUS
10
0.4985037007874016
20
0.6006940157480315
11
0.5006839370078741
21
0.602874251968504
0
LINE
8
BLACK
6
CONTINUOUS
10
0.5006839370078741
20
0.602874251968504
11
0.5033541338582677
21
0.604415905511811
0
LINE
8
BLACK
6
CONTINUOUS
10
0.5033541338582677
20
0.604415905511811
11
0.5063323622047244
21
0.6052138976377953
0
LINE
8
BLACK
6
CONTINUOUS
10
0.5063323622047244
20
0.6052138976377953
11
0.5094156692913385
21
0.6052138976377953
0
LINE
8
BLACK
6
CONTINUOUS
10
0.5094156692913385
20
0.6052138976377953
11
0.5123938976377953
21
0.604415905511811
0
LINE
8
BLACK
6
CONTINUOUS
10
0.6826694881889763
20
0.6142584251968504
11
0.68533968503937
21
0.6127167716535433
0
LINE
8
BLACK
6
CONTINUOUS
10
0.68533968503937
20
0.6127167716535433
11
0.6875199212598425
21
0.6105365354330708
0
LINE
8
BLACK
6
CONTINUOUS
10
0.6875199212598425
20
0.6105365354330708
11
0.6882615748031496
21
0.609251968503937
0
LINE
8
BLACK
6
CONTINUOUS
10
0.6882615748031496
20
0.609251968503937
11
0.7116141732283464
21
0.609251968503937
0
LINE
8
BLACK
6
CONTINUOUS
10
0.7116141732283464
20
0.609251968503937
11
0.7127662992125984
21
0.6091385039370079
0
LINE
8
BLACK
6
CONTINUOUS
10
0.7127662992125984
20
0.6091385039370079
11
0.7136480708661417
21
0.6087732677165354
0
LINE
8
BLACK
6
CONTINUOUS
10
0.7136480708661417
20
0.6087732677165354
11
0.7148950787401575
21
0.6082567322834646
0
LINE
8
BLACK
6
CONTINUOUS
10
0.7148950787401575
20
0.6082567322834646
11
0.71579
21
0.6075222834645669
0
LINE
8
BLACK
6
CONTINUOUS
10
0.71579
20
0.6075222834645669
11
0.7423648031496063
21
0.5809474803149606
0
LINE
8
BLACK
6
CONTINUOUS
10
0.7423648031496063
20
0.5809474803149606
11
0.7430992519685039
21
0.5800525590551181
0
LINE
8
BLACK
6
CONTINUOUS
10
0.7430992519685039
20
0.5800525590551181
11
0.7434014173228346
21
0.579323031496063
0
LINE
8
BLACK
6
CONTINUOUS
10
0.7434014173228346
20
0.579323031496063
11
0.7439810236220472
21
0.577923779527559
0
LINE
8
BLACK
6
CONTINUOUS
10
0.7439810236220472
20
0.577923779527559
11
0.7440944881889764
21
0.5767716535433071
0
LINE
8
BLACK
6
CONTINUOUS
10
0.7440944881889764
20
0.5767716535433071
11
0.7440944881889764
21
0.5201626771653544
0
LINE
8
BLACK
6
CONTINUOUS
10
0.7440944881889764
20
0.5201626771653544
11
0.8198601968503937
21
0.444396968503937
0
LINE
8
BLACK
6
CONTINUOUS
10
0.8198601968503937
20
0.444396968503937
11
0.8212929921259843
21
0.4447808267716535
0
LINE
8
BLACK
6
CONTINUOUS
10
0.8212929921259843
20
0.4447808267716535
11
0.8243762992125984
21
0.4447808267716535
0
LINE
8
BLACK
6
CONTINUOUS
10
0.8243762992125984
20
0.4447808267716535
11
0.8273545275590551
21
0.4439828346456693
0
LINE
8
BLACK
6
CONTINUOUS
10
0.8273545275590551
20
0.4439828346456693
11
0.8300247244094489
21
0.4424411811023622
0
LINE
8
BLACK
6
CONTINUOUS
10
0.8300247244094489
20
0.4424411811023622
11
0.8322049606299212
21
0.4402609448818898
0
LINE
8
BLACK
6
CONTINUOUS
10
0.8322049606299212
20
0.4402609448818898
11
0.8337466141732284
21
0.4375907480314961
0
LINE
8
BLACK
6
CONTINUOUS
10
0.8337466141732284
20
0.4375907480314961
11
0.8345446062992126
21
0.4346125196850393
0
LINE
8
BLACK
6
CONTINUOUS
10
0.8345446062992126
20
0.4346125196850393
11
0.8345446062992126
21
0.4315292125984252
0
LINE
8
BLACK
6
CONTINUOUS
10
0.8345446062992126
20
0.4315292125984252
11
0.8337466141732284
21
0.4285509842519685
0
LINE
8
BLACK
6
CONTINUOUS
10
0.8337466141732284
20
0.4285509842519685
11
0.8322049606299212
21
0.4258807874015748
0
LINE
8
BLACK
6
CONTINUOUS
10
0.8322049606299212
20
0.4258807874015748
11
0.8300247244094489
21
0.4237005511811023
0
LINE
8
BLACK
6
CONTINUOUS
10
0.8300247244094489
20
0.4237005511811023
11
0.8273545275590551
21
0.4221588976377952
0
LINE
8
BLACK
6
CONTINUOUS
10
0.8273545275590551
20
0.4221588976377952
11
0.8243762992125984
21
0.421360905511811
0
LINE
8
BLACK
6
CONTINUOUS
10
0.8243762992125984
20
0.421360905511811
11
0.8212929921259843
21
0.421360905511811
0
LINE
8
BLACK
6
CONTINUOUS
10
0.8212929921259843
20
0.421360905511811
11
0.8183147637795275
21
0.4221588976377952
0
LINE
8
BLACK
6
CONTINUOUS
10
0.8183147637795275
20
0.4221588976377952
11
0.8156445669291338
21
0.4237005511811023
0
LINE
8
BLACK
6
CONTINUOUS
10
0.8156445669291338
20
0.4237005511811023
11
0.8134643307086614
21
0.4258807874015748
0
LINE
8
BLACK
6
CONTINUOUS
10
0.8134643307086614
20
0.4258807874015748
11
0.8119226771653543
21
0.4285509842519685
0
LINE
8
BLACK
6
CONTINUOUS
10
0.8119226771653543
20
0.4285509842519685
11
0.8111246850393701
21
0.4315292125984252
0
LINE
8
BLACK
6
CONTINUOUS
10
0.8111246850393701
20
0.4315292125984252
11
0.8111246850393701
21
0.4346125196850393
0
LINE
8
BLACK
6
CONTINUOUS
10
0.8111246850393701
20
0.4346125196850393
11
0.8115085433070865
21
0.4360453149606299
0
LINE
8
BLACK
6
CONTINUOUS
10
0.8115085433070865
20
0.4360453149606299
11
0.7340131496062992
21
0.5135407086614173
0
LINE
8
BLACK
6
CONTINUOUS
10
0.7340131496062992
20
0.5135407086614173
11
0.7332787007874015
21
0.5144356299212598
0
LINE
8
BLACK
6
CONTINUOUS
10
0.7332787007874015
20
0.5144356299212598
11
0.7323969291338582
21
0.5165644488188976
0
LINE
8
BLACK
6
CONTINUOUS
10
0.7323969291338582
20
0.5165644488188976
11
0.7322834645669292
21
0.5177165354330708
0
LINE
8
BLACK
6
CONTINUOUS
10
0.7322834645669292
20
0.5177165354330708
11
0.7322834645669292
21
0.5743255118110236
0
LINE
8
BLACK
6
CONTINUOUS
10
0.7322834645669292
20
0.5743255118110236
11
0.709168031496063
21
0.5974409448818897
0
LINE
8
BLACK
6
CONTINUOUS
10
0.709168031496063
20
0.5974409448818897
11
0.6882615748031496
21
0.5974409448818897
0
LINE
8
BLACK
6
CONTINUOUS
10
0.6882615748031496
20
0.5974409448818897
11
0.6875199212598425
21
0.5961563779527559
0
LINE
8
BLACK
6
CONTINUOUS
10
0.6875199212598425
20
0.5961563779527559
11
0.68533968503937
21
0.5939761417322834
0
LINE
8
BLACK
6
CONTINUOUS
10
0.68533968503937
20
0.5939761417322834
11
0.6826694881889763
21
0.5924344881889764
0
LINE
8
BLACK
6
CONTINUOUS
10
0.6826694881889763
20
0.5924344881889764
11
0.6796912598425197
21
0.5916364960629921
0
LINE
8
BLACK
6
CONTINUOUS
10
0.6796912598425197
20
0.5916364960629921
11
0.6766079527559055
21
0.5916364960629921
0
LINE
8
BLACK
6
CONTINUOUS
10
0.6766079527559055
20
0.5916364960629921
11
0.6736297244094488
21
0.5924344881889764
0
LINE
8
BLACK
6
CONTINUOUS
10
0.6736297244094488
20
0.5924344881889764
11
0.6709595275590551
21
0.5939761417322834
0
LINE
8
BLACK
6
CONTINUOUS
10
0.6709595275590551
20
0.5939761417322834
11
0.6687792913385827
21
0.5961563779527559
0
LINE
8
BLACK
6
CONTINUOUS
10
0.6687792913385827
20
0.5961563779527559
11
0.6672376377952756
21
0.5988265748031496
0
LINE
8
BLACK
6
CONTINUOUS
10
0.6672376377952756
20
0.5988265748031496
11
0.6664396456692914
21
0.6018048031496063
0
LINE
8
BLACK
6
CONTINUOUS
10
0.6664396456692914
20
0.6018048031496063
11
0.6664396456692914
21
0.6048881102362205
0
LINE
8
BLACK
6
CONTINUOUS
10
0.6664396456692914
20
0.6048881102362205
11
0.6672376377952756
21
0.6078663385826771
0
LINE
8
BLACK
6
CONTINUOUS
10
0.6672376377952756
20
0.6078663385826771
11
0.6687792913385827
21
0.6105365354330708
0
LINE
8
BLACK
6
CONTINUOUS
10
0.6687792913385827
20
0.6105365354330708
11
0.6709595275590551
21
0.6127167716535433
0
LINE
8
BLACK
6
CONTINUOUS
10
0.6709595275590551
20
0.6127167716535433
11
0.6736297244094488
21
0.6142584251968504
0
LINE
8
BLACK
6
CONTINUOUS
10
0.6736297244094488
20
0.6142584251968504
11
0.6766079527559055
21
0.6150564173228347
0
LINE
8
BLACK
6
CONTINUOUS
10
0.6766079527559055
20
0.6150564173228347
11
0.6796912598425197
21
0.6150564173228347
0
LINE
8
BLACK
6
CONTINUOUS
10
0.6796912598425197
20
0.6150564173228347
11
0.6826694881889763
21
0.6142584251968504
0
LINE
8
BLACK
6
CONTINUOUS
10
0.8219411417322835
20
0.6467387401574803
11
0.8246113385826771
21
0.6451970866141732
0
LINE
8
BLACK
6
CONTINUOUS
10
0.8246113385826771
20
0.6451970866141732
11
0.8267915748031496
21
0.6430168503937008
0
LINE
8
BLACK
6
CONTINUOUS
10
0.8267915748031496
20
0.6430168503937008
11
0.8283332283464567
21
0.6403466535433071
0
LINE
8
BLACK
6
CONTINUOUS
10
0.8283332283464567
20
0.6403466535433071
11
0.8291312204724409
21
0.6373684251968503
0
LINE
8
BLACK
6
CONTINUOUS
10
0.8291312204724409
20
0.6373684251968503
11
0.8291312204724409
21
0.6342851181102362
0
LINE
8
BLACK
6
CONTINUOUS
10
0.8291312204724409
20
0.6342851181102362
11
0.8283332283464567
21
0.6313068897637795
0
LINE
8
BLACK
6
CONTINUOUS
10
0.8283332283464567
20
0.6313068897637795
11
0.8267915748031496
21
0.6286366929133859
0
LINE
8
BLACK
6
CONTINUOUS
10
0.8267915748031496
20
0.6286366929133859
11
0.8246113385826771
21
0.6264564566929134
0
LINE
8
BLACK
6
CONTINUOUS
10
0.8246113385826771
20
0.6264564566929134
11
0.8219411417322835
21
0.6249148031496062
0
LINE
8
BLACK
6
CONTINUOUS
10
0.8219411417322835
20
0.6249148031496062
11
0.8189629133858267
21
0.624116811023622
0
LINE
8
BLACK
6
CONTINUOUS
10
0.8189629133858267
20
0.624116811023622
11
0.8158796062992126
21
0.624116811023622
0
LINE
8
BLACK
6
CONTINUOUS
10
0.8158796062992126
20
0.624116811023622
11
0.8129013779527559
21
0.6249148031496062
0
LINE
8
BLACK
6
CONTINUOUS
10
0.8129013779527559
20
0.6249148031496062
11
0.8102311811023621
21
0.6264564566929134
0
LINE
8
BLACK
6
CONTINUOUS
10
0.8102311811023621
20
0.6264564566929134
11
0.8080509448818898
21
0.6286366929133859
0
LINE
8
BLACK
6
CONTINUOUS
10
0.8080509448818898
20
0.6286366929133859
11
0.8073092913385826
21
0.6299212598425197
0
LINE
8
BLACK
6
CONTINUOUS
10
0.8073092913385826
20
0.6299212598425197
11
0.8036272440944882
21
0.6299212598425197
0
LINE
8
BLACK
6
CONTINUOUS
10
0.8036272440944882
20
0.6299212598425197
11
0.7726377952755905
21
0.598931811023622
0
LINE
8
BLACK
6
CONTINUOUS
10
0.7726377952755905
20
0.598931811023622
11
0.7726377952755905
21
0.5790096062992126
0
LINE
8
BLACK
6
CONTINUOUS
10
0.7726377952755905
20
0.5790096062992126
11
0.7739223622047244
21
0.5782679527559055
0
LINE
8
BLACK
6
CONTINUOUS
10
0.7739223622047244
20
0.5782679527559055
11
0.7761025984251968
21
0.576087716535433
0
LINE
8
BLACK
6
CONTINUOUS
10
0.7761025984251968
20
0.576087716535433
11
0.777644251968504
21
0.5734175196850394
0
LINE
8
BLACK
6
CONTINUOUS
10
0.777644251968504
20
0.5734175196850394
11
0.7784422440944881
21
0.5704392913385826
0
LINE
8
BLACK
6
CONTINUOUS
10
0.7784422440944881
20
0.5704392913385826
11
0.7784422440944881
21
0.5673559842519685
0
LINE
8
BLACK
6
CONTINUOUS
10
0.7784422440944881
20
0.5673559842519685
11
0.777644251968504
21
0.5643777559055118
0
LINE
8
BLACK
6
CONTINUOUS
10
0.777644251968504
20
0.5643777559055118
11
0.7761025984251968
21
0.561707559055118
0
LINE
8
BLACK
6
CONTINUOUS
10
0.7761025984251968
20
0.561707559055118
11
0.7739223622047244
21
0.5595273228346457
0
LINE
8
BLACK
6
CONTINUOUS
10
0.7739223622047244
20
0.5595273228346457
11
0.7712521653543307
21
0.5579856692913385
0
LINE
8
BLACK
6
CONTINUOUS
10
0.7712521653543307
20
0.5579856692913385
11
0.7682739370078741
21
0.5571876771653543
0
LINE
8
BLACK
6
CONTINUOUS
10
0.7682739370078741
20
0.5571876771653543
11
0.7651906299212599
21
0.5571876771653543
0
LINE
8
BLACK
6
CONTINUOUS
10
0.7651906299212599
20
0.5571876771653543
11
0.7622124015748031
21
0.5579856692913385
0
LINE
8
BLACK
6
CONTINUOUS
10
0.7622124015748031
20
0.5579856692913385
11
0.7595422047244095
21
0.5595273228346457
0
LINE
8
BLACK
6
CONTINUOUS
10
0.7595422047244095
20
0.5595273228346457
11
0.757361968503937
21
0.561707559055118
0
LINE
8
BLACK
6
CONTINUOUS
10
0.757361968503937
20
0.561707559055118
11
0.75582031496063
21
0.5643777559055118
0
LINE
8
BLACK
6
CONTINUOUS
10
0.75582031496063
20
0.5643777559055118
11
0.7550223228346457
21
0.5673559842519685
0
LINE
8
BLACK
6
CONTINUOUS
10
0.7550223228346457
20
0.5673559842519685
11
0.7550223228346457
21
0.5704392913385826
0
LINE
8
BLACK
6
CONTINUOUS
10
0.7550223228346457
20
0.5704392913385826
11
0.75582031496063
21
0.5734175196850394
0
LINE
8
BLACK
6
CONTINUOUS
10
0.75582031496063
20
0.5734175196850394
11
0.757361968503937
21
0.576087716535433
0
LINE
8
BLACK
6
CONTINUOUS
10
0.757361968503937
20
0.576087716535433
11
0.7595422047244095
21
0.5782679527559055
0
LINE
8
BLACK
6
CONTINUOUS
10
0.7595422047244095
20
0.5782679527559055
11
0.7608267716535433
21
0.5790096062992126
0
LINE
8
BLACK
6
CONTINUOUS
10
0.7608267716535433
20
0.5790096062992126
11
0.7608267716535433
21
0.6013779527559054
0
LINE
8
BLACK
6
CONTINUOUS
10
0.7608267716535433
20
0.6013779527559054
11
0.7609402362204725
21
0.6025300787401575
0
LINE
8
BLACK
6
CONTINUOUS
10
0.7609402362204725
20
0.6025300787401575
11
0.7616660629921259
21
0.6042823622047244
0
LINE
8
BLACK
6
CONTINUOUS
10
0.7616660629921259
20
0.6042823622047244
11
0.7618220078740158
21
0.6046588582677165
0
LINE
8
BLACK
6
CONTINUOUS
10
0.7618220078740158
20
0.6046588582677165
11
0.7625564566929134
21
0.6055537795275591
0
LINE
8
BLACK
6
CONTINUOUS
10
0.7625564566929134
20
0.6055537795275591
11
0.7970052755905511
21
0.6400025984251968
0
LINE
8
BLACK
6
CONTINUOUS
10
0.7970052755905511
20
0.6400025984251968
11
0.7979001968503937
21
0.6407370472440945
0
LINE
8
BLACK
6
CONTINUOUS
10
0.7979001968503937
20
0.6407370472440945
11
0.7991472047244095
21
0.6412535826771654
0
LINE
8
BLACK
6
CONTINUOUS
10
0.7991472047244095
20
0.6412535826771654
11
0.8000289763779528
21
0.6416188188976378
0
LINE
8
BLACK
6
CONTINUOUS
10
0.8000289763779528
20
0.6416188188976378
11
0.8011811023622047
21
0.6417322834645669
0
LINE
8
BLACK
6
CONTINUOUS
10
0.8011811023622047
20
0.6417322834645669
11
0.8073092913385826
21
0.6417322834645669
0
LINE
8
BLACK
6
CONTINUOUS
10
0.8073092913385826
20
0.6417322834645669
11
0.8080509448818898
21
0.6430168503937008
0
LINE
8
BLACK
6
CONTINUOUS
10
0.8080509448818898
20
0.6430168503937008
11
0.8102311811023621
21
0.6451970866141732
0
LINE
8
BLACK
6
CONTINUOUS
10
0.8102311811023621
20
0.6451970866141732
11
0.8129013779527559
21
0.6467387401574803
0
LINE
8
BLACK
6
CONTINUOUS
10
0.8129013779527559
20
0.6467387401574803
11
0.8158796062992126
21
0.6475367322834645
0
LINE
8
BLACK
6
CONTINUOUS
10
0.8158796062992126
20
0.6475367322834645
11
0.8189629133858267
21
0.6475367322834645
0
LINE
8
BLACK
6
CONTINUOUS
10
0.8189629133858267
20
0.6475367322834645
11
0.8219411417322835
21
0.6467387401574803
0
LINE
8
BLACK
6
CONTINUOUS
10
1.1823622047244093
20
0.3518897637795276
11
1.1223622047244095
21
0.3518897637795276
0
LINE
8
BLACK
6
CONTINUOUS
10
1.1223622047244095
20
0.3518897637795276
11
1.1223622047244095
21
0.4118897637795276
0
LINE
8
BLACK
6
CONTINUOUS
10
1.1223622047244095
20
0.4118897637795276
11
1.1823622047244093
21
0.4118897637795276
0
LINE
8
BLACK
6
CONTINUOUS
10
1.1823622047244093
20
0.4118897637795276
11
1.1823622047244093
21
0.3518897637795276
0
LINE
8
BLACK
6
CONTINUOUS
10
1.5823622047244095
20
0.3558267716535433
11
1.5223622047244094
21
0.3558267716535433
0
LINE
8
BLACK
6
CONTINUOUS
10
1.5223622047244094
20
0.3558267716535433
11
1.5223622047244094
21
0.4158267716535433
0
LINE
8
BLACK
6
CONTINUOUS
10
1.5223622047244094
20
0.4158267716535433
11
1.5823622047244095
21
0.4158267716535433
0
LINE
8
BLACK
6
CONTINUOUS
10
1.5823622047244095
20
0.4158267716535433
11
1.5823622047244095
21
0.3558267716535433
0
LINE
8
BLACK
6
CONTINUOUS
10
1.6823622047244093
20
0.3558267716535433
11
1.6223622047244095
21
0.3558267716535433
0
LINE
8
BLACK
6
CONTINUOUS
10
1.6223622047244095
20
0.3558267716535433
11
1.6223622047244095
21
0.4158267716535433
0
LINE
8
BLACK
6
CONTINUOUS
10
1.6223622047244095
20
0.4158267716535433
11
1.6823622047244093
21
0.4158267716535433
0
LINE
8
BLACK
6
CONTINUOUS
10
1.6823622047244093
20
0.4158267716535433
11
1.6823622047244093
21
0.3558267716535433
0
LINE
8
BLACK
6
CONTINUOUS
10
1.1856222440944881
20
0.8101245669291338
11
1.1882924409448818
21
0.8085829133858268
0
LINE
8
BLACK
6
CONTINUOUS
10
1.1882924409448818
20
0.8085829133858268
11
1.1904726771653542
21
0.8064026771653543
0
LINE
8
BLACK
6
CONTINUOUS
10
1.1904726771653542
20
0.8064026771653543
11
1.1920143307086615
21
0.8037324803149606
0
LINE
8
BLACK
6
CONTINUOUS
10
1.1920143307086615
20
0.8037324803149606
11
1.1928123228346457
21
0.8007542519685039
0
LINE
8
BLACK
6
CONTINUOUS
10
1.1928123228346457
20
0.8007542519685039
11
1.1928123228346457
21
0.7976709448818897
0
LINE
8
BLACK
6
CONTINUOUS
10
1.1928123228346457
20
0.7976709448818897
11
1.1920143307086615
21
0.7946927165354331
0
LINE
8
BLACK
6
CONTINUOUS
10
1.1920143307086615
20
0.7946927165354331
11
1.1909448818897637
21
0.7928404330708662
0
LINE
8
BLACK
6
CONTINUOUS
10
1.1909448818897637
20
0.7928404330708662
11
1.1909448818897637
21
0.778025748031496
0
LINE
8
BLACK
6
CONTINUOUS
10
1.1909448818897637
20
0.778025748031496
11
1.1920143307086615
21
0.7761734251968504
0
LINE
8
BLACK
6
CONTINUOUS
10
1.1920143307086615
20
0.7761734251968504
11
1.1925678740157479
21
0.7741074803149606
0
LINE
8
BLACK
6
CONTINUOUS
10
1.1925678740157479
20
0.7741074803149606
11
1.1979043700787402
21
0.7687709448818898
0
LINE
8
BLACK
6
CONTINUOUS
10
1.1979043700787402
20
0.7687709448818898
11
1.1979046062992125
21
0.768770748031496
0
LINE
8
BLACK
6
CONTINUOUS
10
1.1979046062992125
20
0.768770748031496
11
1.3528475984251969
21
0.6138277559055118
0
LINE
8
BLACK
6
CONTINUOUS
10
1.3528475984251969
20
0.6138277559055118
11
1.3549135826771652
21
0.6132741732283464
0
LINE
8
BLACK
6
CONTINUOUS
10
1.3549135826771652
20
0.6132741732283464
11
1.3575837795275589
21
0.6117325196850394
0
LINE
8
BLACK
6
CONTINUOUS
10
1.3575837795275589
20
0.6117325196850394
11
1.3597640157480315
21
0.6095522834645669
0
LINE
8
BLACK
6
CONTINUOUS
10
1.3597640157480315
20
0.6095522834645669
11
1.3613056692913386
21
0.6068820866141732
0
LINE
8
BLACK
6
CONTINUOUS
10
1.3613056692913386
20
0.6068820866141732
11
1.3621036614173228
21
0.6039038582677165
0
LINE
8
BLACK
6
CONTINUOUS
10
1.3621036614173228
20
0.6039038582677165
11
1.3621036614173228
21
0.6008205511811023
0
LINE
8
BLACK
6
CONTINUOUS
10
1.3621036614173228
20
0.6008205511811023
11
1.3613056692913386
21
0.5978423228346457
0
LINE
8
BLACK
6
CONTINUOUS
10
1.3613056692913386
20
0.5978423228346457
11
1.360236220472441
21
0.5959900393700788
0
LINE
8
BLACK
6
CONTINUOUS
10
1.360236220472441
20
0.5959900393700788
11
1.360236220472441
21
0.5811753543307087
0
LINE
8
BLACK
6
CONTINUOUS
10
1.360236220472441
20
0.5811753543307087
11
1.3613056692913386
21
0.579323031496063
0
LINE
8
BLACK
6
CONTINUOUS
10
1.3613056692913386
20
0.579323031496063
11
1.3621036614173228
21
0.5763448031496062
0
LINE
8
BLACK
6
CONTINUOUS
10
1.3621036614173228
20
0.5763448031496062
11
1.3621036614173228
21
0.5732614960629921
0
LINE
8
BLACK
6
CONTINUOUS
10
1.3621036614173228
20
0.5732614960629921
11
1.3613056692913386
21
0.5702832677165354
0
LINE
8
BLACK
6
CONTINUOUS
10
1.3613056692913386
20
0.5702832677165354
11
1.3597640157480315
21
0.5676130708661418
0
LINE
8
BLACK
6
CONTINUOUS
10
1.3597640157480315
20
0.5676130708661418
11
1.3575837795275589
21
0.5654328346456693
0
LINE
8
BLACK
6
CONTINUOUS
10
1.3575837795275589
20
0.5654328346456693
11
1.3549135826771652
21
0.5638911811023621
0
LINE
8
BLACK
6
CONTINUOUS
10
1.3549135826771652
20
0.5638911811023621
11
1.3519353543307087
21
0.5630931889763779
0
LINE
8
BLACK
6
CONTINUOUS
10
1.3519353543307087
20
0.5630931889763779
11
1.3488520472440944
21
0.5630931889763779
0
LINE
8
BLACK
6
CONTINUOUS
10
1.3488520472440944
20
0.5630931889763779
11
1.3458738188976378
21
0.5638911811023621
0
LINE
8
BLACK
6
CONTINUOUS
10
1.3458738188976378
20
0.5638911811023621
11
1.3432036220472441
21
0.5654328346456693
0
LINE
8
BLACK
6
CONTINUOUS
10
1.3432036220472441
20
0.5654328346456693
11
1.3410233858267717
21
0.5676130708661418
0
LINE
8
BLACK
6
CONTINUOUS
10
1.3410233858267717
20
0.5676130708661418
11
1.3394817322834645
21
0.5702832677165354
0
LINE
8
BLACK
6
CONTINUOUS
10
1.3394817322834645
20
0.5702832677165354
11
1.3386837401574803
21
0.5732614960629921
0
LINE
8
BLACK
6
CONTINUOUS
10
1.3386837401574803
20
0.5732614960629921
11
1.3386837401574803
21
0.5763448031496062
0
LINE
8
BLACK
6
CONTINUOUS
10
1.3386837401574803
20
0.5763448031496062
11
1.3394817322834645
21
0.579323031496063
0
LINE
8
BLACK
6
CONTINUOUS
10
1.3394817322834645
20
0.579323031496063
11
1.3405511811023623
21
0.5811753543307087
0
LINE
8
BLACK
6
CONTINUOUS
10
1.3405511811023623
20
0.5811753543307087
11
1.3405511811023623
21
0.5959900393700788
0
LINE
8
BLACK
6
CONTINUOUS
10
1.3405511811023623
20
0.5959900393700788
11
1.3394817322834645
21
0.5978423228346457
0
LINE
8
BLACK
6
CONTINUOUS
10
1.3394817322834645
20
0.5978423228346457
11
1.3389281496062992
21
0.5999083070866141
0
LINE
8
BLACK
6
CONTINUOUS
10
1.3389281496062992
20
0.5999083070866141
11
1.1839851574803149
21
0.7548512992125984
0
LINE
8
BLACK
6
CONTINUOUS
10
1.1839851574803149
20
0.7548512992125984
11
1.1839849606299213
21
0.7548515354330708
0
LINE
8
BLACK
6
CONTINUOUS
10
1.1839849606299213
20
0.7548515354330708
11
1.1786484251968503
21
0.760188031496063
0
LINE
8
BLACK
6
CONTINUOUS
10
1.1786484251968503
20
0.760188031496063
11
1.1765824803149607
21
0.7607415748031496
0
LINE
8
BLACK
6
CONTINUOUS
10
1.1765824803149607
20
0.7607415748031496
11
1.173912283464567
21
0.7622832283464567
0
LINE
8
BLACK
6
CONTINUOUS
10
1.173912283464567
20
0.7622832283464567
11
1.1717320472440944
21
0.7644634645669292
0
LINE
8
BLACK
6
CONTINUOUS
10
1.1717320472440944
20
0.7644634645669292
11
1.1701903937007874
21
0.7671336614173229
0
LINE
8
BLACK
6
CONTINUOUS
10
1.1701903937007874
20
0.7671336614173229
11
1.1693924015748032
21
0.7701118897637795
0
LINE
8
BLACK
6
CONTINUOUS
10
1.1693924015748032
20
0.7701118897637795
11
1.1693924015748032
21
0.7731951968503937
0
LINE
8
BLACK
6
CONTINUOUS
10
1.1693924015748032
20
0.7731951968503937
11
1.1701903937007874
21
0.7761734251968504
0
LINE
8
BLACK
6
CONTINUOUS
10
1.1701903937007874
20
0.7761734251968504
11
1.171259842519685
21
0.778025748031496
0
LINE
8
BLACK
6
CONTINUOUS
10
1.171259842519685
20
0.778025748031496
11
1.171259842519685
21
0.7928404330708662
0
LINE
8
BLACK
6
CONTINUOUS
10
1.171259842519685
20
0.7928404330708662
11
1.1701903937007874
21
0.7946927165354331
0
LINE
8
BLACK
6
CONTINUOUS
10
1.1701903937007874
20
0.7946927165354331
11
1.1693924015748032
21
0.7976709448818897
0
LINE
8
BLACK
6
CONTINUOUS
10
1.1693924015748032
20
0.7976709448818897
11
1.1693924015748032
21
0.8007542519685039
0
LINE
8
BLACK
6
CONTINUOUS
10
1.1693924015748032
20
0.8007542519685039
11
1.1701903937007874
21
0.8037324803149606
0
LINE
8
BLACK
6
CONTINUOUS
10
1.1701903937007874
20
0.8037324803149606
11
1.1717320472440944
21
0.8064026771653543
0
LINE
8
BLACK
6
CONTINUOUS
10
1.1717320472440944
20
0.8064026771653543
11
1.173912283464567
21
0.8085829133858268
0
LINE
8
BLACK
6
CONTINUOUS
10
1.173912283464567
20
0.8085829133858268
11
1.1765824803149607
21
0.8101245669291338
0
LINE
8
BLACK
6
CONTINUOUS
10
1.1765824803149607
20
0.8101245669291338
11
1.1795607086614173
21
0.8109225590551181
0
LINE
8
BLACK
6
CONTINUOUS
10
1.1795607086614173
20
0.8109225590551181
11
1.1826440157480316
21
0.8109225590551181
0
LINE
8
BLACK
6
CONTINUOUS
10
1.1826440157480316
20
0.8109225590551181
11
1.1856222440944881
21
0.8101245669291338
0
LINE
8
BLACK
6
CONTINUOUS
10
0.3208661417322834
20
0.672244094488189
11
0.4429133858267716
21
0.672244094488189
0
LINE
8
BLACK
6
CONTINUOUS
10
0.4429133858267716
20
0.672244094488189
11
0.4429133858267716
21
0.6791338582677166
0
LINE
8
BLACK
6
CONTINUOUS
10
0.4429133858267716
20
0.6791338582677166
11
0.484251968503937
21
0.6791338582677166
0
LINE
8
BLACK
6
CONTINUOUS
10
0.484251968503937
20
0.6791338582677166
11
0.484251968503937
21
0.6535433070866141
0
LINE
8
BLACK
6
CONTINUOUS
10
0.484251968503937
20
0.6535433070866141
11
0.4429133858267716
21
0.6535433070866141
0
LINE
8
BLACK
6
CONTINUOUS
10
0.4429133858267716
20
0.6535433070866141
11
0.4429133858267716
21
0.6604330708661417
0
LINE
8
BLACK
6
CONTINUOUS
10
0.4429133858267716
20
0.6604330708661417
11
0.3208661417322834
21
0.6604330708661417
0
LINE
8
BLACK
6
CONTINUOUS
10
0.3208661417322834
20
0.6604330708661417
11
0.3208661417322834
21
0.6535433070866141
0
LINE
8
BLACK
6
CONTINUOUS
10
0.3208661417322834
20
0.6535433070866141
11
0.2795275590551181
21
0.6535433070866141
0
LINE
8
BLACK
6
CONTINUOUS
10
0.2795275590551181
20
0.6535433070866141
11
0.2795275590551181
21
0.6791338582677166
0
LINE
8
BLACK
6
CONTINUOUS
10
0.2795275590551181
20
0.6791338582677166
11
0.3208661417322834
21
0.6791338582677166
0
LINE
8
BLACK
6
CONTINUOUS
10
0.3208661417322834
20
0.6791338582677166
11
0.3208661417322834
21
0.672244094488189
0
LINE
8
BLACK
6
CONTINUOUS
10
1.3470395669291337
20
1.2195733858267717
11
1.3497097637795274
21
1.2180317322834646
0
LINE
8
BLACK
6
CONTINUOUS
10
1.3497097637795274
20
1.2180317322834646
11
1.35189
21
1.215851496062992
0
LINE
8
BLACK
6
CONTINUOUS
10
1.35189
20
1.215851496062992
11
1.3534316535433071
21
1.2131812992125983
0
LINE
8
BLACK
6
CONTINUOUS
10
1.3534316535433071
20
1.2131812992125983
11
1.3542296456692913
21
1.2102030708661418
0
LINE
8
BLACK
6
CONTINUOUS
10
1.3542296456692913
20
1.2102030708661418
11
1.3542296456692913
21
1.2071197637795275
0
LINE
8
BLACK
6
CONTINUOUS
10
1.3542296456692913
20
1.2071197637795275
11
1.3534316535433071
21
1.2041415354330709
0
LINE
8
BLACK
6
CONTINUOUS
10
1.3534316535433071
20
1.2041415354330709
11
1.35189
21
1.2014713385826772
0
LINE
8
BLACK
6
CONTINUOUS
10
1.35189
20
1.2014713385826772
11
1.3497097637795274
21
1.1992911023622046
0
LINE
8
BLACK
6
CONTINUOUS
10
1.3497097637795274
20
1.1992911023622046
11
1.3484251968503937
21
1.1985494881889764
0
LINE
8
BLACK
6
CONTINUOUS
10
1.3484251968503937
20
1.1985494881889764
11
1.3484251968503937
21
1.0959500787401575
0
LINE
8
BLACK
6
CONTINUOUS
10
1.3484251968503937
20
1.0959500787401575
11
1.7721311811023621
21
0.672244094488189
0
LINE
8
BLACK
6
CONTINUOUS
10
1.7721311811023621
20
0.672244094488189
11
1.8127226771653542
21
0.672244094488189
0
LINE
8
BLACK
6
CONTINUOUS
10
1.8127226771653542
20
0.672244094488189
11
1.8134643307086613
21
0.6735286614173228
0
LINE
8
BLACK
6
CONTINUOUS
10
1.8134643307086613
20
0.6735286614173228
11
1.8156445669291339
21
0.6757088976377953
0
LINE
8
BLACK
6
CONTINUOUS
10
1.8156445669291339
20
0.6757088976377953
11
1.8183147637795276
21
0.6772505511811023
0
LINE
8
BLACK
6
CONTINUOUS
10
1.8183147637795276
20
0.6772505511811023
11
1.8212929921259842
21
0.6780485433070866
0
LINE
8
BLACK
6
CONTINUOUS
10
1.8212929921259842
20
0.6780485433070866
11
1.8243762992125985
21
0.6780485433070866
0
LINE
8
BLACK
6
CONTINUOUS
10
1.8243762992125985
20
0.6780485433070866
11
1.827354527559055
21
0.6772505511811023
0
LINE
8
BLACK
6
CONTINUOUS
10
1.827354527559055
20
0.6772505511811023
11
1.8300247244094487
21
0.6757088976377953
0
LINE
8
BLACK
6
CONTINUOUS
10
1.8300247244094487
20
0.6757088976377953
11
1.8322049606299211
21
0.6735286614173228
0
LINE
8
BLACK
6
CONTINUOUS
10
1.8322049606299211
20
0.6735286614173228
11
1.8329466141732282
21
0.672244094488189
0
LINE
8
BLACK
6
CONTINUOUS
10
1.8329466141732282
20
0.672244094488189
11
1.9133858267716535
21
0.672244094488189
0
LINE
8
BLACK
6
CONTINUOUS
10
1.9133858267716535
20
0.672244094488189
11
1.9133858267716535
21
0.6791338582677166
0
LINE
8
BLACK
6
CONTINUOUS
10
1.9133858267716535
20
0.6791338582677166
11
1.9547244094488188
21
0.6791338582677166
0
LINE
8
BLACK
6
CONTINUOUS
10
1.9547244094488188
20
0.6791338582677166
11
1.9547244094488188
21
0.672244094488189
0
LINE
8
BLACK
6
CONTINUOUS
10
1.9547244094488188
20
0.672244094488189
11
2.0757874015748032
21
0.672244094488189
0
LINE
8
BLACK
6
CONTINUOUS
10
2.0757874015748032
20
0.672244094488189
11
2.0757874015748032
21
0.6791338582677166
0
LINE
8
BLACK
6
CONTINUOUS
10
2.0757874015748032
20
0.6791338582677166
11
2.1171259842519685
21
0.6791338582677166
0
LINE
8
BLACK
6
CONTINUOUS
10
2.1171259842519685
20
0.6791338582677166
11
2.1171259842519685
21
0.6535433070866141
0
LINE
8
BLACK
6
CONTINUOUS
10
2.1171259842519685
20
0.6535433070866141
11
2.0757874015748032
21
0.6535433070866141
0
LINE
8
BLACK
6
CONTINUOUS
10
2.0757874015748032
20
0.6535433070866141
11
2.0757874015748032
21
0.6604330708661417
0
LINE
8
BLACK
6
CONTINUOUS
10
2.0757874015748032
20
0.6604330708661417
11
1.9547244094488188
21
0.6604330708661417
0
LINE
8
BLACK
6
CONTINUOUS
10
1.9547244094488188
20
0.6604330708661417
11
1.9547244094488188
21
0.6535433070866141
0
LINE
8
BLACK
6
CONTINUOUS
10
1.9547244094488188
20
0.6535433070866141
11
1.9133858267716535
21
0.6535433070866141
0
LINE
8
BLACK
6
CONTINUOUS
10
1.9133858267716535
20
0.6535433070866141
11
1.9133858267716535
21
0.6604330708661417
0
LINE
8
BLACK
6
CONTINUOUS
10
1.9133858267716535
20
0.6604330708661417
11
1.8329466141732282
21
0.6604330708661417
0
LINE
8
BLACK
6
CONTINUOUS
10
1.8329466141732282
20
0.6604330708661417
11
1.8322049606299211
21
0.6591485039370079
0
LINE
8
BLACK
6
CONTINUOUS
10
1.8322049606299211
20
0.6591485039370079
11
1.8300247244094487
21
0.6569682677165354
0
LINE
8
BLACK
6
CONTINUOUS
10
1.8300247244094487
20
0.6569682677165354
11
1.827354527559055
21
0.6554266141732283
0
LINE
8
BLACK
6
CONTINUOUS
10
1.827354527559055
20
0.6554266141732283
11
1.8243762992125985
21
0.654628622047244
0
LINE
8
BLACK
6
CONTINUOUS
10
1.8243762992125985
20
0.654628622047244
11
1.8212929921259842
21
0.654628622047244
0
LINE
8
BLACK
6
CONTINUOUS
10
1.8212929921259842
20
0.654628622047244
11
1.8183147637795276
21
0.6554266141732283
0
LINE
8
BLACK
6
CONTINUOUS
10
1.8183147637795276
20
0.6554266141732283
11
1.8156445669291339
21
0.6569682677165354
0
LINE
8
BLACK
6
CONTINUOUS
10
1.8156445669291339
20
0.6569682677165354
11
1.8134643307086613
21
0.6591485039370079
0
LINE
8
BLACK
6
CONTINUOUS
10
1.8134643307086613
20
0.6591485039370079
11
1.8127226771653542
21
0.6604330708661417
0
LINE
8
BLACK
6
CONTINUOUS
10
1.8127226771653542
20
0.6604330708661417
11
1.7696850393700787
21
0.6604330708661417
0
LINE
8
BLACK
6
CONTINUOUS
10
1.7696850393700787
20
0.6604330708661417
11
1.7685329133858267
21
0.6605465354330708
0
LINE
8
BLACK
6
CONTINUOUS
10
1.7685329133858267
20
0.6605465354330708
11
1.7676511417322833
21
0.6609118110236221
0
LINE
8
BLACK
6
CONTINUOUS
10
1.7676511417322833
20
0.6609118110236221
11
1.7664041338582677
21
0.6614283070866142
0
LINE
8
BLACK
6
CONTINUOUS
10
1.7664041338582677
20
0.6614283070866142
11
1.7655092125984251
21
0.6621627559055118
0
LINE
8
BLACK
6
CONTINUOUS
10
1.7655092125984251
20
0.6621627559055118
11
1.3383438582677165
21
1.0893281102362204
0
LINE
8
BLACK
6
CONTINUOUS
10
1.3383438582677165
20
1.0893281102362204
11
1.3376094094488189
21
1.090223031496063
0
LINE
8
BLACK
6
CONTINUOUS
10
1.3376094094488189
20
1.090223031496063
11
1.3367276377952755
21
1.0923518503937009
0
LINE
8
BLACK
6
CONTINUOUS
10
1.3367276377952755
20
1.0923518503937009
11
1.3366141732283465
21
1.0935039370078741
0
LINE
8
BLACK
6
CONTINUOUS
10
1.3366141732283465
20
1.0935039370078741
11
1.3366141732283465
21
1.1985494881889764
0
LINE
8
BLACK
6
CONTINUOUS
10
1.3366141732283465
20
1.1985494881889764
11
1.3353296062992126
21
1.1992911023622046
0
LINE
8
BLACK
6
CONTINUOUS
10
1.3353296062992126
20
1.1992911023622046
11
1.3331493700787402
21
1.2014713385826772
0
LINE
8
BLACK
6
CONTINUOUS
10
1.3331493700787402
20
1.2014713385826772
11
1.331607716535433
21
1.2041415354330709
0
LINE
8
BLACK
6
CONTINUOUS
10
1.331607716535433
20
1.2041415354330709
11
1.3308097244094488
21
1.2071197637795275
0
LINE
8
BLACK
6
CONTINUOUS
10
1.3308097244094488
20
1.2071197637795275
11
1.3308097244094488
21
1.2102030708661418
0
LINE
8
BLACK
6
CONTINUOUS
10
1.3308097244094488
20
1.2102030708661418
11
1.331607716535433
21
1.2131812992125983
0
LINE
8
BLACK
6
CONTINUOUS
10
1.331607716535433
20
1.2131812992125983
11
1.3331493700787402
21
1.215851496062992
0
LINE
8
BLACK
6
CONTINUOUS
10
1.3331493700787402
20
1.215851496062992
11
1.3353296062992126
21
1.2180317322834646
0
LINE
8
BLACK
6
CONTINUOUS
10
1.3353296062992126
20
1.2180317322834646
11
1.3379998031496063
21
1.2195733858267717
0
LINE
8
BLACK
6
CONTINUOUS
10
1.3379998031496063
20
1.2195733858267717
11
1.3409780314960629
21
1.2203713779527559
0
LINE
8
BLACK
6
CONTINUOUS
10
1.3409780314960629
20
1.2203713779527559
11
1.3440613385826772
21
1.2203713779527559
0
LINE
8
BLACK
6
CONTINUOUS
10
1.3440613385826772
20
1.2203713779527559
11
1.3470395669291337
21
1.2195733858267717
0
LINE
8
BLACK
6
CONTINUOUS
10
1.126567125984252
20
0.9754788976377953
11
1.1292373228346457
21
0.9739372440944881
0
LINE
8
BLACK
6
CONTINUOUS
10
1.1292373228346457
20
0.9739372440944881
11
1.1314175590551181
21
0.9717570078740158
0
LINE
8
BLACK
6
CONTINUOUS
10
1.1314175590551181
20
0.9717570078740158
11
1.1329592125984251
21
0.969086811023622
0
LINE
8
BLACK
6
CONTINUOUS
10
1.1329592125984251
20
0.969086811023622
11
1.1337572047244093
21
0.9661085826771654
0
LINE
8
BLACK
6
CONTINUOUS
10
1.1337572047244093
20
0.9661085826771654
11
1.1337572047244093
21
0.9630252755905512
0
LINE
8
BLACK
6
CONTINUOUS
10
1.1337572047244093
20
0.9630252755905512
11
1.1329592125984251
21
0.9600470472440945
0
LINE
8
BLACK
6
CONTINUOUS
10
1.1329592125984251
20
0.9600470472440945
11
1.1314175590551181
21
0.9573768503937008
0
LINE
8
BLACK
6
CONTINUOUS
10
1.1314175590551181
20
0.9573768503937008
11
1.1292373228346457
21
0.9551966141732283
0
LINE
8
BLACK
6
CONTINUOUS
10
1.1292373228346457
20
0.9551966141732283
11
1.1279527559055118
21
0.9544549999999999
0
LINE
8
BLACK
6
CONTINUOUS
10
1.1279527559055118
20
0.9544549999999999
11
1.1279527559055118
21
0.8890063385826772
0
LINE
8
BLACK
6
CONTINUOUS
10
1.1279527559055118
20
0.8890063385826772
11
1.1278392913385826
21
0.8878542519685039
0
LINE
8
BLACK
6
CONTINUOUS
10
1.1278392913385826
20
0.8878542519685039
11
1.1269575196850394
21
0.8857254330708662
0
LINE
8
BLACK
6
CONTINUOUS
10
1.1269575196850394
20
0.8857254330708662
11
1.1262230708661416
21
0.8848305118110236
0
LINE
8
BLACK
6
CONTINUOUS
10
1.1262230708661416
20
0.8848305118110236
11
0.9550316929133859
21
0.7136391338582677
0
LINE
8
BLACK
6
CONTINUOUS
10
0.9550316929133859
20
0.7136391338582677
11
0.9541367716535433
21
0.7129046850393701
0
LINE
8
BLACK
6
CONTINUOUS
10
0.9541367716535433
20
0.7129046850393701
11
0.9528897637795275
21
0.7123881889763779
0
LINE
8
BLACK
6
CONTINUOUS
10
0.9528897637795275
20
0.7123881889763779
11
0.9520079921259842
21
0.7120229133858268
0
LINE
8
BLACK
6
CONTINUOUS
10
0.9520079921259842
20
0.7120229133858268
11
0.9508558661417322
21
0.7119094488188976
0
LINE
8
BLACK
6
CONTINUOUS
10
0.9508558661417322
20
0.7119094488188976
11
0.8211355905511811
21
0.7119094488188976
0
LINE
8
BLACK
6
CONTINUOUS
10
0.8211355905511811
20
0.7119094488188976
11
0.820393937007874
21
0.7106248818897638
0
LINE
8
BLACK
6
CONTINUOUS
10
0.820393937007874
20
0.7106248818897638
11
0.8182137007874015
21
0.7084446456692913
0
LINE
8
BLACK
6
CONTINUOUS
10
0.8182137007874015
20
0.7084446456692913
11
0.8155435039370078
21
0.7069029921259843
0
LINE
8
BLACK
6
CONTINUOUS
10
0.8155435039370078
20
0.7069029921259843
11
0.8125652755905511
21
0.706105
0
LINE
8
BLACK
6
CONTINUOUS
10
0.8125652755905511
20
0.706105
11
0.8094819685039369
21
0.706105
0
LINE
8
BLACK
6
CONTINUOUS
10
0.8094819685039369
20
0.706105
11
0.8065037401574803
21
0.7069029921259843
0
LINE
8
BLACK
6
CONTINUOUS
10
0.8065037401574803
20
0.7069029921259843
11
0.8038335433070866
21
0.7084446456692913
0
LINE
8
BLACK
6
CONTINUOUS
10
0.8038335433070866
20
0.7084446456692913
11
0.8016533070866142
21
0.7106248818897638
0
LINE
8
BLACK
6
CONTINUOUS
10
0.8016533070866142
20
0.7106248818897638
11
0.8009116535433071
21
0.7119094488188976
0
LINE
8
BLACK
6
CONTINUOUS
10
0.8009116535433071
20
0.7119094488188976
11
0.761515748031496
21
0.7119094488188976
0
LINE
8
BLACK
6
CONTINUOUS
10
0.761515748031496
20
0.7119094488188976
11
0.7603636220472441
21
0.7120229133858268
0
LINE
8
BLACK
6
CONTINUOUS
10
0.7603636220472441
20
0.7120229133858268
11
0.7597401181102362
21
0.7122812204724409
0
LINE
8
BLACK
6
CONTINUOUS
10
0.7597401181102362
20
0.7122812204724409
11
0.7582348031496062
21
0.7129046850393701
0
LINE
8
BLACK
6
CONTINUOUS
10
0.7582348031496062
20
0.7129046850393701
11
0.7573399212598425
21
0.7136391338582677
0
LINE
8
BLACK
6
CONTINUOUS
10
0.7573399212598425
20
0.7136391338582677
11
0.6655839763779527
21
0.8053950787401575
0
LINE
8
BLACK
6
CONTINUOUS
10
0.6655839763779527
20
0.8053950787401575
11
0.6649274803149606
21
0.8052191732283465
0
LINE
8
BLACK
6
CONTINUOUS
10
0.6649274803149606
20
0.8052191732283465
11
0.6618441732283464
21
0.8052191732283465
0
LINE
8
BLACK
6
CONTINUOUS
10
0.6618441732283464
20
0.8052191732283465
11
0.6588659448818898
21
0.8060171653543307
0
LINE
8
BLACK
6
CONTINUOUS
10
0.6588659448818898
20
0.8060171653543307
11
0.6561957480314961
21
0.8075588188976378
0
LINE
8
BLACK
6
CONTINUOUS
10
0.6561957480314961
20
0.8075588188976378
11
0.6540155118110236
21
0.8097390551181102
0
LINE
8
BLACK
6
CONTINUOUS
10
0.6540155118110236
20
0.8097390551181102
11
0.6524738582677165
21
0.8124092519685039
0
LINE
8
BLACK
6
CONTINUOUS
10
0.6524738582677165
20
0.8124092519685039
11
0.6516758661417322
21
0.8153874803149607
0
LINE
8
BLACK
6
CONTINUOUS
10
0.6516758661417322
20
0.8153874803149607
11
0.6516758661417322
21
0.8184707874015748
0
LINE
8
BLACK
6
CONTINUOUS
10
0.6516758661417322
20
0.8184707874015748
11
0.6524738582677165
21
0.8214490157480315
0
LINE
8
BLACK
6
CONTINUOUS
10
0.6524738582677165
20
0.8214490157480315
11
0.6540155118110236
21
0.8241192125984251
0
LINE
8
BLACK
6
CONTINUOUS
10
0.6540155118110236
20
0.8241192125984251
11
0.6561957480314961
21
0.8262994488188976
0
LINE
8
BLACK
6
CONTINUOUS
10
0.6561957480314961
20
0.8262994488188976
11
0.6588659448818898
21
0.8278411023622047
0
LINE
8
BLACK
6
CONTINUOUS
10
0.6588659448818898
20
0.8278411023622047
11
0.6618441732283464
21
0.828639094488189
0
LINE
8
BLACK
6
CONTINUOUS
10
0.6618441732283464
20
0.828639094488189
11
0.6649274803149606
21
0.828639094488189
0
LINE
8
BLACK
6
CONTINUOUS
10
0.6649274803149606
20
0.828639094488189
11
0.6679057086614173
21
0.8278411023622047
0
LINE
8
BLACK
6
CONTINUOUS
10
0.6679057086614173
20
0.8278411023622047
11
0.670575905511811
21
0.8262994488188976
0
LINE
8
BLACK
6
CONTINUOUS
10
0.670575905511811
20
0.8262994488188976
11
0.6727561417322835
21
0.8241192125984251
0
LINE
8
BLACK
6
CONTINUOUS
10
0.6727561417322835
20
0.8241192125984251
11
0.6742977952755905
21
0.8214490157480315
0
LINE
8
BLACK
6
CONTINUOUS
10
0.6742977952755905
20
0.8214490157480315
11
0.6750957874015748
21
0.8184707874015748
0
LINE
8
BLACK
6
CONTINUOUS
10
0.6750957874015748
20
0.8184707874015748
11
0.6750957874015748
21
0.8153874803149607
0
LINE
8
BLACK
6
CONTINUOUS
10
0.6750957874015748
20
0.8153874803149607
11
0.6745038976377953
21
0.8131784645669291
0
LINE
8
BLACK
6
CONTINUOUS
10
0.6745038976377953
20
0.8131784645669291
11
0.7639618897637795
21
0.7237204724409448
0
LINE
8
BLACK
6
CONTINUOUS
10
0.7639618897637795
20
0.7237204724409448
11
0.8009116535433071
21
0.7237204724409448
0
LINE
8
BLACK
6
CONTINUOUS
10
0.8009116535433071
20
0.7237204724409448
11
0.8016533070866142
21
0.7250050393700788
0
LINE
8
BLACK
6
CONTINUOUS
10
0.8016533070866142
20
0.7250050393700788
11
0.8038335433070866
21
0.7271852755905511
0
LINE
8
BLACK
6
CONTINUOUS
10
0.8038335433070866
20
0.7271852755905511
11
0.8065037401574803
21
0.7287269291338583
0
LINE
8
BLACK
6
CONTINUOUS
10
0.8065037401574803
20
0.7287269291338583
11
0.8094819685039369
21
0.7295249212598425
0
LINE
8
BLACK
6
CONTINUOUS
10
0.8094819685039369
20
0.7295249212598425
11
0.8125652755905511
21
0.7295249212598425
0
LINE
8
BLACK
6
CONTINUOUS
10
0.8125652755905511
20
0.7295249212598425
11
0.8155435039370078
21
0.7287269291338583
0
LINE
8
BLACK
6
CONTINUOUS
10
0.8155435039370078
20
0.7287269291338583
11
0.8182137007874015
21
0.7271852755905511
0
LINE
8
BLACK
6
CONTINUOUS
10
0.8182137007874015
20
0.7271852755905511
11
0.820393937007874
21
0.7250050393700788
0
LINE
8
BLACK
6
CONTINUOUS
10
0.820393937007874
20
0.7250050393700788
11
0.8211355905511811
21
0.7237204724409448
0
LINE
8
BLACK
6
CONTINUOUS
10
0.8211355905511811
20
0.7237204724409448
11
0.9484097244094488
21
0.7237204724409448
0
LINE
8
BLACK
6
CONTINUOUS
10
0.9484097244094488
20
0.7237204724409448
11
1.1161417322834646
21
0.8914524803149606
0
LINE
8
BLACK
6
CONTINUOUS
10
1.1161417322834646
20
0.8914524803149606
11
1.1161417322834646
21
0.9544549999999999
0
LINE
8
BLACK
6
CONTINUOUS
10
1.1161417322834646
20
0.9544549999999999
11
1.1148571653543307
21
0.9551966141732283
0
LINE
8
BLACK
6
CONTINUOUS
10
1.1148571653543307
20
0.9551966141732283
11
1.1126769291338583
21
0.9573768503937008
0
LINE
8
BLACK
6
CONTINUOUS
10
1.1126769291338583
20
0.9573768503937008
11
1.1111352755905513
21
0.9600470472440945
0
LINE
8
BLACK
6
CONTINUOUS
10
1.1111352755905513
20
0.9600470472440945
11
1.1103372834645668
21
0.9630252755905512
0
LINE
8
BLACK
6
CONTINUOUS
10
1.1103372834645668
20
0.9630252755905512
11
1.1103372834645668
21
0.9661085826771654
0
LINE
8
BLACK
6
CONTINUOUS
10
1.1103372834645668
20
0.9661085826771654
11
1.1111352755905513
21
0.969086811023622
0
LINE
8
BLACK
6
CONTINUOUS
10
1.1111352755905513
20
0.969086811023622
11
1.1126769291338583
21
0.9717570078740158
0
LINE
8
BLACK
6
CONTINUOUS
10
1.1126769291338583
20
0.9717570078740158
11
1.1148571653543307
21
0.9739372440944881
0
LINE
8
BLACK
6
CONTINUOUS
10
1.1148571653543307
20
0.9739372440944881
11
1.1175273622047244
21
0.9754788976377953
0
LINE
8
BLACK
6
CONTINUOUS
10
1.1175273622047244
20
0.9754788976377953
11
1.1205055905511812
21
0.9762768897637795
0
LINE
8
BLACK
6
CONTINUOUS
10
1.1205055905511812
20
0.9762768897637795
11
1.1235888976377952
21
0.9762768897637795
0
LINE
8
BLACK
6
CONTINUOUS
10
1.1235888976377952
20
0.9762768897637795
11
1.126567125984252
21
0.9754788976377953
0
LINE
8
BLACK
6
CONTINUOUS
10
0.3218503937007874
20
0.7568897637795275
11
0.4429133858267716
21
0.7568897637795275
0
LINE
8
BLACK
6
CONTINUOUS
10
0.4429133858267716
20
0.7568897637795275
11
0.4429133858267716
21
0.7637795275590551
0
LINE
8
BLACK
6
CONTINUOUS
10
0.4429133858267716
20
0.7637795275590551
11
0.484251968503937
21
0.7637795275590551
0
LINE
8
BLACK
6
CONTINUOUS
10
0.484251968503937
20
0.7637795275590551
11
0.484251968503937
21
0.7381889763779528
0
LINE
8
BLACK
6
CONTINUOUS
10
0.484251968503937
20
0.7381889763779528
11
0.4429133858267716
21
0.7381889763779528
0
LINE
8
BLACK
6
CONTINUOUS
10
0.4429133858267716
20
0.7381889763779528
11
0.4429133858267716
21
0.7450787401574803
0
LINE
8
BLACK
6
CONTINUOUS
10
0.4429133858267716
20
0.7450787401574803
11
0.3218503937007874
21
0.7450787401574803
0
LINE
8
BLACK
6
CONTINUOUS
10
0.3218503937007874
20
0.7450787401574803
11
0.3218503937007874
21
0.7381889763779528
0
LINE
8
BLACK
6
CONTINUOUS
10
0.3218503937007874
20
0.7381889763779528
11
0.280511811023622
21
0.7381889763779528
0
LINE
8
BLACK
6
CONTINUOUS
10
0.280511811023622
20
0.7381889763779528
11
0.280511811023622
21
0.7637795275590551
0
LINE
8
BLACK
6
CONTINUOUS
10
0.280511811023622
20
0.7637795275590551
11
0.3218503937007874
21
0.7637795275590551
0
LINE
8
BLACK
6
CONTINUOUS
10
0.3218503937007874
20
0.7637795275590551
11
0.3218503937007874
21
0.7568897637795275
0
LINE
8
BLACK
6
CONTINUOUS
10
1.7594411417322835
20
1.0866993700787402
11
1.7621113385826772
21
1.0851577165354331
0
LINE
8
BLACK
6
CONTINUOUS
10
1.7621113385826772
20
1.0851577165354331
11
1.7642915748031496
21
1.0829774803149605
0
LINE
8
BLACK
6
CONTINUOUS
10
1.7642915748031496
20
1.0829774803149605
11
1.7658332283464566
21
1.0803072834645668
0
LINE
8
BLACK
6
CONTINUOUS
10
1.7658332283464566
20
1.0803072834645668
11
1.7666312204724408
21
1.0773290551181103
0
LINE
8
BLACK
6
CONTINUOUS
10
1.7666312204724408
20
1.0773290551181103
11
1.7666312204724408
21
1.074245748031496
0
LINE
8
BLACK
6
CONTINUOUS
10
1.7666312204724408
20
1.074245748031496
11
1.7658332283464566
21
1.0712675196850394
0
LINE
8
BLACK
6
CONTINUOUS
10
1.7658332283464566
20
1.0712675196850394
11
1.7642915748031496
21
1.0685973228346457
0
LINE
8
BLACK
6
CONTINUOUS
10
1.7642915748031496
20
1.0685973228346457
11
1.7621113385826772
21
1.0664170866141731
0
LINE
8
BLACK
6
CONTINUOUS
10
1.7621113385826772
20
1.0664170866141731
11
1.7608267716535433
21
1.065675472440945
0
LINE
8
BLACK
6
CONTINUOUS
10
1.7608267716535433
20
1.065675472440945
11
1.7608267716535433
21
0.830635
0
LINE
8
BLACK
6
CONTINUOUS
10
1.7608267716535433
20
0.830635
11
1.7611580314960629
21
0.8300612204724409
0
LINE
8
BLACK
6
CONTINUOUS
10
1.7611580314960629
20
0.8300612204724409
11
1.7619560236220473
21
0.8270829921259842
0
LINE
8
BLACK
6
CONTINUOUS
10
1.7619560236220473
20
0.8270829921259842
11
1.7619560236220473
21
0.82399968503937
0
LINE
8
BLACK
6
CONTINUOUS
10
1.7619560236220473
20
0.82399968503937
11
1.7611580314960629
21
0.8210214566929134
0
LINE
8
BLACK
6
CONTINUOUS
10
1.7611580314960629
20
0.8210214566929134
11
1.7596163779527558
21
0.8183512598425197
0
LINE
8
BLACK
6
CONTINUOUS
10
1.7596163779527558
20
0.8183512598425197
11
1.7574361417322835
21
0.8161710236220472
0
LINE
8
BLACK
6
CONTINUOUS
10
1.7574361417322835
20
0.8161710236220472
11
1.7547659448818897
21
0.8146293700787401
0
LINE
8
BLACK
6
CONTINUOUS
10
1.7547659448818897
20
0.8146293700787401
11
1.751787716535433
21
0.8138313779527558
0
LINE
8
BLACK
6
CONTINUOUS
10
1.751787716535433
20
0.8138313779527558
11
1.7487044094488189
21
0.8138313779527558
0
LINE
8
BLACK
6
CONTINUOUS
10
1.7487044094488189
20
0.8138313779527558
11
1.7457261811023621
21
0.8146293700787401
0
LINE
8
BLACK
6
CONTINUOUS
10
1.7457261811023621
20
0.8146293700787401
11
1.7430559842519684
21
0.8161710236220472
0
LINE
8
BLACK
6
CONTINUOUS
10
1.7430559842519684
20
0.8161710236220472
11
1.740875748031496
21
0.8183512598425197
0
LINE
8
BLACK
6
CONTINUOUS
10
1.740875748031496
20
0.8183512598425197
11
1.739334094488189
21
0.8210214566929134
0
LINE
8
BLACK
6
CONTINUOUS
10
1.739334094488189
20
0.8210214566929134
11
1.7385361023622048
21
0.82399968503937
0
LINE
8
BLACK
6
CONTINUOUS
10
1.7385361023622048
20
0.82399968503937
11
1.7385361023622048
21
0.8270829921259842
0
LINE
8
BLACK
6
CONTINUOUS
10
1.7385361023622048
20
0.8270829921259842
11
1.739334094488189
21
0.8300612204724409
0
LINE
8
BLACK
6
CONTINUOUS
10
1.739334094488189
20
0.8300612204724409
11
1.740875748031496
21
0.8327314173228346
0
LINE
8
BLACK
6
CONTINUOUS
10
1.740875748031496
20
0.8327314173228346
11
1.7430559842519684
21
0.8349116535433071
0
LINE
8
BLACK
6
CONTINUOUS
10
1.7430559842519684
20
0.8349116535433071
11
1.7457261811023621
21
0.8364533070866141
0
LINE
8
BLACK
6
CONTINUOUS
10
1.7457261811023621
20
0.8364533070866141
11
1.7487044094488189
21
0.8372512992125984
0
LINE
8
BLACK
6
CONTINUOUS
10
1.7487044094488189
20
0.8372512992125984
11
1.7490157480314961
21
0.8372512992125984
0
LINE
8
BLACK
6
CONTINUOUS
10
1.7490157480314961
20
0.8372512992125984
11
1.7490157480314961
21
1.065675472440945
0
LINE
8
BLACK
6
CONTINUOUS
10
1.7490157480314961
20
1.065675472440945
11
1.7477311811023621
21
1.0664170866141731
0
LINE
8
BLACK
6
CONTINUOUS
10
1.7477311811023621
20
1.0664170866141731
11
1.7455509448818898
21
1.0685973228346457
0
LINE
8
BLACK
6
CONTINUOUS
10
1.7455509448818898
20
1.0685973228346457
11
1.7440092913385827
21
1.0712675196850394
0
LINE
8
BLACK
6
CONTINUOUS
10
1.7440092913385827
20
1.0712675196850394
11
1.7432112992125983
21
1.074245748031496
0
LINE
8
BLACK
6
CONTINUOUS
10
1.7432112992125983
20
1.074245748031496
11
1.7432112992125983
21
1.0773290551181103
0
LINE
8
BLACK
6
CONTINUOUS
10
1.7432112992125983
20
1.0773290551181103
11
1.7440092913385827
21
1.0803072834645668
0
LINE
8
BLACK
6
CONTINUOUS
10
1.7440092913385827
20
1.0803072834645668
11
1.7455509448818898
21
1.0829774803149605
0
LINE
8
BLACK
6
CONTINUOUS
10
1.7455509448818898
20
1.0829774803149605
11
1.7477311811023621
21
1.0851577165354331
0
LINE
8
BLACK
6
CONTINUOUS
10
1.7477311811023621
20
1.0851577165354331
11
1.7504013779527559
21
1.0866993700787402
0
LINE
8
BLACK
6
CONTINUOUS
10
1.7504013779527559
20
1.0866993700787402
11
1.7533796062992126
21
1.0874973622047244
0
LINE
8
BLACK
6
CONTINUOUS
10
1.7533796062992126
20
1.0874973622047244
11
1.7564629133858267
21
1.0874973622047244
0
LINE
8
BLACK
6
CONTINUOUS
10
1.7564629133858267
20
1.0874973622047244
11
1.7594411417322835
21
1.0866993700787402
0
LINE
8
BLACK
6
CONTINUOUS
10
0.3646456692913386
20
0.8495275590551181
11
0.3046456692913386
21
0.8495275590551181
0
LINE
8
BLACK
6
CONTINUOUS
10
0.3046456692913386
20
0.8495275590551181
11
0.3046456692913386
21
0.9095275590551181
0
LINE
8
BLACK
6
CONTINUOUS
10
0.3046456692913386
20
0.9095275590551181
11
0.3646456692913386
21
0.9095275590551181
0
LINE
8
BLACK
6
CONTINUOUS
10
0.3646456692913386
20
0.9095275590551181
11
0.3646456692913386
21
0.8495275590551181
0
LINE
8
BLACK
6
CONTINUOUS
10
0.4646456692913385
20
0.8495275590551181
11
0.4046456692913385
21
0.8495275590551181
0
LINE
8
BLACK
6
CONTINUOUS
10
0.4046456692913385
20
0.8495275590551181
11
0.4046456692913385
21
0.9095275590551181
0
LINE
8
BLACK
6
CONTINUOUS
10
0.4046456692913385
20
0.9095275590551181
11
0.4646456692913385
21
0.9095275590551181
0
LINE
8
BLACK
6
CONTINUOUS
10
0.4646456692913385
20
0.9095275590551181
11
0.4646456692913385
21
0.8495275590551181
0
LINE
8
BLACK
6
CONTINUOUS
10
1.9969291338582678
20
0.8511023622047243
11
1.9369291338582677
21
0.8511023622047243
0
LINE
8
BLACK
6
CONTINUOUS
10
1.9369291338582677
20
0.8511023622047243
11
1.9369291338582677
21
0.9111023622047244
0
LINE
8
BLACK
6
CONTINUOUS
10
1.9369291338582677
20
0.9111023622047244
11
1.9969291338582678
21
0.9111023622047244
0
LINE
8
BLACK
6
CONTINUOUS
10
1.9969291338582678
20
0.9111023622047244
11
1.9969291338582678
21
0.8511023622047243
0
LINE
8
BLACK
6
CONTINUOUS
10
2.0969291338582678
20
0.8511023622047243
11
2.0369291338582678
21
0.8511023622047243
0
LINE
8
BLACK
6
CONTINUOUS
10
2.0369291338582678
20
0.8511023622047243
11
2.0369291338582678
21
0.9111023622047244
0
LINE
8
BLACK
6
CONTINUOUS
10
2.0369291338582678
20
0.9111023622047244
11
2.0969291338582678
21
0.9111023622047244
0
LINE
8
BLACK
6
CONTINUOUS
10
2.0969291338582678
20
0.9111023622047244
11
2.0969291338582678
21
0.8511023622047243
0
LINE
8
BLACK
6
CONTINUOUS
10
1.0596379921259842
20
0.932171811023622
11
1.0623081889763779
21
0.930630157480315
0
LINE
8
BLACK
6
CONTINUOUS
10
1.0623081889763779
20
0.930630157480315
11
1.0644884251968503
21
0.9284499212598425
0
LINE
8
BLACK
6
CONTINUOUS
10
1.0644884251968503
20
0.9284499212598425
11
1.0660300787401575
21
0.9257797244094488
0
LINE
8
BLACK
6
CONTINUOUS
10
1.0660300787401575
20
0.9257797244094488
11
1.0668280708661417
21
0.9228014960629921
0
LINE
8
BLACK
6
CONTINUOUS
10
1.0668280708661417
20
0.9228014960629921
11
1.0668280708661417
21
0.9197181889763779
0
LINE
8
BLACK
6
CONTINUOUS
10
1.0668280708661417
20
0.9197181889763779
11
1.0660300787401575
21
0.9167399606299212
0
LINE
8
BLACK
6
CONTINUOUS
10
1.0660300787401575
20
0.9167399606299212
11
1.0644884251968503
21
0.9140697637795275
0
LINE
8
BLACK
6
CONTINUOUS
10
1.0644884251968503
20
0.9140697637795275
11
1.0623081889763779
21
0.9118895275590551
0
LINE
8
BLACK
6
CONTINUOUS
10
1.0623081889763779
20
0.9118895275590551
11
1.0596379921259842
21
0.910347874015748
0
LINE
8
BLACK
6
CONTINUOUS
10
1.0596379921259842
20
0.910347874015748
11
1.0566597637795276
21
0.9095498818897637
0
LINE
8
BLACK
6
CONTINUOUS
10
1.0566597637795276
20
0.9095498818897637
11
1.0535764566929133
21
0.9095498818897637
0
LINE
8
BLACK
6
CONTINUOUS
10
1.0535764566929133
20
0.9095498818897637
11
1.0505982283464568
21
0.910347874015748
0
LINE
8
BLACK
6
CONTINUOUS
10
1.0505982283464568
20
0.910347874015748
11
1.0479280314960631
21
0.9118895275590551
0
LINE
8
BLACK
6
CONTINUOUS
10
1.0479280314960631
20
0.9118895275590551
11
1.0457477952755905
21
0.9140697637795275
0
LINE
8
BLACK
6
CONTINUOUS
10
1.0457477952755905
20
0.9140697637795275
11
1.0450061417322833
21
0.9153543307086613
0
LINE
8
BLACK
6
CONTINUOUS
10
1.0450061417322833
20
0.9153543307086613
11
1.0049067716535434
21
0.9153543307086613
0
LINE
8
BLACK
6
CONTINUOUS
10
1.0049067716535434
20
0.9153543307086613
11
0.9554697637795275
21
0.8659173622047244
0
LINE
8
BLACK
6
CONTINUOUS
10
0.9554697637795275
20
0.8659173622047244
11
0.9558536614173229
21
0.8644845669291339
0
LINE
8
BLACK
6
CONTINUOUS
10
0.9558536614173229
20
0.8644845669291339
11
0.9558536614173229
21
0.8614012598425197
0
LINE
8
BLACK
6
CONTINUOUS
10
0.9558536614173229
20
0.8614012598425197
11
0.9550556692913386
21
0.858423031496063
0
LINE
8
BLACK
6
CONTINUOUS
10
0.9550556692913386
20
0.858423031496063
11
0.9535140157480315
21
0.8557528346456693
0
LINE
8
BLACK
6
CONTINUOUS
10
0.9535140157480315
20
0.8557528346456693
11
0.951333779527559
21
0.8535725984251968
0
LINE
8
BLACK
6
CONTINUOUS
10
0.951333779527559
20
0.8535725984251968
11
0.9486635826771653
21
0.8520309448818898
0
LINE
8
BLACK
6
CONTINUOUS
10
0.9486635826771653
20
0.8520309448818898
11
0.9456853543307087
21
0.8512329527559055
0
LINE
8
BLACK
6
CONTINUOUS
10
0.9456853543307087
20
0.8512329527559055
11
0.9426020472440945
21
0.8512329527559055
0
LINE
8
BLACK
6
CONTINUOUS
10
0.9426020472440945
20
0.8512329527559055
11
0.9396238188976378
21
0.8520309448818898
0
LINE
8
BLACK
6
CONTINUOUS
10
0.9396238188976378
20
0.8520309448818898
11
0.9369536220472441
21
0.8535725984251968
0
LINE
8
BLACK
6
CONTINUOUS
10
0.9369536220472441
20
0.8535725984251968
11
0.9347733858267716
21
0.8557528346456693
0
LINE
8
BLACK
6
CONTINUOUS
10
0.9347733858267716
20
0.8557528346456693
11
0.9332317322834646
21
0.858423031496063
0
LINE
8
BLACK
6
CONTINUOUS
10
0.9332317322834646
20
0.858423031496063
11
0.9324337401574803
21
0.8614012598425197
0
LINE
8
BLACK
6
CONTINUOUS
10
0.9324337401574803
20
0.8614012598425197
11
0.9324337401574803
21
0.8644845669291339
0
LINE
8
BLACK
6
CONTINUOUS
10
0.9324337401574803
20
0.8644845669291339
11
0.9332317322834646
21
0.8674627952755906
0
LINE
8
BLACK
6
CONTINUOUS
10
0.9332317322834646
20
0.8674627952755906
11
0.9347733858267716
21
0.8701329921259843
0
LINE
8
BLACK
6
CONTINUOUS
10
0.9347733858267716
20
0.8701329921259843
11
0.9369536220472441
21
0.8723132283464566
0
LINE
8
BLACK
6
CONTINUOUS
10
0.9369536220472441
20
0.8723132283464566
11
0.9396238188976378
21
0.8738548818897638
0
LINE
8
BLACK
6
CONTINUOUS
10
0.9396238188976378
20
0.8738548818897638
11
0.9426020472440945
21
0.874652874015748
0
LINE
8
BLACK
6
CONTINUOUS
10
0.9426020472440945
20
0.874652874015748
11
0.9456853543307087
21
0.874652874015748
0
LINE
8
BLACK
6
CONTINUOUS
10
0.9456853543307087
20
0.874652874015748
11
0.9471181102362205
21
0.8742690157480315
0
LINE
8
BLACK
6
CONTINUOUS
10
0.9471181102362205
20
0.8742690157480315
11
0.9982848031496063
21
0.9254356692913386
0
LINE
8
BLACK
6
CONTINUOUS
10
0.9982848031496063
20
0.9254356692913386
11
0.9991797244094488
21
0.9261701181102362
0
LINE
8
BLACK
6
CONTINUOUS
10
0.9991797244094488
20
0.9261701181102362
11
1.0004267322834646
21
0.926686653543307
0
LINE
8
BLACK
6
CONTINUOUS
10
1.0004267322834646
20
0.926686653543307
11
1.0013085039370078
21
0.9270518897637795
0
LINE
8
BLACK
6
CONTINUOUS
10
1.0013085039370078
20
0.9270518897637795
11
1.0024606299212597
21
0.9271653543307087
0
LINE
8
BLACK
6
CONTINUOUS
10
1.0024606299212597
20
0.9271653543307087
11
1.0450061417322833
21
0.9271653543307087
0
LINE
8
BLACK
6
CONTINUOUS
10
1.0450061417322833
20
0.9271653543307087
11
1.0457477952755905
21
0.9284499212598425
0
LINE
8
BLACK
6
CONTINUOUS
10
1.0457477952755905
20
0.9284499212598425
11
1.0479280314960631
21
0.930630157480315
0
LINE
8
BLACK
6
CONTINUOUS
10
1.0479280314960631
20
0.930630157480315
11
1.0505982283464568
21
0.932171811023622
0
LINE
8
BLACK
6
CONTINUOUS
10
1.0505982283464568
20
0.932171811023622
11
1.0535764566929133
21
0.9329698031496063
0
LINE
8
BLACK
6
CONTINUOUS
10
1.0535764566929133
20
0.9329698031496063
11
1.0566597637795276
21
0.9329698031496063
0
LINE
8
BLACK
6
CONTINUOUS
10
1.0566597637795276
20
0.9329698031496063
11
1.0596379921259842
21
0.932171811023622
0
LINE
8
BLACK
6
CONTINUOUS
10
1.4021576771653543
20
1.573904094488189
11
1.404827874015748
21
1.5723624409448818
0
LINE
8
BLACK
6
CONTINUOUS
10
1.404827874015748
20
1.5723624409448818
11
1.4070081102362204
21
1.5701822047244094
0
LINE
8
BLACK
6
CONTINUOUS
10
1.4070081102362204
20
1.5701822047244094
11
1.4085497637795275
21
1.5675120078740157
0
LINE
8
BLACK
6
CONTINUOUS
10
1.4085497637795275
20
1.5675120078740157
11
1.4093477559055119
21
1.5645337795275591
0
LINE
8
BLACK
6
CONTINUOUS
10
1.4093477559055119
20
1.5645337795275591
11
1.4093477559055119
21
1.5614504724409448
0
LINE
8
BLACK
6
CONTINUOUS
10
1.4093477559055119
20
1.5614504724409448
11
1.4085497637795275
21
1.5584722440944883
0
LINE
8
BLACK
6
CONTINUOUS
10
1.4085497637795275
20
1.5584722440944883
11
1.4070081102362204
21
1.5558020472440945
0
LINE
8
BLACK
6
CONTINUOUS
10
1.4070081102362204
20
1.5558020472440945
11
1.404827874015748
21
1.553621811023622
0
LINE
8
BLACK
6
CONTINUOUS
10
1.404827874015748
20
1.553621811023622
11
1.4035433070866141
21
1.5528801968503936
0
LINE
8
BLACK
6
CONTINUOUS
10
1.4035433070866141
20
1.5528801968503936
11
1.4035433070866141
21
1.4714566929133859
0
LINE
8
BLACK
6
CONTINUOUS
10
1.4035433070866141
20
1.4714566929133859
11
1.4034298425196849
21
1.4703046062992127
0
LINE
8
BLACK
6
CONTINUOUS
10
1.4034298425196849
20
1.4703046062992127
11
1.4025480708661417
21
1.4681757874015748
0
LINE
8
BLACK
6
CONTINUOUS
10
1.4025480708661417
20
1.4681757874015748
11
1.4018136220472441
21
1.4672808661417323
0
LINE
8
BLACK
6
CONTINUOUS
10
1.4018136220472441
20
1.4672808661417323
11
1.3080708661417322
21
1.3735381102362205
0
LINE
8
BLACK
6
CONTINUOUS
10
1.3080708661417322
20
1.3735381102362205
11
1.3080708661417322
21
1.3501315354330707
0
LINE
8
BLACK
6
CONTINUOUS
10
1.3080708661417322
20
1.3501315354330707
11
1.3093554330708661
21
1.3493898818897638
0
LINE
8
BLACK
6
CONTINUOUS
10
1.3093554330708661
20
1.3493898818897638
11
1.3115356692913385
21
1.3472096456692912
0
LINE
8
BLACK
6
CONTINUOUS
10
1.3115356692913385
20
1.3472096456692912
11
1.3130773228346457
21
1.3445394488188975
0
LINE
8
BLACK
6
CONTINUOUS
10
1.3130773228346457
20
1.3445394488188975
11
1.3138753149606299
21
1.341561220472441
0
LINE
8
BLACK
6
CONTINUOUS
10
1.3138753149606299
20
1.341561220472441
11
1.3138753149606299
21
1.3384779133858267
0
LINE
8
BLACK
6
CONTINUOUS
10
1.3138753149606299
20
1.3384779133858267
11
1.3130773228346457
21
1.3354996850393701
0
LINE
8
BLACK
6
CONTINUOUS
10
1.3130773228346457
20
1.3354996850393701
11
1.3115356692913385
21
1.3328294881889764
0
LINE
8
BLACK
6
CONTINUOUS
10
1.3115356692913385
20
1.3328294881889764
11
1.3093554330708661
21
1.3306492519685038
0
LINE
8
BLACK
6
CONTINUOUS
10
1.3093554330708661
20
1.3306492519685038
11
1.3080708661417322
21
1.3299076377952757
0
LINE
8
BLACK
6
CONTINUOUS
10
1.3080708661417322
20
1.3299076377952757
11
1.3080708661417322
21
1.3169291338582676
0
LINE
8
BLACK
6
CONTINUOUS
10
1.3080708661417322
20
1.3169291338582676
11
1.3079574015748032
21
1.3157770472440944
0
LINE
8
BLACK
6
CONTINUOUS
10
1.3079574015748032
20
1.3157770472440944
11
1.3070756299212598
21
1.3136482283464566
0
LINE
8
BLACK
6
CONTINUOUS
10
1.3070756299212598
20
1.3136482283464566
11
1.3063411811023622
21
1.3127533070866142
0
LINE
8
BLACK
6
CONTINUOUS
10
1.3063411811023622
20
1.3127533070866142
11
1.2775590551181102
21
1.2839711811023622
0
LINE
8
BLACK
6
CONTINUOUS
10
1.2775590551181102
20
1.2839711811023622
11
1.2775590551181102
21
0.9389763779527559
0
LINE
8
BLACK
6
CONTINUOUS
10
1.2775590551181102
20
0.9389763779527559
11
1.3188976377952755
21
0.9389763779527559
0
LINE
8
BLACK
6
CONTINUOUS
10
1.3188976377952755
20
0.9389763779527559
11
1.3200497637795274
21
0.9388629133858267
0
LINE
8
BLACK
6
CONTINUOUS
10
1.3200497637795274
20
0.9388629133858267
11
1.320878937007874
21
0.9385194488188976
0
LINE
8
BLACK
6
CONTINUOUS
10
1.320878937007874
20
0.9385194488188976
11
1.3221785433070865
21
0.9379811417322834
0
LINE
8
BLACK
6
CONTINUOUS
10
1.3221785433070865
20
0.9379811417322834
11
1.3230734645669291
21
0.9372466929133858
0
LINE
8
BLACK
6
CONTINUOUS
10
1.3230734645669291
20
0.9372466929133858
11
1.3237972047244093
21
0.9365229527559055
0
LINE
8
BLACK
6
CONTINUOUS
10
1.3237972047244093
20
0.9365229527559055
11
1.3252299999999999
21
0.9369068110236221
0
LINE
8
BLACK
6
CONTINUOUS
10
1.3252299999999999
20
0.9369068110236221
11
1.3283133070866142
21
0.9369068110236221
0
LINE
8
BLACK
6
CONTINUOUS
10
1.3283133070866142
20
0.9369068110236221
11
1.3312915354330708
21
0.9361088188976378
0
LINE
8
BLACK
6
CONTINUOUS
10
1.3312915354330708
20
0.9361088188976378
11
1.3339617322834645
21
0.9345671653543307
0
LINE
8
BLACK
6
CONTINUOUS
10
1.3339617322834645
20
0.9345671653543307
11
1.3361419685039371
21
0.9323869291338582
0
LINE
8
BLACK
6
CONTINUOUS
10
1.3361419685039371
20
0.9323869291338582
11
1.3376836220472441
21
0.9297167322834645
0
LINE
8
BLACK
6
CONTINUOUS
10
1.3376836220472441
20
0.9297167322834645
11
1.3384816141732283
21
0.9267385039370079
0
LINE
8
BLACK
6
CONTINUOUS
10
1.3384816141732283
20
0.9267385039370079
11
1.3384816141732283
21
0.9236551968503937
0
LINE
8
BLACK
6
CONTINUOUS
10
1.3384816141732283
20
0.9236551968503937
11
1.3376836220472441
21
0.920676968503937
0
LINE
8
BLACK
6
CONTINUOUS
10
1.3376836220472441
20
0.920676968503937
11
1.3361419685039371
21
0.9180067716535433
0
LINE
8
BLACK
6
CONTINUOUS
10
1.3361419685039371
20
0.9180067716535433
11
1.3339617322834645
21
0.9158265354330708
0
LINE
8
BLACK
6
CONTINUOUS
10
1.3339617322834645
20
0.9158265354330708
11
1.3312915354330708
21
0.9142848818897638
0
LINE
8
BLACK
6
CONTINUOUS
10
1.3312915354330708
20
0.9142848818897638
11
1.3283133070866142
21
0.9134868897637795
0
LINE
8
BLACK
6
CONTINUOUS
10
1.3283133070866142
20
0.9134868897637795
11
1.3252299999999999
21
0.9134868897637795
0
LINE
8
BLACK
6
CONTINUOUS
10
1.3252299999999999
20
0.9134868897637795
11
1.3222517716535434
21
0.9142848818897638
0
LINE
8
BLACK
6
CONTINUOUS
10
1.3222517716535434
20
0.9142848818897638
11
1.3195815748031496
21
0.9158265354330708
0
LINE
8
BLACK
6
CONTINUOUS
10
1.3195815748031496
20
0.9158265354330708
11
1.3174013385826771
21
0.9180067716535433
0
LINE
8
BLACK
6
CONTINUOUS
10
1.3174013385826771
20
0.9180067716535433
11
1.31585968503937
21
0.920676968503937
0
LINE
8
BLACK
6
CONTINUOUS
10
1.31585968503937
20
0.920676968503937
11
1.3150616929133858
21
0.9236551968503937
0
LINE
8
BLACK
6
CONTINUOUS
10
1.3150616929133858
20
0.9236551968503937
11
1.3150616929133858
21
0.9267385039370079
0
LINE
8
BLACK
6
CONTINUOUS
10
1.3150616929133858
20
0.9267385039370079
11
1.3151760629921259
21
0.9271653543307087
0
LINE
8
BLACK
6
CONTINUOUS
10
1.3151760629921259
20
0.9271653543307087
11
1.2581434645669292
21
0.9271653543307087
0
LINE
8
BLACK
6
CONTINUOUS
10
1.2581434645669292
20
0.9271653543307087
11
1.257401811023622
21
0.9258807874015748
0
LINE
8
BLACK
6
CONTINUOUS
10
1.257401811023622
20
0.9258807874015748
11
1.2552215748031497
21
0.9237005511811024
0
LINE
8
BLACK
6
CONTINUOUS
10
1.2552215748031497
20
0.9237005511811024
11
1.252551377952756
21
0.9221588976377952
0
LINE
8
BLACK
6
CONTINUOUS
10
1.252551377952756
20
0.9221588976377952
11
1.2495731496062992
21
0.921360905511811
0
LINE
8
BLACK
6
CONTINUOUS
10
1.2495731496062992
20
0.921360905511811
11
1.2464898425196851
21
0.921360905511811
0
LINE
8
BLACK
6
CONTINUOUS
10
1.2464898425196851
20
0.921360905511811
11
1.2435116141732283
21
0.9221588976377952
0
LINE
8
BLACK
6
CONTINUOUS
10
1.2435116141732283
20
0.9221588976377952
11
1.2408414173228346
21
0.9237005511811024
0
LINE
8
BLACK
6
CONTINUOUS
10
1.2408414173228346
20
0.9237005511811024
11
1.2386611811023622
21
0.9258807874015748
0
LINE
8
BLACK
6
CONTINUOUS
10
1.2386611811023622
20
0.9258807874015748
11
1.2371195275590552
21
0.9285509842519685
0
LINE
8
BLACK
6
CONTINUOUS
10
1.2371195275590552
20
0.9285509842519685
11
1.2363215354330708
21
0.9315292125984251
0
LINE
8
BLACK
6
CONTINUOUS
10
1.2363215354330708
20
0.9315292125984251
11
1.2363215354330708
21
0.9346125196850393
0
LINE
8
BLACK
6
CONTINUOUS
10
1.2363215354330708
20
0.9346125196850393
11
1.2371195275590552
21
0.937590748031496
0
LINE
8
BLACK
6
CONTINUOUS
10
1.2371195275590552
20
0.937590748031496
11
1.2386611811023622
21
0.9402609448818897
0
LINE
8
BLACK
6
CONTINUOUS
10
1.2386611811023622
20
0.9402609448818897
11
1.2408414173228346
21
0.9424411811023622
0
LINE
8
BLACK
6
CONTINUOUS
10
1.2408414173228346
20
0.9424411811023622
11
1.2435116141732283
21
0.9439828346456692
0
LINE
8
BLACK
6
CONTINUOUS
10
1.2435116141732283
20
0.9439828346456692
11
1.2464898425196851
21
0.9447808267716535
0
LINE
8
BLACK
6
CONTINUOUS
10
1.2464898425196851
20
0.9447808267716535
11
1.2495731496062992
21
0.9447808267716535
0
LINE
8
BLACK
6
CONTINUOUS
10
1.2495731496062992
20
0.9447808267716535
11
1.252551377952756
21
0.9439828346456692
0
LINE
8
BLACK
6
CONTINUOUS
10
1.252551377952756
20
0.9439828346456692
11
1.2552215748031497
21
0.9424411811023622
0
LINE
8
BLACK
6
CONTINUOUS
10
1.2552215748031497
20
0.9424411811023622
11
1.257401811023622
21
0.9402609448818897
0
LINE
8
BLACK
6
CONTINUOUS
10
1.257401811023622
20
0.9402609448818897
11
1.2581434645669292
21
0.9389763779527559
0
LINE
8
BLACK
6
CONTINUOUS
10
1.2581434645669292
20
0.9389763779527559
11
1.265748031496063
21
0.9389763779527559
0
LINE
8
BLACK
6
CONTINUOUS
10
1.265748031496063
20
0.9389763779527559
11
1.265748031496063
21
1.2864173228346456
0
LINE
8
BLACK
6
CONTINUOUS
10
1.265748031496063
20
1.2864173228346456
11
1.2658614960629921
21
1.2875694488188976
0
LINE
8
BLACK
6
CONTINUOUS
10
1.2658614960629921
20
1.2875694488188976
11
1.2667379133858268
21
1.2896852755905512
0
LINE
8
BLACK
6
CONTINUOUS
10
1.2667379133858268
20
1.2896852755905512
11
1.2667432677165353
21
1.2896982283464566
0
LINE
8
BLACK
6
CONTINUOUS
10
1.2667432677165353
20
1.2896982283464566
11
1.267477716535433
21
1.2905931496062992
0
LINE
8
BLACK
6
CONTINUOUS
10
1.267477716535433
20
1.2905931496062992
11
1.296259842519685
21
1.3193752755905512
0
LINE
8
BLACK
6
CONTINUOUS
10
1.296259842519685
20
1.3193752755905512
11
1.296259842519685
21
1.3299076377952757
0
LINE
8
BLACK
6
CONTINUOUS
10
1.296259842519685
20
1.3299076377952757
11
1.2949752755905513
21
1.3306492519685038
0
LINE
8
BLACK
6
CONTINUOUS
10
1.2949752755905513
20
1.3306492519685038
11
1.2927950393700787
21
1.3328294881889764
0
LINE
8
BLACK
6
CONTINUOUS
10
1.2927950393700787
20
1.3328294881889764
11
1.2912533858267716
21
1.3354996850393701
0
LINE
8
BLACK
6
CONTINUOUS
10
1.2912533858267716
20
1.3354996850393701
11
1.2904553937007874
21
1.3384779133858267
0
LINE
8
BLACK
6
CONTINUOUS
10
1.2904553937007874
20
1.3384779133858267
11
1.2904553937007874
21
1.341561220472441
0
LINE
8
BLACK
6
CONTINUOUS
10
1.2904553937007874
20
1.341561220472441
11
1.2912533858267716
21
1.3445394488188975
0
LINE
8
BLACK
6
CONTINUOUS
10
1.2912533858267716
20
1.3445394488188975
11
1.2927950393700787
21
1.3472096456692912
0
LINE
8
BLACK
6
CONTINUOUS
10
1.2927950393700787
20
1.3472096456692912
11
1.2949752755905513
21
1.3493898818897638
0
LINE
8
BLACK
6
CONTINUOUS
10
1.2949752755905513
20
1.3493898818897638
11
1.296259842519685
21
1.3501315354330707
0
LINE
8
BLACK
6
CONTINUOUS
10
1.296259842519685
20
1.3501315354330707
11
1.296259842519685
21
1.3759842519685039
0
LINE
8
BLACK
6
CONTINUOUS
10
1.296259842519685
20
1.3759842519685039
11
1.2963733070866141
21
1.3771363779527559
0
LINE
8
BLACK
6
CONTINUOUS
10
1.2963733070866141
20
1.3771363779527559
11
1.2968632677165355
21
1.3783192125984252
0
LINE
8
BLACK
6
CONTINUOUS
10
1.2968632677165355
20
1.3783192125984252
11
1.2972550787401576
21
1.379265157480315
0
LINE
8
BLACK
6
CONTINUOUS
10
1.2972550787401576
20
1.379265157480315
11
1.2979895275590552
21
1.3801600787401576
0
LINE
8
BLACK
6
CONTINUOUS
10
1.2979895275590552
20
1.3801600787401576
11
1.3917322834645669
21
1.4739028346456693
0
LINE
8
BLACK
6
CONTINUOUS
10
1.3917322834645669
20
1.4739028346456693
11
1.3917322834645669
21
1.5528801968503936
0
LINE
8
BLACK
6
CONTINUOUS
10
1.3917322834645669
20
1.5528801968503936
11
1.390447716535433
21
1.553621811023622
0
LINE
8
BLACK
6
CONTINUOUS
10
1.390447716535433
20
1.553621811023622
11
1.3882674803149606
21
1.5558020472440945
0
LINE
8
BLACK
6
CONTINUOUS
10
1.3882674803149606
20
1.5558020472440945
11
1.3867258267716536
21
1.5584722440944883
0
LINE
8
BLACK
6
CONTINUOUS
10
1.3867258267716536
20
1.5584722440944883
11
1.3859278346456692
21
1.5614504724409448
0
LINE
8
BLACK
6
CONTINUOUS
10
1.3859278346456692
20
1.5614504724409448
11
1.3859278346456692
21
1.5645337795275591
0
LINE
8
BLACK
6
CONTINUOUS
10
1.3859278346456692
20
1.5645337795275591
11
1.3867258267716536
21
1.5675120078740157
0
LINE
8
BLACK
6
CONTINUOUS
10
1.3867258267716536
20
1.5675120078740157
11
1.3882674803149606
21
1.5701822047244094
0
LINE
8
BLACK
6
CONTINUOUS
10
1.3882674803149606
20
1.5701822047244094
11
1.390447716535433
21
1.5723624409448818
0
LINE
8
BLACK
6
CONTINUOUS
10
1.390447716535433
20
1.5723624409448818
11
1.3931179133858267
21
1.573904094488189
0
LINE
8
BLACK
6
CONTINUOUS
10
1.3931179133858267
20
1.573904094488189
11
1.3960961417322835
21
1.5747020866141732
0
LINE
8
BLACK
6
CONTINUOUS
10
1.3960961417322835
20
1.5747020866141732
11
1.3991794488188976
21
1.5747020866141732
0
LINE
8
BLACK
6
CONTINUOUS
10
1.3991794488188976
20
1.5747020866141732
11
1.4021576771653543
21
1.573904094488189
0
LINE
8
BLACK
6
CONTINUOUS
10
0.3646456692913386
20
0.9495275590551181
11
0.3046456692913386
21
0.9495275590551181
0
LINE
8
BLACK
6
CONTINUOUS
10
0.3046456692913386
20
0.9495275590551181
11
0.3046456692913386
21
1.009527559055118
0
LINE
8
BLACK
6
CONTINUOUS
10
0.3046456692913386
20
1.009527559055118
11
0.3646456692913386
21
1.009527559055118
0
LINE
8
BLACK
6
CONTINUOUS
10
0.3646456692913386
20
1.009527559055118
11
0.3646456692913386
21
0.9495275590551181
0
LINE
8
BLACK
6
CONTINUOUS
10
0.4646456692913385
20
0.9495275590551181
11
0.4046456692913385
21
0.9495275590551181
0
LINE
8
BLACK
6
CONTINUOUS
10
0.4046456692913385
20
0.9495275590551181
11
0.4046456692913385
21
1.009527559055118
0
LINE
8
BLACK
6
CONTINUOUS
10
0.4046456692913385
20
1.009527559055118
11
0.4646456692913385
21
1.009527559055118
0
LINE
8
BLACK
6
CONTINUOUS
10
0.4646456692913385
20
1.009527559055118
11
0.4646456692913385
21
0.9495275590551181
0
LINE
8
BLACK
6
CONTINUOUS
10
1.9969291338582678
20
0.9511023622047244
11
1.9369291338582677
21
0.9511023622047244
0
LINE
8
BLACK
6
CONTINUOUS
10
1.9369291338582677
20
0.9511023622047244
11
1.9369291338582677
21
1.0111023622047244
0
LINE
8
BLACK
6
CONTINUOUS
10
1.9369291338582677
20
1.0111023622047244
11
1.9969291338582678
21
1.0111023622047244
0
LINE
8
BLACK
6
CONTINUOUS
10
1.9969291338582678
20
1.0111023622047244
11
1.9969291338582678
21
0.9511023622047244
0
LINE
8
BLACK
6
CONTINUOUS
10
2.0969291338582678
20
0.9511023622047244
11
2.0369291338582678
21
0.9511023622047244
0
LINE
8
BLACK
6
CONTINUOUS
10
2.0369291338582678
20
0.9511023622047244
11
2.0369291338582678
21
1.0111023622047244
0
LINE
8
BLACK
6
CONTINUOUS
10
2.0369291338582678
20
1.0111023622047244
11
2.0969291338582678
21
1.0111023622047244
0
LINE
8
BLACK
6
CONTINUOUS
10
2.0969291338582678
20
1.0111023622047244
11
2.0969291338582678
21
0.9511023622047244
0
LINE
8
BLACK
6
CONTINUOUS
10
0.3646456692913386
20
1.0495275590551181
11
0.3046456692913386
21
1.0495275590551181
0
LINE
8
BLACK
6
CONTINUOUS
10
0.3046456692913386
20
1.0495275590551181
11
0.3046456692913386
21
1.1095275590551181
0
LINE
8
BLACK
6
CONTINUOUS
10
0.3046456692913386
20
1.1095275590551181
11
0.3646456692913386
21
1.1095275590551181
0
LINE
8
BLACK
6
CONTINUOUS
10
0.3646456692913386
20
1.1095275590551181
11
0.3646456692913386
21
1.0495275590551181
0
LINE
8
BLACK
6
CONTINUOUS
10
0.4646456692913385
20
1.0495275590551181
11
0.4046456692913385
21
1.0495275590551181
0
LINE
8
BLACK
6
CONTINUOUS
10
0.4046456692913385
20
1.0495275590551181
11
0.4046456692913385
21
1.1095275590551181
0
LINE
8
BLACK
6
CONTINUOUS
10
0.4046456692913385
20
1.1095275590551181
11
0.4646456692913385
21
1.1095275590551181
0
LINE
8
BLACK
6
CONTINUOUS
10
0.4646456692913385
20
1.1095275590551181
11
0.4646456692913385
21
1.0495275590551181
0
LINE
8
BLACK
6
CONTINUOUS
10
1.9969291338582678
20
1.0511023622047244
11
1.9369291338582677
21
1.0511023622047244
0
LINE
8
BLACK
6
CONTINUOUS
10
1.9369291338582677
20
1.0511023622047244
11
1.9369291338582677
21
1.1111023622047245
0
LINE
8
BLACK
6
CONTINUOUS
10
1.9369291338582677
20
1.1111023622047245
11
1.9969291338582678
21
1.1111023622047245
0
LINE
8
BLACK
6
CONTINUOUS
10
1.9969291338582678
20
1.1111023622047245
11
1.9969291338582678
21
1.0511023622047244
0
LINE
8
BLACK
6
CONTINUOUS
10
2.0969291338582678
20
1.0511023622047244
11
2.0369291338582678
21
1.0511023622047244
0
LINE
8
BLACK
6
CONTINUOUS
10
2.0369291338582678
20
1.0511023622047244
11
2.0369291338582678
21
1.1111023622047245
0
LINE
8
BLACK
6
CONTINUOUS
10
2.0369291338582678
20
1.1111023622047245
11
2.0969291338582678
21
1.1111023622047245
0
LINE
8
BLACK
6
CONTINUOUS
10
2.0969291338582678
20
1.1111023622047245
11
2.0969291338582678
21
1.0511023622047244
0
LINE
8
BLACK
6
CONTINUOUS
10
0.3646456692913386
20
1.1495275590551182
11
0.3046456692913386
21
1.1495275590551182
0
LINE
8
BLACK
6
CONTINUOUS
10
0.3046456692913386
20
1.1495275590551182
11
0.3046456692913386
21
1.209527559055118
0
LINE
8
BLACK
6
CONTINUOUS
10
0.3046456692913386
20
1.209527559055118
11
0.3646456692913386
21
1.209527559055118
0
LINE
8
BLACK
6
CONTINUOUS
10
0.3646456692913386
20
1.209527559055118
11
0.3646456692913386
21
1.1495275590551182
0
LINE
8
BLACK
6
CONTINUOUS
10
0.4646456692913385
20
1.1495275590551182
11
0.4046456692913385
21
1.1495275590551182
0
LINE
8
BLACK
6
CONTINUOUS
10
0.4046456692913385
20
1.1495275590551182
11
0.4046456692913385
21
1.209527559055118
0
LINE
8
BLACK
6
CONTINUOUS
10
0.4046456692913385
20
1.209527559055118
11
0.4646456692913385
21
1.209527559055118
0
LINE
8
BLACK
6
CONTINUOUS
10
0.4646456692913385
20
1.209527559055118
11
0.4646456692913385
21
1.1495275590551182
0
LINE
8
BLACK
6
CONTINUOUS
10
1.9969291338582678
20
1.1511023622047243
11
1.9369291338582677
21
1.1511023622047243
0
LINE
8
BLACK
6
CONTINUOUS
10
1.9369291338582677
20
1.1511023622047243
11
1.9369291338582677
21
1.2111023622047243
0
LINE
8
BLACK
6
CONTINUOUS
10
1.9369291338582677
20
1.2111023622047243
11
1.9969291338582678
21
1.2111023622047243
0
LINE
8
BLACK
6
CONTINUOUS
10
1.9969291338582678
20
1.2111023622047243
11
1.9969291338582678
21
1.1511023622047243
0
LINE
8
BLACK
6
CONTINUOUS
10
2.0969291338582678
20
1.1511023622047243
11
2.0369291338582678
21
1.1511023622047243
0
LINE
8
BLACK
6
CONTINUOUS
10
2.0369291338582678
20
1.1511023622047243
11
2.0369291338582678
21
1.2111023622047243
0
LINE
8
BLACK
6
CONTINUOUS
10
2.0369291338582678
20
1.2111023622047243
11
2.0969291338582678
21
1.2111023622047243
0
LINE
8
BLACK
6
CONTINUOUS
10
2.0969291338582678
20
1.2111023622047243
11
2.0969291338582678
21
1.1511023622047243
0
LINE
8
BLACK
6
CONTINUOUS
10
1.059724409448819
20
2.068031496062992
11
1.0356299212598425
21
2.068031496062992
0
LINE
8
BLACK
6
CONTINUOUS
10
1.0356299212598425
20
2.068031496062992
11
1.0356299212598425
21
2.0280314960629919
0
LINE
8
BLACK
6
CONTINUOUS
10
1.0356299212598425
20
2.0280314960629919
11
1.059724409448819
21
2.0280314960629919
0
LINE
8
BLACK
6
CONTINUOUS
10
1.059724409448819
20
2.0280314960629919
11
1.059724409448819
21
1.9680314960629921
0
LINE
8
BLACK
6
CONTINUOUS
10
1.059724409448819
20
1.9680314960629921
11
1.0356299212598425
21
1.9680314960629921
0
LINE
8
BLACK
6
CONTINUOUS
10
1.0356299212598425
20
1.9680314960629921
11
1.0356299212598425
21
1.5077350787401576
0
LINE
8
BLACK
6
CONTINUOUS
10
1.0356299212598425
20
1.5077350787401576
11
1.0355164566929134
21
1.5065829921259841
0
LINE
8
BLACK
6
CONTINUOUS
10
1.0355164566929134
20
1.5065829921259841
11
1.0354330708661417
21
1.5063816929133858
0
LINE
8
BLACK
6
CONTINUOUS
10
1.0354330708661417
20
1.5063816929133858
11
1.0354330708661417
21
1.3390603149606299
0
LINE
8
BLACK
6
CONTINUOUS
10
1.0354330708661417
20
1.3390603149606299
11
1.1680012598425196
21
1.206492125984252
0
LINE
8
BLACK
6
CONTINUOUS
10
1.1680012598425196
20
1.206492125984252
11
1.17021031496063
21
1.2070839763779528
0
LINE
8
BLACK
6
CONTINUOUS
10
1.17021031496063
20
1.2070839763779528
11
1.1732936220472441
21
1.2070839763779528
0
LINE
8
BLACK
6
CONTINUOUS
10
1.1732936220472441
20
1.2070839763779528
11
1.1762718503937009
21
1.2062859842519684
0
LINE
8
BLACK
6
CONTINUOUS
10
1.1762718503937009
20
1.2062859842519684
11
1.1789420472440946
21
1.2047443307086614
0
LINE
8
BLACK
6
CONTINUOUS
10
1.1789420472440946
20
1.2047443307086614
11
1.1811222834645669
21
1.202564094488189
0
LINE
8
BLACK
6
CONTINUOUS
10
1.1811222834645669
20
1.202564094488189
11
1.182663937007874
21
1.1998938976377953
0
LINE
8
BLACK
6
CONTINUOUS
10
1.182663937007874
20
1.1998938976377953
11
1.1834619291338582
21
1.1969156692913385
0
LINE
8
BLACK
6
CONTINUOUS
10
1.1834619291338582
20
1.1969156692913385
11
1.1834619291338582
21
1.1938323622047244
0
LINE
8
BLACK
6
CONTINUOUS
10
1.1834619291338582
20
1.1938323622047244
11
1.182663937007874
21
1.1908541338582677
0
LINE
8
BLACK
6
CONTINUOUS
10
1.182663937007874
20
1.1908541338582677
11
1.1811222834645669
21
1.1881839370078739
0
LINE
8
BLACK
6
CONTINUOUS
10
1.1811222834645669
20
1.1881839370078739
11
1.1789420472440946
21
1.1860037007874016
0
LINE
8
BLACK
6
CONTINUOUS
10
1.1789420472440946
20
1.1860037007874016
11
1.1762718503937009
21
1.1844620472440945
0
LINE
8
BLACK
6
CONTINUOUS
10
1.1762718503937009
20
1.1844620472440945
11
1.1732936220472441
21
1.1836640551181101
0
LINE
8
BLACK
6
CONTINUOUS
10
1.1732936220472441
20
1.1836640551181101
11
1.17021031496063
21
1.1836640551181101
0
LINE
8
BLACK
6
CONTINUOUS
10
1.17021031496063
20
1.1836640551181101
11
1.1672320866141732
21
1.1844620472440945
0
LINE
8
BLACK
6
CONTINUOUS
10
1.1672320866141732
20
1.1844620472440945
11
1.1645618897637795
21
1.1860037007874016
0
LINE
8
BLACK
6
CONTINUOUS
10
1.1645618897637795
20
1.1860037007874016
11
1.1623816535433071
21
1.1881839370078739
0
LINE
8
BLACK
6
CONTINUOUS
10
1.1623816535433071
20
1.1881839370078739
11
1.1608399999999999
21
1.1908541338582677
0
LINE
8
BLACK
6
CONTINUOUS
10
1.1608399999999999
20
1.1908541338582677
11
1.1600420078740157
21
1.1938323622047244
0
LINE
8
BLACK
6
CONTINUOUS
10
1.1600420078740157
20
1.1938323622047244
11
1.1600420078740157
21
1.1969156692913385
0
LINE
8
BLACK
6
CONTINUOUS
10
1.1600420078740157
20
1.1969156692913385
11
1.1602178740157481
21
1.1975722047244095
0
LINE
8
BLACK
6
CONTINUOUS
10
1.1602178740157481
20
1.1975722047244095
11
1.0253517322834644
21
1.3324383464566929
0
LINE
8
BLACK
6
CONTINUOUS
10
1.0253517322834644
20
1.3324383464566929
11
1.0246172834645668
21
1.3333332677165355
0
LINE
8
BLACK
6
CONTINUOUS
10
1.0246172834645668
20
1.3333332677165355
11
1.0237355118110236
21
1.3354620866141731
0
LINE
8
BLACK
6
CONTINUOUS
10
1.0237355118110236
20
1.3354620866141731
11
1.0236220472440944
21
1.3366141732283465
0
LINE
8
BLACK
6
CONTINUOUS
10
1.0236220472440944
20
1.3366141732283465
11
1.0236220472440944
21
1.5075382283464567
0
LINE
8
BLACK
6
CONTINUOUS
10
1.0236220472440944
20
1.5075382283464567
11
1.0237355118110236
21
1.5086903543307086
0
LINE
8
BLACK
6
CONTINUOUS
10
1.0237355118110236
20
1.5086903543307086
11
1.0238188976377953
21
1.5088916929133858
0
LINE
8
BLACK
6
CONTINUOUS
10
1.0238188976377953
20
1.5088916929133858
11
1.0238188976377953
21
1.9680314960629921
0
LINE
8
BLACK
6
CONTINUOUS
10
1.0238188976377953
20
1.9680314960629921
11
0.9997244094488189
21
1.9680314960629921
0
LINE
8
BLACK
6
CONTINUOUS
10
0.9997244094488189
20
1.9680314960629921
11
0.9997244094488189
21
2.0280314960629919
0
LINE
8
BLACK
6
CONTINUOUS
10
0.9997244094488189
20
2.0280314960629919
11
1.0238188976377953
21
2.0280314960629919
0
LINE
8
BLACK
6
CONTINUOUS
10
1.0238188976377953
20
2.0280314960629919
11
1.0238188976377953
21
2.068031496062992
0
LINE
8
BLACK
6
CONTINUOUS
10
1.0238188976377953
20
2.068031496062992
11
0.9997244094488189
21
2.068031496062992
0
LINE
8
BLACK
6
CONTINUOUS
10
0.9997244094488189
20
2.068031496062992
11
0.9997244094488189
21
2.128031496062992
0
LINE
8
BLACK
6
CONTINUOUS
10
0.9997244094488189
20
2.128031496062992
11
1.059724409448819
21
2.128031496062992
0
LINE
8
BLACK
6
CONTINUOUS
10
1.059724409448819
20
2.128031496062992
11
1.059724409448819
21
2.068031496062992
0
LINE
8
BLACK
6
CONTINUOUS
10
1.0065748031496062
20
1.7538582677165353
11
0.9465748031496063
21
1.7538582677165353
0
LINE
8
BLACK
6
CONTINUOUS
10
0.9465748031496063
20
1.7538582677165353
11
0.9465748031496063
21
1.8138582677165354
0
LINE
8
BLACK
6
CONTINUOUS
10
0.9465748031496063
20
1.8138582677165354
11
1.0065748031496062
21
1.8138582677165354
0
LINE
8
BLACK
6
CONTINUOUS
10
1.0065748031496062
20
1.8138582677165354
11
1.0065748031496062
21
1.7538582677165353
0
LINE
8
BLACK
6
CONTINUOUS
10
1.1065748031496063
20
1.7538582677165353
11
1.0465748031496063
21
1.7538582677165353
0
LINE
8
BLACK
6
CONTINUOUS
10
1.0465748031496063
20
1.7538582677165353
11
1.0465748031496063
21
1.8138582677165354
0
LINE
8
BLACK
6
CONTINUOUS
10
1.0465748031496063
20
1.8138582677165354
11
1.1065748031496063
21
1.8138582677165354
0
LINE
8
BLACK
6
CONTINUOUS
10
1.1065748031496063
20
1.8138582677165354
11
1.1065748031496063
21
1.7538582677165353
0
LINE
8
BLACK
6
CONTINUOUS
10
1.0065748031496062
20
1.8538582677165354
11
0.9465748031496063
21
1.8538582677165354
0
LINE
8
BLACK
6
CONTINUOUS
10
0.9465748031496063
20
1.8538582677165354
11
0.9465748031496063
21
1.9138582677165354
0
LINE
8
BLACK
6
CONTINUOUS
10
0.9465748031496063
20
1.9138582677165354
11
1.0065748031496062
21
1.9138582677165354
0
LINE
8
BLACK
6
CONTINUOUS
10
1.0065748031496062
20
1.9138582677165354
11
1.0065748031496062
21
1.8538582677165354
0
LINE
8
BLACK
6
CONTINUOUS
10
1.1065748031496063
20
1.8538582677165354
11
1.0465748031496063
21
1.8538582677165354
0
LINE
8
BLACK
6
CONTINUOUS
10
1.0465748031496063
20
1.8538582677165354
11
1.0465748031496063
21
1.9138582677165354
0
LINE
8
BLACK
6
CONTINUOUS
10
1.0465748031496063
20
1.9138582677165354
11
1.1065748031496063
21
1.9138582677165354
0
LINE
8
BLACK
6
CONTINUOUS
10
1.1065748031496063
20
1.9138582677165354
11
1.1065748031496063
21
1.8538582677165354
0
LINE
8
BLACK
6
CONTINUOUS
10
0.3646456692913386
20
1.249527559055118
11
0.3046456692913386
21
1.249527559055118
0
LINE
8
BLACK
6
CONTINUOUS
10
0.3046456692913386
20
1.249527559055118
11
0.3046456692913386
21
1.3095275590551181
0
LINE
8
BLACK
6
CONTINUOUS
10
0.3046456692913386
20
1.3095275590551181
11
0.3646456692913386
21
1.3095275590551181
0
LINE
8
BLACK
6
CONTINUOUS
10
0.3646456692913386
20
1.3095275590551181
11
0.3646456692913386
21
1.249527559055118
0
LINE
8
BLACK
6
CONTINUOUS
10
0.4646456692913385
20
1.249527559055118
11
0.4046456692913385
21
1.249527559055118
0
LINE
8
BLACK
6
CONTINUOUS
10
0.4046456692913385
20
1.249527559055118
11
0.4046456692913385
21
1.3095275590551181
0
LINE
8
BLACK
6
CONTINUOUS
10
0.4046456692913385
20
1.3095275590551181
11
0.4646456692913385
21
1.3095275590551181
0
LINE
8
BLACK
6
CONTINUOUS
10
0.4646456692913385
20
1.3095275590551181
11
0.4646456692913385
21
1.249527559055118
0
LINE
8
BLACK
6
CONTINUOUS
10
1.9969291338582678
20
1.2511023622047244
11
1.9369291338582677
21
1.2511023622047244
0
LINE
8
BLACK
6
CONTINUOUS
10
1.9369291338582677
20
1.2511023622047244
11
1.9369291338582677
21
1.3111023622047244
0
LINE
8
BLACK
6
CONTINUOUS
10
1.9369291338582677
20
1.3111023622047244
11
1.9969291338582678
21
1.3111023622047244
0
LINE
8
BLACK
6
CONTINUOUS
10
1.9969291338582678
20
1.3111023622047244
11
1.9969291338582678
21
1.2511023622047244
0
LINE
8
BLACK
6
CONTINUOUS
10
2.0969291338582678
20
1.2511023622047244
11
2.0369291338582678
21
1.2511023622047244
0
LINE
8
BLACK
6
CONTINUOUS
10
2.0369291338582678
20
1.2511023622047244
11
2.0369291338582678
21
1.3111023622047244
0
LINE
8
BLACK
6
CONTINUOUS
10
2.0369291338582678
20
1.3111023622047244
11
2.0969291338582678
21
1.3111023622047244
0
LINE
8
BLACK
6
CONTINUOUS
10
2.0969291338582678
20
1.3111023622047244
11
2.0969291338582678
21
1.2511023622047244
0
LINE
8
BLACK
6
CONTINUOUS
10
1.6116929133858267
20
1.5083858267716534
11
1.5950787401574802
21
1.5083858267716534
0
LINE
8
BLACK
6
CONTINUOUS
10
1.5950787401574802
20
1.5083858267716534
11
1.5950787401574802
21
1.4799212598425195
0
LINE
8
BLACK
6
CONTINUOUS
10
1.5950787401574802
20
1.4799212598425195
11
1.5949652755905512
21
1.4787691732283463
0
LINE
8
BLACK
6
CONTINUOUS
10
1.5949652755905512
20
1.4787691732283463
11
1.5940835039370078
21
1.4766403543307087
0
LINE
8
BLACK
6
CONTINUOUS
10
1.5940835039370078
20
1.4766403543307087
11
1.5933490551181102
21
1.4757454330708661
0
LINE
8
BLACK
6
CONTINUOUS
10
1.5933490551181102
20
1.4757454330708661
11
1.4219907874015747
21
1.3043871653543306
0
LINE
8
BLACK
6
CONTINUOUS
10
1.4219907874015747
20
1.3043871653543306
11
1.4210958661417323
21
1.303652716535433
0
LINE
8
BLACK
6
CONTINUOUS
10
1.4210958661417323
20
1.303652716535433
11
1.4198488582677165
21
1.3031362204724408
0
LINE
8
BLACK
6
CONTINUOUS
10
1.4198488582677165
20
1.3031362204724408
11
1.4189670866141733
21
1.3027709448818898
0
LINE
8
BLACK
6
CONTINUOUS
10
1.4189670866141733
20
1.3027709448818898
11
1.4178149606299213
21
1.3026574803149606
0
LINE
8
BLACK
6
CONTINUOUS
10
1.4178149606299213
20
1.3026574803149606
11
1.3930993700787402
21
1.3026574803149606
0
LINE
8
BLACK
6
CONTINUOUS
10
1.3930993700787402
20
1.3026574803149606
11
1.3923577165354331
21
1.3013729133858267
0
LINE
8
BLACK
6
CONTINUOUS
10
1.3923577165354331
20
1.3013729133858267
11
1.3901774803149607
21
1.2991926771653544
0
LINE
8
BLACK
6
CONTINUOUS
10
1.3901774803149607
20
1.2991926771653544
11
1.387507283464567
21
1.2976510236220473
0
LINE
8
BLACK
6
CONTINUOUS
10
1.387507283464567
20
1.2976510236220473
11
1.3845290551181102
21
1.2968530314960629
0
LINE
8
BLACK
6
CONTINUOUS
10
1.3845290551181102
20
1.2968530314960629
11
1.3814457480314961
21
1.2968530314960629
0
LINE
8
BLACK
6
CONTINUOUS
10
1.3814457480314961
20
1.2968530314960629
11
1.3784675196850393
21
1.2976510236220473
0
LINE
8
BLACK
6
CONTINUOUS
10
1.3784675196850393
20
1.2976510236220473
11
1.3757973228346456
21
1.2991926771653544
0
LINE
8
BLACK
6
CONTINUOUS
10
1.3757973228346456
20
1.2991926771653544
11
1.3736170866141733
21
1.3013729133858267
0
LINE
8
BLACK
6
CONTINUOUS
10
1.3736170866141733
20
1.3013729133858267
11
1.3720754330708662
21
1.3040431102362204
0
LINE
8
BLACK
6
CONTINUOUS
10
1.3720754330708662
20
1.3040431102362204
11
1.3712774409448818
21
1.3070213385826772
0
LINE
8
BLACK
6
CONTINUOUS
10
1.3712774409448818
20
1.3070213385826772
11
1.3712774409448818
21
1.3101046456692913
0
LINE
8
BLACK
6
CONTINUOUS
10
1.3712774409448818
20
1.3101046456692913
11
1.3720754330708662
21
1.3130828740157481
0
LINE
8
BLACK
6
CONTINUOUS
10
1.3720754330708662
20
1.3130828740157481
11
1.3736170866141733
21
1.3157530708661418
0
LINE
8
BLACK
6
CONTINUOUS
10
1.3736170866141733
20
1.3157530708661418
11
1.3757973228346456
21
1.3179333070866142
0
LINE
8
BLACK
6
CONTINUOUS
10
1.3757973228346456
20
1.3179333070866142
11
1.3784675196850393
21
1.3194749606299212
0
LINE
8
BLACK
6
CONTINUOUS
10
1.3784675196850393
20
1.3194749606299212
11
1.3814457480314961
21
1.3202729527559054
0
LINE
8
BLACK
6
CONTINUOUS
10
1.3814457480314961
20
1.3202729527559054
11
1.3845290551181102
21
1.3202729527559054
0
LINE
8
BLACK
6
CONTINUOUS
10
1.3845290551181102
20
1.3202729527559054
11
1.387507283464567
21
1.3194749606299212
0
LINE
8
BLACK
6
CONTINUOUS
10
1.387507283464567
20
1.3194749606299212
11
1.3901774803149607
21
1.3179333070866142
0
LINE
8
BLACK
6
CONTINUOUS
10
1.3901774803149607
20
1.3179333070866142
11
1.3923577165354331
21
1.3157530708661418
0
LINE
8
BLACK
6
CONTINUOUS
10
1.3923577165354331
20
1.3157530708661418
11
1.3930993700787402
21
1.3144685039370079
0
LINE
8
BLACK
6
CONTINUOUS
10
1.3930993700787402
20
1.3144685039370079
11
1.4153688188976377
21
1.3144685039370079
0
LINE
8
BLACK
6
CONTINUOUS
10
1.4153688188976377
20
1.3144685039370079
11
1.583267716535433
21
1.4823674015748032
0
LINE
8
BLACK
6
CONTINUOUS
10
1.583267716535433
20
1.4823674015748032
11
1.583267716535433
21
1.5083858267716534
0
LINE
8
BLACK
6
CONTINUOUS
10
1.583267716535433
20
1.5083858267716534
11
1.5516929133858268
21
1.5083858267716534
0
LINE
8
BLACK
6
CONTINUOUS
10
1.5516929133858268
20
1.5083858267716534
11
1.5516929133858268
21
1.5683858267716535
0
LINE
8
BLACK
6
CONTINUOUS
10
1.5516929133858268
20
1.5683858267716535
11
1.6116929133858267
21
1.5683858267716535
0
LINE
8
BLACK
6
CONTINUOUS
10
1.6116929133858267
20
1.5683858267716535
11
1.6116929133858267
21
1.5083858267716534
0
LINE
8
BLACK
6
CONTINUOUS
10
1.5116929133858268
20
1.5083858267716534
11
1.4950787401574803
21
1.5083858267716534
0
LINE
8
BLACK
6
CONTINUOUS
10
1.4950787401574803
20
1.5083858267716534
11
1.4950787401574803
21
1.4862204724409449
0
LINE
8
BLACK
6
CONTINUOUS
10
1.4950787401574803
20
1.4862204724409449
11
1.4949652755905511
21
1.4850683858267717
0
LINE
8
BLACK
6
CONTINUOUS
10
1.4949652755905511
20
1.4850683858267717
11
1.494083503937008
21
1.4829395275590551
0
LINE
8
BLACK
6
CONTINUOUS
10
1.494083503937008
20
1.4829395275590551
11
1.4933490551181101
21
1.4820446456692913
0
LINE
8
BLACK
6
CONTINUOUS
10
1.4933490551181101
20
1.4820446456692913
11
1.3693920866141731
21
1.358087716535433
0
LINE
8
BLACK
6
CONTINUOUS
10
1.3693920866141731
20
1.358087716535433
11
1.3686381102362204
21
1.3552736220472441
0
LINE
8
BLACK
6
CONTINUOUS
10
1.3686381102362204
20
1.3552736220472441
11
1.3670964566929134
21
1.3526034251968504
0
LINE
8
BLACK
6
CONTINUOUS
10
1.3670964566929134
20
1.3526034251968504
11
1.364916220472441
21
1.350423188976378
0
LINE
8
BLACK
6
CONTINUOUS
10
1.364916220472441
20
1.350423188976378
11
1.3622460236220473
21
1.3488815354330708
0
LINE
8
BLACK
6
CONTINUOUS
10
1.3622460236220473
20
1.3488815354330708
11
1.3592677952755905
21
1.3480835433070866
0
LINE
8
BLACK
6
CONTINUOUS
10
1.3592677952755905
20
1.3480835433070866
11
1.3561844881889764
21
1.3480835433070866
0
LINE
8
BLACK
6
CONTINUOUS
10
1.3561844881889764
20
1.3480835433070866
11
1.3532062598425196
21
1.3488815354330708
0
LINE
8
BLACK
6
CONTINUOUS
10
1.3532062598425196
20
1.3488815354330708
11
1.3505360629921259
21
1.350423188976378
0
LINE
8
BLACK
6
CONTINUOUS
10
1.3505360629921259
20
1.350423188976378
11
1.3483558267716536
21
1.3526034251968504
0
LINE
8
BLACK
6
CONTINUOUS
10
1.3483558267716536
20
1.3526034251968504
11
1.3468141732283465
21
1.3552736220472441
0
LINE
8
BLACK
6
CONTINUOUS
10
1.3468141732283465
20
1.3552736220472441
11
1.3460161811023621
21
1.3582518503937007
0
LINE
8
BLACK
6
CONTINUOUS
10
1.3460161811023621
20
1.3582518503937007
11
1.3460161811023621
21
1.361335157480315
0
LINE
8
BLACK
6
CONTINUOUS
10
1.3460161811023621
20
1.361335157480315
11
1.3468141732283465
21
1.3643133858267715
0
LINE
8
BLACK
6
CONTINUOUS
10
1.3468141732283465
20
1.3643133858267715
11
1.3483558267716536
21
1.3669835826771652
0
LINE
8
BLACK
6
CONTINUOUS
10
1.3483558267716536
20
1.3669835826771652
11
1.3505360629921259
21
1.3691638188976378
0
LINE
8
BLACK
6
CONTINUOUS
10
1.3505360629921259
20
1.3691638188976378
11
1.3532062598425196
21
1.3707054724409449
0
LINE
8
BLACK
6
CONTINUOUS
10
1.3532062598425196
20
1.3707054724409449
11
1.3561844881889764
21
1.3715034645669291
0
LINE
8
BLACK
6
CONTINUOUS
10
1.3561844881889764
20
1.3715034645669291
11
1.3592677952755905
21
1.3715034645669291
0
LINE
8
BLACK
6
CONTINUOUS
10
1.3592677952755905
20
1.3715034645669291
11
1.3622460236220473
21
1.3707054724409449
0
LINE
8
BLACK
6
CONTINUOUS
10
1.3622460236220473
20
1.3707054724409449
11
1.3641862992125984
21
1.3695852362204723
0
LINE
8
BLACK
6
CONTINUOUS
10
1.3641862992125984
20
1.3695852362204723
11
1.4832677165354331
21
1.4886666141732283
0
LINE
8
BLACK
6
CONTINUOUS
10
1.4832677165354331
20
1.4886666141732283
11
1.4832677165354331
21
1.5083858267716534
0
LINE
8
BLACK
6
CONTINUOUS
10
1.4832677165354331
20
1.5083858267716534
11
1.4516929133858267
21
1.5083858267716534
0
LINE
8
BLACK
6
CONTINUOUS
10
1.4516929133858267
20
1.5083858267716534
11
1.4516929133858267
21
1.5683858267716535
0
LINE
8
BLACK
6
CONTINUOUS
10
1.4516929133858267
20
1.5683858267716535
11
1.5116929133858268
21
1.5683858267716535
0
LINE
8
BLACK
6
CONTINUOUS
10
1.5116929133858268
20
1.5683858267716535
11
1.5116929133858268
21
1.5083858267716534
0
LINE
8
BLACK
6
CONTINUOUS
10
0.3646456692913386
20
1.3495275590551181
11
0.3046456692913386
21
1.3495275590551181
0
LINE
8
BLACK
6
CONTINUOUS
10
0.3046456692913386
20
1.3495275590551181
11
0.3046456692913386
21
1.4095275590551182
0
LINE
8
BLACK
6
CONTINUOUS
10
0.3046456692913386
20
1.4095275590551182
11
0.3646456692913386
21
1.4095275590551182
0
LINE
8
BLACK
6
CONTINUOUS
10
0.3646456692913386
20
1.4095275590551182
11
0.3646456692913386
21
1.3495275590551181
0
LINE
8
BLACK
6
CONTINUOUS
10
0.4646456692913385
20
1.3495275590551181
11
0.4046456692913385
21
1.3495275590551181
0
LINE
8
BLACK
6
CONTINUOUS
10
0.4046456692913385
20
1.3495275590551181
11
0.4046456692913385
21
1.4095275590551182
0
LINE
8
BLACK
6
CONTINUOUS
10
0.4046456692913385
20
1.4095275590551182
11
0.4646456692913385
21
1.4095275590551182
0
LINE
8
BLACK
6
CONTINUOUS
10
0.4646456692913385
20
1.4095275590551182
11
0.4646456692913385
21
1.3495275590551181
0
LINE
8
BLACK
6
CONTINUOUS
10
1.9969291338582678
20
1.3511023622047245
11
1.9369291338582677
21
1.3511023622047245
0
LINE
8
BLACK
6
CONTINUOUS
10
1.9369291338582677
20
1.3511023622047245
11
1.9369291338582677
21
1.4111023622047243
0
LINE
8
BLACK
6
CONTINUOUS
10
1.9369291338582677
20
1.4111023622047243
11
1.9969291338582678
21
1.4111023622047243
0
LINE
8
BLACK
6
CONTINUOUS
10
1.9969291338582678
20
1.4111023622047243
11
1.9969291338582678
21
1.3511023622047245
0
LINE
8
BLACK
6
CONTINUOUS
10
2.0969291338582678
20
1.3511023622047245
11
2.0369291338582678
21
1.3511023622047245
0
LINE
8
BLACK
6
CONTINUOUS
10
2.0369291338582678
20
1.3511023622047245
11
2.0369291338582678
21
1.4111023622047243
0
LINE
8
BLACK
6
CONTINUOUS
10
2.0369291338582678
20
1.4111023622047243
11
2.0969291338582678
21
1.4111023622047243
0
LINE
8
BLACK
6
CONTINUOUS
10
2.0969291338582678
20
1.4111023622047243
11
2.0969291338582678
21
1.3511023622047245
0
LINE
8
BLACK
6
CONTINUOUS
10
0.3646456692913386
20
1.449527559055118
11
0.3046456692913386
21
1.449527559055118
0
LINE
8
BLACK
6
CONTINUOUS
10
0.3046456692913386
20
1.449527559055118
11
0.3046456692913386
21
1.509527559055118
0
LINE
8
BLACK
6
CONTINUOUS
10
0.3046456692913386
20
1.509527559055118
11
0.3646456692913386
21
1.509527559055118
0
LINE
8
BLACK
6
CONTINUOUS
10
0.3646456692913386
20
1.509527559055118
11
0.3646456692913386
21
1.449527559055118
0
LINE
8
BLACK
6
CONTINUOUS
10
0.4646456692913385
20
1.449527559055118
11
0.4046456692913385
21
1.449527559055118
0
LINE
8
BLACK
6
CONTINUOUS
10
0.4046456692913385
20
1.449527559055118
11
0.4046456692913385
21
1.509527559055118
0
LINE
8
BLACK
6
CONTINUOUS
10
0.4046456692913385
20
1.509527559055118
11
0.4646456692913385
21
1.509527559055118
0
LINE
8
BLACK
6
CONTINUOUS
10
0.4646456692913385
20
1.509527559055118
11
0.4646456692913385
21
1.449527559055118
0
LINE
8
BLACK
6
CONTINUOUS
10
1.9969291338582678
20
1.4511023622047243
11
1.9369291338582677
21
1.4511023622047243
0
LINE
8
BLACK
6
CONTINUOUS
10
1.9369291338582677
20
1.4511023622047243
11
1.9369291338582677
21
1.5111023622047244
0
LINE
8
BLACK
6
CONTINUOUS
10
1.9369291338582677
20
1.5111023622047244
11
1.9969291338582678
21
1.5111023622047244
0
LINE
8
BLACK
6
CONTINUOUS
10
1.9969291338582678
20
1.5111023622047244
11
1.9969291338582678
21
1.4511023622047243
0
LINE
8
BLACK
6
CONTINUOUS
10
2.0969291338582678
20
1.4511023622047243
11
2.0369291338582678
21
1.4511023622047243
0
LINE
8
BLACK
6
CONTINUOUS
10
2.0369291338582678
20
1.4511023622047243
11
2.0369291338582678
21
1.5111023622047244
0
LINE
8
BLACK
6
CONTINUOUS
10
2.0369291338582678
20
1.5111023622047244
11
2.0969291338582678
21
1.5111023622047244
0
LINE
8
BLACK
6
CONTINUOUS
10
2.0969291338582678
20
1.5111023622047244
11
2.0969291338582678
21
1.4511023622047243
0
LINE
8
BLACK
6
CONTINUOUS
10
0.3646456692913386
20
1.5495275590551181
11
0.3046456692913386
21
1.5495275590551181
0
LINE
8
BLACK
6
CONTINUOUS
10
0.3046456692913386
20
1.5495275590551181
11
0.3046456692913386
21
1.6095275590551181
0
LINE
8
BLACK
6
CONTINUOUS
10
0.3046456692913386
20
1.6095275590551181
11
0.3646456692913386
21
1.6095275590551181
0
LINE
8
BLACK
6
CONTINUOUS
10
0.3646456692913386
20
1.6095275590551181
11
0.3646456692913386
21
1.5495275590551181
0
LINE
8
BLACK
6
CONTINUOUS
10
0.4646456692913385
20
1.5495275590551181
11
0.4046456692913385
21
1.5495275590551181
0
LINE
8
BLACK
6
CONTINUOUS
10
0.4046456692913385
20
1.5495275590551181
11
0.4046456692913385
21
1.6095275590551181
0
LINE
8
BLACK
6
CONTINUOUS
10
0.4046456692913385
20
1.6095275590551181
11
0.4646456692913385
21
1.6095275590551181
0
LINE
8
BLACK
6
CONTINUOUS
10
0.4646456692913385
20
1.6095275590551181
11
0.4646456692913385
21
1.5495275590551181
0
LINE
8
BLACK
6
CONTINUOUS
10
1.9969291338582678
20
1.5511023622047244
11
1.9369291338582677
21
1.5511023622047244
0
LINE
8
BLACK
6
CONTINUOUS
10
1.9369291338582677
20
1.5511023622047244
11
1.9369291338582677
21
1.6111023622047245
0
LINE
8
BLACK
6
CONTINUOUS
10
1.9369291338582677
20
1.6111023622047245
11
1.9969291338582678
21
1.6111023622047245
0
LINE
8
BLACK
6
CONTINUOUS
10
1.9969291338582678
20
1.6111023622047245
11
1.9969291338582678
21
1.5511023622047244
0
LINE
8
BLACK
6
CONTINUOUS
10
2.0969291338582678
20
1.5511023622047244
11
2.0369291338582678
21
1.5511023622047244
0
LINE
8
BLACK
6
CONTINUOUS
10
2.0369291338582678
20
1.5511023622047244
11
2.0369291338582678
21
1.6111023622047245
0
LINE
8
BLACK
6
CONTINUOUS
10
2.0369291338582678
20
1.6111023622047245
11
2.0969291338582678
21
1.6111023622047245
0
LINE
8
BLACK
6
CONTINUOUS
10
2.0969291338582678
20
1.6111023622047245
11
2.0969291338582678
21
1.5511023622047244
0
LINE
8
BLACK
6
CONTINUOUS
10
0.3646456692913386
20
1.6495275590551182
11
0.3046456692913386
21
1.6495275590551182
0
LINE
8
BLACK
6
CONTINUOUS
10
0.3046456692913386
20
1.6495275590551182
11
0.3046456692913386
21
1.709527559055118
0
LINE
8
BLACK
6
CONTINUOUS
10
0.3046456692913386
20
1.709527559055118
11
0.3646456692913386
21
1.709527559055118
0
LINE
8
BLACK
6
CONTINUOUS
10
0.3646456692913386
20
1.709527559055118
11
0.3646456692913386
21
1.6495275590551182
0
LINE
8
BLACK
6
CONTINUOUS
10
0.4646456692913385
20
1.6495275590551182
11
0.4046456692913385
21
1.6495275590551182
0
LINE
8
BLACK
6
CONTINUOUS
10
0.4046456692913385
20
1.6495275590551182
11
0.4046456692913385
21
1.709527559055118
0
LINE
8
BLACK
6
CONTINUOUS
10
0.4046456692913385
20
1.709527559055118
11
0.4646456692913385
21
1.709527559055118
0
LINE
8
BLACK
6
CONTINUOUS
10
0.4646456692913385
20
1.709527559055118
11
0.4646456692913385
21
1.6495275590551182
0
LINE
8
BLACK
6
CONTINUOUS
10
1.9969291338582678
20
1.6511023622047243
11
1.9369291338582677
21
1.6511023622047243
0
LINE
8
BLACK
6
CONTINUOUS
10
1.9369291338582677
20
1.6511023622047243
11
1.9369291338582677
21
1.7111023622047243
0
LINE
8
BLACK
6
CONTINUOUS
10
1.9369291338582677
20
1.7111023622047243
11
1.9969291338582678
21
1.7111023622047243
0
LINE
8
BLACK
6
CONTINUOUS
10
1.9969291338582678
20
1.7111023622047243
11
1.9969291338582678
21
1.6511023622047243
0
LINE
8
BLACK
6
CONTINUOUS
10
2.0969291338582678
20
1.6511023622047243
11
2.0369291338582678
21
1.6511023622047243
0
LINE
8
BLACK
6
CONTINUOUS
10
2.0369291338582678
20
1.6511023622047243
11
2.0369291338582678
21
1.7111023622047243
0
LINE
8
BLACK
6
CONTINUOUS
10
2.0369291338582678
20
1.7111023622047243
11
2.0969291338582678
21
1.7111023622047243
0
LINE
8
BLACK
6
CONTINUOUS
10
2.0969291338582678
20
1.7111023622047243
11
2.0969291338582678
21
1.6511023622047243
0
LINE
8
BLACK
6
CONTINUOUS
10
0.3646456692913386
20
1.749527559055118
11
0.3046456692913386
21
1.749527559055118
0
LINE
8
BLACK
6
CONTINUOUS
10
0.3046456692913386
20
1.749527559055118
11
0.3046456692913386
21
1.8095275590551181
0
LINE
8
BLACK
6
CONTINUOUS
10
0.3046456692913386
20
1.8095275590551181
11
0.3646456692913386
21
1.8095275590551181
0
LINE
8
BLACK
6
CONTINUOUS
10
0.3646456692913386
20
1.8095275590551181
11
0.3646456692913386
21
1.749527559055118
0
LINE
8
BLACK
6
CONTINUOUS
10
0.4646456692913385
20
1.749527559055118
11
0.4046456692913385
21
1.749527559055118
0
LINE
8
BLACK
6
CONTINUOUS
10
0.4046456692913385
20
1.749527559055118
11
0.4046456692913385
21
1.8095275590551181
0
LINE
8
BLACK
6
CONTINUOUS
10
0.4046456692913385
20
1.8095275590551181
11
0.4646456692913385
21
1.8095275590551181
0
LINE
8
BLACK
6
CONTINUOUS
10
0.4646456692913385
20
1.8095275590551181
11
0.4646456692913385
21
1.749527559055118
0
LINE
8
BLACK
6
CONTINUOUS
10
1.9969291338582678
20
1.7511023622047244
11
1.9369291338582677
21
1.7511023622047244
0
LINE
8
BLACK
6
CONTINUOUS
10
1.9369291338582677
20
1.7511023622047244
11
1.9369291338582677
21
1.8111023622047244
0
LINE
8
BLACK
6
CONTINUOUS
10
1.9369291338582677
20
1.8111023622047244
11
1.9969291338582678
21
1.8111023622047244
0
LINE
8
BLACK
6
CONTINUOUS
10
1.9969291338582678
20
1.8111023622047244
11
1.9969291338582678
21
1.7511023622047244
0
LINE
8
BLACK
6
CONTINUOUS
10
2.0969291338582678
20
1.7511023622047244
11
2.0369291338582678
21
1.7511023622047244
0
LINE
8
BLACK
6
CONTINUOUS
10
2.0369291338582678
20
1.7511023622047244
11
2.0369291338582678
21
1.8111023622047244
0
LINE
8
BLACK
6
CONTINUOUS
10
2.0369291338582678
20
1.8111023622047244
11
2.0969291338582678
21
1.8111023622047244
0
LINE
8
BLACK
6
CONTINUOUS
10
2.0969291338582678
20
1.8111023622047244
11
2.0969291338582678
21
1.7511023622047244
0
LINE
8
BLACK
6
CONTINUOUS
10
0.8065748031496063
20
1.7538582677165353
11
0.7465748031496063
21
1.7538582677165353
0
LINE
8
BLACK
6
CONTINUOUS
10
0.7465748031496063
20
1.7538582677165353
11
0.7465748031496063
21
1.8138582677165354
0
LINE
8
BLACK
6
CONTINUOUS
10
0.7465748031496063
20
1.8138582677165354
11
0.8065748031496063
21
1.8138582677165354
0
LINE
8
BLACK
6
CONTINUOUS
10
0.8065748031496063
20
1.8138582677165354
11
0.8065748031496063
21
1.7538582677165353
0
LINE
8
BLACK
6
CONTINUOUS
10
0.9065748031496063
20
1.7538582677165353
11
0.8465748031496063
21
1.7538582677165353
0
LINE
8
BLACK
6
CONTINUOUS
10
0.8465748031496063
20
1.7538582677165353
11
0.8465748031496063
21
1.8138582677165354
0
LINE
8
BLACK
6
CONTINUOUS
10
0.8465748031496063
20
1.8138582677165354
11
0.9065748031496063
21
1.8138582677165354
0
LINE
8
BLACK
6
CONTINUOUS
10
0.9065748031496063
20
1.8138582677165354
11
0.9065748031496063
21
1.7538582677165353
0
LINE
8
BLACK
6
CONTINUOUS
10
1.2065748031496062
20
1.7538582677165353
11
1.1465748031496064
21
1.7538582677165353
0
LINE
8
BLACK
6
CONTINUOUS
10
1.1465748031496064
20
1.7538582677165353
11
1.1465748031496064
21
1.8138582677165354
0
LINE
8
BLACK
6
CONTINUOUS
10
1.1465748031496064
20
1.8138582677165354
11
1.2065748031496062
21
1.8138582677165354
0
LINE
8
BLACK
6
CONTINUOUS
10
1.2065748031496062
20
1.8138582677165354
11
1.2065748031496062
21
1.7538582677165353
0
LINE
8
BLACK
6
CONTINUOUS
10
1.3065748031496063
20
1.7538582677165353
11
1.2465748031496062
21
1.7538582677165353
0
LINE
8
BLACK
6
CONTINUOUS
10
1.2465748031496062
20
1.7538582677165353
11
1.2465748031496062
21
1.8138582677165354
0
LINE
8
BLACK
6
CONTINUOUS
10
1.2465748031496062
20
1.8138582677165354
11
1.3065748031496063
21
1.8138582677165354
0
LINE
8
BLACK
6
CONTINUOUS
10
1.3065748031496063
20
1.8138582677165354
11
1.3065748031496063
21
1.7538582677165353
0
LINE
8
BLACK
6
CONTINUOUS
10
1.4065748031496064
20
1.7538582677165353
11
1.3465748031496063
21
1.7538582677165353
0
LINE
8
BLACK
6
CONTINUOUS
10
1.3465748031496063
20
1.7538582677165353
11
1.3465748031496063
21
1.8138582677165354
0
LINE
8
BLACK
6
CONTINUOUS
10
1.3465748031496063
20
1.8138582677165354
11
1.4065748031496064
21
1.8138582677165354
0
LINE
8
BLACK
6
CONTINUOUS
10
1.4065748031496064
20
1.8138582677165354
11
1.4065748031496064
21
1.7538582677165353
0
LINE
8
BLACK
6
CONTINUOUS
10
1.5065748031496062
20
1.7538582677165353
11
1.4465748031496062
21
1.7538582677165353
0
LINE
8
BLACK
6
CONTINUOUS
10
1.4465748031496062
20
1.7538582677165353
11
1.4465748031496062
21
1.8138582677165354
0
LINE
8
BLACK
6
CONTINUOUS
10
1.4465748031496062
20
1.8138582677165354
11
1.5065748031496062
21
1.8138582677165354
0
LINE
8
BLACK
6
CONTINUOUS
10
1.5065748031496062
20
1.8138582677165354
11
1.5065748031496062
21
1.7538582677165353
0
LINE
8
BLACK
6
CONTINUOUS
10
1.6065748031496063
20
1.7538582677165353
11
1.5465748031496063
21
1.7538582677165353
0
LINE
8
BLACK
6
CONTINUOUS
10
1.5465748031496063
20
1.7538582677165353
11
1.5465748031496063
21
1.8138582677165354
0
LINE
8
BLACK
6
CONTINUOUS
10
1.5465748031496063
20
1.8138582677165354
11
1.6065748031496063
21
1.8138582677165354
0
LINE
8
BLACK
6
CONTINUOUS
10
1.6065748031496063
20
1.8138582677165354
11
1.6065748031496063
21
1.7538582677165353
0
LINE
8
BLACK
6
CONTINUOUS
10
1.7065748031496062
20
1.7538582677165353
11
1.6465748031496064
21
1.7538582677165353
0
LINE
8
BLACK
6
CONTINUOUS
10
1.6465748031496064
20
1.7538582677165353
11
1.6465748031496064
21
1.8138582677165354
0
LINE
8
BLACK
6
CONTINUOUS
10
1.6465748031496064
20
1.8138582677165354
11
1.7065748031496062
21
1.8138582677165354
0
LINE
8
BLACK
6
CONTINUOUS
10
1.7065748031496062
20
1.8138582677165354
11
1.7065748031496062
21
1.7538582677165353
0
LINE
8
BLACK
6
CONTINUOUS
10
0.8065748031496063
20
1.8538582677165354
11
0.7465748031496063
21
1.8538582677165354
0
LINE
8
BLACK
6
CONTINUOUS
10
0.7465748031496063
20
1.8538582677165354
11
0.7465748031496063
21
1.9138582677165354
0
LINE
8
BLACK
6
CONTINUOUS
10
0.7465748031496063
20
1.9138582677165354
11
0.8065748031496063
21
1.9138582677165354
0
LINE
8
BLACK
6
CONTINUOUS
10
0.8065748031496063
20
1.9138582677165354
11
0.8065748031496063
21
1.8538582677165354
0
LINE
8
BLACK
6
CONTINUOUS
10
0.9065748031496063
20
1.8538582677165354
11
0.8465748031496063
21
1.8538582677165354
0
LINE
8
BLACK
6
CONTINUOUS
10
0.8465748031496063
20
1.8538582677165354
11
0.8465748031496063
21
1.9138582677165354
0
LINE
8
BLACK
6
CONTINUOUS
10
0.8465748031496063
20
1.9138582677165354
11
0.9065748031496063
21
1.9138582677165354
0
LINE
8
BLACK
6
CONTINUOUS
10
0.9065748031496063
20
1.9138582677165354
11
0.9065748031496063
21
1.8538582677165354
0
LINE
8
BLACK
6
CONTINUOUS
10
1.2065748031496062
20
1.8538582677165354
11
1.1465748031496064
21
1.8538582677165354
0
LINE
8
BLACK
6
CONTINUOUS
10
1.1465748031496064
20
1.8538582677165354
11
1.1465748031496064
21
1.9138582677165354
0
LINE
8
BLACK
6
CONTINUOUS
10
1.1465748031496064
20
1.9138582677165354
11
1.2065748031496062
21
1.9138582677165354
0
LINE
8
BLACK
6
CONTINUOUS
10
1.2065748031496062
20
1.9138582677165354
11
1.2065748031496062
21
1.8538582677165354
0
LINE
8
BLACK
6
CONTINUOUS
10
1.3065748031496063
20
1.8538582677165354
11
1.2465748031496062
21
1.8538582677165354
0
LINE
8
BLACK
6
CONTINUOUS
10
1.2465748031496062
20
1.8538582677165354
11
1.2465748031496062
21
1.9138582677165354
0
LINE
8
BLACK
6
CONTINUOUS
10
1.2465748031496062
20
1.9138582677165354
11
1.3065748031496063
21
1.9138582677165354
0
LINE
8
BLACK
6
CONTINUOUS
10
1.3065748031496063
20
1.9138582677165354
11
1.3065748031496063
21
1.8538582677165354
0
LINE
8
BLACK
6
CONTINUOUS
10
1.4065748031496064
20
1.8538582677165354
11
1.3465748031496063
21
1.8538582677165354
0
LINE
8
BLACK
6
CONTINUOUS
10
1.3465748031496063
20
1.8538582677165354
11
1.3465748031496063
21
1.9138582677165354
0
LINE
8
BLACK
6
CONTINUOUS
10
1.3465748031496063
20
1.9138582677165354
11
1.4065748031496064
21
1.9138582677165354
0
LINE
8
BLACK
6
CONTINUOUS
10
1.4065748031496064
20
1.9138582677165354
11
1.4065748031496064
21
1.8538582677165354
0
LINE
8
BLACK
6
CONTINUOUS
10
1.5065748031496062
20
1.8538582677165354
11
1.4465748031496062
21
1.8538582677165354
0
LINE
8
BLACK
6
CONTINUOUS
10
1.4465748031496062
20
1.8538582677165354
11
1.4465748031496062
21
1.9138582677165354
0
LINE
8
BLACK
6
CONTINUOUS
10
1.4465748031496062
20
1.9138582677165354
11
1.5065748031496062
21
1.9138582677165354
0
LINE
8
BLACK
6
CONTINUOUS
10
1.5065748031496062
20
1.9138582677165354
11
1.5065748031496062
21
1.8538582677165354
0
LINE
8
BLACK
6
CONTINUOUS
10
1.6065748031496063
20
1.8538582677165354
11
1.5465748031496063
21
1.8538582677165354
0
LINE
8
BLACK
6
CONTINUOUS
10
1.5465748031496063
20
1.8538582677165354
11
1.5465748031496063
21
1.9138582677165354
0
LINE
8
BLACK
6
CONTINUOUS
10
1.5465748031496063
20
1.9138582677165354
11
1.6065748031496063
21
1.9138582677165354
0
LINE
8
BLACK
6
CONTINUOUS
10
1.6065748031496063
20
1.9138582677165354
11
1.6065748031496063
21
1.8538582677165354
0
LINE
8
BLACK
6
CONTINUOUS
10
1.7065748031496062
20
1.8538582677165354
11
1.6465748031496064
21
1.8538582677165354
0
LINE
8
BLACK
6
CONTINUOUS
10
1.6465748031496064
20
1.8538582677165354
11
1.6465748031496064
21
1.9138582677165354
0
LINE
8
BLACK
6
CONTINUOUS
10
1.6465748031496064
20
1.9138582677165354
11
1.7065748031496062
21
1.9138582677165354
0
LINE
8
BLACK
6
CONTINUOUS
10
1.7065748031496062
20
1.9138582677165354
11
1.7065748031496062
21
1.8538582677165354
0
LINE
8
BLACK
6
CONTINUOUS
10
0.9597244094488189
20
1.9680314960629921
11
0.8997244094488189
21
1.9680314960629921
0
LINE
8
BLACK
6
CONTINUOUS
10
0.8997244094488189
20
1.9680314960629921
11
0.8997244094488189
21
2.0280314960629919
0
LINE
8
BLACK
6
CONTINUOUS
10
0.8997244094488189
20
2.0280314960629919
11
0.9597244094488189
21
2.0280314960629919
0
LINE
8
BLACK
6
CONTINUOUS
10
0.9597244094488189
20
2.0280314960629919
11
0.9597244094488189
21
1.9680314960629921
0
LINE
8
BLACK
6
CONTINUOUS
10
1.1597244094488188
20
1.9680314960629921
11
1.0997244094488188
21
1.9680314960629921
0
LINE
8
BLACK
6
CONTINUOUS
10
1.0997244094488188
20
1.9680314960629921
11
1.0997244094488188
21
2.0280314960629919
0
LINE
8
BLACK
6
CONTINUOUS
10
1.0997244094488188
20
2.0280314960629919
11
1.1597244094488188
21
2.0280314960629919
0
LINE
8
BLACK
6
CONTINUOUS
10
1.1597244094488188
20
2.0280314960629919
11
1.1597244094488188
21
1.9680314960629921
0
LINE
8
BLACK
6
CONTINUOUS
10
0.9597244094488189
20
2.068031496062992
11
0.8997244094488189
21
2.068031496062992
0
LINE
8
BLACK
6
CONTINUOUS
10
0.8997244094488189
20
2.068031496062992
11
0.8997244094488189
21
2.128031496062992
0
LINE
8
BLACK
6
CONTINUOUS
10
0.8997244094488189
20
2.128031496062992
11
0.9597244094488189
21
2.128031496062992
0
LINE
8
BLACK
6
CONTINUOUS
10
0.9597244094488189
20
2.128031496062992
11
0.9597244094488189
21
2.068031496062992
0
LINE
8
BLACK
6
CONTINUOUS
10
1.1597244094488188
20
2.068031496062992
11
1.0997244094488188
21
2.068031496062992
0
LINE
8
BLACK
6
CONTINUOUS
10
1.0997244094488188
20
2.068031496062992
11
1.0997244094488188
21
2.128031496062992
0
LINE
8
BLACK
6
CONTINUOUS
10
1.0997244094488188
20
2.128031496062992
11
1.1597244094488188
21
2.128031496062992
0
LINE
8
BLACK
6
CONTINUOUS
10
1.1597244094488188
20
2.128031496062992
11
1.1597244094488188
21
2.068031496062992
0
LINE
8
BLACK
6
CONTINUOUS
10
2.1686886220472439
20
2.169550905511811
11
2.1701045275590549
21
2.1676020866141732
0
LINE
8
BLACK
6
CONTINUOUS
10
2.1701045275590549
20
2.1676020866141732
11
2.1702952755905511
21
2.1663976377952756
0
LINE
8
BLACK
6
CONTINUOUS
10
2.1702952755905511
20
2.1663976377952756
11
2.1702952755905511
21
0.2336024015748031
0
LINE
8
BLACK
6
CONTINUOUS
10
2.1702952755905511
20
0.2336024015748031
11
2.169550905511811
21
0.2313114173228346
0
LINE
8
BLACK
6
CONTINUOUS
10
2.169550905511811
20
0.2313114173228346
11
2.1676020866141732
21
0.2298955118110236
0
LINE
8
BLACK
6
CONTINUOUS
10
2.1676020866141732
20
0.2298955118110236
11
2.1663976377952756
21
0.2297047637795276
0
LINE
8
BLACK
6
CONTINUOUS
10
2.1663976377952756
20
0.2297047637795276
11
0.2336023622047244
21
0.2297047637795276
0
LINE
8
BLACK
6
CONTINUOUS
10
0.2336023622047244
20
0.2297047637795276
11
0.2313113779527559
21
0.2304491338582677
0
LINE
8
BLACK
6
CONTINUOUS
10
0.2313113779527559
20
0.2304491338582677
11
0.2298954724409449
21
0.2323979527559055
0
LINE
8
BLACK
6
CONTINUOUS
10
0.2298954724409449
20
0.2323979527559055
11
0.2297047244094488
21
0.2336024015748031
0
LINE
8
BLACK
6
CONTINUOUS
10
0.2297047244094488
20
0.2336024015748031
11
0.2297047244094488
21
0.4066730708661417
0
LINE
8
BLACK
6
CONTINUOUS
10
0.2297047244094488
20
0.4066730708661417
11
0.2297047244094488
21
0.5966164173228347
0
LINE
8
BLACK
6
CONTINUOUS
10
0.2297047244094488
20
0.5966164173228347
11
0.2297047244094488
21
0.6809003937007874
0
LINE
8
BLACK
6
CONTINUOUS
10
0.2297047244094488
20
0.6809003937007874
11
0.2297047244094488
21
0.765546062992126
0
LINE
8
BLACK
6
CONTINUOUS
10
0.2297047244094488
20
0.765546062992126
11
0.2297047244094488
21
0.8200416141732283
0
LINE
8
BLACK
6
CONTINUOUS
10
0.2297047244094488
20
0.8200416141732283
11
0.2297047244094488
21
0.911294094488189
0
LINE
8
BLACK
6
CONTINUOUS
10
0.2297047244094488
20
0.911294094488189
11
0.2297047244094488
21
1.011294094488189
0
LINE
8
BLACK
6
CONTINUOUS
10
0.2297047244094488
20
1.011294094488189
11
0.2297047244094488
21
1.1112940944881891
0
LINE
8
BLACK
6
CONTINUOUS
10
0.2297047244094488
20
1.1112940944881891
11
0.2297047244094488
21
1.2112940944881889
0
LINE
8
BLACK
6
CONTINUOUS
10
0.2297047244094488
20
1.2112940944881889
11
0.2297047244094488
21
1.311294094488189
0
LINE
8
BLACK
6
CONTINUOUS
10
0.2297047244094488
20
1.311294094488189
11
0.2297047244094488
21
1.4112940944881889
0
LINE
8
BLACK
6
CONTINUOUS
10
0.2297047244094488
20
1.4112940944881889
11
0.2297047244094488
21
1.511294094488189
0
LINE
8
BLACK
6
CONTINUOUS
10
0.2297047244094488
20
1.511294094488189
11
0.2297047244094488
21
1.6112940944881888
0
LINE
8
BLACK
6
CONTINUOUS
10
0.2297047244094488
20
1.6112940944881888
11
0.2297047244094488
21
1.7112940944881889
0
LINE
8
BLACK
6
CONTINUOUS
10
0.2297047244094488
20
1.7112940944881889
11
0.2297047244094488
21
1.811294094488189
0
LINE
8
BLACK
6
CONTINUOUS
10
0.2297047244094488
20
1.811294094488189
11
0.2297047244094488
21
2.0066730708661416
0
LINE
8
BLACK
6
CONTINUOUS
10
0.2297047244094488
20
2.0066730708661416
11
0.2297047244094488
21
2.1663976377952756
0
LINE
8
BLACK
6
CONTINUOUS
10
0.2297047244094488
20
2.1663976377952756
11
0.230449094488189
21
2.1686886220472439
0
LINE
8
BLACK
6
CONTINUOUS
10
0.230449094488189
20
2.1686886220472439
11
0.2323979133858268
21
2.1701045275590549
0
LINE
8
BLACK
6
CONTINUOUS
10
0.2323979133858268
20
2.1701045275590549
11
0.2336023622047244
21
2.1702952755905511
0
LINE
8
BLACK
6
CONTINUOUS
10
0.2336023622047244
20
2.1702952755905511
11
2.1663976377952756
21
2.1702952755905511
0
LINE
8
BLACK
6
CONTINUOUS
10
2.1663976377952756
20
2.1702952755905511
11
2.1686886220472439
21
2.169550905511811
0
LINE
8
BLACK
6
CONTINUOUS
10
1.0125197244094488
20
0.274015748031496
11
1.0125196850393701
21
0.2740157086614173
0
LINE
8
BLACK
6
CONTINUOUS
10
1.0125196850393701
20
0.2740157086614173
11
1.0125196850393701
21
0.2509203149606299
0
LINE
8
BLACK
6
CONTINUOUS
10
1.0125196850393701
20
0.2509203149606299
11
1.0130907874015749
21
0.2480493700787401
0
LINE
8
BLACK
6
CONTINUOUS
10
1.0130907874015749
20
0.2480493700787401
11
1.0130908267716536
21
0.2480492913385827
0
LINE
8
BLACK
6
CONTINUOUS
10
1.0130908267716536
20
0.2480492913385827
11
1.015266062992126
21
0.2447938188976378
0
LINE
8
BLACK
6
CONTINUOUS
10
1.015266062992126
20
0.2447938188976378
11
1.015266220472441
21
0.2447936614173228
0
LINE
8
BLACK
6
CONTINUOUS
10
1.015266220472441
20
0.2447936614173228
11
1.0185216929133858
21
0.2426184251968504
0
LINE
8
BLACK
6
CONTINUOUS
10
1.0185216929133858
20
0.2426184251968504
11
1.0185217716535433
21
0.2426183858267716
0
LINE
8
BLACK
6
CONTINUOUS
10
1.0185217716535433
20
0.2426183858267716
11
1.0213927165354331
21
0.2420472834645669
0
LINE
8
BLACK
6
CONTINUOUS
10
1.0213927165354331
20
0.2420472834645669
11
1.0213927952755906
21
0.2420472440944882
0
LINE
8
BLACK
6
CONTINUOUS
10
1.0213927952755906
20
0.2420472440944882
11
1.0444881496062992
21
0.2420472440944882
0
LINE
8
BLACK
6
CONTINUOUS
10
1.0444881496062992
20
0.2420472440944882
11
1.044488188976378
21
0.2420472834645669
0
LINE
8
BLACK
6
CONTINUOUS
10
1.044488188976378
20
0.2420472834645669
11
1.044488188976378
21
0.2518897637795275
0
LINE
8
BLACK
6
CONTINUOUS
10
1.044488188976378
20
0.2518897637795275
11
1.0223622047244094
21
0.2518897637795275
0
LINE
8
BLACK
6
CONTINUOUS
10
1.0223622047244094
20
0.2518897637795275
11
1.0223622047244094
21
0.274015748031496
0
LINE
8
BLACK
6
CONTINUOUS
10
1.0223622047244094
20
0.274015748031496
11
1.0125197244094488
21
0.274015748031496
0
LINE
8
BLACK
6
CONTINUOUS
10
1.0823622047244095
20
0.2518897637795275
11
1.0602362204724409
21
0.2518897637795275
0
LINE
8
BLACK
6
CONTINUOUS
10
1.0602362204724409
20
0.2518897637795275
11
1.0602362204724409
21
0.2420472834645669
0
LINE
8
BLACK
6
CONTINUOUS
10
1.0602362204724409
20
0.2420472834645669
11
1.0602362598425197
21
0.2420472440944882
0
LINE
8
BLACK
6
CONTINUOUS
10
1.0602362598425197
20
0.2420472440944882
11
1.0833316141732283
21
0.2420472440944882
0
LINE
8
BLACK
6
CONTINUOUS
10
1.0833316141732283
20
0.2420472440944882
11
1.0833316535433071
21
0.2420472834645669
0
LINE
8
BLACK
6
CONTINUOUS
10
1.0833316535433071
20
0.2420472834645669
11
1.0862025984251968
21
0.2426183858267716
0
LINE
8
BLACK
6
CONTINUOUS
10
1.0862025984251968
20
0.2426183858267716
11
1.0862026771653543
21
0.2426184251968504
0
LINE
8
BLACK
6
CONTINUOUS
10
1.0862026771653543
20
0.2426184251968504
11
1.0894581496062992
21
0.2447936614173228
0
LINE
8
BLACK
6
CONTINUOUS
10
1.0894581496062992
20
0.2447936614173228
11
1.0894583070866142
21
0.2447938188976378
0
LINE
8
BLACK
6
CONTINUOUS
10
1.0894583070866142
20
0.2447938188976378
11
1.0916335433070865
21
0.2480492913385827
0
LINE
8
BLACK
6
CONTINUOUS
10
1.0916335433070865
20
0.2480492913385827
11
1.0916335826771653
21
0.2480493700787401
0
LINE
8
BLACK
6
CONTINUOUS
10
1.0916335826771653
20
0.2480493700787401
11
1.0922046850393701
21
0.2509203149606299
0
LINE
8
BLACK
6
CONTINUOUS
10
1.0922046850393701
20
0.2509203149606299
11
1.0922047244094488
21
0.2509203937007874
0
LINE
8
BLACK
6
CONTINUOUS
10
1.0922047244094488
20
0.2509203937007874
11
1.0922047244094488
21
0.2740157086614173
0
LINE
8
BLACK
6
CONTINUOUS
10
1.0922047244094488
20
0.2740157086614173
11
1.0922046850393701
21
0.274015748031496
0
LINE
8
BLACK
6
CONTINUOUS
10
1.0922046850393701
20
0.274015748031496
11
1.0823622047244095
21
0.274015748031496
0
LINE
8
BLACK
6
CONTINUOUS
10
1.0823622047244095
20
0.274015748031496
11
1.0823622047244095
21
0.2518897637795275
0
LINE
8
BLACK
6
CONTINUOUS
10
1.1125197244094487
20
0.274015748031496
11
1.1125196850393702
21
0.2740157086614173
0
LINE
8
BLACK
6
CONTINUOUS
10
1.1125196850393702
20
0.2740157086614173
11
1.1125196850393702
21
0.2509203149606299
0
LINE
8
BLACK
6
CONTINUOUS
10
1.1125196850393702
20
0.2509203149606299
11
1.1130907874015747
21
0.2480493700787401
0
LINE
8
BLACK
6
CONTINUOUS
10
1.1130907874015747
20
0.2480493700787401
11
1.1130908267716535
21
0.2480492913385827
0
LINE
8
BLACK
6
CONTINUOUS
10
1.1130908267716535
20
0.2480492913385827
11
1.1152660629921261
21
0.2447938188976378
0
LINE
8
BLACK
6
CONTINUOUS
10
1.1152660629921261
20
0.2447938188976378
11
1.1152662204724408
21
0.2447936614173228
0
LINE
8
BLACK
6
CONTINUOUS
10
1.1152662204724408
20
0.2447936614173228
11
1.1185216929133859
21
0.2426184251968504
0
LINE
8
BLACK
6
CONTINUOUS
10
1.1185216929133859
20
0.2426184251968504
11
1.1185217716535434
21
0.2426183858267716
0
LINE
8
BLACK
6
CONTINUOUS
10
1.1185217716535434
20
0.2426183858267716
11
1.1213927165354332
21
0.2420472834645669
0
LINE
8
BLACK
6
CONTINUOUS
10
1.1213927165354332
20
0.2420472834645669
11
1.1213927952755904
21
0.2420472440944882
0
LINE
8
BLACK
6
CONTINUOUS
10
1.1213927952755904
20
0.2420472440944882
11
1.1444881496062991
21
0.2420472440944882
0
LINE
8
BLACK
6
CONTINUOUS
10
1.1444881496062991
20
0.2420472440944882
11
1.1444881889763778
21
0.2420472834645669
0
LINE
8
BLACK
6
CONTINUOUS
10
1.1444881889763778
20
0.2420472834645669
11
1.1444881889763778
21
0.2518897637795275
0
LINE
8
BLACK
6
CONTINUOUS
10
1.1444881889763778
20
0.2518897637795275
11
1.1223622047244095
21
0.2518897637795275
0
LINE
8
BLACK
6
CONTINUOUS
10
1.1223622047244095
20
0.2518897637795275
11
1.1223622047244095
21
0.274015748031496
0
LINE
8
BLACK
6
CONTINUOUS
10
1.1223622047244095
20
0.274015748031496
11
1.1125197244094487
21
0.274015748031496
0
LINE
8
BLACK
6
CONTINUOUS
10
1.1823622047244093
20
0.2518897637795275
11
1.160236220472441
21
0.2518897637795275
0
LINE
8
BLACK
6
CONTINUOUS
10
1.160236220472441
20
0.2518897637795275
11
1.160236220472441
21
0.2420472834645669
0
LINE
8
BLACK
6
CONTINUOUS
10
1.160236220472441
20
0.2420472834645669
11
1.1602362598425198
21
0.2420472440944882
0
LINE
8
BLACK
6
CONTINUOUS
10
1.1602362598425198
20
0.2420472440944882
11
1.1833316141732284
21
0.2420472440944882
0
LINE
8
BLACK
6
CONTINUOUS
10
1.1833316141732284
20
0.2420472440944882
11
1.1833316535433072
21
0.2420472834645669
0
LINE
8
BLACK
6
CONTINUOUS
10
1.1833316535433072
20
0.2420472834645669
11
1.1862025984251969
21
0.2426183858267716
0
LINE
8
BLACK
6
CONTINUOUS
10
1.1862025984251969
20
0.2426183858267716
11
1.1862026771653542
21
0.2426184251968504
0
LINE
8
BLACK
6
CONTINUOUS
10
1.1862026771653542
20
0.2426184251968504
11
1.1894581496062993
21
0.2447936614173228
0
LINE
8
BLACK
6
CONTINUOUS
10
1.1894581496062993
20
0.2447936614173228
11
1.189458307086614
21
0.2447938188976378
0
LINE
8
BLACK
6
CONTINUOUS
10
1.189458307086614
20
0.2447938188976378
11
1.1916335433070866
21
0.2480492913385827
0
LINE
8
BLACK
6
CONTINUOUS
10
1.1916335433070866
20
0.2480492913385827
11
1.1916335826771653
21
0.2480493700787401
0
LINE
8
BLACK
6
CONTINUOUS
10
1.1916335826771653
20
0.2480493700787401
11
1.1922046850393702
21
0.2509203149606299
0
LINE
8
BLACK
6
CONTINUOUS
10
1.1922046850393702
20
0.2509203149606299
11
1.1922047244094487
21
0.2509203937007874
0
LINE
8
BLACK
6
CONTINUOUS
10
1.1922047244094487
20
0.2509203937007874
11
1.1922047244094487
21
0.2740157086614173
0
LINE
8
BLACK
6
CONTINUOUS
10
1.1922047244094487
20
0.2740157086614173
11
1.1922046850393702
21
0.274015748031496
0
LINE
8
BLACK
6
CONTINUOUS
10
1.1922046850393702
20
0.274015748031496
11
1.1823622047244093
21
0.274015748031496
0
LINE
8
BLACK
6
CONTINUOUS
10
1.1823622047244093
20
0.274015748031496
11
1.1823622047244093
21
0.2518897637795275
0
LINE
8
BLACK
6
CONTINUOUS
10
1.5125197244094488
20
0.2779527559055118
11
1.5125196850393701
21
0.2779527165354331
0
LINE
8
BLACK
6
CONTINUOUS
10
1.5125196850393701
20
0.2779527165354331
11
1.5125196850393701
21
0.2548573228346457
0
LINE
8
BLACK
6
CONTINUOUS
10
1.5125196850393701
20
0.2548573228346457
11
1.5130907874015749
21
0.2519863779527559
0
LINE
8
BLACK
6
CONTINUOUS
10
1.5130907874015749
20
0.2519863779527559
11
1.5130908267716534
21
0.2519862992125984
0
LINE
8
BLACK
6
CONTINUOUS
10
1.5130908267716534
20
0.2519862992125984
11
1.515266062992126
21
0.2487308267716535
0
LINE
8
BLACK
6
CONTINUOUS
10
1.515266062992126
20
0.2487308267716535
11
1.515266220472441
21
0.2487306692913386
0
LINE
8
BLACK
6
CONTINUOUS
10
1.515266220472441
20
0.2487306692913386
11
1.5185216929133858
21
0.2465554330708661
0
LINE
8
BLACK
6
CONTINUOUS
10
1.5185216929133858
20
0.2465554330708661
11
1.5185217716535433
21
0.2465553937007874
0
LINE
8
BLACK
6
CONTINUOUS
10
1.5185217716535433
20
0.2465553937007874
11
1.5213927165354331
21
0.2459842913385827
0
LINE
8
BLACK
6
CONTINUOUS
10
1.5213927165354331
20
0.2459842913385827
11
1.5213927952755906
21
0.2459842519685039
0
LINE
8
BLACK
6
CONTINUOUS
10
1.5213927952755906
20
0.2459842519685039
11
1.5444881496062992
21
0.2459842519685039
0
LINE
8
BLACK
6
CONTINUOUS
10
1.5444881496062992
20
0.2459842519685039
11
1.544488188976378
21
0.2459842913385827
0
LINE
8
BLACK
6
CONTINUOUS
10
1.544488188976378
20
0.2459842913385827
11
1.544488188976378
21
0.2558267716535433
0
LINE
8
BLACK
6
CONTINUOUS
10
1.544488188976378
20
0.2558267716535433
11
1.5223622047244094
21
0.2558267716535433
0
LINE
8
BLACK
6
CONTINUOUS
10
1.5223622047244094
20
0.2558267716535433
11
1.5223622047244094
21
0.2779527559055118
0
LINE
8
BLACK
6
CONTINUOUS
10
1.5223622047244094
20
0.2779527559055118
11
1.5125197244094488
21
0.2779527559055118
0
LINE
8
BLACK
6
CONTINUOUS
10
1.5823622047244095
20
0.2558267716535433
11
1.5602362204724409
21
0.2558267716535433
0
LINE
8
BLACK
6
CONTINUOUS
10
1.5602362204724409
20
0.2558267716535433
11
1.5602362204724409
21
0.2459842913385827
0
LINE
8
BLACK
6
CONTINUOUS
10
1.5602362204724409
20
0.2459842913385827
11
1.5602362598425197
21
0.2459842519685039
0
LINE
8
BLACK
6
CONTINUOUS
10
1.5602362598425197
20
0.2459842519685039
11
1.5833316141732283
21
0.2459842519685039
0
LINE
8
BLACK
6
CONTINUOUS
10
1.5833316141732283
20
0.2459842519685039
11
1.5833316535433071
21
0.2459842913385827
0
LINE
8
BLACK
6
CONTINUOUS
10
1.5833316535433071
20
0.2459842913385827
11
1.5862025984251968
21
0.2465553937007874
0
LINE
8
BLACK
6
CONTINUOUS
10
1.5862025984251968
20
0.2465553937007874
11
1.5862026771653543
21
0.2465554330708661
0
LINE
8
BLACK
6
CONTINUOUS
10
1.5862026771653543
20
0.2465554330708661
11
1.5894581496062992
21
0.2487306692913386
0
LINE
8
BLACK
6
CONTINUOUS
10
1.5894581496062992
20
0.2487306692913386
11
1.5894583070866142
21
0.2487308267716535
0
LINE
8
BLACK
6
CONTINUOUS
10
1.5894583070866142
20
0.2487308267716535
11
1.5916335433070865
21
0.2519862992125984
0
LINE
8
BLACK
6
CONTINUOUS
10
1.5916335433070865
20
0.2519862992125984
11
1.5916335826771653
21
0.2519863779527559
0
LINE
8
BLACK
6
CONTINUOUS
10
1.5916335826771653
20
0.2519863779527559
11
1.5922046850393701
21
0.2548573228346457
0
LINE
8
BLACK
6
CONTINUOUS
10
1.5922046850393701
20
0.2548573228346457
11
1.5922047244094488
21
0.2548574015748031
0
LINE
8
BLACK
6
CONTINUOUS
10
1.5922047244094488
20
0.2548574015748031
11
1.5922047244094488
21
0.2779527165354331
0
LINE
8
BLACK
6
CONTINUOUS
10
1.5922047244094488
20
0.2779527165354331
11
1.5922046850393701
21
0.2779527559055118
0
LINE
8
BLACK
6
CONTINUOUS
10
1.5922046850393701
20
0.2779527559055118
11
1.5823622047244095
21
0.2779527559055118
0
LINE
8
BLACK
6
CONTINUOUS
10
1.5823622047244095
20
0.2779527559055118
11
1.5823622047244095
21
0.2558267716535433
0
LINE
8
BLACK
6
CONTINUOUS
10
1.6125197244094487
20
0.2779527559055118
11
1.6125196850393699
21
0.2779527165354331
0
LINE
8
BLACK
6
CONTINUOUS
10
1.6125196850393699
20
0.2779527165354331
11
1.6125196850393699
21
0.2548573228346457
0
LINE
8
BLACK
6
CONTINUOUS
10
1.6125196850393699
20
0.2548573228346457
11
1.6130907874015747
21
0.2519863779527559
0
LINE
8
BLACK
6
CONTINUOUS
10
1.6130907874015747
20
0.2519863779527559
11
1.6130908267716535
21
0.2519862992125984
0
LINE
8
BLACK
6
CONTINUOUS
10
1.6130908267716535
20
0.2519862992125984
11
1.6152660629921261
21
0.2487308267716535
0
LINE
8
BLACK
6
CONTINUOUS
10
1.6152660629921261
20
0.2487308267716535
11
1.6152662204724408
21
0.2487306692913386
0
LINE
8
BLACK
6
CONTINUOUS
10
1.6152662204724408
20
0.2487306692913386
11
1.6185216929133859
21
0.2465554330708661
0
LINE
8
BLACK
6
CONTINUOUS
10
1.6185216929133859
20
0.2465554330708661
11
1.6185217716535432
21
0.2465553937007874
0
LINE
8
BLACK
6
CONTINUOUS
10
1.6185217716535432
20
0.2465553937007874
11
1.6213927165354329
21
0.2459842913385827
0
LINE
8
BLACK
6
CONTINUOUS
10
1.6213927165354329
20
0.2459842913385827
11
1.6213927952755904
21
0.2459842519685039
0
LINE
8
BLACK
6
CONTINUOUS
10
1.6213927952755904
20
0.2459842519685039
11
1.6444881496062991
21
0.2459842519685039
0
LINE
8
BLACK
6
CONTINUOUS
10
1.6444881496062991
20
0.2459842519685039
11
1.6444881889763778
21
0.2459842913385827
0
LINE
8
BLACK
6
CONTINUOUS
10
1.6444881889763778
20
0.2459842913385827
11
1.6444881889763778
21
0.2558267716535433
0
LINE
8
BLACK
6
CONTINUOUS
10
1.6444881889763778
20
0.2558267716535433
11
1.6223622047244095
21
0.2558267716535433
0
LINE
8
BLACK
6
CONTINUOUS
10
1.6223622047244095
20
0.2558267716535433
11
1.6223622047244095
21
0.2779527559055118
0
LINE
8
BLACK
6
CONTINUOUS
10
1.6223622047244095
20
0.2779527559055118
11
1.6125197244094487
21
0.2779527559055118
0
LINE
8
BLACK
6
CONTINUOUS
10
1.6823622047244093
20
0.2558267716535433
11
1.660236220472441
21
0.2558267716535433
0
LINE
8
BLACK
6
CONTINUOUS
10
1.660236220472441
20
0.2558267716535433
11
1.660236220472441
21
0.2459842913385827
0
LINE
8
BLACK
6
CONTINUOUS
10
1.660236220472441
20
0.2459842913385827
11
1.6602362598425195
21
0.2459842519685039
0
LINE
8
BLACK
6
CONTINUOUS
10
1.6602362598425195
20
0.2459842519685039
11
1.6833316141732284
21
0.2459842519685039
0
LINE
8
BLACK
6
CONTINUOUS
10
1.6833316141732284
20
0.2459842519685039
11
1.6833316535433069
21
0.2459842913385827
0
LINE
8
BLACK
6
CONTINUOUS
10
1.6833316535433069
20
0.2459842913385827
11
1.6862025984251967
21
0.2465553937007874
0
LINE
8
BLACK
6
CONTINUOUS
10
1.6862025984251967
20
0.2465553937007874
11
1.6862026771653542
21
0.2465554330708661
0
LINE
8
BLACK
6
CONTINUOUS
10
1.6862026771653542
20
0.2465554330708661
11
1.6894581496062993
21
0.2487306692913386
0
LINE
8
BLACK
6
CONTINUOUS
10
1.6894581496062993
20
0.2487306692913386
11
1.689458307086614
21
0.2487308267716535
0
LINE
8
BLACK
6
CONTINUOUS
10
1.689458307086614
20
0.2487308267716535
11
1.6916335433070866
21
0.2519862992125984
0
LINE
8
BLACK
6
CONTINUOUS
10
1.6916335433070866
20
0.2519862992125984
11
1.6916335826771653
21
0.2519863779527559
0
LINE
8
BLACK
6
CONTINUOUS
10
1.6916335826771653
20
0.2519863779527559
11
1.6922046850393699
21
0.2548573228346457
0
LINE
8
BLACK
6
CONTINUOUS
10
1.6922046850393699
20
0.2548573228346457
11
1.6922047244094487
21
0.2548574015748031
0
LINE
8
BLACK
6
CONTINUOUS
10
1.6922047244094487
20
0.2548574015748031
11
1.6922047244094487
21
0.2779527165354331
0
LINE
8
BLACK
6
CONTINUOUS
10
1.6922047244094487
20
0.2779527165354331
11
1.6922046850393699
21
0.2779527559055118
0
LINE
8
BLACK
6
CONTINUOUS
10
1.6922046850393699
20
0.2779527559055118
11
1.6823622047244093
21
0.2779527559055118
0
LINE
8
BLACK
6
CONTINUOUS
10
1.6823622047244093
20
0.2779527559055118
11
1.6823622047244093
21
0.2558267716535433
0
LINE
8
BLACK
6
CONTINUOUS
10
0.5720472834645669
20
0.2927165354330709
11
0.5720472440944881
21
0.2927164960629921
0
LINE
8
BLACK
6
CONTINUOUS
10
0.5720472440944881
20
0.2927164960629921
11
0.5720472440944881
21
0.2779972047244094
0
LINE
8
BLACK
6
CONTINUOUS
10
0.5720472440944881
20
0.2779972047244094
11
0.5731819291338582
21
0.2722927559055118
0
LINE
8
BLACK
6
CONTINUOUS
10
0.5731819291338582
20
0.2722927559055118
11
0.5731820078740157
21
0.2722925196850394
0
LINE
8
BLACK
6
CONTINUOUS
10
0.5731820078740157
20
0.2722925196850394
11
0.5754077952755905
21
0.2669190157480315
0
LINE
8
BLACK
6
CONTINUOUS
10
0.5754077952755905
20
0.2669190157480315
11
0.5786391338582677
21
0.2620829527559055
0
LINE
8
BLACK
6
CONTINUOUS
10
0.5786391338582677
20
0.2620829527559055
11
0.5827522047244095
21
0.2579698818897638
0
LINE
8
BLACK
6
CONTINUOUS
10
0.5827522047244095
20
0.2579698818897638
11
0.5875882677165354
21
0.2547385433070866
0
LINE
8
BLACK
6
CONTINUOUS
10
0.5875882677165354
20
0.2547385433070866
11
0.5929618503937008
21
0.2525127165354331
0
LINE
8
BLACK
6
CONTINUOUS
10
0.5929618503937008
20
0.2525127165354331
11
0.5937007874015748
21
0.2523657874015748
0
LINE
8
BLACK
6
CONTINUOUS
10
0.5937007874015748
20
0.2523657874015748
11
0.5937007874015748
21
0.2629157086614173
0
LINE
8
BLACK
6
CONTINUOUS
10
0.5937007874015748
20
0.2629157086614173
11
0.5895912992125985
21
0.2652883070866142
0
LINE
8
BLACK
6
CONTINUOUS
10
0.5895912992125985
20
0.2652883070866142
11
0.5859575984251968
21
0.2689220078740158
0
LINE
8
BLACK
6
CONTINUOUS
10
0.5859575984251968
20
0.2689220078740158
11
0.5833881889763779
21
0.2733723622047244
0
LINE
8
BLACK
6
CONTINUOUS
10
0.5833881889763779
20
0.2733723622047244
11
0.582058188976378
21
0.2783361023622047
0
LINE
8
BLACK
6
CONTINUOUS
10
0.582058188976378
20
0.2783361023622047
11
0.5818897637795275
21
0.2809055118110236
0
LINE
8
BLACK
6
CONTINUOUS
10
0.5818897637795275
20
0.2809055118110236
11
0.5818897637795275
21
0.2927165354330709
0
LINE
8
BLACK
6
CONTINUOUS
10
0.5818897637795275
20
0.2927165354330709
11
0.5720472834645669
21
0.2927165354330709
0
LINE
8
BLACK
6
CONTINUOUS
10
0.621259842519685
20
0.2809055118110236
11
0.6210914173228347
21
0.2783361023622047
0
LINE
8
BLACK
6
CONTINUOUS
10
0.6210914173228347
20
0.2783361023622047
11
0.6197614173228346
21
0.2733723622047244
0
LINE
8
BLACK
6
CONTINUOUS
10
0.6197614173228346
20
0.2733723622047244
11
0.6171920078740157
21
0.2689220078740158
0
LINE
8
BLACK
6
CONTINUOUS
10
0.6171920078740157
20
0.2689220078740158
11
0.6135583070866142
21
0.2652883070866142
0
LINE
8
BLACK
6
CONTINUOUS
10
0.6135583070866142
20
0.2652883070866142
11
0.6094488188976378
21
0.2629157086614173
0
LINE
8
BLACK
6
CONTINUOUS
10
0.6094488188976378
20
0.2629157086614173
11
0.6094488188976378
21
0.2523657874015748
0
LINE
8
BLACK
6
CONTINUOUS
10
0.6094488188976378
20
0.2523657874015748
11
0.610187716535433
21
0.2525127165354331
0
LINE
8
BLACK
6
CONTINUOUS
10
0.610187716535433
20
0.2525127165354331
11
0.6155612992125984
21
0.2547385433070866
0
LINE
8
BLACK
6
CONTINUOUS
10
0.6155612992125984
20
0.2547385433070866
11
0.6203973622047244
21
0.2579698818897638
0
LINE
8
BLACK
6
CONTINUOUS
10
0.6203973622047244
20
0.2579698818897638
11
0.6245104330708662
21
0.2620829527559055
0
LINE
8
BLACK
6
CONTINUOUS
10
0.6245104330708662
20
0.2620829527559055
11
0.6277417716535433
21
0.2669190157480315
0
LINE
8
BLACK
6
CONTINUOUS
10
0.6277417716535433
20
0.2669190157480315
11
0.6299675590551181
21
0.2722925196850394
0
LINE
8
BLACK
6
CONTINUOUS
10
0.6299675590551181
20
0.2722925196850394
11
0.6299676377952755
21
0.2722927559055118
0
LINE
8
BLACK
6
CONTINUOUS
10
0.6299676377952755
20
0.2722927559055118
11
0.6311023228346456
21
0.2779972047244094
0
LINE
8
BLACK
6
CONTINUOUS
10
0.6311023228346456
20
0.2779972047244094
11
0.6311023622047244
21
0.2779973622047244
0
LINE
8
BLACK
6
CONTINUOUS
10
0.6311023622047244
20
0.2779973622047244
11
0.6311023622047244
21
0.2927164960629921
0
LINE
8
BLACK
6
CONTINUOUS
10
0.6311023622047244
20
0.2927164960629921
11
0.6311023228346456
21
0.2927165354330709
0
LINE
8
BLACK
6
CONTINUOUS
10
0.6311023228346456
20
0.2927165354330709
11
0.621259842519685
21
0.2927165354330709
0
LINE
8
BLACK
6
CONTINUOUS
10
0.621259842519685
20
0.2927165354330709
11
0.621259842519685
21
0.2809055118110236
0
LINE
8
BLACK
6
CONTINUOUS
10
0.9122047637795275
20
0.2927165354330709
11
0.9122047244094488
21
0.2927164960629921
0
LINE
8
BLACK
6
CONTINUOUS
10
0.9122047244094488
20
0.2927164960629921
11
0.9122047244094488
21
0.2779972047244094
0
LINE
8
BLACK
6
CONTINUOUS
10
0.9122047244094488
20
0.2779972047244094
11
0.9133394094488189
21
0.2722927559055118
0
LINE
8
BLACK
6
CONTINUOUS
10
0.9133394094488189
20
0.2722927559055118
11
0.9133394881889764
21
0.2722925196850394
0
LINE
8
BLACK
6
CONTINUOUS
10
0.9133394881889764
20
0.2722925196850394
11
0.9155652755905511
21
0.2669190157480315
0
LINE
8
BLACK
6
CONTINUOUS
10
0.9155652755905511
20
0.2669190157480315
11
0.9187966141732283
21
0.2620829527559055
0
LINE
8
BLACK
6
CONTINUOUS
10
0.9187966141732283
20
0.2620829527559055
11
0.9229096850393701
21
0.2579698818897638
0
LINE
8
BLACK
6
CONTINUOUS
10
0.9229096850393701
20
0.2579698818897638
11
0.927745748031496
21
0.2547385433070866
0
LINE
8
BLACK
6
CONTINUOUS
10
0.927745748031496
20
0.2547385433070866
11
0.9331193307086614
21
0.2525127165354331
0
LINE
8
BLACK
6
CONTINUOUS
10
0.9331193307086614
20
0.2525127165354331
11
0.9338582677165355
21
0.2523657874015748
0
LINE
8
BLACK
6
CONTINUOUS
10
0.9338582677165355
20
0.2523657874015748
11
0.9338582677165355
21
0.2629157086614173
0
LINE
8
BLACK
6
CONTINUOUS
10
0.9338582677165355
20
0.2629157086614173
11
0.9297487795275591
21
0.2652883070866142
0
LINE
8
BLACK
6
CONTINUOUS
10
0.9297487795275591
20
0.2652883070866142
11
0.9261150787401574
21
0.2689220078740158
0
LINE
8
BLACK
6
CONTINUOUS
10
0.9261150787401574
20
0.2689220078740158
11
0.9235456692913385
21
0.2733723622047244
0
LINE
8
BLACK
6
CONTINUOUS
10
0.9235456692913385
20
0.2733723622047244
11
0.9222156692913386
21
0.2783361023622047
0
LINE
8
BLACK
6
CONTINUOUS
10
0.9222156692913386
20
0.2783361023622047
11
0.9220472440944881
21
0.2809055118110236
0
LINE
8
BLACK
6
CONTINUOUS
10
0.9220472440944881
20
0.2809055118110236
11
0.9220472440944881
21
0.2927165354330709
0
LINE
8
BLACK
6
CONTINUOUS
10
0.9220472440944881
20
0.2927165354330709
11
0.9122047637795275
21
0.2927165354330709
0
LINE
8
BLACK
6
CONTINUOUS
10
0.9614173228346456
20
0.2809055118110236
11
0.9612488976377953
21
0.2783361023622047
0
LINE
8
BLACK
6
CONTINUOUS
10
0.9612488976377953
20
0.2783361023622047
11
0.9599188976377953
21
0.2733723622047244
0
LINE
8
BLACK
6
CONTINUOUS
10
0.9599188976377953
20
0.2733723622047244
11
0.9573494881889764
21
0.2689220078740158
0
LINE
8
BLACK
6
CONTINUOUS
10
0.9573494881889764
20
0.2689220078740158
11
0.9537157874015748
21
0.2652883070866142
0
LINE
8
BLACK
6
CONTINUOUS
10
0.9537157874015748
20
0.2652883070866142
11
0.9496062992125984
21
0.2629157086614173
0
LINE
8
BLACK
6
CONTINUOUS
10
0.9496062992125984
20
0.2629157086614173
11
0.9496062992125984
21
0.2523657874015748
0
LINE
8
BLACK
6
CONTINUOUS
10
0.9496062992125984
20
0.2523657874015748
11
0.9503451968503936
21
0.2525127165354331
0
LINE
8
BLACK
6
CONTINUOUS
10
0.9503451968503936
20
0.2525127165354331
11
0.955718779527559
21
0.2547385433070866
0
LINE
8
BLACK
6
CONTINUOUS
10
0.955718779527559
20
0.2547385433070866
11
0.960554842519685
21
0.2579698818897638
0
LINE
8
BLACK
6
CONTINUOUS
10
0.960554842519685
20
0.2579698818897638
11
0.9646679133858268
21
0.2620829527559055
0
LINE
8
BLACK
6
CONTINUOUS
10
0.9646679133858268
20
0.2620829527559055
11
0.9678992519685039
21
0.2669190157480315
0
LINE
8
BLACK
6
CONTINUOUS
10
0.9678992519685039
20
0.2669190157480315
11
0.9701250393700788
21
0.2722925196850394
0
LINE
8
BLACK
6
CONTINUOUS
10
0.9701250393700788
20
0.2722925196850394
11
0.9701251181102362
21
0.2722927559055118
0
LINE
8
BLACK
6
CONTINUOUS
10
0.9701251181102362
20
0.2722927559055118
11
0.9709035039370079
21
0.276206062992126
0
LINE
8
BLACK
6
CONTINUOUS
10
0.9709035039370079
20
0.276206062992126
11
0.971259842519685
21
0.2797620866141732
0
LINE
8
BLACK
6
CONTINUOUS
10
0.971259842519685
20
0.2797620866141732
11
0.971259842519685
21
0.2927164960629921
0
LINE
8
BLACK
6
CONTINUOUS
10
0.971259842519685
20
0.2927164960629921
11
0.9712598031496062
21
0.2927165354330709
0
LINE
8
BLACK
6
CONTINUOUS
10
0.9712598031496062
20
0.2927165354330709
11
0.9614173228346456
21
0.2927165354330709
0
LINE
8
BLACK
6
CONTINUOUS
10
0.9614173228346456
20
0.2927165354330709
11
0.9614173228346456
21
0.2809055118110236
0
LINE
8
BLACK
6
CONTINUOUS
10
0.3096074015748032
20
0.2984718897637795
11
0.3189904330708661
21
0.2907714173228346
0
LINE
8
BLACK
6
CONTINUOUS
10
0.3189904330708661
20
0.2907714173228346
11
0.3300869291338583
21
0.2833568897637795
0
LINE
8
BLACK
6
CONTINUOUS
10
0.3300869291338583
20
0.2833568897637795
11
0.3418557874015748
21
0.2770663385826772
0
LINE
8
BLACK
6
CONTINUOUS
10
0.3418557874015748
20
0.2770663385826772
11
0.3418568503937008
21
0.2770658267716535
0
LINE
8
BLACK
6
CONTINUOUS
10
0.3418568503937008
20
0.2770658267716535
11
0.3541864566929134
21
0.2719587401574803
0
LINE
8
BLACK
6
CONTINUOUS
10
0.3541864566929134
20
0.2719587401574803
11
0.3669568503937008
21
0.2680849212598425
0
LINE
8
BLACK
6
CONTINUOUS
10
0.3669568503937008
20
0.2680849212598425
11
0.3800462204724409
21
0.2654812992125984
0
LINE
8
BLACK
6
CONTINUOUS
10
0.3800462204724409
20
0.2654812992125984
11
0.380046062992126
21
0.2654812992125984
0
LINE
8
BLACK
6
CONTINUOUS
10
0.380046062992126
20
0.2654812992125984
11
0.3933269291338582
21
0.2641732283464567
0
LINE
8
BLACK
6
CONTINUOUS
10
0.3933269291338582
20
0.2641732283464567
11
0.4066730708661417
21
0.2641732283464567
0
LINE
8
BLACK
6
CONTINUOUS
10
0.4066730708661417
20
0.2641732283464567
11
0.4199538188976378
21
0.2654812992125984
0
LINE
8
BLACK
6
CONTINUOUS
10
0.4199538188976378
20
0.2654812992125984
11
0.4330431102362204
21
0.2680849212598425
0
LINE
8
BLACK
6
CONTINUOUS
10
0.4330431102362204
20
0.2680849212598425
11
0.4458135039370079
21
0.2719587401574803
0
LINE
8
BLACK
6
CONTINUOUS
10
0.4458135039370079
20
0.2719587401574803
11
0.4581431102362205
21
0.2770658267716535
0
LINE
8
BLACK
6
CONTINUOUS
10
0.4581431102362205
20
0.2770658267716535
11
0.4581441732283464
21
0.2770663385826772
0
LINE
8
BLACK
6
CONTINUOUS
10
0.4581441732283464
20
0.2770663385826772
11
0.469913031496063
21
0.2833568897637795
0
LINE
8
BLACK
6
CONTINUOUS
10
0.469913031496063
20
0.2833568897637795
11
0.4810096062992126
21
0.2907714566929134
0
LINE
8
BLACK
6
CONTINUOUS
10
0.4810096062992126
20
0.2907714566929134
11
0.481009842519685
21
0.2907716535433071
0
LINE
8
BLACK
6
CONTINUOUS
10
0.481009842519685
20
0.2907716535433071
11
0.4890181102362204
21
0.2973438976377953
0
LINE
8
BLACK
6
CONTINUOUS
10
0.4890181102362204
20
0.2973438976377953
11
0.4903925196850394
21
0.2984718897637795
0
LINE
8
BLACK
6
CONTINUOUS
10
0.4903925196850394
20
0.2984718897637795
11
0.483311811023622
21
0.3055525984251968
0
LINE
8
BLACK
6
CONTINUOUS
10
0.483311811023622
20
0.3055525984251968
11
0.4729034645669291
21
0.2972521653543307
0
LINE
8
BLACK
6
CONTINUOUS
10
0.4729034645669291
20
0.2972521653543307
11
0.4609409448818897
21
0.2897356299212598
0
LINE
8
BLACK
6
CONTINUOUS
10
0.4609409448818897
20
0.2897356299212598
11
0.4482120866141732
21
0.2836057086614173
0
LINE
8
BLACK
6
CONTINUOUS
10
0.4482120866141732
20
0.2836057086614173
11
0.4348769291338583
21
0.2789395669291339
0
LINE
8
BLACK
6
CONTINUOUS
10
0.4348769291338583
20
0.2789395669291339
11
0.4211031496062992
21
0.2757957874015748
0
LINE
8
BLACK
6
CONTINUOUS
10
0.4211031496062992
20
0.2757957874015748
11
0.4070639763779528
21
0.274213937007874
0
LINE
8
BLACK
6
CONTINUOUS
10
0.4070639763779528
20
0.274213937007874
11
0.3929360236220472
21
0.274213937007874
0
LINE
8
BLACK
6
CONTINUOUS
10
0.3929360236220472
20
0.274213937007874
11
0.3788968503937008
21
0.2757957874015748
0
LINE
8
BLACK
6
CONTINUOUS
10
0.3788968503937008
20
0.2757957874015748
11
0.3651230708661417
21
0.2789395669291339
0
LINE
8
BLACK
6
CONTINUOUS
10
0.3651230708661417
20
0.2789395669291339
11
0.3517879133858268
21
0.2836057086614173
0
LINE
8
BLACK
6
CONTINUOUS
10
0.3517879133858268
20
0.2836057086614173
11
0.3390590551181102
21
0.2897356299212598
0
LINE
8
BLACK
6
CONTINUOUS
10
0.3390590551181102
20
0.2897356299212598
11
0.3270965354330709
21
0.2972521653543307
0
LINE
8
BLACK
6
CONTINUOUS
10
0.3270965354330709
20
0.2972521653543307
11
0.3166881102362205
21
0.3055526377952756
0
LINE
8
BLACK
6
CONTINUOUS
10
0.3166881102362205
20
0.3055526377952756
11
0.3096074015748032
21
0.2984718897637795
0
LINE
8
BLACK
6
CONTINUOUS
10
1.909607401574803
20
0.2984718897637795
11
1.918990433070866
21
0.2907714173228346
0
LINE
8
BLACK
6
CONTINUOUS
10
1.918990433070866
20
0.2907714173228346
11
1.9300869291338583
21
0.2833568897637795
0
LINE
8
BLACK
6
CONTINUOUS
10
1.9300869291338583
20
0.2833568897637795
11
1.9418557874015747
21
0.2770663385826772
0
LINE
8
BLACK
6
CONTINUOUS
10
1.9418557874015747
20
0.2770663385826772
11
1.9418568503937008
21
0.2770658267716535
0
LINE
8
BLACK
6
CONTINUOUS
10
1.9418568503937008
20
0.2770658267716535
11
1.9541864566929132
21
0.2719587401574803
0
LINE
8
BLACK
6
CONTINUOUS
10
1.9541864566929132
20
0.2719587401574803
11
1.9669568503937007
21
0.2680849212598425
0
LINE
8
BLACK
6
CONTINUOUS
10
1.9669568503937007
20
0.2680849212598425
11
1.9800462204724409
21
0.2654812992125984
0
LINE
8
BLACK
6
CONTINUOUS
10
1.9800462204724409
20
0.2654812992125984
11
1.9800460629921259
21
0.2654812992125984
0
LINE
8
BLACK
6
CONTINUOUS
10
1.9800460629921259
20
0.2654812992125984
11
1.9933269291338582
21
0.2641732283464567
0
LINE
8
BLACK
6
CONTINUOUS
10
1.9933269291338582
20
0.2641732283464567
11
2.0066730708661416
21
0.2641732283464567
0
LINE
8
BLACK
6
CONTINUOUS
10
2.0066730708661416
20
0.2641732283464567
11
2.0199538188976378
21
0.2654812992125984
0
LINE
8
BLACK
6
CONTINUOUS
10
2.0199538188976378
20
0.2654812992125984
11
2.0330431102362203
21
0.2680849212598425
0
LINE
8
BLACK
6
CONTINUOUS
10
2.0330431102362203
20
0.2680849212598425
11
2.045813503937008
21
0.2719587401574803
0
LINE
8
BLACK
6
CONTINUOUS
10
2.045813503937008
20
0.2719587401574803
11
2.0581431102362204
21
0.2770658267716535
0
LINE
8
BLACK
6
CONTINUOUS
10
2.0581431102362204
20
0.2770658267716535
11
2.0581441732283463
21
0.2770663385826772
0
LINE
8
BLACK
6
CONTINUOUS
10
2.0581441732283463
20
0.2770663385826772
11
2.0699130314960628
21
0.2833568897637795
0
LINE
8
BLACK
6
CONTINUOUS
10
2.0699130314960628
20
0.2833568897637795
11
2.0810096062992125
21
0.2907714566929134
0
LINE
8
BLACK
6
CONTINUOUS
10
2.0810096062992125
20
0.2907714566929134
11
2.081009842519685
21
0.2907716535433071
0
LINE
8
BLACK
6
CONTINUOUS
10
2.081009842519685
20
0.2907716535433071
11
2.0903925196850395
21
0.2984718897637795
0
LINE
8
BLACK
6
CONTINUOUS
10
2.0903925196850395
20
0.2984718897637795
11
2.0833118110236222
21
0.3055525984251968
0
LINE
8
BLACK
6
CONTINUOUS
10
2.0833118110236222
20
0.3055525984251968
11
2.0729034645669291
21
0.2972521653543307
0
LINE
8
BLACK
6
CONTINUOUS
10
2.0729034645669291
20
0.2972521653543307
11
2.0609409448818896
21
0.2897356299212598
0
LINE
8
BLACK
6
CONTINUOUS
10
2.0609409448818896
20
0.2897356299212598
11
2.0482120866141731
21
0.2836057086614173
0
LINE
8
BLACK
6
CONTINUOUS
10
2.0482120866141731
20
0.2836057086614173
11
2.0348769291338584
21
0.2789395669291339
0
LINE
8
BLACK
6
CONTINUOUS
10
2.0348769291338584
20
0.2789395669291339
11
2.021103149606299
21
0.2757957874015748
0
LINE
8
BLACK
6
CONTINUOUS
10
2.021103149606299
20
0.2757957874015748
11
2.0070639763779528
21
0.274213937007874
0
LINE
8
BLACK
6
CONTINUOUS
10
2.0070639763779528
20
0.274213937007874
11
1.9929360236220472
21
0.274213937007874
0
LINE
8
BLACK
6
CONTINUOUS
10
1.9929360236220472
20
0.274213937007874
11
1.9788968503937008
21
0.2757957874015748
0
LINE
8
BLACK
6
CONTINUOUS
10
1.9788968503937008
20
0.2757957874015748
11
1.9651230708661418
21
0.2789395669291339
0
LINE
8
BLACK
6
CONTINUOUS
10
1.9651230708661418
20
0.2789395669291339
11
1.9517879133858267
21
0.2836057086614173
0
LINE
8
BLACK
6
CONTINUOUS
10
1.9517879133858267
20
0.2836057086614173
11
1.9390590551181102
21
0.2897356299212598
0
LINE
8
BLACK
6
CONTINUOUS
10
1.9390590551181102
20
0.2897356299212598
11
1.9270965354330709
21
0.2972521653543307
0
LINE
8
BLACK
6
CONTINUOUS
10
1.9270965354330709
20
0.2972521653543307
11
1.9166881102362203
21
0.3055526377952756
0
LINE
8
BLACK
6
CONTINUOUS
10
1.9166881102362203
20
0.3055526377952756
11
1.909607401574803
21
0.2984718897637795
0
LINE
8
BLACK
6
CONTINUOUS
10
1.189458307086614
20
0.318985748031496
11
1.1894581496062993
21
0.318985905511811
0
LINE
8
BLACK
6
CONTINUOUS
10
1.1894581496062993
20
0.318985905511811
11
1.1862026771653542
21
0.3211611417322834
0
LINE
8
BLACK
6
CONTINUOUS
10
1.1862026771653542
20
0.3211611417322834
11
1.1862025984251969
21
0.3211611811023622
0
LINE
8
BLACK
6
CONTINUOUS
10
1.1862025984251969
20
0.3211611811023622
11
1.1833316535433072
21
0.3217322834645669
0
LINE
8
BLACK
6
CONTINUOUS
10
1.1833316535433072
20
0.3217322834645669
11
1.1602362598425198
21
0.3217322834645669
0
LINE
8
BLACK
6
CONTINUOUS
10
1.1602362598425198
20
0.3217322834645669
11
1.160236220472441
21
0.3217322440944882
0
LINE
8
BLACK
6
CONTINUOUS
10
1.160236220472441
20
0.3217322440944882
11
1.160236220472441
21
0.3118897637795275
0
LINE
8
BLACK
6
CONTINUOUS
10
1.160236220472441
20
0.3118897637795275
11
1.1823622047244093
21
0.3118897637795275
0
LINE
8
BLACK
6
CONTINUOUS
10
1.1823622047244093
20
0.3118897637795275
11
1.1823622047244093
21
0.2897637795275591
0
LINE
8
BLACK
6
CONTINUOUS
10
1.1823622047244093
20
0.2897637795275591
11
1.1922046850393702
21
0.2897637795275591
0
LINE
8
BLACK
6
CONTINUOUS
10
1.1922046850393702
20
0.2897637795275591
11
1.1922047244094487
21
0.2897638188976378
0
LINE
8
BLACK
6
CONTINUOUS
10
1.1922047244094487
20
0.2897638188976378
11
1.1922047244094487
21
0.3128591732283464
0
LINE
8
BLACK
6
CONTINUOUS
10
1.1922047244094487
20
0.3128591732283464
11
1.1922046850393702
21
0.3128592519685039
0
LINE
8
BLACK
6
CONTINUOUS
10
1.1922046850393702
20
0.3128592519685039
11
1.1916335826771653
21
0.3157302362204724
0
LINE
8
BLACK
6
CONTINUOUS
10
1.1916335826771653
20
0.3157302362204724
11
1.1909212992125984
21
0.3167962598425197
0
LINE
8
BLACK
6
CONTINUOUS
10
1.1909212992125984
20
0.3167962598425197
11
1.189458307086614
21
0.318985748031496
0
LINE
8
BLACK
6
CONTINUOUS
10
1.0602362204724409
20
0.3217322440944882
11
1.0602362204724409
21
0.3118897637795275
0
LINE
8
BLACK
6
CONTINUOUS
10
1.0602362204724409
20
0.3118897637795275
11
1.0823622047244095
21
0.3118897637795275
0
LINE
8
BLACK
6
CONTINUOUS
10
1.0823622047244095
20
0.3118897637795275
11
1.0823622047244095
21
0.2897637795275591
0
LINE
8
BLACK
6
CONTINUOUS
10
1.0823622047244095
20
0.2897637795275591
11
1.0922046850393701
21
0.2897637795275591
0
LINE
8
BLACK
6
CONTINUOUS
10
1.0922046850393701
20
0.2897637795275591
11
1.0922047244094488
21
0.2897638188976378
0
LINE
8
BLACK
6
CONTINUOUS
10
1.0922047244094488
20
0.2897638188976378
11
1.0922047244094488
21
0.3128591732283464
0
LINE
8
BLACK
6
CONTINUOUS
10
1.0922047244094488
20
0.3128591732283464
11
1.0922046850393701
21
0.3128592519685039
0
LINE
8
BLACK
6
CONTINUOUS
10
1.0922046850393701
20
0.3128592519685039
11
1.0916335826771653
21
0.3157301968503937
0
LINE
8
BLACK
6
CONTINUOUS
10
1.0916335826771653
20
0.3157301968503937
11
1.0916335433070865
21
0.3157302755905512
0
LINE
8
BLACK
6
CONTINUOUS
10
1.0916335433070865
20
0.3157302755905512
11
1.0894583070866142
21
0.318985748031496
0
LINE
8
BLACK
6
CONTINUOUS
10
1.0894583070866142
20
0.318985748031496
11
1.0894581496062992
21
0.318985905511811
0
LINE
8
BLACK
6
CONTINUOUS
10
1.0894581496062992
20
0.318985905511811
11
1.0862026771653543
21
0.3211611417322834
0
LINE
8
BLACK
6
CONTINUOUS
10
1.0862026771653543
20
0.3211611417322834
11
1.0862025984251968
21
0.3211611811023622
0
LINE
8
BLACK
6
CONTINUOUS
10
1.0862025984251968
20
0.3211611811023622
11
1.0833316535433071
21
0.3217322834645669
0
LINE
8
BLACK
6
CONTINUOUS
10
1.0833316535433071
20
0.3217322834645669
11
1.0602362598425197
21
0.3217322834645669
0
LINE
8
BLACK
6
CONTINUOUS
10
1.0602362598425197
20
0.3217322834645669
11
1.0602362204724409
21
0.3217322440944882
0
LINE
8
BLACK
6
CONTINUOUS
10
0.9496062992125984
20
0.3382654330708662
11
0.9537157874015748
21
0.3358927952755905
0
LINE
8
BLACK
6
CONTINUOUS
10
0.9537157874015748
20
0.3358927952755905
11
0.9573494881889764
21
0.332259094488189
0
LINE
8
BLACK
6
CONTINUOUS
10
0.9573494881889764
20
0.332259094488189
11
0.9599188976377953
21
0.3278087401574803
0
LINE
8
BLACK
6
CONTINUOUS
10
0.9599188976377953
20
0.3278087401574803
11
0.9612488976377953
21
0.322845
0
LINE
8
BLACK
6
CONTINUOUS
10
0.9612488976377953
20
0.322845
11
0.9614173228346456
21
0.3202755905511811
0
LINE
8
BLACK
6
CONTINUOUS
10
0.9614173228346456
20
0.3202755905511811
11
0.9614173228346456
21
0.3084645669291339
0
LINE
8
BLACK
6
CONTINUOUS
10
0.9614173228346456
20
0.3084645669291339
11
0.9712598031496062
21
0.3084645669291339
0
LINE
8
BLACK
6
CONTINUOUS
10
0.9712598031496062
20
0.3084645669291339
11
0.971259842519685
21
0.3084646062992126
0
LINE
8
BLACK
6
CONTINUOUS
10
0.971259842519685
20
0.3084646062992126
11
0.971259842519685
21
0.3128592519685039
0
LINE
8
BLACK
6
CONTINUOUS
10
0.971259842519685
20
0.3128592519685039
11
0.971259842519685
21
0.3231837795275591
0
LINE
8
BLACK
6
CONTINUOUS
10
0.971259842519685
20
0.3231837795275591
11
0.9712598031496062
21
0.323183937007874
0
LINE
8
BLACK
6
CONTINUOUS
10
0.9712598031496062
20
0.323183937007874
11
0.9701251181102362
21
0.3288883858267717
0
LINE
8
BLACK
6
CONTINUOUS
10
0.9701251181102362
20
0.3288883858267717
11
0.9701250393700788
21
0.3288886220472441
0
LINE
8
BLACK
6
CONTINUOUS
10
0.9701250393700788
20
0.3288886220472441
11
0.9678992519685039
21
0.334262125984252
0
LINE
8
BLACK
6
CONTINUOUS
10
0.9678992519685039
20
0.334262125984252
11
0.9646679133858268
21
0.3390981889763779
0
LINE
8
BLACK
6
CONTINUOUS
10
0.9646679133858268
20
0.3390981889763779
11
0.960554842519685
21
0.3432112598425197
0
LINE
8
BLACK
6
CONTINUOUS
10
0.960554842519685
20
0.3432112598425197
11
0.955718779527559
21
0.3464425984251969
0
LINE
8
BLACK
6
CONTINUOUS
10
0.955718779527559
20
0.3464425984251969
11
0.9503452755905512
21
0.3486683858267716
0
LINE
8
BLACK
6
CONTINUOUS
10
0.9503452755905512
20
0.3486683858267716
11
0.9503450393700787
21
0.3486684645669291
0
LINE
8
BLACK
6
CONTINUOUS
10
0.9503450393700787
20
0.3486684645669291
11
0.9496062992125984
21
0.3488153937007874
0
LINE
8
BLACK
6
CONTINUOUS
10
0.9496062992125984
20
0.3488153937007874
11
0.9496062992125984
21
0.3382654330708662
0
LINE
8
BLACK
6
CONTINUOUS
10
1.660236220472441
20
0.3256692519685039
11
1.660236220472441
21
0.3158267716535433
0
LINE
8
BLACK
6
CONTINUOUS
10
1.660236220472441
20
0.3158267716535433
11
1.6823622047244093
21
0.3158267716535433
0
LINE
8
BLACK
6
CONTINUOUS
10
1.6823622047244093
20
0.3158267716535433
11
1.6823622047244093
21
0.2937007874015748
0
LINE
8
BLACK
6
CONTINUOUS
10
1.6823622047244093
20
0.2937007874015748
11
1.6922046850393699
21
0.2937007874015748
0
LINE
8
BLACK
6
CONTINUOUS
10
1.6922046850393699
20
0.2937007874015748
11
1.6922047244094487
21
0.2937008267716535
0
LINE
8
BLACK
6
CONTINUOUS
10
1.6922047244094487
20
0.2937008267716535
11
1.6922047244094487
21
0.3167961811023622
0
LINE
8
BLACK
6
CONTINUOUS
10
1.6922047244094487
20
0.3167961811023622
11
1.6922046850393699
21
0.3167962598425197
0
LINE
8
BLACK
6
CONTINUOUS
10
1.6922046850393699
20
0.3167962598425197
11
1.6916335826771653
21
0.3196672047244095
0
LINE
8
BLACK
6
CONTINUOUS
10
1.6916335826771653
20
0.3196672047244095
11
1.6916335433070866
21
0.3196672834645669
0
LINE
8
BLACK
6
CONTINUOUS
10
1.6916335433070866
20
0.3196672834645669
11
1.689458307086614
21
0.3229227559055118
0
LINE
8
BLACK
6
CONTINUOUS
10
1.689458307086614
20
0.3229227559055118
11
1.6894581496062993
21
0.3229229133858267
0
LINE
8
BLACK
6
CONTINUOUS
10
1.6894581496062993
20
0.3229229133858267
11
1.6862026771653542
21
0.3250981496062992
0
LINE
8
BLACK
6
CONTINUOUS
10
1.6862026771653542
20
0.3250981496062992
11
1.6862025984251967
21
0.3250981889763779
0
LINE
8
BLACK
6
CONTINUOUS
10
1.6862025984251967
20
0.3250981889763779
11
1.6833316535433069
21
0.3256692913385827
0
LINE
8
BLACK
6
CONTINUOUS
10
1.6833316535433069
20
0.3256692913385827
11
1.6602362598425195
21
0.3256692913385827
0
LINE
8
BLACK
6
CONTINUOUS
10
1.6602362598425195
20
0.3256692913385827
11
1.660236220472441
21
0.3256692519685039
0
LINE
8
BLACK
6
CONTINUOUS
10
1.5602362204724409
20
0.3256692519685039
11
1.5602362204724409
21
0.3158267716535433
0
LINE
8
BLACK
6
CONTINUOUS
10
1.5602362204724409
20
0.3158267716535433
11
1.5823622047244095
21
0.3158267716535433
0
LINE
8
BLACK
6
CONTINUOUS
10
1.5823622047244095
20
0.3158267716535433
11
1.5823622047244095
21
0.2937007874015748
0
LINE
8
BLACK
6
CONTINUOUS
10
1.5823622047244095
20
0.2937007874015748
11
1.5922046850393701
21
0.2937007874015748
0
LINE
8
BLACK
6
CONTINUOUS
10
1.5922046850393701
20
0.2937007874015748
11
1.5922047244094488
21
0.2937008267716535
0
LINE
8
BLACK
6
CONTINUOUS
10
1.5922047244094488
20
0.2937008267716535
11
1.5922047244094488
21
0.3167961811023622
0
LINE
8
BLACK
6
CONTINUOUS
10
1.5922047244094488
20
0.3167961811023622
11
1.5922046850393701
21
0.3167962598425197
0
LINE
8
BLACK
6
CONTINUOUS
10
1.5922046850393701
20
0.3167962598425197
11
1.5916335826771653
21
0.3196672047244095
0
LINE
8
BLACK
6
CONTINUOUS
10
1.5916335826771653
20
0.3196672047244095
11
1.5916335433070865
21
0.3196672834645669
0
LINE
8
BLACK
6
CONTINUOUS
10
1.5916335433070865
20
0.3196672834645669
11
1.5894583070866142
21
0.3229227559055118
0
LINE
8
BLACK
6
CONTINUOUS
10
1.5894583070866142
20
0.3229227559055118
11
1.5894581496062992
21
0.3229229133858267
0
LINE
8
BLACK
6
CONTINUOUS
10
1.5894581496062992
20
0.3229229133858267
11
1.5862026771653543
21
0.3250981496062992
0
LINE
8
BLACK
6
CONTINUOUS
10
1.5862026771653543
20
0.3250981496062992
11
1.5862025984251968
21
0.3250981889763779
0
LINE
8
BLACK
6
CONTINUOUS
10
1.5862025984251968
20
0.3250981889763779
11
1.5833316535433071
21
0.3256692913385827
0
LINE
8
BLACK
6
CONTINUOUS
10
1.5833316535433071
20
0.3256692913385827
11
1.5602362598425197
21
0.3256692913385827
0
LINE
8
BLACK
6
CONTINUOUS
10
1.5602362598425197
20
0.3256692913385827
11
1.5602362204724409
21
0.3256692519685039
0
LINE
8
BLACK
6
CONTINUOUS
10
0.6299676377952755
20
0.3288883858267717
11
0.6299675590551181
21
0.3288886220472441
0
LINE
8
BLACK
6
CONTINUOUS
10
0.6299675590551181
20
0.3288886220472441
11
0.6277417716535433
21
0.334262125984252
0
LINE
8
BLACK
6
CONTINUOUS
10
0.6277417716535433
20
0.334262125984252
11
0.6245104330708662
21
0.3390981889763779
0
LINE
8
BLACK
6
CONTINUOUS
10
0.6245104330708662
20
0.3390981889763779
11
0.6203973622047244
21
0.3432112598425197
0
LINE
8
BLACK
6
CONTINUOUS
10
0.6203973622047244
20
0.3432112598425197
11
0.6155612992125984
21
0.3464425984251969
0
LINE
8
BLACK
6
CONTINUOUS
10
0.6155612992125984
20
0.3464425984251969
11
0.6101877952755905
21
0.3486683858267716
0
LINE
8
BLACK
6
CONTINUOUS
10
0.6101877952755905
20
0.3486683858267716
11
0.6101875590551181
21
0.3486684645669291
0
LINE
8
BLACK
6
CONTINUOUS
10
0.6101875590551181
20
0.3486684645669291
11
0.6094488188976378
21
0.3488153937007874
0
LINE
8
BLACK
6
CONTINUOUS
10
0.6094488188976378
20
0.3488153937007874
11
0.6094488188976378
21
0.3382654330708662
0
LINE
8
BLACK
6
CONTINUOUS
10
0.6094488188976378
20
0.3382654330708662
11
0.6135583070866142
21
0.3358927952755905
0
LINE
8
BLACK
6
CONTINUOUS
10
0.6135583070866142
20
0.3358927952755905
11
0.6171920078740157
21
0.332259094488189
0
LINE
8
BLACK
6
CONTINUOUS
10
0.6171920078740157
20
0.332259094488189
11
0.6197614173228346
21
0.3278087401574803
0
LINE
8
BLACK
6
CONTINUOUS
10
0.6197614173228346
20
0.3278087401574803
11
0.6210914173228347
21
0.322845
0
LINE
8
BLACK
6
CONTINUOUS
10
0.6210914173228347
20
0.322845
11
0.621259842519685
21
0.3202755905511811
0
LINE
8
BLACK
6
CONTINUOUS
10
0.621259842519685
20
0.3202755905511811
11
0.621259842519685
21
0.3084645669291339
0
LINE
8
BLACK
6
CONTINUOUS
10
0.621259842519685
20
0.3084645669291339
11
0.6311023228346456
21
0.3084645669291339
0
LINE
8
BLACK
6
CONTINUOUS
10
0.6311023228346456
20
0.3084645669291339
11
0.6311023622047244
21
0.3084646062992126
0
LINE
8
BLACK
6
CONTINUOUS
10
0.6311023622047244
20
0.3084646062992126
11
0.6311023622047244
21
0.3231837795275591
0
LINE
8
BLACK
6
CONTINUOUS
10
0.6311023622047244
20
0.3231837795275591
11
0.6311023228346456
21
0.323183937007874
0
LINE
8
BLACK
6
CONTINUOUS
10
0.6311023228346456
20
0.323183937007874
11
0.6299676377952755
21
0.3288883858267717
0
LINE
8
BLACK
6
CONTINUOUS
10
0.4944473622047244
20
0.4833118897637795
11
0.5027478346456693
21
0.4729034645669291
0
LINE
8
BLACK
6
CONTINUOUS
10
0.5027478346456693
20
0.4729034645669291
11
0.5102643700787401
21
0.4609409448818897
0
LINE
8
BLACK
6
CONTINUOUS
10
0.5102643700787401
20
0.4609409448818897
11
0.5163942913385826
21
0.4482120866141732
0
LINE
8
BLACK
6
CONTINUOUS
10
0.5163942913385826
20
0.4482120866141732
11
0.5210604330708661
21
0.4348769291338583
0
LINE
8
BLACK
6
CONTINUOUS
10
0.5210604330708661
20
0.4348769291338583
11
0.5242042125984252
21
0.4211031496062992
0
LINE
8
BLACK
6
CONTINUOUS
10
0.5242042125984252
20
0.4211031496062992
11
0.5257860629921259
21
0.4070639763779528
0
LINE
8
BLACK
6
CONTINUOUS
10
0.5257860629921259
20
0.4070639763779528
11
0.5257860629921259
21
0.3929360236220472
0
LINE
8
BLACK
6
CONTINUOUS
10
0.5257860629921259
20
0.3929360236220472
11
0.5242042125984252
21
0.3788968503937008
0
LINE
8
BLACK
6
CONTINUOUS
10
0.5242042125984252
20
0.3788968503937008
11
0.5210604330708661
21
0.3651230708661417
0
LINE
8
BLACK
6
CONTINUOUS
10
0.5210604330708661
20
0.3651230708661417
11
0.5163942913385826
21
0.3517879133858268
0
LINE
8
BLACK
6
CONTINUOUS
10
0.5163942913385826
20
0.3517879133858268
11
0.5102643700787401
21
0.3390590551181102
0
LINE
8
BLACK
6
CONTINUOUS
10
0.5102643700787401
20
0.3390590551181102
11
0.5027478346456693
21
0.3270965354330709
0
LINE
8
BLACK
6
CONTINUOUS
10
0.5027478346456693
20
0.3270965354330709
11
0.4944474015748032
21
0.316688188976378
0
LINE
8
BLACK
6
CONTINUOUS
10
0.4944474015748032
20
0.316688188976378
11
0.5015281102362205
21
0.3096074803149606
0
LINE
8
BLACK
6
CONTINUOUS
10
0.5015281102362205
20
0.3096074803149606
11
0.5092283464566929
21
0.318990157480315
0
LINE
8
BLACK
6
CONTINUOUS
10
0.5092283464566929
20
0.318990157480315
11
0.5092285433070866
21
0.3189903937007874
0
LINE
8
BLACK
6
CONTINUOUS
10
0.5092285433070866
20
0.3189903937007874
11
0.5120306299212598
21
0.323183937007874
0
LINE
8
BLACK
6
CONTINUOUS
10
0.5120306299212598
20
0.323183937007874
11
0.5136054330708661
21
0.3255407480314961
0
LINE
8
BLACK
6
CONTINUOUS
10
0.5136054330708661
20
0.3255407480314961
11
0.5166431102362204
21
0.330086968503937
0
LINE
8
BLACK
6
CONTINUOUS
10
0.5166431102362204
20
0.330086968503937
11
0.5229336614173228
21
0.3418558267716535
0
LINE
8
BLACK
6
CONTINUOUS
10
0.5229336614173228
20
0.3418558267716535
11
0.5229341732283465
21
0.3418568897637795
0
LINE
8
BLACK
6
CONTINUOUS
10
0.5229341732283465
20
0.3418568897637795
11
0.5280412598425197
21
0.3541864960629921
0
LINE
8
BLACK
6
CONTINUOUS
10
0.5280412598425197
20
0.3541864960629921
11
0.5319150787401574
21
0.3669568897637795
0
LINE
8
BLACK
6
CONTINUOUS
10
0.5319150787401574
20
0.3669568897637795
11
0.5345187007874016
21
0.3800461811023622
0
LINE
8
BLACK
6
CONTINUOUS
10
0.5345187007874016
20
0.3800461811023622
11
0.5358267716535433
21
0.393326968503937
0
LINE
8
BLACK
6
CONTINUOUS
10
0.5358267716535433
20
0.393326968503937
11
0.5358267716535433
21
0.4066730708661417
0
LINE
8
BLACK
6
CONTINUOUS
10
0.5358267716535433
20
0.4066730708661417
11
0.5345187007874016
21
0.4199538582677165
0
LINE
8
BLACK
6
CONTINUOUS
10
0.5345187007874016
20
0.4199538582677165
11
0.5332783464566929
21
0.4261896456692914
0
LINE
8
BLACK
6
CONTINUOUS
10
0.5332783464566929
20
0.4261896456692914
11
0.5319150787401574
21
0.4330431496062992
0
LINE
8
BLACK
6
CONTINUOUS
10
0.5319150787401574
20
0.4330431496062992
11
0.5280412598425197
21
0.4458135433070866
0
LINE
8
BLACK
6
CONTINUOUS
10
0.5280412598425197
20
0.4458135433070866
11
0.5260861417322834
21
0.4505335826771654
0
LINE
8
BLACK
6
CONTINUOUS
10
0.5260861417322834
20
0.4505335826771654
11
0.5229341732283465
21
0.4581431496062992
0
LINE
8
BLACK
6
CONTINUOUS
10
0.5229341732283465
20
0.4581431496062992
11
0.5229336614173228
21
0.4581442125984252
0
LINE
8
BLACK
6
CONTINUOUS
10
0.5229336614173228
20
0.4581442125984252
11
0.5166431102362204
21
0.4699130708661417
0
LINE
8
BLACK
6
CONTINUOUS
10
0.5166431102362204
20
0.4699130708661417
11
0.5097559448818898
21
0.4802203149606299
0
LINE
8
BLACK
6
CONTINUOUS
10
0.5097559448818898
20
0.4802203149606299
11
0.509755905511811
21
0.4802203543307086
0
LINE
8
BLACK
6
CONTINUOUS
10
0.509755905511811
20
0.4802203543307086
11
0.5092285039370079
21
0.4810096456692913
0
LINE
8
BLACK
6
CONTINUOUS
10
0.5092285039370079
20
0.4810096456692913
11
0.5015281102362205
21
0.4903925984251968
0
LINE
8
BLACK
6
CONTINUOUS
10
0.5015281102362205
20
0.4903925984251968
11
0.4944473622047244
21
0.4833118897637795
0
LINE
8
BLACK
6
CONTINUOUS
10
2.0944473622047242
20
0.4833118897637795
11
2.1027478346456694
21
0.4729034645669291
0
LINE
8
BLACK
6
CONTINUOUS
10
2.1027478346456694
20
0.4729034645669291
11
2.11026437007874
21
0.4609409448818897
0
LINE
8
BLACK
6
CONTINUOUS
10
2.11026437007874
20
0.4609409448818897
11
2.1163942913385827
21
0.4482120866141732
0
LINE
8
BLACK
6
CONTINUOUS
10
2.1163942913385827
20
0.4482120866141732
11
2.1210604330708662
21
0.4348769291338583
0
LINE
8
BLACK
6
CONTINUOUS
10
2.1210604330708662
20
0.4348769291338583
11
2.1242042125984253
21
0.4211031496062992
0
LINE
8
BLACK
6
CONTINUOUS
10
2.1242042125984253
20
0.4211031496062992
11
2.1257860629921259
21
0.4070639763779528
0
LINE
8
BLACK
6
CONTINUOUS
10
2.1257860629921259
20
0.4070639763779528
11
2.1257860629921259
21
0.3929360236220472
0
LINE
8
BLACK
6
CONTINUOUS
10
2.1257860629921259
20
0.3929360236220472
11
2.1242042125984253
21
0.3788968503937008
0
LINE
8
BLACK
6
CONTINUOUS
10
2.1242042125984253
20
0.3788968503937008
11
2.1210604330708662
21
0.3651230708661417
0
LINE
8
BLACK
6
CONTINUOUS
10
2.1210604330708662
20
0.3651230708661417
11
2.1163942913385827
21
0.3517879133858268
0
LINE
8
BLACK
6
CONTINUOUS
10
2.1163942913385827
20
0.3517879133858268
11
2.11026437007874
21
0.3390590551181102
0
LINE
8
BLACK
6
CONTINUOUS
10
2.11026437007874
20
0.3390590551181102
11
2.1027478346456694
21
0.3270965354330709
0
LINE
8
BLACK
6
CONTINUOUS
10
2.1027478346456694
20
0.3270965354330709
11
2.0944474015748029
21
0.316688188976378
0
LINE
8
BLACK
6
CONTINUOUS
10
2.0944474015748029
20
0.316688188976378
11
2.1015281102362202
21
0.3096074803149606
0
LINE
8
BLACK
6
CONTINUOUS
10
2.1015281102362202
20
0.3096074803149606
11
2.109228346456693
21
0.318990157480315
0
LINE
8
BLACK
6
CONTINUOUS
10
2.109228346456693
20
0.318990157480315
11
2.1092285433070868
21
0.3189903937007874
0
LINE
8
BLACK
6
CONTINUOUS
10
2.1092285433070868
20
0.3189903937007874
11
2.1166431102362204
21
0.330086968503937
0
LINE
8
BLACK
6
CONTINUOUS
10
2.1166431102362204
20
0.330086968503937
11
2.1229336614173229
21
0.3418558267716535
0
LINE
8
BLACK
6
CONTINUOUS
10
2.1229336614173229
20
0.3418558267716535
11
2.1229341732283462
21
0.3418568897637795
0
LINE
8
BLACK
6
CONTINUOUS
10
2.1229341732283462
20
0.3418568897637795
11
2.1280412598425196
21
0.3541864960629921
0
LINE
8
BLACK
6
CONTINUOUS
10
2.1280412598425196
20
0.3541864960629921
11
2.1319150787401573
21
0.3669568897637795
0
LINE
8
BLACK
6
CONTINUOUS
10
2.1319150787401573
20
0.3669568897637795
11
2.1345187007874014
21
0.3800461811023622
0
LINE
8
BLACK
6
CONTINUOUS
10
2.1345187007874014
20
0.3800461811023622
11
2.1358267716535431
21
0.393326968503937
0
LINE
8
BLACK
6
CONTINUOUS
10
2.1358267716535431
20
0.393326968503937
11
2.1358267716535431
21
0.4066730708661417
0
LINE
8
BLACK
6
CONTINUOUS
10
2.1358267716535431
20
0.4066730708661417
11
2.1345187007874014
21
0.4199538582677165
0
LINE
8
BLACK
6
CONTINUOUS
10
2.1345187007874014
20
0.4199538582677165
11
2.1319150787401573
21
0.4330431496062992
0
LINE
8
BLACK
6
CONTINUOUS
10
2.1319150787401573
20
0.4330431496062992
11
2.1280412598425196
21
0.4458135433070866
0
LINE
8
BLACK
6
CONTINUOUS
10
2.1280412598425196
20
0.4458135433070866
11
2.1229341732283462
21
0.4581431496062992
0
LINE
8
BLACK
6
CONTINUOUS
10
2.1229341732283462
20
0.4581431496062992
11
2.1229336614173229
21
0.4581442125984252
0
LINE
8
BLACK
6
CONTINUOUS
10
2.1229336614173229
20
0.4581442125984252
11
2.1166431102362204
21
0.4699130708661417
0
LINE
8
BLACK
6
CONTINUOUS
10
2.1166431102362204
20
0.4699130708661417
11
2.1092285826771655
21
0.4810095669291338
0
LINE
8
BLACK
6
CONTINUOUS
10
2.1092285826771655
20
0.4810095669291338
11
2.1015281102362202
21
0.4903925984251968
0
LINE
8
BLACK
6
CONTINUOUS
10
2.1015281102362202
20
0.4903925984251968
11
2.0944473622047242
21
0.4833118897637795
0
LINE
8
BLACK
6
CONTINUOUS
10
0.4842322834645669
20
0.5903914566929134
11
0.4858434251968504
21
0.5843785826771654
0
LINE
8
BLACK
6
CONTINUOUS
10
0.4858434251968504
20
0.5843785826771654
11
0.488955905511811
21
0.5789875590551181
0
LINE
8
BLACK
6
CONTINUOUS
10
0.488955905511811
20
0.5789875590551181
11
0.4933576377952756
21
0.5745858267716535
0
LINE
8
BLACK
6
CONTINUOUS
10
0.4933576377952756
20
0.5745858267716535
11
0.4987486614173228
21
0.5714733464566929
0
LINE
8
BLACK
6
CONTINUOUS
10
0.4987486614173228
20
0.5714733464566929
11
0.5047615354330709
21
0.5698622047244094
0
LINE
8
BLACK
6
CONTINUOUS
10
0.5047615354330709
20
0.5698622047244094
11
0.5047616141732283
21
0.5698622047244094
0
LINE
8
BLACK
6
CONTINUOUS
10
0.5047616141732283
20
0.5698622047244094
11
0.5109864173228347
21
0.5698622047244094
0
LINE
8
BLACK
6
CONTINUOUS
10
0.5109864173228347
20
0.5698622047244094
11
0.5109864960629921
21
0.5698622047244094
0
LINE
8
BLACK
6
CONTINUOUS
10
0.5109864960629921
20
0.5698622047244094
11
0.5169993700787402
21
0.5714733464566929
0
LINE
8
BLACK
6
CONTINUOUS
10
0.5169993700787402
20
0.5714733464566929
11
0.5223903937007874
21
0.5745858267716535
0
LINE
8
BLACK
6
CONTINUOUS
10
0.5223903937007874
20
0.5745858267716535
11
0.522430748031496
21
0.5746262204724409
0
LINE
8
BLACK
6
CONTINUOUS
10
0.522430748031496
20
0.5746262204724409
11
0.5224672440944882
21
0.5746448031496063
0
LINE
8
BLACK
6
CONTINUOUS
10
0.5224672440944882
20
0.5746448031496063
11
0.5225931496062992
21
0.5747413779527559
0
LINE
8
BLACK
6
CONTINUOUS
10
0.5225931496062992
20
0.5747413779527559
11
0.5226110236220473
21
0.5747180708661417
0
LINE
8
BLACK
6
CONTINUOUS
10
0.5226110236220473
20
0.5747180708661417
11
0.5245770078740157
21
0.5757197244094489
0
LINE
8
BLACK
6
CONTINUOUS
10
0.5245770078740157
20
0.5757197244094489
11
0.5251867322834646
21
0.575767716535433
0
LINE
8
BLACK
6
CONTINUOUS
10
0.5251867322834646
20
0.575767716535433
11
0.599306653543307
21
0.575767716535433
0
LINE
8
BLACK
6
CONTINUOUS
10
0.599306653543307
20
0.575767716535433
11
0.6015976377952755
21
0.575023346456693
0
LINE
8
BLACK
6
CONTINUOUS
10
0.6015976377952755
20
0.575023346456693
11
0.6020627165354331
21
0.5746261417322834
0
LINE
8
BLACK
6
CONTINUOUS
10
0.6020627165354331
20
0.5746261417322834
11
0.6454922834645669
21
0.5311965748031496
0
LINE
8
BLACK
6
CONTINUOUS
10
0.6454922834645669
20
0.5311965748031496
11
0.6465858661417323
21
0.5290502362204724
0
LINE
8
BLACK
6
CONTINUOUS
10
0.6465858661417323
20
0.5290502362204724
11
0.6466338582677165
21
0.5284405118110236
0
LINE
8
BLACK
6
CONTINUOUS
10
0.6466338582677165
20
0.5284405118110236
11
0.6466338582677165
21
0.4809328346456693
0
LINE
8
BLACK
6
CONTINUOUS
10
0.6466338582677165
20
0.4809328346456693
11
0.6466338188976378
21
0.4809328346456693
0
LINE
8
BLACK
6
CONTINUOUS
10
0.6466338188976378
20
0.4809328346456693
11
0.6475871259842519
21
0.4773750787401574
0
LINE
8
BLACK
6
CONTINUOUS
10
0.6475871259842519
20
0.4773750787401574
11
0.6475870866141732
21
0.4773750787401574
0
LINE
8
BLACK
6
CONTINUOUS
10
0.6475870866141732
20
0.4773750787401574
11
0.6478425196850394
21
0.476421811023622
0
LINE
8
BLACK
6
CONTINUOUS
10
0.6478425196850394
20
0.476421811023622
11
0.6478425984251969
21
0.4764216535433071
0
LINE
8
BLACK
6
CONTINUOUS
10
0.6478425984251969
20
0.4764216535433071
11
0.6501775196850393
21
0.4723774409448819
0
LINE
8
BLACK
6
CONTINUOUS
10
0.6501775196850393
20
0.4723774409448819
11
0.6502295669291338
21
0.4723096456692913
0
LINE
8
BLACK
6
CONTINUOUS
10
0.6502295669291338
20
0.4723096456692913
11
0.6502499606299212
21
0.472251968503937
0
LINE
8
BLACK
6
CONTINUOUS
10
0.6502499606299212
20
0.472251968503937
11
0.6503053149606299
21
0.4721561417322834
0
LINE
8
BLACK
6
CONTINUOUS
10
0.6503053149606299
20
0.4721561417322834
11
0.6502875196850394
21
0.472145905511811
0
LINE
8
BLACK
6
CONTINUOUS
10
0.6502875196850394
20
0.472145905511811
11
0.6510336614173228
21
0.4700389763779527
0
LINE
8
BLACK
6
CONTINUOUS
10
0.6510336614173228
20
0.4700389763779527
11
0.6503494881889763
21
0.4677292913385827
0
LINE
8
BLACK
6
CONTINUOUS
10
0.6503494881889763
20
0.4677292913385827
11
0.6490862204724409
21
0.4665614960629921
0
LINE
8
BLACK
6
CONTINUOUS
10
0.6490862204724409
20
0.4665614960629921
11
0.6439620866141732
21
0.463603031496063
0
LINE
8
BLACK
6
CONTINUOUS
10
0.6439620866141732
20
0.463603031496063
11
0.639743346456693
21
0.4593842913385827
0
LINE
8
BLACK
6
CONTINUOUS
10
0.639743346456693
20
0.4593842913385827
11
0.6373911811023621
21
0.4553101968503937
0
LINE
8
BLACK
6
CONTINUOUS
10
0.6373911811023621
20
0.4553101968503937
11
0.6356010629921259
21
0.4536983464566929
0
LINE
8
BLACK
6
CONTINUOUS
10
0.6356010629921259
20
0.4536983464566929
11
0.6332053543307087
21
0.4534465354330708
0
LINE
8
BLACK
6
CONTINUOUS
10
0.6332053543307087
20
0.4534465354330708
11
0.6311192125984252
21
0.4546509842519685
0
LINE
8
BLACK
6
CONTINUOUS
10
0.6311192125984252
20
0.4546509842519685
11
0.6301394488188976
21
0.4568516141732283
0
LINE
8
BLACK
6
CONTINUOUS
10
0.6301394488188976
20
0.4568516141732283
11
0.6301181102362204
21
0.4572590157480315
0
LINE
8
BLACK
6
CONTINUOUS
10
0.6301181102362204
20
0.4572590157480315
11
0.6301181102362204
21
0.4797813779527559
0
LINE
8
BLACK
6
CONTINUOUS
10
0.6301181102362204
20
0.4797813779527559
11
0.622244094488189
21
0.4719073622047244
0
LINE
8
BLACK
6
CONTINUOUS
10
0.622244094488189
20
0.4719073622047244
11
0.622244094488189
21
0.4584075984251968
0
LINE
8
BLACK
6
CONTINUOUS
10
0.622244094488189
20
0.4584075984251968
11
0.6302085433070866
21
0.4504431496062992
0
LINE
8
BLACK
6
CONTINUOUS
10
0.6302085433070866
20
0.4504431496062992
11
0.6322288188976378
21
0.450602125984252
0
LINE
8
BLACK
6
CONTINUOUS
10
0.6322288188976378
20
0.450602125984252
11
0.6342826771653544
21
0.4493434645669291
0
LINE
8
BLACK
6
CONTINUOUS
10
0.6342826771653544
20
0.4493434645669291
11
0.6352045275590551
21
0.4471179527559055
0
LINE
8
BLACK
6
CONTINUOUS
10
0.6352045275590551
20
0.4471179527559055
11
0.6352165354330709
21
0.4468121653543307
0
LINE
8
BLACK
6
CONTINUOUS
10
0.6352165354330709
20
0.4468121653543307
11
0.6352165354330709
21
0.4424895275590551
0
LINE
8
BLACK
6
CONTINUOUS
10
0.6352165354330709
20
0.4424895275590551
11
0.6361662598425196
21
0.4389450393700787
0
LINE
8
BLACK
6
CONTINUOUS
10
0.6361662598425196
20
0.4389450393700787
11
0.6367606299212598
21
0.436726811023622
0
LINE
8
BLACK
6
CONTINUOUS
10
0.6367606299212598
20
0.436726811023622
11
0.639743346456693
21
0.4315606299212598
0
LINE
8
BLACK
6
CONTINUOUS
10
0.639743346456693
20
0.4315606299212598
11
0.6397434251968503
21
0.4315605511811024
0
LINE
8
BLACK
6
CONTINUOUS
10
0.6397434251968503
20
0.4315605511811024
11
0.6397435039370079
21
0.4315604330708661
0
LINE
8
BLACK
6
CONTINUOUS
10
0.6397435039370079
20
0.4315604330708661
11
0.6439620078740157
21
0.4273419291338583
0
LINE
8
BLACK
6
CONTINUOUS
10
0.6439620078740157
20
0.4273419291338583
11
0.6439620866141732
21
0.4273418897637795
0
LINE
8
BLACK
6
CONTINUOUS
10
0.6439620866141732
20
0.4273418897637795
11
0.6439621653543307
21
0.4273418110236221
0
LINE
8
BLACK
6
CONTINUOUS
10
0.6439621653543307
20
0.4273418110236221
11
0.6491283858267717
21
0.424359094488189
0
LINE
8
BLACK
6
CONTINUOUS
10
0.6491283858267717
20
0.424359094488189
11
0.6491283070866142
21
0.424359094488189
0
LINE
8
BLACK
6
CONTINUOUS
10
0.6491283070866142
20
0.424359094488189
11
0.6491284645669291
21
0.4243590551181102
0
LINE
8
BLACK
6
CONTINUOUS
10
0.6491284645669291
20
0.4243590551181102
11
0.6491285433070866
21
0.4243590157480315
0
LINE
8
BLACK
6
CONTINUOUS
10
0.6491285433070866
20
0.4243590157480315
11
0.6548911023622047
21
0.4228149606299212
0
LINE
8
BLACK
6
CONTINUOUS
10
0.6548911023622047
20
0.4228149606299212
11
0.6548911811023622
21
0.4228149606299212
0
LINE
8
BLACK
6
CONTINUOUS
10
0.6548911811023622
20
0.4228149606299212
11
0.6608568503937008
21
0.4228149606299212
0
LINE
8
BLACK
6
CONTINUOUS
10
0.6608568503937008
20
0.4228149606299212
11
0.6608569291338583
21
0.4228149606299212
0
LINE
8
BLACK
6
CONTINUOUS
10
0.6608569291338583
20
0.4228149606299212
11
0.6666194881889763
21
0.4243590157480315
0
LINE
8
BLACK
6
CONTINUOUS
10
0.6666194881889763
20
0.4243590157480315
11
0.6666195669291338
21
0.424359094488189
0
LINE
8
BLACK
6
CONTINUOUS
10
0.6666195669291338
20
0.424359094488189
11
0.6666196456692913
21
0.424359094488189
0
LINE
8
BLACK
6
CONTINUOUS
10
0.6666196456692913
20
0.424359094488189
11
0.6717858267716535
21
0.4273418110236221
0
LINE
8
BLACK
6
CONTINUOUS
10
0.6717858267716535
20
0.4273418110236221
11
0.6717858267716535
21
0.4273418503937008
0
LINE
8
BLACK
6
CONTINUOUS
10
0.6717858267716535
20
0.4273418503937008
11
0.6717860236220472
21
0.4273419291338583
0
LINE
8
BLACK
6
CONTINUOUS
10
0.6717860236220472
20
0.4273419291338583
11
0.6760045275590552
21
0.4315604330708661
0
LINE
8
BLACK
6
CONTINUOUS
10
0.6760045275590552
20
0.4315604330708661
11
0.6789515354330709
21
0.436664842519685
0
LINE
8
BLACK
6
CONTINUOUS
10
0.6789515354330709
20
0.436664842519685
11
0.6807415748031496
21
0.4382766141732283
0
LINE
8
BLACK
6
CONTINUOUS
10
0.6807415748031496
20
0.4382766141732283
11
0.6831372834645669
21
0.4385284251968504
0
LINE
8
BLACK
6
CONTINUOUS
10
0.6831372834645669
20
0.4385284251968504
11
0.6850829921259842
21
0.4374720078740157
0
LINE
8
BLACK
6
CONTINUOUS
10
0.6850829921259842
20
0.4374720078740157
11
0.6927363779527559
21
0.4298186220472441
0
LINE
8
BLACK
6
CONTINUOUS
10
0.6927363779527559
20
0.4298186220472441
11
0.6938299606299212
21
0.4276722834645669
0
LINE
8
BLACK
6
CONTINUOUS
10
0.6938299606299212
20
0.4276722834645669
11
0.6938779527559055
21
0.4270625590551181
0
LINE
8
BLACK
6
CONTINUOUS
10
0.6938779527559055
20
0.4270625590551181
11
0.6938779527559055
21
0.4220843700787402
0
LINE
8
BLACK
6
CONTINUOUS
10
0.6938779527559055
20
0.4220843700787402
11
0.695489094488189
21
0.4160714960629921
0
LINE
8
BLACK
6
CONTINUOUS
10
0.695489094488189
20
0.4160714960629921
11
0.6986015748031495
21
0.4106804724409449
0
LINE
8
BLACK
6
CONTINUOUS
10
0.6986015748031495
20
0.4106804724409449
11
0.7030033070866142
21
0.4062787401574803
0
LINE
8
BLACK
6
CONTINUOUS
10
0.7030033070866142
20
0.4062787401574803
11
0.7083943307086614
21
0.4031662598425197
0
LINE
8
BLACK
6
CONTINUOUS
10
0.7083943307086614
20
0.4031662598425197
11
0.7144072047244094
21
0.4015551181102362
0
LINE
8
BLACK
6
CONTINUOUS
10
0.7144072047244094
20
0.4015551181102362
11
0.7144072834645669
21
0.4015551181102362
0
LINE
8
BLACK
6
CONTINUOUS
10
0.7144072834645669
20
0.4015551181102362
11
0.7206320866141732
21
0.4015551181102362
0
LINE
8
BLACK
6
CONTINUOUS
10
0.7206320866141732
20
0.4015551181102362
11
0.7206321653543307
21
0.4015551181102362
0
LINE
8
BLACK
6
CONTINUOUS
10
0.7206321653543307
20
0.4015551181102362
11
0.7266450393700787
21
0.4031662598425197
0
LINE
8
BLACK
6
CONTINUOUS
10
0.7266450393700787
20
0.4031662598425197
11
0.732036062992126
21
0.4062787401574803
0
LINE
8
BLACK
6
CONTINUOUS
10
0.732036062992126
20
0.4062787401574803
11
0.7364377952755905
21
0.4106804724409449
0
LINE
8
BLACK
6
CONTINUOUS
10
0.7364377952755905
20
0.4106804724409449
11
0.7395502755905512
21
0.4160714960629921
0
LINE
8
BLACK
6
CONTINUOUS
10
0.7395502755905512
20
0.4160714960629921
11
0.7406624015748031
21
0.420222125984252
0
LINE
8
BLACK
6
CONTINUOUS
10
0.7406624015748031
20
0.420222125984252
11
0.7419743307086614
21
0.4222422440944882
0
LINE
8
BLACK
6
CONTINUOUS
10
0.7419743307086614
20
0.4222422440944882
11
0.744223188976378
21
0.4231055118110236
0
LINE
8
BLACK
6
CONTINUOUS
10
0.744223188976378
20
0.4231055118110236
11
0.7465499999999999
21
0.4224820866141732
0
LINE
8
BLACK
6
CONTINUOUS
10
0.7465499999999999
20
0.4224820866141732
11
0.7471832677165354
21
0.4219692913385827
0
LINE
8
BLACK
6
CONTINUOUS
10
0.7471832677165354
20
0.4219692913385827
11
0.8046057086614173
21
0.3645468503937008
0
LINE
8
BLACK
6
CONTINUOUS
10
0.8046057086614173
20
0.3645468503937008
11
0.8095478346456693
21
0.3616935433070866
0
LINE
8
BLACK
6
CONTINUOUS
10
0.8095478346456693
20
0.3616935433070866
11
0.8150600393700788
21
0.3602165354330709
0
LINE
8
BLACK
6
CONTINUOUS
10
0.8150600393700788
20
0.3602165354330709
11
0.8150600787401575
21
0.3602165354330709
0
LINE
8
BLACK
6
CONTINUOUS
10
0.8150600787401575
20
0.3602165354330709
11
0.8207666929133858
21
0.3602165354330709
0
LINE
8
BLACK
6
CONTINUOUS
10
0.8207666929133858
20
0.3602165354330709
11
1.0066338976377953
21
0.3602165354330709
0
LINE
8
BLACK
6
CONTINUOUS
10
1.0066338976377953
20
0.3602165354330709
11
1.0089248818897638
21
0.3594721653543307
0
LINE
8
BLACK
6
CONTINUOUS
10
1.0089248818897638
20
0.3594721653543307
11
1.0103407874015748
21
0.3575233464566929
0
LINE
8
BLACK
6
CONTINUOUS
10
1.0103407874015748
20
0.3575233464566929
11
1.0105315354330708
21
0.3563188976377953
0
LINE
8
BLACK
6
CONTINUOUS
10
1.0105315354330708
20
0.3563188976377953
11
1.0105315354330708
21
0.3501235039370079
0
LINE
8
BLACK
6
CONTINUOUS
10
1.0105315354330708
20
0.3501235039370079
11
1.0106462204724409
21
0.349134251968504
0
LINE
8
BLACK
6
CONTINUOUS
10
1.0106462204724409
20
0.349134251968504
11
1.0108518897637795
21
0.3486684645669291
0
LINE
8
BLACK
6
CONTINUOUS
10
1.0108518897637795
20
0.3486684645669291
11
1.0124328346456692
21
0.3450879921259842
0
LINE
8
BLACK
6
CONTINUOUS
10
1.0124328346456692
20
0.3450879921259842
11
1.0155604330708661
21
0.3419603937007874
0
LINE
8
BLACK
6
CONTINUOUS
10
1.0155604330708661
20
0.3419603937007874
11
1.019606653543307
21
0.3401738188976378
0
LINE
8
BLACK
6
CONTINUOUS
10
1.019606653543307
20
0.3401738188976378
11
1.0205958661417323
21
0.3400590551181102
0
LINE
8
BLACK
6
CONTINUOUS
10
1.0205958661417323
20
0.3400590551181102
11
1.0841285039370079
21
0.340059094488189
0
LINE
8
BLACK
6
CONTINUOUS
10
1.0841285039370079
20
0.340059094488189
11
1.0851177559055118
21
0.3401738188976378
0
LINE
8
BLACK
6
CONTINUOUS
10
1.0851177559055118
20
0.3401738188976378
11
1.0891639763779528
21
0.3419603937007874
0
LINE
8
BLACK
6
CONTINUOUS
10
1.0891639763779528
20
0.3419603937007874
11
1.0922915748031496
21
0.3450879921259842
0
LINE
8
BLACK
6
CONTINUOUS
10
1.0922915748031496
20
0.3450879921259842
11
1.0940781496062992
21
0.3491342125984252
0
LINE
8
BLACK
6
CONTINUOUS
10
1.0940781496062992
20
0.3491342125984252
11
1.0941929133858268
21
0.3501234251968504
0
LINE
8
BLACK
6
CONTINUOUS
10
1.0941929133858268
20
0.3501234251968504
11
1.0941928740157481
21
0.413656062992126
0
LINE
8
BLACK
6
CONTINUOUS
10
1.0941928740157481
20
0.413656062992126
11
1.0941928346456693
21
0.4136562992125984
0
LINE
8
BLACK
6
CONTINUOUS
10
1.0941928346456693
20
0.4136562992125984
11
1.0940781496062992
21
0.4146453149606299
0
LINE
8
BLACK
6
CONTINUOUS
10
1.0940781496062992
20
0.4146453149606299
11
1.0922915748031496
21
0.4186915354330709
0
LINE
8
BLACK
6
CONTINUOUS
10
1.0922915748031496
20
0.4186915354330709
11
1.0891639763779528
21
0.4218191338582677
0
LINE
8
BLACK
6
CONTINUOUS
10
1.0891639763779528
20
0.4218191338582677
11
1.0851177559055118
21
0.4236057086614173
0
LINE
8
BLACK
6
CONTINUOUS
10
1.0851177559055118
20
0.4236057086614173
11
1.0851177165354331
21
0.423605748031496
0
LINE
8
BLACK
6
CONTINUOUS
10
1.0851177165354331
20
0.423605748031496
11
1.0851176377952756
21
0.423605748031496
0
LINE
8
BLACK
6
CONTINUOUS
10
1.0851176377952756
20
0.423605748031496
11
1.0841286614173229
21
0.4237204724409449
0
LINE
8
BLACK
6
CONTINUOUS
10
1.0841286614173229
20
0.4237204724409449
11
1.0205960236220473
21
0.4237204724409449
0
LINE
8
BLACK
6
CONTINUOUS
10
1.0205960236220473
20
0.4237204724409449
11
1.020595905511811
21
0.4237204330708662
0
LINE
8
BLACK
6
CONTINUOUS
10
1.020595905511811
20
0.4237204330708662
11
1.019606653543307
21
0.423605748031496
0
LINE
8
BLACK
6
CONTINUOUS
10
1.019606653543307
20
0.423605748031496
11
1.0155604330708661
21
0.4218191338582677
0
LINE
8
BLACK
6
CONTINUOUS
10
1.0155604330708661
20
0.4218191338582677
11
1.0124328346456692
21
0.4186915354330709
0
LINE
8
BLACK
6
CONTINUOUS
10
1.0124328346456692
20
0.4186915354330709
11
1.0106462204724409
21
0.4146452362204724
0
LINE
8
BLACK
6
CONTINUOUS
10
1.0106462204724409
20
0.4146452362204724
11
1.0105314960629921
21
0.4136562992125984
0
LINE
8
BLACK
6
CONTINUOUS
10
1.0105314960629921
20
0.4136562992125984
11
1.0105314960629921
21
0.4074606299212598
0
LINE
8
BLACK
6
CONTINUOUS
10
1.0105314960629921
20
0.4074606299212598
11
1.0097871259842519
21
0.4051696456692913
0
LINE
8
BLACK
6
CONTINUOUS
10
1.0097871259842519
20
0.4051696456692913
11
1.0078383070866141
21
0.4037537401574803
0
LINE
8
BLACK
6
CONTINUOUS
10
1.0078383070866141
20
0.4037537401574803
11
1.0066338582677166
21
0.4035629921259842
0
LINE
8
BLACK
6
CONTINUOUS
10
1.0066338582677166
20
0.4035629921259842
11
0.8335029921259842
21
0.4035629921259842
0
LINE
8
BLACK
6
CONTINUOUS
10
0.8335029921259842
20
0.4035629921259842
11
0.8312120078740157
21
0.4043073622047244
0
LINE
8
BLACK
6
CONTINUOUS
10
0.8312120078740157
20
0.4043073622047244
11
0.8297961023622047
21
0.4062561811023622
0
LINE
8
BLACK
6
CONTINUOUS
10
0.8297961023622047
20
0.4062561811023622
11
0.8297961023622047
21
0.4086650787401575
0
LINE
8
BLACK
6
CONTINUOUS
10
0.8297961023622047
20
0.4086650787401575
11
0.8312120078740157
21
0.4106138976377953
0
LINE
8
BLACK
6
CONTINUOUS
10
0.8312120078740157
20
0.4106138976377953
11
0.8317403149606299
21
0.4109098031496063
0
LINE
8
BLACK
6
CONTINUOUS
10
0.8317403149606299
20
0.4109098031496063
11
0.8317387401574803
21
0.4109125590551181
0
LINE
8
BLACK
6
CONTINUOUS
10
0.8317387401574803
20
0.4109125590551181
11
0.8319598818897638
21
0.4110402755905512
0
LINE
8
BLACK
6
CONTINUOUS
10
0.8319598818897638
20
0.4110402755905512
11
0.83196
21
0.4110402755905512
0
LINE
8
BLACK
6
CONTINUOUS
10
0.83196
20
0.4110402755905512
11
0.8373510236220473
21
0.4141527559055118
0
LINE
8
BLACK
6
CONTINUOUS
10
0.8373510236220473
20
0.4141527559055118
11
0.8417527559055118
21
0.4185544881889764
0
LINE
8
BLACK
6
CONTINUOUS
10
0.8417527559055118
20
0.4185544881889764
11
0.8448652362204724
21
0.4239455118110236
0
LINE
8
BLACK
6
CONTINUOUS
10
0.8448652362204724
20
0.4239455118110236
11
0.8464763779527559
21
0.4299583858267716
0
LINE
8
BLACK
6
CONTINUOUS
10
0.8464763779527559
20
0.4299583858267716
11
0.8464763779527559
21
0.4361833464566929
0
LINE
8
BLACK
6
CONTINUOUS
10
0.8464763779527559
20
0.4361833464566929
11
0.8448652362204724
21
0.4421962204724409
0
LINE
8
BLACK
6
CONTINUOUS
10
0.8448652362204724
20
0.4421962204724409
11
0.8417527559055118
21
0.4475872440944882
0
LINE
8
BLACK
6
CONTINUOUS
10
0.8417527559055118
20
0.4475872440944882
11
0.8408846456692913
21
0.4484553543307087
0
LINE
8
BLACK
6
CONTINUOUS
10
0.8408846456692913
20
0.4484553543307087
11
0.8373510236220473
21
0.4519889763779528
0
LINE
8
BLACK
6
CONTINUOUS
10
0.8373510236220473
20
0.4519889763779528
11
0.83196
21
0.4551014566929134
0
LINE
8
BLACK
6
CONTINUOUS
10
0.83196
20
0.4551014566929134
11
0.8259471259842519
21
0.4567125984251968
0
LINE
8
BLACK
6
CONTINUOUS
10
0.8259471259842519
20
0.4567125984251968
11
0.8259470472440945
21
0.4567125984251968
0
LINE
8
BLACK
6
CONTINUOUS
10
0.8259470472440945
20
0.4567125984251968
11
0.8258901968503937
21
0.4567125984251968
0
LINE
8
BLACK
6
CONTINUOUS
10
0.8258901968503937
20
0.4567125984251968
11
0.8258514173228346
21
0.4567251968503937
0
LINE
8
BLACK
6
CONTINUOUS
10
0.8258514173228346
20
0.4567251968503937
11
0.8256938188976378
21
0.4567459448818897
0
LINE
8
BLACK
6
CONTINUOUS
10
0.8256938188976378
20
0.4567459448818897
11
0.8256976377952756
21
0.4567751574803149
0
LINE
8
BLACK
6
CONTINUOUS
10
0.8256976377952756
20
0.4567751574803149
11
0.8235992125984252
21
0.457456968503937
0
LINE
8
BLACK
6
CONTINUOUS
10
0.8235992125984252
20
0.457456968503937
11
0.8231341338582677
21
0.4578541732283464
0
LINE
8
BLACK
6
CONTINUOUS
10
0.8231341338582677
20
0.4578541732283464
11
0.7786292125984252
21
0.5023590944881889
0
LINE
8
BLACK
6
CONTINUOUS
10
0.7786292125984252
20
0.5023590944881889
11
0.7570667716535433
21
0.5239215354330709
0
LINE
8
BLACK
6
CONTINUOUS
10
0.7570667716535433
20
0.5239215354330709
11
0.7559731889763779
21
0.5260678740157481
0
LINE
8
BLACK
6
CONTINUOUS
10
0.7559731889763779
20
0.5260678740157481
11
0.7559251968503937
21
0.5266775984251968
0
LINE
8
BLACK
6
CONTINUOUS
10
0.7559251968503937
20
0.5266775984251968
11
0.7559251968503937
21
0.542238188976378
0
LINE
8
BLACK
6
CONTINUOUS
10
0.7559251968503937
20
0.542238188976378
11
0.7566695669291338
21
0.5445291732283465
0
LINE
8
BLACK
6
CONTINUOUS
10
0.7566695669291338
20
0.5445291732283465
11
0.7586183858267717
21
0.5459450787401575
0
LINE
8
BLACK
6
CONTINUOUS
10
0.7586183858267717
20
0.5459450787401575
11
0.7608314960629922
21
0.546003031496063
0
LINE
8
BLACK
6
CONTINUOUS
10
0.7608314960629922
20
0.546003031496063
11
0.7636198031496063
21
0.545255905511811
0
LINE
8
BLACK
6
CONTINUOUS
10
0.7636198031496063
20
0.545255905511811
11
0.7636198818897637
21
0.545255905511811
0
LINE
8
BLACK
6
CONTINUOUS
10
0.7636198818897637
20
0.545255905511811
11
0.7698446850393701
21
0.545255905511811
0
LINE
8
BLACK
6
CONTINUOUS
10
0.7698446850393701
20
0.545255905511811
11
0.7698447637795276
21
0.545255905511811
0
LINE
8
BLACK
6
CONTINUOUS
10
0.7698447637795276
20
0.545255905511811
11
0.7758576377952756
21
0.5468670472440945
0
LINE
8
BLACK
6
CONTINUOUS
10
0.7758576377952756
20
0.5468670472440945
11
0.7812486614173229
21
0.5499795275590551
0
LINE
8
BLACK
6
CONTINUOUS
10
0.7812486614173229
20
0.5499795275590551
11
0.7856503937007874
21
0.5543812598425196
0
LINE
8
BLACK
6
CONTINUOUS
10
0.7856503937007874
20
0.5543812598425196
11
0.788762874015748
21
0.5597722834645669
0
LINE
8
BLACK
6
CONTINUOUS
10
0.788762874015748
20
0.5597722834645669
11
0.7903740157480315
21
0.565785157480315
0
LINE
8
BLACK
6
CONTINUOUS
10
0.7903740157480315
20
0.565785157480315
11
0.7903740157480315
21
0.5720101181102362
0
LINE
8
BLACK
6
CONTINUOUS
10
0.7903740157480315
20
0.5720101181102362
11
0.788762874015748
21
0.5780229921259843
0
LINE
8
BLACK
6
CONTINUOUS
10
0.788762874015748
20
0.5780229921259843
11
0.7856503937007874
21
0.5834140157480315
0
LINE
8
BLACK
6
CONTINUOUS
10
0.7856503937007874
20
0.5834140157480315
11
0.7856502755905511
21
0.5834141338582677
0
LINE
8
BLACK
6
CONTINUOUS
10
0.7856502755905511
20
0.5834141338582677
11
0.7856502362204725
21
0.5834142125984252
0
LINE
8
BLACK
6
CONTINUOUS
10
0.7856502362204725
20
0.5834142125984252
11
0.785609842519685
21
0.5834546062992125
0
LINE
8
BLACK
6
CONTINUOUS
10
0.785609842519685
20
0.5834546062992125
11
0.7855911811023621
21
0.5834911811023622
0
LINE
8
BLACK
6
CONTINUOUS
10
0.7855911811023621
20
0.5834911811023622
11
0.785494842519685
21
0.5836167716535433
0
LINE
8
BLACK
6
CONTINUOUS
10
0.785494842519685
20
0.5836167716535433
11
0.7855181102362204
21
0.5836346456692914
0
LINE
8
BLACK
6
CONTINUOUS
10
0.7855181102362204
20
0.5836346456692914
11
0.7854671653543307
21
0.5837346456692913
0
LINE
8
BLACK
6
CONTINUOUS
10
0.7854671653543307
20
0.5837346456692913
11
0.785212874015748
21
0.5839194094488189
0
LINE
8
BLACK
6
CONTINUOUS
10
0.785212874015748
20
0.5839194094488189
11
0.7849307480314961
21
0.5847876377952755
0
LINE
8
BLACK
6
CONTINUOUS
10
0.7849307480314961
20
0.5847876377952755
11
0.7845164173228346
21
0.5856010236220472
0
LINE
8
BLACK
6
CONTINUOUS
10
0.7845164173228346
20
0.5856010236220472
11
0.7844685039370078
21
0.5862103937007874
0
LINE
8
BLACK
6
CONTINUOUS
10
0.7844685039370078
20
0.5862103937007874
11
0.7844685039370078
21
0.5924169291338582
0
LINE
8
BLACK
6
CONTINUOUS
10
0.7844685039370078
20
0.5924169291338582
11
0.785212874015748
21
0.5947079133858267
0
LINE
8
BLACK
6
CONTINUOUS
10
0.785212874015748
20
0.5947079133858267
11
0.7856100787401574
21
0.5951729527559055
0
LINE
8
BLACK
6
CONTINUOUS
10
0.7856100787401574
20
0.5951729527559055
11
0.8036055118110236
21
0.6131684251968503
0
LINE
8
BLACK
6
CONTINUOUS
10
0.8036055118110236
20
0.6131684251968503
11
0.8057518503937008
21
0.6142620472440945
0
LINE
8
BLACK
6
CONTINUOUS
10
0.8057518503937008
20
0.6142620472440945
11
0.808131062992126
21
0.6138852362204724
0
LINE
8
BLACK
6
CONTINUOUS
10
0.808131062992126
20
0.6138852362204724
11
0.8082920866141732
21
0.6137977952755905
0
LINE
8
BLACK
6
CONTINUOUS
10
0.8082920866141732
20
0.6137977952755905
11
0.8082955905511811
21
0.6137963779527559
0
LINE
8
BLACK
6
CONTINUOUS
10
0.8082955905511811
20
0.6137963779527559
11
0.808295905511811
21
0.6137961811023622
0
LINE
8
BLACK
6
CONTINUOUS
10
0.808295905511811
20
0.6137961811023622
11
0.8143087795275591
21
0.6121850393700787
0
LINE
8
BLACK
6
CONTINUOUS
10
0.8143087795275591
20
0.6121850393700787
11
0.8143088582677165
21
0.6121850393700787
0
LINE
8
BLACK
6
CONTINUOUS
10
0.8143088582677165
20
0.6121850393700787
11
0.8205336614173229
21
0.6121850393700787
0
LINE
8
BLACK
6
CONTINUOUS
10
0.8205336614173229
20
0.6121850393700787
11
0.8205337401574803
21
0.6121850393700787
0
LINE
8
BLACK
6
CONTINUOUS
10
0.8205337401574803
20
0.6121850393700787
11
0.8265466141732283
21
0.6137961811023622
0
LINE
8
BLACK
6
CONTINUOUS
10
0.8265466141732283
20
0.6137961811023622
11
0.8319376377952755
21
0.6169086614173228
0
LINE
8
BLACK
6
CONTINUOUS
10
0.8319376377952755
20
0.6169086614173228
11
0.8363393700787402
21
0.6213103937007873
0
LINE
8
BLACK
6
CONTINUOUS
10
0.8363393700787402
20
0.6213103937007873
11
0.8394518503937007
21
0.6267014173228347
0
LINE
8
BLACK
6
CONTINUOUS
10
0.8394518503937007
20
0.6267014173228347
11
0.8410629921259842
21
0.6327142913385827
0
LINE
8
BLACK
6
CONTINUOUS
10
0.8410629921259842
20
0.6327142913385827
11
0.8410629921259842
21
0.6389392519685039
0
LINE
8
BLACK
6
CONTINUOUS
10
0.8410629921259842
20
0.6389392519685039
11
0.8394518503937007
21
0.644952125984252
0
LINE
8
BLACK
6
CONTINUOUS
10
0.8394518503937007
20
0.644952125984252
11
0.8363393700787402
21
0.6503431496062992
0
LINE
8
BLACK
6
CONTINUOUS
10
0.8363393700787402
20
0.6503431496062992
11
0.8319376377952755
21
0.6547448818897638
0
LINE
8
BLACK
6
CONTINUOUS
10
0.8319376377952755
20
0.6547448818897638
11
0.8265466141732283
21
0.6578573622047243
0
LINE
8
BLACK
6
CONTINUOUS
10
0.8265466141732283
20
0.6578573622047243
11
0.8205337401574803
21
0.6594685039370078
0
LINE
8
BLACK
6
CONTINUOUS
10
0.8205337401574803
20
0.6594685039370078
11
0.8143087795275591
21
0.6594685039370078
0
LINE
8
BLACK
6
CONTINUOUS
10
0.8143087795275591
20
0.6594685039370078
11
0.808295905511811
21
0.6578573622047243
0
LINE
8
BLACK
6
CONTINUOUS
10
0.808295905511811
20
0.6578573622047243
11
0.8029048818897637
21
0.6547448818897638
0
LINE
8
BLACK
6
CONTINUOUS
10
0.8029048818897637
20
0.6547448818897638
11
0.8028644881889764
21
0.6547045275590551
0
LINE
8
BLACK
6
CONTINUOUS
10
0.8028644881889764
20
0.6547045275590551
11
0.8028279921259842
21
0.6546859448818898
0
LINE
8
BLACK
6
CONTINUOUS
10
0.8028279921259842
20
0.6546859448818898
11
0.8027021259842519
21
0.6545893307086614
0
LINE
8
BLACK
6
CONTINUOUS
10
0.8027021259842519
20
0.6545893307086614
11
0.8026842125984252
21
0.6546126771653543
0
LINE
8
BLACK
6
CONTINUOUS
10
0.8026842125984252
20
0.6546126771653543
11
0.8007182677165354
21
0.6536109842519685
0
LINE
8
BLACK
6
CONTINUOUS
10
0.8007182677165354
20
0.6536109842519685
11
0.8001085433070866
21
0.6535629921259842
0
LINE
8
BLACK
6
CONTINUOUS
10
0.8001085433070866
20
0.6535629921259842
11
0.7988461023622047
21
0.6535629921259842
0
LINE
8
BLACK
6
CONTINUOUS
10
0.7988461023622047
20
0.6535629921259842
11
0.7970672440944881
21
0.6530863779527559
0
LINE
8
BLACK
6
CONTINUOUS
10
0.7970672440944881
20
0.6530863779527559
11
0.7952883858267716
21
0.6526097244094488
0
LINE
8
BLACK
6
CONTINUOUS
10
0.7952883858267716
20
0.6526097244094488
11
0.7952883464566929
21
0.6526097637795275
0
LINE
8
BLACK
6
CONTINUOUS
10
0.7952883464566929
20
0.6526097637795275
11
0.7943351181102362
21
0.6523542913385827
0
LINE
8
BLACK
6
CONTINUOUS
10
0.7943351181102362
20
0.6523542913385827
11
0.794335
21
0.6523542519685039
0
LINE
8
BLACK
6
CONTINUOUS
10
0.794335
20
0.6523542519685039
11
0.7902909448818898
21
0.6500194094488189
0
LINE
8
BLACK
6
CONTINUOUS
10
0.7902909448818898
20
0.6500194094488189
11
0.7525396456692913
21
0.6122681102362204
0
LINE
8
BLACK
6
CONTINUOUS
10
0.7525396456692913
20
0.6122681102362204
11
0.7502048031496062
21
0.6082240551181102
0
LINE
8
BLACK
6
CONTINUOUS
10
0.7502048031496062
20
0.6082240551181102
11
0.7502047637795275
21
0.608223937007874
0
LINE
8
BLACK
6
CONTINUOUS
10
0.7502047637795275
20
0.608223937007874
11
0.7500633858267717
21
0.6076964566929134
0
LINE
8
BLACK
6
CONTINUOUS
10
0.7500633858267717
20
0.6076964566929134
11
0.7500634251968504
21
0.6076964173228346
0
LINE
8
BLACK
6
CONTINUOUS
10
0.7500634251968504
20
0.6076964173228346
11
0.748996062992126
21
0.6037129133858268
0
LINE
8
BLACK
6
CONTINUOUS
10
0.748996062992126
20
0.6037129133858268
11
0.748996062992126
21
0.6004571259842519
0
LINE
8
BLACK
6
CONTINUOUS
10
0.748996062992126
20
0.6004571259842519
11
0.7482516929133858
21
0.5981661417322834
0
LINE
8
BLACK
6
CONTINUOUS
10
0.7482516929133858
20
0.5981661417322834
11
0.746302874015748
21
0.5967502362204724
0
LINE
8
BLACK
6
CONTINUOUS
10
0.746302874015748
20
0.5967502362204724
11
0.7438939763779527
21
0.5967502362204724
0
LINE
8
BLACK
6
CONTINUOUS
10
0.7438939763779527
20
0.5967502362204724
11
0.7423423622047244
21
0.597701062992126
0
LINE
8
BLACK
6
CONTINUOUS
10
0.7423423622047244
20
0.597701062992126
11
0.7335844881889764
21
0.606458937007874
0
LINE
8
BLACK
6
CONTINUOUS
10
0.7335844881889764
20
0.606458937007874
11
0.7225044881889764
21
0.617538937007874
0
LINE
8
BLACK
6
CONTINUOUS
10
0.7225044881889764
20
0.617538937007874
11
0.7225043700787401
21
0.6175390157480315
0
LINE
8
BLACK
6
CONTINUOUS
10
0.7225043700787401
20
0.6175390157480315
11
0.7225043307086614
21
0.6175390551181102
0
LINE
8
BLACK
6
CONTINUOUS
10
0.7225043307086614
20
0.6175390551181102
11
0.7225042913385826
21
0.617539094488189
0
LINE
8
BLACK
6
CONTINUOUS
10
0.7225042913385826
20
0.617539094488189
11
0.7184602362204724
21
0.619873937007874
0
LINE
8
BLACK
6
CONTINUOUS
10
0.7184602362204724
20
0.619873937007874
11
0.7184600787401575
21
0.6198740157480315
0
LINE
8
BLACK
6
CONTINUOUS
10
0.7184600787401575
20
0.6198740157480315
11
0.717506811023622
21
0.6201294488188976
0
LINE
8
BLACK
6
CONTINUOUS
10
0.717506811023622
20
0.6201294488188976
11
0.717506811023622
21
0.6201294094488189
0
LINE
8
BLACK
6
CONTINUOUS
10
0.717506811023622
20
0.6201294094488189
11
0.7139491732283464
21
0.6210826771653544
0
LINE
8
BLACK
6
CONTINUOUS
10
0.7139491732283464
20
0.6210826771653544
11
0.713949094488189
21
0.6210826771653544
0
LINE
8
BLACK
6
CONTINUOUS
10
0.713949094488189
20
0.6210826771653544
11
0.6954623228346457
21
0.6210826771653544
0
LINE
8
BLACK
6
CONTINUOUS
10
0.6954623228346457
20
0.6210826771653544
11
0.6931713385826771
21
0.6218270472440944
0
LINE
8
BLACK
6
CONTINUOUS
10
0.6931713385826771
20
0.6218270472440944
11
0.6927064960629921
21
0.6222240551181102
0
LINE
8
BLACK
6
CONTINUOUS
10
0.6927064960629921
20
0.6222240551181102
11
0.6926659842519685
21
0.6222645669291338
0
LINE
8
BLACK
6
CONTINUOUS
10
0.6926659842519685
20
0.6222645669291338
11
0.6872749606299212
21
0.6253770472440945
0
LINE
8
BLACK
6
CONTINUOUS
10
0.6872749606299212
20
0.6253770472440945
11
0.6812620866141732
21
0.626988188976378
0
LINE
8
BLACK
6
CONTINUOUS
10
0.6812620866141732
20
0.626988188976378
11
0.6750371259842519
21
0.626988188976378
0
LINE
8
BLACK
6
CONTINUOUS
10
0.6750371259842519
20
0.626988188976378
11
0.6690242519685039
21
0.6253770472440945
0
LINE
8
BLACK
6
CONTINUOUS
10
0.6690242519685039
20
0.6253770472440945
11
0.6636332283464567
21
0.6222645669291338
0
LINE
8
BLACK
6
CONTINUOUS
10
0.6636332283464567
20
0.6222645669291338
11
0.6592314960629921
21
0.6178628346456693
0
LINE
8
BLACK
6
CONTINUOUS
10
0.6592314960629921
20
0.6178628346456693
11
0.6561190157480314
21
0.612471811023622
0
LINE
8
BLACK
6
CONTINUOUS
10
0.6561190157480314
20
0.612471811023622
11
0.6545078740157481
21
0.606458937007874
0
LINE
8
BLACK
6
CONTINUOUS
10
0.6545078740157481
20
0.606458937007874
11
0.6545078740157481
21
0.6002339763779527
0
LINE
8
BLACK
6
CONTINUOUS
10
0.6545078740157481
20
0.6002339763779527
11
0.6561190157480314
21
0.5942211023622047
0
LINE
8
BLACK
6
CONTINUOUS
10
0.6561190157480314
20
0.5942211023622047
11
0.6592314960629921
21
0.5888300787401575
0
LINE
8
BLACK
6
CONTINUOUS
10
0.6592314960629921
20
0.5888300787401575
11
0.6636332283464567
21
0.5844283464566929
0
LINE
8
BLACK
6
CONTINUOUS
10
0.6636332283464567
20
0.5844283464566929
11
0.6690242519685039
21
0.5813158661417323
0
LINE
8
BLACK
6
CONTINUOUS
10
0.6690242519685039
20
0.5813158661417323
11
0.6750371259842519
21
0.5797047244094488
0
LINE
8
BLACK
6
CONTINUOUS
10
0.6750371259842519
20
0.5797047244094488
11
0.6750372047244094
21
0.5797047244094488
0
LINE
8
BLACK
6
CONTINUOUS
10
0.6750372047244094
20
0.5797047244094488
11
0.6812620078740157
21
0.5797047244094488
0
LINE
8
BLACK
6
CONTINUOUS
10
0.6812620078740157
20
0.5797047244094488
11
0.6812620866141732
21
0.5797047244094488
0
LINE
8
BLACK
6
CONTINUOUS
10
0.6812620866141732
20
0.5797047244094488
11
0.6872749606299212
21
0.5813158661417323
0
LINE
8
BLACK
6
CONTINUOUS
10
0.6872749606299212
20
0.5813158661417323
11
0.6926659842519685
21
0.5844283464566929
0
LINE
8
BLACK
6
CONTINUOUS
10
0.6926659842519685
20
0.5844283464566929
11
0.6927063385826772
21
0.5844687401574803
0
LINE
8
BLACK
6
CONTINUOUS
10
0.6927063385826772
20
0.5844687401574803
11
0.6927428346456693
21
0.5844873228346457
0
LINE
8
BLACK
6
CONTINUOUS
10
0.6927428346456693
20
0.5844873228346457
11
0.6928687401574803
21
0.5845838976377953
0
LINE
8
BLACK
6
CONTINUOUS
10
0.6928687401574803
20
0.5845838976377953
11
0.6928866141732283
21
0.584560590551181
0
LINE
8
BLACK
6
CONTINUOUS
10
0.6928866141732283
20
0.584560590551181
11
0.6929864566929134
21
0.5846114566929134
0
LINE
8
BLACK
6
CONTINUOUS
10
0.6929864566929134
20
0.5846114566929134
11
0.6931713385826771
21
0.5848658661417323
0
LINE
8
BLACK
6
CONTINUOUS
10
0.6931713385826771
20
0.5848658661417323
11
0.6940393700787402
21
0.5851479133858267
0
LINE
8
BLACK
6
CONTINUOUS
10
0.6940393700787402
20
0.5851479133858267
11
0.6948525984251969
21
0.5855622440944882
0
LINE
8
BLACK
6
CONTINUOUS
10
0.6948525984251969
20
0.5855622440944882
11
0.6954623228346457
21
0.5856102362204725
0
LINE
8
BLACK
6
CONTINUOUS
10
0.6954623228346457
20
0.5856102362204725
11
0.6967635826771653
21
0.5856102362204725
0
LINE
8
BLACK
6
CONTINUOUS
10
0.6967635826771653
20
0.5856102362204725
11
0.6990545669291338
21
0.5848658661417323
0
LINE
8
BLACK
6
CONTINUOUS
10
0.6990545669291338
20
0.5848658661417323
11
0.7004704724409448
21
0.5829170472440944
0
LINE
8
BLACK
6
CONTINUOUS
10
0.7004704724409448
20
0.5829170472440944
11
0.7004704724409448
21
0.5805081496062992
0
LINE
8
BLACK
6
CONTINUOUS
10
0.7004704724409448
20
0.5805081496062992
11
0.6990545669291338
21
0.5785593307086614
0
LINE
8
BLACK
6
CONTINUOUS
10
0.6990545669291338
20
0.5785593307086614
11
0.698712874015748
21
0.5783374409448819
0
LINE
8
BLACK
6
CONTINUOUS
10
0.698712874015748
20
0.5783374409448819
11
0.6980820472440945
21
0.5779732283464567
0
LINE
8
BLACK
6
CONTINUOUS
10
0.6980820472440945
20
0.5779732283464567
11
0.6936803149606299
21
0.5735714960629921
0
LINE
8
BLACK
6
CONTINUOUS
10
0.6936803149606299
20
0.5735714960629921
11
0.6905676771653543
21
0.5681802362204724
0
LINE
8
BLACK
6
CONTINUOUS
10
0.6905676771653543
20
0.5681802362204724
11
0.6905071259842519
21
0.5680340157480315
0
LINE
8
BLACK
6
CONTINUOUS
10
0.6905071259842519
20
0.5680340157480315
11
0.6896623228346457
21
0.5667696850393701
0
LINE
8
BLACK
6
CONTINUOUS
10
0.6896623228346457
20
0.5667696850393701
11
0.6891358267716535
21
0.5662431889763779
0
LINE
8
BLACK
6
CONTINUOUS
10
0.6891358267716535
20
0.5662431889763779
11
0.6878714960629921
21
0.5653983858267716
0
LINE
8
BLACK
6
CONTINUOUS
10
0.6878714960629921
20
0.5653983858267716
11
0.6877252755905512
21
0.5653378346456692
0
LINE
8
BLACK
6
CONTINUOUS
10
0.6877252755905512
20
0.5653378346456692
11
0.6823340157480314
21
0.5622251968503937
0
LINE
8
BLACK
6
CONTINUOUS
10
0.6823340157480314
20
0.5622251968503937
11
0.6779322047244094
21
0.5578233858267716
0
LINE
8
BLACK
6
CONTINUOUS
10
0.6779322047244094
20
0.5578233858267716
11
0.6772138582677165
21
0.5565792125984251
0
LINE
8
BLACK
6
CONTINUOUS
10
0.6772138582677165
20
0.5565792125984251
11
0.6754236614173228
21
0.5549674015748032
0
LINE
8
BLACK
6
CONTINUOUS
10
0.6754236614173228
20
0.5549674015748032
11
0.6730279921259842
21
0.5547156692913385
0
LINE
8
BLACK
6
CONTINUOUS
10
0.6730279921259842
20
0.5547156692913385
11
0.6710824015748031
21
0.5557720472440945
0
LINE
8
BLACK
6
CONTINUOUS
10
0.6710824015748031
20
0.5557720472440945
11
0.6455385433070866
21
0.581315905511811
0
LINE
8
BLACK
6
CONTINUOUS
10
0.6455385433070866
20
0.581315905511811
11
0.619158031496063
21
0.6076964173228346
0
LINE
8
BLACK
6
CONTINUOUS
10
0.619158031496063
20
0.6076964173228346
11
0.6191579133858267
21
0.6076964960629921
0
LINE
8
BLACK
6
CONTINUOUS
10
0.6191579133858267
20
0.6076964960629921
11
0.6191578740157481
21
0.6076965354330709
0
LINE
8
BLACK
6
CONTINUOUS
10
0.6191578740157481
20
0.6076965354330709
11
0.6191578346456693
21
0.6076965748031496
0
LINE
8
BLACK
6
CONTINUOUS
10
0.6191578346456693
20
0.6076965748031496
11
0.6151137795275591
21
0.6100314173228346
0
LINE
8
BLACK
6
CONTINUOUS
10
0.6151137795275591
20
0.6100314173228346
11
0.6151136220472441
21
0.6100314960629921
0
LINE
8
BLACK
6
CONTINUOUS
10
0.6151136220472441
20
0.6100314960629921
11
0.6141603543307087
21
0.6102869291338583
0
LINE
8
BLACK
6
CONTINUOUS
10
0.6141603543307087
20
0.6102869291338583
11
0.6141603543307087
21
0.6102868897637795
0
LINE
8
BLACK
6
CONTINUOUS
10
0.6141603543307087
20
0.6102868897637795
11
0.6106027165354331
21
0.6112401574803149
0
LINE
8
BLACK
6
CONTINUOUS
10
0.6106027165354331
20
0.6112401574803149
11
0.6106026377952756
21
0.6112401574803149
0
LINE
8
BLACK
6
CONTINUOUS
10
0.6106026377952756
20
0.6112401574803149
11
0.5251867322834646
21
0.6112401574803149
0
LINE
8
BLACK
6
CONTINUOUS
10
0.5251867322834646
20
0.6112401574803149
11
0.5228957480314961
21
0.6119845275590551
0
LINE
8
BLACK
6
CONTINUOUS
10
0.5228957480314961
20
0.6119845275590551
11
0.522430905511811
21
0.6123815354330708
0
LINE
8
BLACK
6
CONTINUOUS
10
0.522430905511811
20
0.6123815354330708
11
0.5223903937007874
21
0.6124220472440944
0
LINE
8
BLACK
6
CONTINUOUS
10
0.5223903937007874
20
0.6124220472440944
11
0.5169993700787402
21
0.6155345275590551
0
LINE
8
BLACK
6
CONTINUOUS
10
0.5169993700787402
20
0.6155345275590551
11
0.5109864960629921
21
0.6171456692913385
0
LINE
8
BLACK
6
CONTINUOUS
10
0.5109864960629921
20
0.6171456692913385
11
0.5047615354330709
21
0.6171456692913385
0
LINE
8
BLACK
6
CONTINUOUS
10
0.5047615354330709
20
0.6171456692913385
11
0.4987486614173228
21
0.6155345275590551
0
LINE
8
BLACK
6
CONTINUOUS
10
0.4987486614173228
20
0.6155345275590551
11
0.4933576377952756
21
0.6124220472440944
0
LINE
8
BLACK
6
CONTINUOUS
10
0.4933576377952756
20
0.6124220472440944
11
0.488955905511811
21
0.6080203149606299
0
LINE
8
BLACK
6
CONTINUOUS
10
0.488955905511811
20
0.6080203149606299
11
0.4858434251968504
21
0.6026292913385827
0
LINE
8
BLACK
6
CONTINUOUS
10
0.4858434251968504
20
0.6026292913385827
11
0.4842322834645669
21
0.5966164173228347
0
LINE
8
BLACK
6
CONTINUOUS
10
0.4842322834645669
20
0.5966164173228347
11
0.4842322834645669
21
0.5903914566929134
0
LINE
8
BLACK
6
CONTINUOUS
10
1.1105314960629922
20
0.3501236220472441
11
1.1105315354330709
21
0.3501235039370079
0
LINE
8
BLACK
6
CONTINUOUS
10
1.1105315354330709
20
0.3501235039370079
11
1.110646220472441
21
0.349134251968504
0
LINE
8
BLACK
6
CONTINUOUS
10
1.110646220472441
20
0.349134251968504
11
1.1108518897637796
21
0.3486684645669291
0
LINE
8
BLACK
6
CONTINUOUS
10
1.1108518897637796
20
0.3486684645669291
11
1.1124328346456693
21
0.3450879921259842
0
LINE
8
BLACK
6
CONTINUOUS
10
1.1124328346456693
20
0.3450879921259842
11
1.1155604330708662
21
0.3419603937007874
0
LINE
8
BLACK
6
CONTINUOUS
10
1.1155604330708662
20
0.3419603937007874
11
1.1196066535433071
21
0.3401738188976378
0
LINE
8
BLACK
6
CONTINUOUS
10
1.1196066535433071
20
0.3401738188976378
11
1.1205958661417323
21
0.3400590551181102
0
LINE
8
BLACK
6
CONTINUOUS
10
1.1205958661417323
20
0.3400590551181102
11
1.1841285039370077
21
0.340059094488189
0
LINE
8
BLACK
6
CONTINUOUS
10
1.1841285039370077
20
0.340059094488189
11
1.1851177559055117
21
0.3401738188976378
0
LINE
8
BLACK
6
CONTINUOUS
10
1.1851177559055117
20
0.3401738188976378
11
1.1891639763779527
21
0.3419603937007874
0
LINE
8
BLACK
6
CONTINUOUS
10
1.1891639763779527
20
0.3419603937007874
11
1.1922915748031495
21
0.3450879921259842
0
LINE
8
BLACK
6
CONTINUOUS
10
1.1922915748031495
20
0.3450879921259842
11
1.1940781496062991
21
0.3491342125984252
0
LINE
8
BLACK
6
CONTINUOUS
10
1.1940781496062991
20
0.3491342125984252
11
1.1941929133858267
21
0.3501234251968504
0
LINE
8
BLACK
6
CONTINUOUS
10
1.1941929133858267
20
0.3501234251968504
11
1.1941928740157479
21
0.413656062992126
0
LINE
8
BLACK
6
CONTINUOUS
10
1.1941928740157479
20
0.413656062992126
11
1.1940781496062991
21
0.4146453149606299
0
LINE
8
BLACK
6
CONTINUOUS
10
1.1940781496062991
20
0.4146453149606299
11
1.1927764960629921
21
0.4175933070866142
0
LINE
8
BLACK
6
CONTINUOUS
10
1.1927764960629921
20
0.4175933070866142
11
1.1922915748031495
21
0.4186915354330709
0
LINE
8
BLACK
6
CONTINUOUS
10
1.1922915748031495
20
0.4186915354330709
11
1.1891639763779527
21
0.4218191338582677
0
LINE
8
BLACK
6
CONTINUOUS
10
1.1891639763779527
20
0.4218191338582677
11
1.1851177559055117
21
0.4236057086614173
0
LINE
8
BLACK
6
CONTINUOUS
10
1.1851177559055117
20
0.4236057086614173
11
1.185117716535433
21
0.423605748031496
0
LINE
8
BLACK
6
CONTINUOUS
10
1.185117716535433
20
0.423605748031496
11
1.1851176377952755
21
0.423605748031496
0
LINE
8
BLACK
6
CONTINUOUS
10
1.1851176377952755
20
0.423605748031496
11
1.1841286614173228
21
0.4237204724409449
0
LINE
8
BLACK
6
CONTINUOUS
10
1.1841286614173228
20
0.4237204724409449
11
1.1205960236220471
21
0.4237204724409449
0
LINE
8
BLACK
6
CONTINUOUS
10
1.1205960236220471
20
0.4237204724409449
11
1.1205959055118111
21
0.4237204330708662
0
LINE
8
BLACK
6
CONTINUOUS
10
1.1205959055118111
20
0.4237204330708662
11
1.1196066535433071
21
0.423605748031496
0
LINE
8
BLACK
6
CONTINUOUS
10
1.1196066535433071
20
0.423605748031496
11
1.1155604330708662
21
0.4218191338582677
0
LINE
8
BLACK
6
CONTINUOUS
10
1.1155604330708662
20
0.4218191338582677
11
1.1124328346456693
21
0.4186915354330709
0
LINE
8
BLACK
6
CONTINUOUS
10
1.1124328346456693
20
0.4186915354330709
11
1.110646220472441
21
0.4146452362204724
0
LINE
8
BLACK
6
CONTINUOUS
10
1.110646220472441
20
0.4146452362204724
11
1.1105314960629922
21
0.4136562992125984
0
LINE
8
BLACK
6
CONTINUOUS
10
1.1105314960629922
20
0.4136562992125984
11
1.1105314960629922
21
0.3501236220472441
0
LINE
8
BLACK
6
CONTINUOUS
10
1.5105314960629921
20
0.3540606299212599
11
1.5105315354330708
21
0.3540605118110236
0
LINE
8
BLACK
6
CONTINUOUS
10
1.5105315354330708
20
0.3540605118110236
11
1.5106462204724409
21
0.3530712598425197
0
LINE
8
BLACK
6
CONTINUOUS
10
1.5106462204724409
20
0.3530712598425197
11
1.5111403149606299
21
0.3519522834645669
0
LINE
8
BLACK
6
CONTINUOUS
10
1.5111403149606299
20
0.3519522834645669
11
1.5124328346456692
21
0.349025
0
LINE
8
BLACK
6
CONTINUOUS
10
1.5124328346456692
20
0.349025
11
1.5155604330708661
21
0.3458974015748031
0
LINE
8
BLACK
6
CONTINUOUS
10
1.5155604330708661
20
0.3458974015748031
11
1.519606653543307
21
0.3441108267716536
0
LINE
8
BLACK
6
CONTINUOUS
10
1.519606653543307
20
0.3441108267716536
11
1.5205958661417323
21
0.343996062992126
0
LINE
8
BLACK
6
CONTINUOUS
10
1.5205958661417323
20
0.343996062992126
11
1.5841285039370079
21
0.3439961023622047
0
LINE
8
BLACK
6
CONTINUOUS
10
1.5841285039370079
20
0.3439961023622047
11
1.5851177559055118
21
0.3441108267716536
0
LINE
8
BLACK
6
CONTINUOUS
10
1.5851177559055118
20
0.3441108267716536
11
1.5891639763779528
21
0.3458974015748031
0
LINE
8
BLACK
6
CONTINUOUS
10
1.5891639763779528
20
0.3458974015748031
11
1.5922915748031496
21
0.349025
0
LINE
8
BLACK
6
CONTINUOUS
10
1.5922915748031496
20
0.349025
11
1.5940781496062992
21
0.3530712204724409
0
LINE
8
BLACK
6
CONTINUOUS
10
1.5940781496062992
20
0.3530712204724409
11
1.5941929133858268
21
0.3540604330708662
0
LINE
8
BLACK
6
CONTINUOUS
10
1.5941929133858268
20
0.3540604330708662
11
1.5941928740157481
21
0.4175930708661417
0
LINE
8
BLACK
6
CONTINUOUS
10
1.5941928740157481
20
0.4175930708661417
11
1.5941928346456693
21
0.4175933070866142
0
LINE
8
BLACK
6
CONTINUOUS
10
1.5941928346456693
20
0.4175933070866142
11
1.5940781496062992
21
0.4185823228346456
0
LINE
8
BLACK
6
CONTINUOUS
10
1.5940781496062992
20
0.4185823228346456
11
1.5922915748031496
21
0.4226285433070866
0
LINE
8
BLACK
6
CONTINUOUS
10
1.5922915748031496
20
0.4226285433070866
11
1.5891639763779528
21
0.4257561417322834
0
LINE
8
BLACK
6
CONTINUOUS
10
1.5891639763779528
20
0.4257561417322834
11
1.5851177559055118
21
0.4275427165354331
0
LINE
8
BLACK
6
CONTINUOUS
10
1.5851177559055118
20
0.4275427165354331
11
1.5851177165354331
21
0.4275427559055118
0
LINE
8
BLACK
6
CONTINUOUS
10
1.5851177165354331
20
0.4275427559055118
11
1.5851176377952756
21
0.4275427559055118
0
LINE
8
BLACK
6
CONTINUOUS
10
1.5851176377952756
20
0.4275427559055118
11
1.5841286614173229
21
0.4276574803149606
0
LINE
8
BLACK
6
CONTINUOUS
10
1.5841286614173229
20
0.4276574803149606
11
1.5205960236220473
21
0.4276574803149606
0
LINE
8
BLACK
6
CONTINUOUS
10
1.5205960236220473
20
0.4276574803149606
11
1.520595905511811
21
0.4276574409448819
0
LINE
8
BLACK
6
CONTINUOUS
10
1.520595905511811
20
0.4276574409448819
11
1.519606653543307
21
0.4275427559055118
0
LINE
8
BLACK
6
CONTINUOUS
10
1.519606653543307
20
0.4275427559055118
11
1.5155604330708661
21
0.4257561417322834
0
LINE
8
BLACK
6
CONTINUOUS
10
1.5155604330708661
20
0.4257561417322834
11
1.5124328346456692
21
0.4226285433070866
0
LINE
8
BLACK
6
CONTINUOUS
10
1.5124328346456692
20
0.4226285433070866
11
1.5106462204724409
21
0.4185822440944882
0
LINE
8
BLACK
6
CONTINUOUS
10
1.5106462204724409
20
0.4185822440944882
11
1.5105314960629921
21
0.4175933070866142
0
LINE
8
BLACK
6
CONTINUOUS
10
1.5105314960629921
20
0.4175933070866142
11
1.5105314960629921
21
0.3540606299212599
0
LINE
8
BLACK
6
CONTINUOUS
10
1.6105314960629922
20
0.3540606299212599
11
1.6105315354330709
21
0.3540605118110236
0
LINE
8
BLACK
6
CONTINUOUS
10
1.6105315354330709
20
0.3540605118110236
11
1.610646220472441
21
0.3530712598425197
0
LINE
8
BLACK
6
CONTINUOUS
10
1.610646220472441
20
0.3530712598425197
11
1.6111403149606298
21
0.3519522834645669
0
LINE
8
BLACK
6
CONTINUOUS
10
1.6111403149606298
20
0.3519522834645669
11
1.6124328346456693
21
0.349025
0
LINE
8
BLACK
6
CONTINUOUS
10
1.6124328346456693
20
0.349025
11
1.6155604330708662
21
0.3458974015748031
0
LINE
8
BLACK
6
CONTINUOUS
10
1.6155604330708662
20
0.3458974015748031
11
1.6196066535433071
21
0.3441108267716536
0
LINE
8
BLACK
6
CONTINUOUS
10
1.6196066535433071
20
0.3441108267716536
11
1.6205958661417323
21
0.343996062992126
0
LINE
8
BLACK
6
CONTINUOUS
10
1.6205958661417323
20
0.343996062992126
11
1.6841285039370077
21
0.3439961023622047
0
LINE
8
BLACK
6
CONTINUOUS
10
1.6841285039370077
20
0.3439961023622047
11
1.6851177559055117
21
0.3441108267716536
0
LINE
8
BLACK
6
CONTINUOUS
10
1.6851177559055117
20
0.3441108267716536
11
1.6891639763779527
21
0.3458974015748031
0
LINE
8
BLACK
6
CONTINUOUS
10
1.6891639763779527
20
0.3458974015748031
11
1.6922915748031495
21
0.349025
0
LINE
8
BLACK
6
CONTINUOUS
10
1.6922915748031495
20
0.349025
11
1.6940781496062991
21
0.3530712204724409
0
LINE
8
BLACK
6
CONTINUOUS
10
1.6940781496062991
20
0.3530712204724409
11
1.6941929133858267
21
0.3540604330708662
0
LINE
8
BLACK
6
CONTINUOUS
10
1.6941929133858267
20
0.3540604330708662
11
1.6941928740157479
21
0.4066730708661417
0
LINE
8
BLACK
6
CONTINUOUS
10
1.6941928740157479
20
0.4066730708661417
11
1.6941928740157479
21
0.4175930708661417
0
LINE
8
BLACK
6
CONTINUOUS
10
1.6941928740157479
20
0.4175930708661417
11
1.6940781496062991
21
0.4185823228346456
0
LINE
8
BLACK
6
CONTINUOUS
10
1.6940781496062991
20
0.4185823228346456
11
1.6922915748031495
21
0.4226285433070866
0
LINE
8
BLACK
6
CONTINUOUS
10
1.6922915748031495
20
0.4226285433070866
11
1.6891639763779527
21
0.4257561417322834
0
LINE
8
BLACK
6
CONTINUOUS
10
1.6891639763779527
20
0.4257561417322834
11
1.6851177559055117
21
0.4275427165354331
0
LINE
8
BLACK
6
CONTINUOUS
10
1.6851177559055117
20
0.4275427165354331
11
1.685117716535433
21
0.4275427559055118
0
LINE
8
BLACK
6
CONTINUOUS
10
1.685117716535433
20
0.4275427559055118
11
1.6851176377952755
21
0.4275427559055118
0
LINE
8
BLACK
6
CONTINUOUS
10
1.6851176377952755
20
0.4275427559055118
11
1.6841286614173228
21
0.4276574803149606
0
LINE
8
BLACK
6
CONTINUOUS
10
1.6841286614173228
20
0.4276574803149606
11
1.6205960236220471
21
0.4276574803149606
0
LINE
8
BLACK
6
CONTINUOUS
10
1.6205960236220471
20
0.4276574803149606
11
1.6205959055118111
21
0.4276574409448819
0
LINE
8
BLACK
6
CONTINUOUS
10
1.6205959055118111
20
0.4276574409448819
11
1.6196066535433071
21
0.4275427559055118
0
LINE
8
BLACK
6
CONTINUOUS
10
1.6196066535433071
20
0.4275427559055118
11
1.6155604330708662
21
0.4257561417322834
0
LINE
8
BLACK
6
CONTINUOUS
10
1.6155604330708662
20
0.4257561417322834
11
1.6124328346456693
21
0.4226285433070866
0
LINE
8
BLACK
6
CONTINUOUS
10
1.6124328346456693
20
0.4226285433070866
11
1.610646220472441
21
0.4185822440944882
0
LINE
8
BLACK
6
CONTINUOUS
10
1.610646220472441
20
0.4185822440944882
11
1.6105314960629922
21
0.4175933070866142
0
LINE
8
BLACK
6
CONTINUOUS
10
1.6105314960629922
20
0.4175933070866142
11
1.6105314960629922
21
0.3540606299212599
0
LINE
8
BLACK
6
CONTINUOUS
10
0.5782925590551181
20
0.427955905511811
11
0.5794037401574803
21
0.4262929133858268
0
LINE
8
BLACK
6
CONTINUOUS
10
0.5794037401574803
20
0.4262929133858268
11
0.5833791338582677
21
0.4223174803149606
0
LINE
8
BLACK
6
CONTINUOUS
10
0.5833791338582677
20
0.4223174803149606
11
0.5833794881889763
21
0.4223172047244094
0
LINE
8
BLACK
6
CONTINUOUS
10
0.5833794881889763
20
0.4223172047244094
11
0.5880545669291338
21
0.4191933858267716
0
LINE
8
BLACK
6
CONTINUOUS
10
0.5880545669291338
20
0.4191933858267716
11
0.5932489763779527
21
0.417041811023622
0
LINE
8
BLACK
6
CONTINUOUS
10
0.5932489763779527
20
0.417041811023622
11
0.5987634251968503
21
0.4159449212598425
0
LINE
8
BLACK
6
CONTINUOUS
10
0.5987634251968503
20
0.4159449212598425
11
0.5987635826771653
21
0.4159448818897638
0
LINE
8
BLACK
6
CONTINUOUS
10
0.5987635826771653
20
0.4159448818897638
11
0.6043860236220472
21
0.4159448818897638
0
LINE
8
BLACK
6
CONTINUOUS
10
0.6043860236220472
20
0.4159448818897638
11
0.6043861417322834
21
0.4159449212598425
0
LINE
8
BLACK
6
CONTINUOUS
10
0.6043861417322834
20
0.4159449212598425
11
0.6099005511811023
21
0.417041811023622
0
LINE
8
BLACK
6
CONTINUOUS
10
0.6099005511811023
20
0.417041811023622
11
0.6099006299212598
21
0.417041811023622
0
LINE
8
BLACK
6
CONTINUOUS
10
0.6099006299212598
20
0.417041811023622
11
0.6150949999999999
21
0.4191933858267716
0
LINE
8
BLACK
6
CONTINUOUS
10
0.6150949999999999
20
0.4191933858267716
11
0.6150950393700787
21
0.4191933858267716
0
LINE
8
BLACK
6
CONTINUOUS
10
0.6150950393700787
20
0.4191933858267716
11
0.6197700787401574
21
0.4223172047244094
0
LINE
8
BLACK
6
CONTINUOUS
10
0.6197700787401574
20
0.4223172047244094
11
0.6197704330708661
21
0.4223174803149606
0
LINE
8
BLACK
6
CONTINUOUS
10
0.6197704330708661
20
0.4223174803149606
11
0.623745905511811
21
0.4262929921259843
0
LINE
8
BLACK
6
CONTINUOUS
10
0.623745905511811
20
0.4262929921259843
11
0.624856968503937
21
0.427955905511811
0
LINE
8
BLACK
6
CONTINUOUS
10
0.624856968503937
20
0.427955905511811
11
0.6190469291338583
21
0.4337659448818897
0
LINE
8
BLACK
6
CONTINUOUS
10
0.6190469291338583
20
0.4337659448818897
11
0.617972874015748
21
0.4319055118110236
0
LINE
8
BLACK
6
CONTINUOUS
10
0.617972874015748
20
0.4319055118110236
11
0.6141574803149606
21
0.4280901181102362
0
LINE
8
BLACK
6
CONTINUOUS
10
0.6141574803149606
20
0.4280901181102362
11
0.6094846062992126
21
0.4253922440944882
0
LINE
8
BLACK
6
CONTINUOUS
10
0.6094846062992126
20
0.4253922440944882
11
0.6042726771653543
21
0.4239957086614173
0
LINE
8
BLACK
6
CONTINUOUS
10
0.6042726771653543
20
0.4239957086614173
11
0.5988769291338583
21
0.4239957086614173
0
LINE
8
BLACK
6
CONTINUOUS
10
0.5988769291338583
20
0.4239957086614173
11
0.593665
21
0.4253922440944882
0
LINE
8
BLACK
6
CONTINUOUS
10
0.593665
20
0.4253922440944882
11
0.588992125984252
21
0.4280901181102362
0
LINE
8
BLACK
6
CONTINUOUS
10
0.588992125984252
20
0.4280901181102362
11
0.5851767322834646
21
0.4319055118110236
0
LINE
8
BLACK
6
CONTINUOUS
10
0.5851767322834646
20
0.4319055118110236
11
0.5841025984251969
21
0.4337659842519685
0
LINE
8
BLACK
6
CONTINUOUS
10
0.5841025984251969
20
0.4337659842519685
11
0.5782925590551181
21
0.427955905511811
0
LINE
8
BLACK
6
CONTINUOUS
10
0.9184500393700787
20
0.427955905511811
11
0.9195612204724409
21
0.4262929133858268
0
LINE
8
BLACK
6
CONTINUOUS
10
0.9195612204724409
20
0.4262929133858268
11
0.9235366141732283
21
0.4223174803149606
0
LINE
8
BLACK
6
CONTINUOUS
10
0.9235366141732283
20
0.4223174803149606
11
0.923536968503937
21
0.4223172047244094
0
LINE
8
BLACK
6
CONTINUOUS
10
0.923536968503937
20
0.4223172047244094
11
0.9282120472440945
21
0.4191933858267716
0
LINE
8
BLACK
6
CONTINUOUS
10
0.9282120472440945
20
0.4191933858267716
11
0.9334064566929133
21
0.417041811023622
0
LINE
8
BLACK
6
CONTINUOUS
10
0.9334064566929133
20
0.417041811023622
11
0.938920905511811
21
0.4159449212598425
0
LINE
8
BLACK
6
CONTINUOUS
10
0.938920905511811
20
0.4159449212598425
11
0.938921062992126
21
0.4159448818897638
0
LINE
8
BLACK
6
CONTINUOUS
10
0.938921062992126
20
0.4159448818897638
11
0.9445435039370078
21
0.4159448818897638
0
LINE
8
BLACK
6
CONTINUOUS
10
0.9445435039370078
20
0.4159448818897638
11
0.9445436220472441
21
0.4159449212598425
0
LINE
8
BLACK
6
CONTINUOUS
10
0.9445436220472441
20
0.4159449212598425
11
0.9500580314960629
21
0.417041811023622
0
LINE
8
BLACK
6
CONTINUOUS
10
0.9500580314960629
20
0.417041811023622
11
0.9500581102362204
21
0.417041811023622
0
LINE
8
BLACK
6
CONTINUOUS
10
0.9500581102362204
20
0.417041811023622
11
0.9552524803149606
21
0.4191933858267716
0
LINE
8
BLACK
6
CONTINUOUS
10
0.9552524803149606
20
0.4191933858267716
11
0.9552525196850393
21
0.4191933858267716
0
LINE
8
BLACK
6
CONTINUOUS
10
0.9552525196850393
20
0.4191933858267716
11
0.9599275590551181
21
0.4223172047244094
0
LINE
8
BLACK
6
CONTINUOUS
10
0.9599275590551181
20
0.4223172047244094
11
0.9599279133858267
21
0.4223174803149606
0
LINE
8
BLACK
6
CONTINUOUS
10
0.9599279133858267
20
0.4223174803149606
11
0.9639033858267716
21
0.4262929921259843
0
LINE
8
BLACK
6
CONTINUOUS
10
0.9639033858267716
20
0.4262929921259843
11
0.9650144488188976
21
0.427955905511811
0
LINE
8
BLACK
6
CONTINUOUS
10
0.9650144488188976
20
0.427955905511811
11
0.9592044094488189
21
0.4337659448818897
0
LINE
8
BLACK
6
CONTINUOUS
10
0.9592044094488189
20
0.4337659448818897
11
0.9581303543307086
21
0.4319055118110236
0
LINE
8
BLACK
6
CONTINUOUS
10
0.9581303543307086
20
0.4319055118110236
11
0.9543149606299213
21
0.4280901181102362
0
LINE
8
BLACK
6
CONTINUOUS
10
0.9543149606299213
20
0.4280901181102362
11
0.9496420866141732
21
0.4253922440944882
0
LINE
8
BLACK
6
CONTINUOUS
10
0.9496420866141732
20
0.4253922440944882
11
0.9444301574803149
21
0.4239957086614173
0
LINE
8
BLACK
6
CONTINUOUS
10
0.9444301574803149
20
0.4239957086614173
11
0.9390344094488189
21
0.4239957086614173
0
LINE
8
BLACK
6
CONTINUOUS
10
0.9390344094488189
20
0.4239957086614173
11
0.9338224803149606
21
0.4253922440944882
0
LINE
8
BLACK
6
CONTINUOUS
10
0.9338224803149606
20
0.4253922440944882
11
0.9291496062992126
21
0.4280901181102362
0
LINE
8
BLACK
6
CONTINUOUS
10
0.9291496062992126
20
0.4280901181102362
11
0.9253342125984252
21
0.4319055118110236
0
LINE
8
BLACK
6
CONTINUOUS
10
0.9253342125984252
20
0.4319055118110236
11
0.9242600787401575
21
0.4337659842519685
0
LINE
8
BLACK
6
CONTINUOUS
10
0.9242600787401575
20
0.4337659842519685
11
0.9184500393700787
21
0.427955905511811
0
LINE
8
BLACK
6
CONTINUOUS
10
1.0125197244094488
20
0.474015748031496
11
1.0125196850393701
21
0.4740157086614173
0
LINE
8
BLACK
6
CONTINUOUS
10
1.0125196850393701
20
0.4740157086614173
11
1.0125196850393701
21
0.4509203149606299
0
LINE
8
BLACK
6
CONTINUOUS
10
1.0125196850393701
20
0.4509203149606299
11
1.0130907874015749
21
0.4480493700787401
0
LINE
8
BLACK
6
CONTINUOUS
10
1.0130907874015749
20
0.4480493700787401
11
1.0130908267716536
21
0.4480492913385827
0
LINE
8
BLACK
6
CONTINUOUS
10
1.0130908267716536
20
0.4480492913385827
11
1.015266062992126
21
0.4447938188976378
0
LINE
8
BLACK
6
CONTINUOUS
10
1.015266062992126
20
0.4447938188976378
11
1.015266220472441
21
0.4447936614173228
0
LINE
8
BLACK
6
CONTINUOUS
10
1.015266220472441
20
0.4447936614173228
11
1.0185216929133858
21
0.4426184251968504
0
LINE
8
BLACK
6
CONTINUOUS
10
1.0185216929133858
20
0.4426184251968504
11
1.0185217716535433
21
0.4426183858267717
0
LINE
8
BLACK
6
CONTINUOUS
10
1.0185217716535433
20
0.4426183858267717
11
1.0213927165354331
21
0.4420472834645669
0
LINE
8
BLACK
6
CONTINUOUS
10
1.0213927165354331
20
0.4420472834645669
11
1.0213927952755906
21
0.4420472440944882
0
LINE
8
BLACK
6
CONTINUOUS
10
1.0213927952755906
20
0.4420472440944882
11
1.0444881496062992
21
0.4420472440944882
0
LINE
8
BLACK
6
CONTINUOUS
10
1.0444881496062992
20
0.4420472440944882
11
1.044488188976378
21
0.4420472834645669
0
LINE
8
BLACK
6
CONTINUOUS
10
1.044488188976378
20
0.4420472834645669
11
1.044488188976378
21
0.4518897637795276
0
LINE
8
BLACK
6
CONTINUOUS
10
1.044488188976378
20
0.4518897637795276
11
1.0223622047244094
21
0.4518897637795276
0
LINE
8
BLACK
6
CONTINUOUS
10
1.0223622047244094
20
0.4518897637795276
11
1.0223622047244094
21
0.474015748031496
0
LINE
8
BLACK
6
CONTINUOUS
10
1.0223622047244094
20
0.474015748031496
11
1.0125197244094488
21
0.474015748031496
0
LINE
8
BLACK
6
CONTINUOUS
10
1.0823622047244095
20
0.4518897637795276
11
1.0602362204724409
21
0.4518897637795276
0
LINE
8
BLACK
6
CONTINUOUS
10
1.0602362204724409
20
0.4518897637795276
11
1.0602362204724409
21
0.4420472834645669
0
LINE
8
BLACK
6
CONTINUOUS
10
1.0602362204724409
20
0.4420472834645669
11
1.0602362598425197
21
0.4420472440944882
0
LINE
8
BLACK
6
CONTINUOUS
10
1.0602362598425197
20
0.4420472440944882
11
1.0833316141732283
21
0.4420472440944882
0
LINE
8
BLACK
6
CONTINUOUS
10
1.0833316141732283
20
0.4420472440944882
11
1.0833316535433071
21
0.4420472834645669
0
LINE
8
BLACK
6
CONTINUOUS
10
1.0833316535433071
20
0.4420472834645669
11
1.0862025984251968
21
0.4426183858267717
0
LINE
8
BLACK
6
CONTINUOUS
10
1.0862025984251968
20
0.4426183858267717
11
1.0862026771653543
21
0.4426184251968504
0
LINE
8
BLACK
6
CONTINUOUS
10
1.0862026771653543
20
0.4426184251968504
11
1.0894581496062992
21
0.4447936614173228
0
LINE
8
BLACK
6
CONTINUOUS
10
1.0894581496062992
20
0.4447936614173228
11
1.0894583070866142
21
0.4447938188976378
0
LINE
8
BLACK
6
CONTINUOUS
10
1.0894583070866142
20
0.4447938188976378
11
1.0916335433070865
21
0.4480492913385827
0
LINE
8
BLACK
6
CONTINUOUS
10
1.0916335433070865
20
0.4480492913385827
11
1.0916335826771653
21
0.4480493700787401
0
LINE
8
BLACK
6
CONTINUOUS
10
1.0916335826771653
20
0.4480493700787401
11
1.0922046850393701
21
0.4509203149606299
0
LINE
8
BLACK
6
CONTINUOUS
10
1.0922046850393701
20
0.4509203149606299
11
1.0922047244094488
21
0.4509203937007874
0
LINE
8
BLACK
6
CONTINUOUS
10
1.0922047244094488
20
0.4509203937007874
11
1.0922047244094488
21
0.4740157086614173
0
LINE
8
BLACK
6
CONTINUOUS
10
1.0922047244094488
20
0.4740157086614173
11
1.0922046850393701
21
0.474015748031496
0
LINE
8
BLACK
6
CONTINUOUS
10
1.0922046850393701
20
0.474015748031496
11
1.0823622047244095
21
0.474015748031496
0
LINE
8
BLACK
6
CONTINUOUS
10
1.0823622047244095
20
0.474015748031496
11
1.0823622047244095
21
0.4518897637795276
0
LINE
8
BLACK
6
CONTINUOUS
10
1.1125197244094487
20
0.474015748031496
11
1.1125196850393702
21
0.4740157086614173
0
LINE
8
BLACK
6
CONTINUOUS
10
1.1125196850393702
20
0.4740157086614173
11
1.1125196850393702
21
0.4509203149606299
0
LINE
8
BLACK
6
CONTINUOUS
10
1.1125196850393702
20
0.4509203149606299
11
1.1130907874015747
21
0.4480493700787401
0
LINE
8
BLACK
6
CONTINUOUS
10
1.1130907874015747
20
0.4480493700787401
11
1.1130908267716535
21
0.4480492913385827
0
LINE
8
BLACK
6
CONTINUOUS
10
1.1130908267716535
20
0.4480492913385827
11
1.1152660629921261
21
0.4447938188976378
0
LINE
8
BLACK
6
CONTINUOUS
10
1.1152660629921261
20
0.4447938188976378
11
1.1152662204724408
21
0.4447936614173228
0
LINE
8
BLACK
6
CONTINUOUS
10
1.1152662204724408
20
0.4447936614173228
11
1.1185216929133859
21
0.4426184251968504
0
LINE
8
BLACK
6
CONTINUOUS
10
1.1185216929133859
20
0.4426184251968504
11
1.1185217716535434
21
0.4426183858267717
0
LINE
8
BLACK
6
CONTINUOUS
10
1.1185217716535434
20
0.4426183858267717
11
1.1213927165354332
21
0.4420472834645669
0
LINE
8
BLACK
6
CONTINUOUS
10
1.1213927165354332
20
0.4420472834645669
11
1.1213927952755904
21
0.4420472440944882
0
LINE
8
BLACK
6
CONTINUOUS
10
1.1213927952755904
20
0.4420472440944882
11
1.1444881496062991
21
0.4420472440944882
0
LINE
8
BLACK
6
CONTINUOUS
10
1.1444881496062991
20
0.4420472440944882
11
1.1444881889763778
21
0.4420472834645669
0
LINE
8
BLACK
6
CONTINUOUS
10
1.1444881889763778
20
0.4420472834645669
11
1.1444881889763778
21
0.4518897637795276
0
LINE
8
BLACK
6
CONTINUOUS
10
1.1444881889763778
20
0.4518897637795276
11
1.1223622047244095
21
0.4518897637795276
0
LINE
8
BLACK
6
CONTINUOUS
10
1.1223622047244095
20
0.4518897637795276
11
1.1223622047244095
21
0.474015748031496
0
LINE
8
BLACK
6
CONTINUOUS
10
1.1223622047244095
20
0.474015748031496
11
1.1125197244094487
21
0.474015748031496
0
LINE
8
BLACK
6
CONTINUOUS
10
1.1823622047244093
20
0.4518897637795276
11
1.160236220472441
21
0.4518897637795276
0
LINE
8
BLACK
6
CONTINUOUS
10
1.160236220472441
20
0.4518897637795276
11
1.160236220472441
21
0.4420472834645669
0
LINE
8
BLACK
6
CONTINUOUS
10
1.160236220472441
20
0.4420472834645669
11
1.1602362598425198
21
0.4420472440944882
0
LINE
8
BLACK
6
CONTINUOUS
10
1.1602362598425198
20
0.4420472440944882
11
1.1833316141732284
21
0.4420472440944882
0
LINE
8
BLACK
6
CONTINUOUS
10
1.1833316141732284
20
0.4420472440944882
11
1.1833316535433072
21
0.4420472834645669
0
LINE
8
BLACK
6
CONTINUOUS
10
1.1833316535433072
20
0.4420472834645669
11
1.1862025984251969
21
0.4426183858267717
0
LINE
8
BLACK
6
CONTINUOUS
10
1.1862025984251969
20
0.4426183858267717
11
1.1862026771653542
21
0.4426184251968504
0
LINE
8
BLACK
6
CONTINUOUS
10
1.1862026771653542
20
0.4426184251968504
11
1.1894581496062993
21
0.4447936614173228
0
LINE
8
BLACK
6
CONTINUOUS
10
1.1894581496062993
20
0.4447936614173228
11
1.189458307086614
21
0.4447938188976378
0
LINE
8
BLACK
6
CONTINUOUS
10
1.189458307086614
20
0.4447938188976378
11
1.1916335433070866
21
0.4480492913385827
0
LINE
8
BLACK
6
CONTINUOUS
10
1.1916335433070866
20
0.4480492913385827
11
1.1916335826771653
21
0.4480493700787401
0
LINE
8
BLACK
6
CONTINUOUS
10
1.1916335826771653
20
0.4480493700787401
11
1.1922046850393702
21
0.4509203149606299
0
LINE
8
BLACK
6
CONTINUOUS
10
1.1922046850393702
20
0.4509203149606299
11
1.1922047244094487
21
0.4509203937007874
0
LINE
8
BLACK
6
CONTINUOUS
10
1.1922047244094487
20
0.4509203937007874
11
1.1922047244094487
21
0.4740157086614173
0
LINE
8
BLACK
6
CONTINUOUS
10
1.1922047244094487
20
0.4740157086614173
11
1.1922046850393702
21
0.474015748031496
0
LINE
8
BLACK
6
CONTINUOUS
10
1.1922046850393702
20
0.474015748031496
11
1.1823622047244093
21
0.474015748031496
0
LINE
8
BLACK
6
CONTINUOUS
10
1.1823622047244093
20
0.474015748031496
11
1.1823622047244093
21
0.4518897637795276
0
LINE
8
BLACK
6
CONTINUOUS
10
1.5125197244094488
20
0.4779527559055118
11
1.5125196850393701
21
0.4779527165354331
0
LINE
8
BLACK
6
CONTINUOUS
10
1.5125196850393701
20
0.4779527165354331
11
1.5125196850393701
21
0.4548573228346456
0
LINE
8
BLACK
6
CONTINUOUS
10
1.5125196850393701
20
0.4548573228346456
11
1.5130907874015749
21
0.4519863779527559
0
LINE
8
BLACK
6
CONTINUOUS
10
1.5130907874015749
20
0.4519863779527559
11
1.5130908267716534
21
0.4519862992125984
0
LINE
8
BLACK
6
CONTINUOUS
10
1.5130908267716534
20
0.4519862992125984
11
1.515266062992126
21
0.4487308267716535
0
LINE
8
BLACK
6
CONTINUOUS
10
1.515266062992126
20
0.4487308267716535
11
1.515266220472441
21
0.4487306692913386
0
LINE
8
BLACK
6
CONTINUOUS
10
1.515266220472441
20
0.4487306692913386
11
1.5185216929133858
21
0.4465554330708661
0
LINE
8
BLACK
6
CONTINUOUS
10
1.5185216929133858
20
0.4465554330708661
11
1.5185217716535433
21
0.4465553937007874
0
LINE
8
BLACK
6
CONTINUOUS
10
1.5185217716535433
20
0.4465553937007874
11
1.5213927165354331
21
0.4459842913385827
0
LINE
8
BLACK
6
CONTINUOUS
10
1.5213927165354331
20
0.4459842913385827
11
1.5213927952755906
21
0.4459842519685039
0
LINE
8
BLACK
6
CONTINUOUS
10
1.5213927952755906
20
0.4459842519685039
11
1.5444881496062992
21
0.4459842519685039
0
LINE
8
BLACK
6
CONTINUOUS
10
1.5444881496062992
20
0.4459842519685039
11
1.544488188976378
21
0.4459842913385827
0
LINE
8
BLACK
6
CONTINUOUS
10
1.544488188976378
20
0.4459842913385827
11
1.544488188976378
21
0.4558267716535433
0
LINE
8
BLACK
6
CONTINUOUS
10
1.544488188976378
20
0.4558267716535433
11
1.5223622047244094
21
0.4558267716535433
0
LINE
8
BLACK
6
CONTINUOUS
10
1.5223622047244094
20
0.4558267716535433
11
1.5223622047244094
21
0.4779527559055118
0
LINE
8
BLACK
6
CONTINUOUS
10
1.5223622047244094
20
0.4779527559055118
11
1.5125197244094488
21
0.4779527559055118
0
LINE
8
BLACK
6
CONTINUOUS
10
1.5823622047244095
20
0.4558267716535433
11
1.5602362204724409
21
0.4558267716535433
0
LINE
8
BLACK
6
CONTINUOUS
10
1.5602362204724409
20
0.4558267716535433
11
1.5602362204724409
21
0.4459842913385827
0
LINE
8
BLACK
6
CONTINUOUS
10
1.5602362204724409
20
0.4459842913385827
11
1.5602362598425197
21
0.4459842519685039
0
LINE
8
BLACK
6
CONTINUOUS
10
1.5602362598425197
20
0.4459842519685039
11
1.5833316141732283
21
0.4459842519685039
0
LINE
8
BLACK
6
CONTINUOUS
10
1.5833316141732283
20
0.4459842519685039
11
1.5833316535433071
21
0.4459842913385827
0
LINE
8
BLACK
6
CONTINUOUS
10
1.5833316535433071
20
0.4459842913385827
11
1.5862025984251968
21
0.4465553937007874
0
LINE
8
BLACK
6
CONTINUOUS
10
1.5862025984251968
20
0.4465553937007874
11
1.5862026771653543
21
0.4465554330708661
0
LINE
8
BLACK
6
CONTINUOUS
10
1.5862026771653543
20
0.4465554330708661
11
1.5894581496062992
21
0.4487306692913386
0
LINE
8
BLACK
6
CONTINUOUS
10
1.5894581496062992
20
0.4487306692913386
11
1.5894583070866142
21
0.4487308267716535
0
LINE
8
BLACK
6
CONTINUOUS
10
1.5894583070866142
20
0.4487308267716535
11
1.5916335433070865
21
0.4519862992125984
0
LINE
8
BLACK
6
CONTINUOUS
10
1.5916335433070865
20
0.4519862992125984
11
1.5916335826771653
21
0.4519863779527559
0
LINE
8
BLACK
6
CONTINUOUS
10
1.5916335826771653
20
0.4519863779527559
11
1.5922046850393701
21
0.4548573228346456
0
LINE
8
BLACK
6
CONTINUOUS
10
1.5922046850393701
20
0.4548573228346456
11
1.5922047244094488
21
0.4548574015748031
0
LINE
8
BLACK
6
CONTINUOUS
10
1.5922047244094488
20
0.4548574015748031
11
1.5922047244094488
21
0.4779527165354331
0
LINE
8
BLACK
6
CONTINUOUS
10
1.5922047244094488
20
0.4779527165354331
11
1.5922046850393701
21
0.4779527559055118
0
LINE
8
BLACK
6
CONTINUOUS
10
1.5922046850393701
20
0.4779527559055118
11
1.5823622047244095
21
0.4779527559055118
0
LINE
8
BLACK
6
CONTINUOUS
10
1.5823622047244095
20
0.4779527559055118
11
1.5823622047244095
21
0.4558267716535433
0
LINE
8
BLACK
6
CONTINUOUS
10
1.6125197244094487
20
0.4779527559055118
11
1.6125196850393699
21
0.4779527165354331
0
LINE
8
BLACK
6
CONTINUOUS
10
1.6125196850393699
20
0.4779527165354331
11
1.6125196850393699
21
0.4548573228346456
0
LINE
8
BLACK
6
CONTINUOUS
10
1.6125196850393699
20
0.4548573228346456
11
1.6130907874015747
21
0.4519863779527559
0
LINE
8
BLACK
6
CONTINUOUS
10
1.6130907874015747
20
0.4519863779527559
11
1.6130908267716535
21
0.4519862992125984
0
LINE
8
BLACK
6
CONTINUOUS
10
1.6130908267716535
20
0.4519862992125984
11
1.6152660629921261
21
0.4487308267716535
0
LINE
8
BLACK
6
CONTINUOUS
10
1.6152660629921261
20
0.4487308267716535
11
1.6152662204724408
21
0.4487306692913386
0
LINE
8
BLACK
6
CONTINUOUS
10
1.6152662204724408
20
0.4487306692913386
11
1.6185216929133859
21
0.4465554330708661
0
LINE
8
BLACK
6
CONTINUOUS
10
1.6185216929133859
20
0.4465554330708661
11
1.6185217716535432
21
0.4465553937007874
0
LINE
8
BLACK
6
CONTINUOUS
10
1.6185217716535432
20
0.4465553937007874
11
1.6213927165354329
21
0.4459842913385827
0
LINE
8
BLACK
6
CONTINUOUS
10
1.6213927165354329
20
0.4459842913385827
11
1.6213927952755904
21
0.4459842519685039
0
LINE
8
BLACK
6
CONTINUOUS
10
1.6213927952755904
20
0.4459842519685039
11
1.6444881496062991
21
0.4459842519685039
0
LINE
8
BLACK
6
CONTINUOUS
10
1.6444881496062991
20
0.4459842519685039
11
1.6444881889763778
21
0.4459842913385827
0
LINE
8
BLACK
6
CONTINUOUS
10
1.6444881889763778
20
0.4459842913385827
11
1.6444881889763778
21
0.4558267716535433
0
LINE
8
BLACK
6
CONTINUOUS
10
1.6444881889763778
20
0.4558267716535433
11
1.6223622047244095
21
0.4558267716535433
0
LINE
8
BLACK
6
CONTINUOUS
10
1.6223622047244095
20
0.4558267716535433
11
1.6223622047244095
21
0.4779527559055118
0
LINE
8
BLACK
6
CONTINUOUS
10
1.6223622047244095
20
0.4779527559055118
11
1.6125197244094487
21
0.4779527559055118
0
LINE
8
BLACK
6
CONTINUOUS
10
1.6823622047244093
20
0.4558267716535433
11
1.660236220472441
21
0.4558267716535433
0
LINE
8
BLACK
6
CONTINUOUS
10
1.660236220472441
20
0.4558267716535433
11
1.660236220472441
21
0.4459842913385827
0
LINE
8
BLACK
6
CONTINUOUS
10
1.660236220472441
20
0.4459842913385827
11
1.6602362598425195
21
0.4459842519685039
0
LINE
8
BLACK
6
CONTINUOUS
10
1.6602362598425195
20
0.4459842519685039
11
1.6833316141732284
21
0.4459842519685039
0
LINE
8
BLACK
6
CONTINUOUS
10
1.6833316141732284
20
0.4459842519685039
11
1.6833316535433069
21
0.4459842913385827
0
LINE
8
BLACK
6
CONTINUOUS
10
1.6833316535433069
20
0.4459842913385827
11
1.6862025984251967
21
0.4465553937007874
0
LINE
8
BLACK
6
CONTINUOUS
10
1.6862025984251967
20
0.4465553937007874
11
1.6862026771653542
21
0.4465554330708661
0
LINE
8
BLACK
6
CONTINUOUS
10
1.6862026771653542
20
0.4465554330708661
11
1.6894581496062993
21
0.4487306692913386
0
LINE
8
BLACK
6
CONTINUOUS
10
1.6894581496062993
20
0.4487306692913386
11
1.689458307086614
21
0.4487308267716535
0
LINE
8
BLACK
6
CONTINUOUS
10
1.689458307086614
20
0.4487308267716535
11
1.6916335433070866
21
0.4519862992125984
0
LINE
8
BLACK
6
CONTINUOUS
10
1.6916335433070866
20
0.4519862992125984
11
1.6916335826771653
21
0.4519863779527559
0
LINE
8
BLACK
6
CONTINUOUS
10
1.6916335826771653
20
0.4519863779527559
11
1.6922046850393699
21
0.4548573228346456
0
LINE
8
BLACK
6
CONTINUOUS
10
1.6922046850393699
20
0.4548573228346456
11
1.6922047244094487
21
0.4548574015748031
0
LINE
8
BLACK
6
CONTINUOUS
10
1.6922047244094487
20
0.4548574015748031
11
1.6922047244094487
21
0.4779527165354331
0
LINE
8
BLACK
6
CONTINUOUS
10
1.6922047244094487
20
0.4779527165354331
11
1.6922046850393699
21
0.4779527559055118
0
LINE
8
BLACK
6
CONTINUOUS
10
1.6922046850393699
20
0.4779527559055118
11
1.6823622047244093
21
0.4779527559055118
0
LINE
8
BLACK
6
CONTINUOUS
10
1.6823622047244093
20
0.4779527559055118
11
1.6823622047244093
21
0.4558267716535433
0
LINE
8
BLACK
6
CONTINUOUS
10
0.9624015748031496
20
0.4719073622047244
11
0.9624015748031496
21
0.4584075984251968
0
LINE
8
BLACK
6
CONTINUOUS
10
0.9624015748031496
20
0.4584075984251968
11
0.9702755905511811
21
0.4505335826771654
0
LINE
8
BLACK
6
CONTINUOUS
10
0.9702755905511811
20
0.4505335826771654
11
0.9702755905511811
21
0.4797813779527559
0
LINE
8
BLACK
6
CONTINUOUS
10
0.9702755905511811
20
0.4797813779527559
11
0.9624015748031496
21
0.4719073622047244
0
LINE
8
BLACK
6
CONTINUOUS
10
1.189458307086614
20
0.518985748031496
11
1.1894581496062993
21
0.518985905511811
0
LINE
8
BLACK
6
CONTINUOUS
10
1.1894581496062993
20
0.518985905511811
11
1.1862026771653542
21
0.5211611417322835
0
LINE
8
BLACK
6
CONTINUOUS
10
1.1862026771653542
20
0.5211611417322835
11
1.1862025984251969
21
0.5211611811023622
0
LINE
8
BLACK
6
CONTINUOUS
10
1.1862025984251969
20
0.5211611811023622
11
1.1833316535433072
21
0.5217322834645669
0
LINE
8
BLACK
6
CONTINUOUS
10
1.1833316535433072
20
0.5217322834645669
11
1.1602362598425198
21
0.5217322834645669
0
LINE
8
BLACK
6
CONTINUOUS
10
1.1602362598425198
20
0.5217322834645669
11
1.160236220472441
21
0.5217322440944882
0
LINE
8
BLACK
6
CONTINUOUS
10
1.160236220472441
20
0.5217322440944882
11
1.160236220472441
21
0.5118897637795276
0
LINE
8
BLACK
6
CONTINUOUS
10
1.160236220472441
20
0.5118897637795276
11
1.1823622047244093
21
0.5118897637795276
0
LINE
8
BLACK
6
CONTINUOUS
10
1.1823622047244093
20
0.5118897637795276
11
1.1823622047244093
21
0.4897637795275591
0
LINE
8
BLACK
6
CONTINUOUS
10
1.1823622047244093
20
0.4897637795275591
11
1.1922046850393702
21
0.4897637795275591
0
LINE
8
BLACK
6
CONTINUOUS
10
1.1922046850393702
20
0.4897637795275591
11
1.1922047244094487
21
0.4897638188976378
0
LINE
8
BLACK
6
CONTINUOUS
10
1.1922047244094487
20
0.4897638188976378
11
1.1922047244094487
21
0.5128591732283464
0
LINE
8
BLACK
6
CONTINUOUS
10
1.1922047244094487
20
0.5128591732283464
11
1.1922046850393702
21
0.5128592519685039
0
LINE
8
BLACK
6
CONTINUOUS
10
1.1922046850393702
20
0.5128592519685039
11
1.1916335826771653
21
0.5157302362204724
0
LINE
8
BLACK
6
CONTINUOUS
10
1.1916335826771653
20
0.5157302362204724
11
1.1909212992125984
21
0.5167962598425196
0
LINE
8
BLACK
6
CONTINUOUS
10
1.1909212992125984
20
0.5167962598425196
11
1.189458307086614
21
0.518985748031496
0
LINE
8
BLACK
6
CONTINUOUS
10
1.0602362204724409
20
0.5217322440944882
11
1.0602362204724409
21
0.5118897637795276
0
LINE
8
BLACK
6
CONTINUOUS
10
1.0602362204724409
20
0.5118897637795276
11
1.0823622047244095
21
0.5118897637795276
0
LINE
8
BLACK
6
CONTINUOUS
10
1.0823622047244095
20
0.5118897637795276
11
1.0823622047244095
21
0.4897637795275591
0
LINE
8
BLACK
6
CONTINUOUS
10
1.0823622047244095
20
0.4897637795275591
11
1.0922046850393701
21
0.4897637795275591
0
LINE
8
BLACK
6
CONTINUOUS
10
1.0922046850393701
20
0.4897637795275591
11
1.0922047244094488
21
0.4897638188976378
0
LINE
8
BLACK
6
CONTINUOUS
10
1.0922047244094488
20
0.4897638188976378
11
1.0922047244094488
21
0.5128591732283464
0
LINE
8
BLACK
6
CONTINUOUS
10
1.0922047244094488
20
0.5128591732283464
11
1.0922046850393701
21
0.5128592519685039
0
LINE
8
BLACK
6
CONTINUOUS
10
1.0922046850393701
20
0.5128592519685039
11
1.0916335826771653
21
0.5157301968503937
0
LINE
8
BLACK
6
CONTINUOUS
10
1.0916335826771653
20
0.5157301968503937
11
1.0916335433070865
21
0.5157302755905512
0
LINE
8
BLACK
6
CONTINUOUS
10
1.0916335433070865
20
0.5157302755905512
11
1.0894583070866142
21
0.518985748031496
0
LINE
8
BLACK
6
CONTINUOUS
10
1.0894583070866142
20
0.518985748031496
11
1.0894581496062992
21
0.518985905511811
0
LINE
8
BLACK
6
CONTINUOUS
10
1.0894581496062992
20
0.518985905511811
11
1.0862026771653543
21
0.5211611417322835
0
LINE
8
BLACK
6
CONTINUOUS
10
1.0862026771653543
20
0.5211611417322835
11
1.0862025984251968
21
0.5211611811023622
0
LINE
8
BLACK
6
CONTINUOUS
10
1.0862025984251968
20
0.5211611811023622
11
1.0833316535433071
21
0.5217322834645669
0
LINE
8
BLACK
6
CONTINUOUS
10
1.0833316535433071
20
0.5217322834645669
11
1.0602362598425197
21
0.5217322834645669
0
LINE
8
BLACK
6
CONTINUOUS
10
1.0602362598425197
20
0.5217322834645669
11
1.0602362204724409
21
0.5217322440944882
0
LINE
8
BLACK
6
CONTINUOUS
10
1.660236220472441
20
0.5256692519685039
11
1.660236220472441
21
0.5158267716535433
0
LINE
8
BLACK
6
CONTINUOUS
10
1.660236220472441
20
0.5158267716535433
11
1.6823622047244093
21
0.5158267716535433
0
LINE
8
BLACK
6
CONTINUOUS
10
1.6823622047244093
20
0.5158267716535433
11
1.6823622047244093
21
0.4937007874015748
0
LINE
8
BLACK
6
CONTINUOUS
10
1.6823622047244093
20
0.4937007874015748
11
1.6922046850393699
21
0.4937007874015748
0
LINE
8
BLACK
6
CONTINUOUS
10
1.6922046850393699
20
0.4937007874015748
11
1.6922047244094487
21
0.4937008267716536
0
LINE
8
BLACK
6
CONTINUOUS
10
1.6922047244094487
20
0.4937008267716536
11
1.6922047244094487
21
0.5167961811023621
0
LINE
8
BLACK
6
CONTINUOUS
10
1.6922047244094487
20
0.5167961811023621
11
1.6922046850393699
21
0.5167962598425196
0
LINE
8
BLACK
6
CONTINUOUS
10
1.6922046850393699
20
0.5167962598425196
11
1.6916335826771653
21
0.5196672047244094
0
LINE
8
BLACK
6
CONTINUOUS
10
1.6916335826771653
20
0.5196672047244094
11
1.6916335433070866
21
0.5196672834645669
0
LINE
8
BLACK
6
CONTINUOUS
10
1.6916335433070866
20
0.5196672834645669
11
1.689458307086614
21
0.5229227559055118
0
LINE
8
BLACK
6
CONTINUOUS
10
1.689458307086614
20
0.5229227559055118
11
1.6894581496062993
21
0.5229229133858267
0
LINE
8
BLACK
6
CONTINUOUS
10
1.6894581496062993
20
0.5229229133858267
11
1.6862026771653542
21
0.5250981496062992
0
LINE
8
BLACK
6
CONTINUOUS
10
1.6862026771653542
20
0.5250981496062992
11
1.6862025984251967
21
0.5250981889763779
0
LINE
8
BLACK
6
CONTINUOUS
10
1.6862025984251967
20
0.5250981889763779
11
1.6833316535433069
21
0.5256692913385826
0
LINE
8
BLACK
6
CONTINUOUS
10
1.6833316535433069
20
0.5256692913385826
11
1.6602362598425195
21
0.5256692913385826
0
LINE
8
BLACK
6
CONTINUOUS
10
1.6602362598425195
20
0.5256692913385826
11
1.660236220472441
21
0.5256692519685039
0
LINE
8
BLACK
6
CONTINUOUS
10
1.5602362204724409
20
0.5256692519685039
11
1.5602362204724409
21
0.5158267716535433
0
LINE
8
BLACK
6
CONTINUOUS
10
1.5602362204724409
20
0.5158267716535433
11
1.5823622047244095
21
0.5158267716535433
0
LINE
8
BLACK
6
CONTINUOUS
10
1.5823622047244095
20
0.5158267716535433
11
1.5823622047244095
21
0.4937007874015748
0
LINE
8
BLACK
6
CONTINUOUS
10
1.5823622047244095
20
0.4937007874015748
11
1.5922046850393701
21
0.4937007874015748
0
LINE
8
BLACK
6
CONTINUOUS
10
1.5922046850393701
20
0.4937007874015748
11
1.5922047244094488
21
0.4937008267716536
0
LINE
8
BLACK
6
CONTINUOUS
10
1.5922047244094488
20
0.4937008267716536
11
1.5922047244094488
21
0.5167961811023621
0
LINE
8
BLACK
6
CONTINUOUS
10
1.5922047244094488
20
0.5167961811023621
11
1.5922046850393701
21
0.5167962598425196
0
LINE
8
BLACK
6
CONTINUOUS
10
1.5922046850393701
20
0.5167962598425196
11
1.5916335826771653
21
0.5196672047244094
0
LINE
8
BLACK
6
CONTINUOUS
10
1.5916335826771653
20
0.5196672047244094
11
1.5916335433070865
21
0.5196672834645669
0
LINE
8
BLACK
6
CONTINUOUS
10
1.5916335433070865
20
0.5196672834645669
11
1.5894583070866142
21
0.5229227559055118
0
LINE
8
BLACK
6
CONTINUOUS
10
1.5894583070866142
20
0.5229227559055118
11
1.5894581496062992
21
0.5229229133858267
0
LINE
8
BLACK
6
CONTINUOUS
10
1.5894581496062992
20
0.5229229133858267
11
1.5862026771653543
21
0.5250981496062992
0
LINE
8
BLACK
6
CONTINUOUS
10
1.5862026771653543
20
0.5250981496062992
11
1.5862025984251968
21
0.5250981889763779
0
LINE
8
BLACK
6
CONTINUOUS
10
1.5862025984251968
20
0.5250981889763779
11
1.5833316535433071
21
0.5256692913385826
0
LINE
8
BLACK
6
CONTINUOUS
10
1.5833316535433071
20
0.5256692913385826
11
1.5602362598425197
21
0.5256692913385826
0
LINE
8
BLACK
6
CONTINUOUS
10
1.5602362598425197
20
0.5256692913385826
11
1.5602362204724409
21
0.5256692519685039
0
LINE
8
BLACK
6
CONTINUOUS
10
0.3800461417322835
20
0.5345187401574804
11
0.3669568503937008
21
0.5319151181102362
0
LINE
8
BLACK
6
CONTINUOUS
10
0.3669568503937008
20
0.5319151181102362
11
0.3541864566929134
21
0.5280412992125985
0
LINE
8
BLACK
6
CONTINUOUS
10
0.3541864566929134
20
0.5280412992125985
11
0.3418568503937008
21
0.5229342125984252
0
LINE
8
BLACK
6
CONTINUOUS
10
0.3418568503937008
20
0.5229342125984252
11
0.3418557874015748
21
0.5229337007874015
0
LINE
8
BLACK
6
CONTINUOUS
10
0.3418557874015748
20
0.5229337007874015
11
0.3300869291338583
21
0.5166431496062992
0
LINE
8
BLACK
6
CONTINUOUS
10
0.3300869291338583
20
0.5166431496062992
11
0.3189904330708661
21
0.5092286220472441
0
LINE
8
BLACK
6
CONTINUOUS
10
0.3189904330708661
20
0.5092286220472441
11
0.3096074015748032
21
0.501528188976378
0
LINE
8
BLACK
6
CONTINUOUS
10
0.3096074015748032
20
0.501528188976378
11
0.3166881496062992
21
0.4944474409448819
0
LINE
8
BLACK
6
CONTINUOUS
10
0.3166881496062992
20
0.4944474409448819
11
0.3270965354330709
21
0.5027478346456693
0
LINE
8
BLACK
6
CONTINUOUS
10
0.3270965354330709
20
0.5027478346456693
11
0.3390590551181102
21
0.5102643700787401
0
LINE
8
BLACK
6
CONTINUOUS
10
0.3390590551181102
20
0.5102643700787401
11
0.3517879133858268
21
0.5163942913385826
0
LINE
8
BLACK
6
CONTINUOUS
10
0.3517879133858268
20
0.5163942913385826
11
0.3651230708661417
21
0.5210604330708661
0
LINE
8
BLACK
6
CONTINUOUS
10
0.3651230708661417
20
0.5210604330708661
11
0.3788968503937008
21
0.5242042125984252
0
LINE
8
BLACK
6
CONTINUOUS
10
0.3788968503937008
20
0.5242042125984252
11
0.3929360236220472
21
0.5257860629921259
0
LINE
8
BLACK
6
CONTINUOUS
10
0.3929360236220472
20
0.5257860629921259
11
0.4070639763779528
21
0.5257860629921259
0
LINE
8
BLACK
6
CONTINUOUS
10
0.4070639763779528
20
0.5257860629921259
11
0.4211031496062992
21
0.5242042125984252
0
LINE
8
BLACK
6
CONTINUOUS
10
0.4211031496062992
20
0.5242042125984252
11
0.4348769291338583
21
0.5210604330708661
0
LINE
8
BLACK
6
CONTINUOUS
10
0.4348769291338583
20
0.5210604330708661
11
0.4482120866141732
21
0.5163942913385826
0
LINE
8
BLACK
6
CONTINUOUS
10
0.4482120866141732
20
0.5163942913385826
11
0.4609409448818897
21
0.5102643700787401
0
LINE
8
BLACK
6
CONTINUOUS
10
0.4609409448818897
20
0.5102643700787401
11
0.4729034645669291
21
0.5027478346456693
0
LINE
8
BLACK
6
CONTINUOUS
10
0.4729034645669291
20
0.5027478346456693
11
0.4833117716535433
21
0.4944474803149606
0
LINE
8
BLACK
6
CONTINUOUS
10
0.4833117716535433
20
0.4944474803149606
11
0.4903925196850394
21
0.501528188976378
0
LINE
8
BLACK
6
CONTINUOUS
10
0.4903925196850394
20
0.501528188976378
11
0.4893800787401575
21
0.5023590944881889
0
LINE
8
BLACK
6
CONTINUOUS
10
0.4893800787401575
20
0.5023590944881889
11
0.4810095275590551
21
0.5092286220472441
0
LINE
8
BLACK
6
CONTINUOUS
10
0.4810095275590551
20
0.5092286220472441
11
0.469913031496063
21
0.5166431496062992
0
LINE
8
BLACK
6
CONTINUOUS
10
0.469913031496063
20
0.5166431496062992
11
0.4581441732283464
21
0.5229337007874015
0
LINE
8
BLACK
6
CONTINUOUS
10
0.4581441732283464
20
0.5229337007874015
11
0.4581431102362205
21
0.5229342125984252
0
LINE
8
BLACK
6
CONTINUOUS
10
0.4581431102362205
20
0.5229342125984252
11
0.4458135039370079
21
0.5280412992125985
0
LINE
8
BLACK
6
CONTINUOUS
10
0.4458135039370079
20
0.5280412992125985
11
0.4330431102362204
21
0.5319151181102362
0
LINE
8
BLACK
6
CONTINUOUS
10
0.4330431102362204
20
0.5319151181102362
11
0.4199537401574803
21
0.5345187401574804
0
LINE
8
BLACK
6
CONTINUOUS
10
0.4199537401574803
20
0.5345187401574804
11
0.4199538976377953
21
0.5345187401574804
0
LINE
8
BLACK
6
CONTINUOUS
10
0.4199538976377953
20
0.5345187401574804
11
0.4066730708661417
21
0.5358267716535433
0
LINE
8
BLACK
6
CONTINUOUS
10
0.4066730708661417
20
0.5358267716535433
11
0.3933269291338582
21
0.5358267716535433
0
LINE
8
BLACK
6
CONTINUOUS
10
0.3933269291338582
20
0.5358267716535433
11
0.3800461417322835
21
0.5345187401574804
0
LINE
8
BLACK
6
CONTINUOUS
10
1.9800461417322834
20
0.5345187401574804
11
1.9669568503937007
21
0.5319151181102362
0
LINE
8
BLACK
6
CONTINUOUS
10
1.9669568503937007
20
0.5319151181102362
11
1.9541864566929132
21
0.5280412992125985
0
LINE
8
BLACK
6
CONTINUOUS
10
1.9541864566929132
20
0.5280412992125985
11
1.9418568503937008
21
0.5229342125984252
0
LINE
8
BLACK
6
CONTINUOUS
10
1.9418568503937008
20
0.5229342125984252
11
1.9418557874015747
21
0.5229337007874015
0
LINE
8
BLACK
6
CONTINUOUS
10
1.9418557874015747
20
0.5229337007874015
11
1.9300869291338583
21
0.5166431496062992
0
LINE
8
BLACK
6
CONTINUOUS
10
1.9300869291338583
20
0.5166431496062992
11
1.918990433070866
21
0.5092286220472441
0
LINE
8
BLACK
6
CONTINUOUS
10
1.918990433070866
20
0.5092286220472441
11
1.909607401574803
21
0.501528188976378
0
LINE
8
BLACK
6
CONTINUOUS
10
1.909607401574803
20
0.501528188976378
11
1.9166881496062991
21
0.4944474409448819
0
LINE
8
BLACK
6
CONTINUOUS
10
1.9166881496062991
20
0.4944474409448819
11
1.9270965354330709
21
0.5027478346456693
0
LINE
8
BLACK
6
CONTINUOUS
10
1.9270965354330709
20
0.5027478346456693
11
1.9390590551181102
21
0.5102643700787401
0
LINE
8
BLACK
6
CONTINUOUS
10
1.9390590551181102
20
0.5102643700787401
11
1.9517879133858267
21
0.5163942913385826
0
LINE
8
BLACK
6
CONTINUOUS
10
1.9517879133858267
20
0.5163942913385826
11
1.9651230708661418
21
0.5210604330708661
0
LINE
8
BLACK
6
CONTINUOUS
10
1.9651230708661418
20
0.5210604330708661
11
1.9788968503937008
21
0.5242042125984252
0
LINE
8
BLACK
6
CONTINUOUS
10
1.9788968503937008
20
0.5242042125984252
11
1.9929360236220472
21
0.5257860629921259
0
LINE
8
BLACK
6
CONTINUOUS
10
1.9929360236220472
20
0.5257860629921259
11
2.0070639763779528
21
0.5257860629921259
0
LINE
8
BLACK
6
CONTINUOUS
10
2.0070639763779528
20
0.5257860629921259
11
2.021103149606299
21
0.5242042125984252
0
LINE
8
BLACK
6
CONTINUOUS
10
2.021103149606299
20
0.5242042125984252
11
2.0348769291338584
21
0.5210604330708661
0
LINE
8
BLACK
6
CONTINUOUS
10
2.0348769291338584
20
0.5210604330708661
11
2.0482120866141731
21
0.5163942913385826
0
LINE
8
BLACK
6
CONTINUOUS
10
2.0482120866141731
20
0.5163942913385826
11
2.0609409448818896
21
0.5102643700787401
0
LINE
8
BLACK
6
CONTINUOUS
10
2.0609409448818896
20
0.5102643700787401
11
2.0729034645669291
21
0.5027478346456693
0
LINE
8
BLACK
6
CONTINUOUS
10
2.0729034645669291
20
0.5027478346456693
11
2.0833117716535434
21
0.4944474803149606
0
LINE
8
BLACK
6
CONTINUOUS
10
2.0833117716535434
20
0.4944474803149606
11
2.0903925196850395
21
0.501528188976378
0
LINE
8
BLACK
6
CONTINUOUS
10
2.0903925196850395
20
0.501528188976378
11
2.081009527559055
21
0.5092286220472441
0
LINE
8
BLACK
6
CONTINUOUS
10
2.081009527559055
20
0.5092286220472441
11
2.0699130314960628
21
0.5166431496062992
0
LINE
8
BLACK
6
CONTINUOUS
10
2.0699130314960628
20
0.5166431496062992
11
2.0581441732283463
21
0.5229337007874015
0
LINE
8
BLACK
6
CONTINUOUS
10
2.0581441732283463
20
0.5229337007874015
11
2.0581431102362204
21
0.5229342125984252
0
LINE
8
BLACK
6
CONTINUOUS
10
2.0581431102362204
20
0.5229342125984252
11
2.045813503937008
21
0.5280412992125985
0
LINE
8
BLACK
6
CONTINUOUS
10
2.045813503937008
20
0.5280412992125985
11
2.0330431102362203
21
0.5319151181102362
0
LINE
8
BLACK
6
CONTINUOUS
10
2.0330431102362203
20
0.5319151181102362
11
2.0199537401574803
21
0.5345187401574804
0
LINE
8
BLACK
6
CONTINUOUS
10
2.0199537401574803
20
0.5345187401574804
11
2.0199538976377953
21
0.5345187401574804
0
LINE
8
BLACK
6
CONTINUOUS
10
2.0199538976377953
20
0.5345187401574804
11
2.0066730708661416
21
0.5358267716535433
0
LINE
8
BLACK
6
CONTINUOUS
10
2.0066730708661416
20
0.5358267716535433
11
1.9933269291338582
21
0.5358267716535433
0
LINE
8
BLACK
6
CONTINUOUS
10
1.9933269291338582
20
0.5358267716535433
11
1.9800461417322834
21
0.5345187401574804
0
LINE
8
BLACK
6
CONTINUOUS
10
1.1574606299212598
20
0.7961001181102362
11
1.1577825984251968
21
0.7948985826771653
0
LINE
8
BLACK
6
CONTINUOUS
10
1.1577825984251968
20
0.7948985826771653
11
1.1590717716535432
21
0.7900872047244094
0
LINE
8
BLACK
6
CONTINUOUS
10
1.1590717716535432
20
0.7900872047244094
11
1.159132401574803
21
0.789940905511811
0
LINE
8
BLACK
6
CONTINUOUS
10
1.159132401574803
20
0.789940905511811
11
1.1594291338582676
21
0.7884492519685039
0
LINE
8
BLACK
6
CONTINUOUS
10
1.1594291338582676
20
0.7884492519685039
11
1.1594291338582676
21
0.7824169291338583
0
LINE
8
BLACK
6
CONTINUOUS
10
1.1594291338582676
20
0.7824169291338583
11
1.1591324409448818
21
0.7809253937007874
0
LINE
8
BLACK
6
CONTINUOUS
10
1.1591324409448818
20
0.7809253937007874
11
1.159071811023622
21
0.7807791338582677
0
LINE
8
BLACK
6
CONTINUOUS
10
1.159071811023622
20
0.7807791338582677
11
1.1579536220472442
21
0.776606062992126
0
LINE
8
BLACK
6
CONTINUOUS
10
1.1579536220472442
20
0.776606062992126
11
1.1574606299212598
21
0.7747660236220473
0
LINE
8
BLACK
6
CONTINUOUS
10
1.1574606299212598
20
0.7747660236220473
11
1.1574606299212598
21
0.768541062992126
0
LINE
8
BLACK
6
CONTINUOUS
10
1.1574606299212598
20
0.768541062992126
11
1.1590717716535432
21
0.762528188976378
0
LINE
8
BLACK
6
CONTINUOUS
10
1.1590717716535432
20
0.762528188976378
11
1.1621842519685039
21
0.7571371653543307
0
LINE
8
BLACK
6
CONTINUOUS
10
1.1621842519685039
20
0.7571371653543307
11
1.1665859842519686
21
0.7527354330708661
0
LINE
8
BLACK
6
CONTINUOUS
10
1.1665859842519686
20
0.7527354330708661
11
1.1719770078740157
21
0.7496229527559055
0
LINE
8
BLACK
6
CONTINUOUS
10
1.1719770078740157
20
0.7496229527559055
11
1.1719773622047245
21
0.749622874015748
0
LINE
8
BLACK
6
CONTINUOUS
10
1.1719773622047245
20
0.749622874015748
11
1.1721234251968504
21
0.7495623228346456
0
LINE
8
BLACK
6
CONTINUOUS
10
1.1721234251968504
20
0.7495623228346456
11
1.173387874015748
21
0.7487174409448819
0
LINE
8
BLACK
6
CONTINUOUS
10
1.173387874015748
20
0.7487174409448819
11
1.3274575984251968
21
0.594647716535433
0
LINE
8
BLACK
6
CONTINUOUS
10
1.3274575984251968
20
0.594647716535433
11
1.3283024803149606
21
0.5933832283464566
0
LINE
8
BLACK
6
CONTINUOUS
10
1.3283024803149606
20
0.5933832283464566
11
1.3284237795275591
21
0.5930903937007874
0
LINE
8
BLACK
6
CONTINUOUS
10
1.3284237795275591
20
0.5930903937007874
11
1.3287204724409449
21
0.5915988188976378
0
LINE
8
BLACK
6
CONTINUOUS
10
1.3287204724409449
20
0.5915988188976378
11
1.3287204724409449
21
0.5855665354330708
0
LINE
8
BLACK
6
CONTINUOUS
10
1.3287204724409449
20
0.5855665354330708
11
1.3284237795275591
21
0.584075
0
LINE
8
BLACK
6
CONTINUOUS
10
1.3284237795275591
20
0.584075
11
1.3283631496062991
21
0.5839287401574803
0
LINE
8
BLACK
6
CONTINUOUS
10
1.3283631496062991
20
0.5839287401574803
11
1.3276013779527558
21
0.5810857086614173
0
LINE
8
BLACK
6
CONTINUOUS
10
1.3276013779527558
20
0.5810857086614173
11
1.3267519685039371
21
0.5779156299212598
0
LINE
8
BLACK
6
CONTINUOUS
10
1.3267519685039371
20
0.5779156299212598
11
1.3267519685039371
21
0.5716906692913386
0
LINE
8
BLACK
6
CONTINUOUS
10
1.3267519685039371
20
0.5716906692913386
11
1.3283631102362203
21
0.5656777952755906
0
LINE
8
BLACK
6
CONTINUOUS
10
1.3283631102362203
20
0.5656777952755906
11
1.331475590551181
21
0.5602867716535433
0
LINE
8
BLACK
6
CONTINUOUS
10
1.331475590551181
20
0.5602867716535433
11
1.3358773228346457
21
0.5558850393700787
0
LINE
8
BLACK
6
CONTINUOUS
10
1.3358773228346457
20
0.5558850393700787
11
1.3412683464566928
21
0.5527725590551181
0
LINE
8
BLACK
6
CONTINUOUS
10
1.3412683464566928
20
0.5527725590551181
11
1.3472812204724409
21
0.5511614173228346
0
LINE
8
BLACK
6
CONTINUOUS
10
1.3472812204724409
20
0.5511614173228346
11
1.3472812992125984
21
0.5511614173228346
0
LINE
8
BLACK
6
CONTINUOUS
10
1.3472812992125984
20
0.5511614173228346
11
1.3535061023622046
21
0.5511614173228346
0
LINE
8
BLACK
6
CONTINUOUS
10
1.3535061023622046
20
0.5511614173228346
11
1.3535061811023621
21
0.5511614173228346
0
LINE
8
BLACK
6
CONTINUOUS
10
1.3535061811023621
20
0.5511614173228346
11
1.3595190551181102
21
0.5527725590551181
0
LINE
8
BLACK
6
CONTINUOUS
10
1.3595190551181102
20
0.5527725590551181
11
1.3649100787401574
21
0.5558850393700787
0
LINE
8
BLACK
6
CONTINUOUS
10
1.3649100787401574
20
0.5558850393700787
11
1.369311811023622
21
0.5602867716535433
0
LINE
8
BLACK
6
CONTINUOUS
10
1.369311811023622
20
0.5602867716535433
11
1.3724242913385827
21
0.5656777952755906
0
LINE
8
BLACK
6
CONTINUOUS
10
1.3724242913385827
20
0.5656777952755906
11
1.3740354330708662
21
0.5716906692913386
0
LINE
8
BLACK
6
CONTINUOUS
10
1.3740354330708662
20
0.5716906692913386
11
1.3740354330708662
21
0.5779156299212598
0
LINE
8
BLACK
6
CONTINUOUS
10
1.3740354330708662
20
0.5779156299212598
11
1.3724242913385827
21
0.5839285039370079
0
LINE
8
BLACK
6
CONTINUOUS
10
1.3724242913385827
20
0.5839285039370079
11
1.3724242519685039
21
0.5839285826771653
0
LINE
8
BLACK
6
CONTINUOUS
10
1.3724242519685039
20
0.5839285826771653
11
1.3724242125984252
21
0.5839287401574803
0
LINE
8
BLACK
6
CONTINUOUS
10
1.3724242125984252
20
0.5839287401574803
11
1.3723636220472442
21
0.584075
0
LINE
8
BLACK
6
CONTINUOUS
10
1.3723636220472442
20
0.584075
11
1.3720669291338583
21
0.5855665354330708
0
LINE
8
BLACK
6
CONTINUOUS
10
1.3720669291338583
20
0.5855665354330708
11
1.3720669291338583
21
0.5915988582677165
0
LINE
8
BLACK
6
CONTINUOUS
10
1.3720669291338583
20
0.5915988582677165
11
1.3723636614173229
21
0.5930905118110236
0
LINE
8
BLACK
6
CONTINUOUS
10
1.3723636614173229
20
0.5930905118110236
11
1.3724242519685039
21
0.593236811023622
0
LINE
8
BLACK
6
CONTINUOUS
10
1.3724242519685039
20
0.593236811023622
11
1.3724242913385827
21
0.5932368503937008
0
LINE
8
BLACK
6
CONTINUOUS
10
1.3724242913385827
20
0.5932368503937008
11
1.3740354330708662
21
0.5992497244094488
0
LINE
8
BLACK
6
CONTINUOUS
10
1.3740354330708662
20
0.5992497244094488
11
1.3740354330708662
21
0.6054746850393701
0
LINE
8
BLACK
6
CONTINUOUS
10
1.3740354330708662
20
0.6054746850393701
11
1.3724242913385827
21
0.6114875590551181
0
LINE
8
BLACK
6
CONTINUOUS
10
1.3724242913385827
20
0.6114875590551181
11
1.369311811023622
21
0.6168785826771653
0
LINE
8
BLACK
6
CONTINUOUS
10
1.369311811023622
20
0.6168785826771653
11
1.3649100787401574
21
0.6212803149606299
0
LINE
8
BLACK
6
CONTINUOUS
10
1.3649100787401574
20
0.6212803149606299
11
1.3595190551181102
21
0.6243927952755906
0
LINE
8
BLACK
6
CONTINUOUS
10
1.3595190551181102
20
0.6243927952755906
11
1.3595190157480315
21
0.6243928346456693
0
LINE
8
BLACK
6
CONTINUOUS
10
1.3595190157480315
20
0.6243928346456693
11
1.359518779527559
21
0.6243929527559055
0
LINE
8
BLACK
6
CONTINUOUS
10
1.359518779527559
20
0.6243929527559055
11
1.3593723228346457
21
0.6244536220472441
0
LINE
8
BLACK
6
CONTINUOUS
10
1.3593723228346457
20
0.6244536220472441
11
1.3581081102362205
21
0.6252983858267717
0
LINE
8
BLACK
6
CONTINUOUS
10
1.3581081102362205
20
0.6252983858267717
11
1.3163007874015749
21
0.6671057086614173
0
LINE
8
BLACK
6
CONTINUOUS
10
1.3163007874015749
20
0.6671057086614173
11
1.2040384645669291
21
0.7793680314960629
0
LINE
8
BLACK
6
CONTINUOUS
10
1.2040384645669291
20
0.7793680314960629
11
1.2031935039370079
21
0.7806326771653543
0
LINE
8
BLACK
6
CONTINUOUS
10
1.2031935039370079
20
0.7806326771653543
11
1.2030722047244093
21
0.7809255511811023
0
LINE
8
BLACK
6
CONTINUOUS
10
1.2030722047244093
20
0.7809255511811023
11
1.202775590551181
21
0.7824169685039369
0
LINE
8
BLACK
6
CONTINUOUS
10
1.202775590551181
20
0.7824169685039369
11
1.202775590551181
21
0.7884492519685039
0
LINE
8
BLACK
6
CONTINUOUS
10
1.202775590551181
20
0.7884492519685039
11
1.2030723228346456
21
0.789940905511811
0
LINE
8
BLACK
6
CONTINUOUS
10
1.2030723228346456
20
0.789940905511811
11
1.2031329133858268
21
0.7900872047244094
0
LINE
8
BLACK
6
CONTINUOUS
10
1.2031329133858268
20
0.7900872047244094
11
1.2031329527559056
21
0.7900872440944882
0
LINE
8
BLACK
6
CONTINUOUS
10
1.2031329527559056
20
0.7900872440944882
11
1.2047440944881889
21
0.7961001181102362
0
LINE
8
BLACK
6
CONTINUOUS
10
1.2047440944881889
20
0.7961001181102362
11
1.2047440944881889
21
0.8023250787401575
0
LINE
8
BLACK
6
CONTINUOUS
10
1.2047440944881889
20
0.8023250787401575
11
1.2031329527559056
21
0.8083379527559055
0
LINE
8
BLACK
6
CONTINUOUS
10
1.2031329527559056
20
0.8083379527559055
11
1.2000204724409449
21
0.8137289763779527
0
LINE
8
BLACK
6
CONTINUOUS
10
1.2000204724409449
20
0.8137289763779527
11
1.1956187401574803
21
0.8181307086614173
0
LINE
8
BLACK
6
CONTINUOUS
10
1.1956187401574803
20
0.8181307086614173
11
1.1902277165354331
21
0.8212431889763779
0
LINE
8
BLACK
6
CONTINUOUS
10
1.1902277165354331
20
0.8212431889763779
11
1.184214842519685
21
0.8228543307086614
0
LINE
8
BLACK
6
CONTINUOUS
10
1.184214842519685
20
0.8228543307086614
11
1.1779898818897638
21
0.8228543307086614
0
LINE
8
BLACK
6
CONTINUOUS
10
1.1779898818897638
20
0.8228543307086614
11
1.1719770078740157
21
0.8212431889763779
0
LINE
8
BLACK
6
CONTINUOUS
10
1.1719770078740157
20
0.8212431889763779
11
1.1665859842519686
21
0.8181307086614173
0
LINE
8
BLACK
6
CONTINUOUS
10
1.1665859842519686
20
0.8181307086614173
11
1.1621842519685039
21
0.8137289763779527
0
LINE
8
BLACK
6
CONTINUOUS
10
1.1621842519685039
20
0.8137289763779527
11
1.1590717716535432
21
0.8083379527559055
0
LINE
8
BLACK
6
CONTINUOUS
10
1.1590717716535432
20
0.8083379527559055
11
1.1574606299212598
21
0.8023250787401575
0
LINE
8
BLACK
6
CONTINUOUS
10
1.1574606299212598
20
0.8023250787401575
11
1.1574606299212598
21
0.7961001181102362
0
LINE
8
BLACK
6
CONTINUOUS
10
0.2676968503937008
20
0.6517771653543307
11
0.2676968897637795
21
0.6517770472440945
0
LINE
8
BLACK
6
CONTINUOUS
10
0.2676968897637795
20
0.6517770472440945
11
0.2678115748031496
21
0.6507877952755905
0
LINE
8
BLACK
6
CONTINUOUS
10
0.2678115748031496
20
0.6507877952755905
11
0.2683555511811024
21
0.6495558267716536
0
LINE
8
BLACK
6
CONTINUOUS
10
0.2683555511811024
20
0.6495558267716536
11
0.2695981889763779
21
0.6467415354330709
0
LINE
8
BLACK
6
CONTINUOUS
10
0.2695981889763779
20
0.6467415354330709
11
0.2727257874015748
21
0.6436139370078739
0
LINE
8
BLACK
6
CONTINUOUS
10
0.2727257874015748
20
0.6436139370078739
11
0.2767720078740157
21
0.6418273622047244
0
LINE
8
BLACK
6
CONTINUOUS
10
0.2767720078740157
20
0.6418273622047244
11
0.277761220472441
21
0.6417125984251968
0
LINE
8
BLACK
6
CONTINUOUS
10
0.277761220472441
20
0.6417125984251968
11
0.3226324409448819
21
0.6417126377952755
0
LINE
8
BLACK
6
CONTINUOUS
10
0.3226324409448819
20
0.6417126377952755
11
0.3236216929133858
21
0.6418273622047244
0
LINE
8
BLACK
6
CONTINUOUS
10
0.3236216929133858
20
0.6418273622047244
11
0.3276679133858267
21
0.6436139370078739
0
LINE
8
BLACK
6
CONTINUOUS
10
0.3276679133858267
20
0.6436139370078739
11
0.3307955118110236
21
0.6467415354330709
0
LINE
8
BLACK
6
CONTINUOUS
10
0.3307955118110236
20
0.6467415354330709
11
0.3307955118110236
21
0.6467415748031496
0
LINE
8
BLACK
6
CONTINUOUS
10
0.3307955118110236
20
0.6467415748031496
11
0.3307955905511811
21
0.6467416141732283
0
LINE
8
BLACK
6
CONTINUOUS
10
0.3307955905511811
20
0.6467416141732283
11
0.3309092125984252
21
0.6469074409448818
0
LINE
8
BLACK
6
CONTINUOUS
10
0.3309092125984252
20
0.6469074409448818
11
0.332818031496063
21
0.648376811023622
0
LINE
8
BLACK
6
CONTINUOUS
10
0.332818031496063
20
0.648376811023622
11
0.3341247244094488
21
0.6486023622047244
0
LINE
8
BLACK
6
CONTINUOUS
10
0.3341247244094488
20
0.6486023622047244
11
0.4296548031496063
21
0.6486023622047244
0
LINE
8
BLACK
6
CONTINUOUS
10
0.4296548031496063
20
0.6486023622047244
11
0.4319457874015748
21
0.6478579921259843
0
LINE
8
BLACK
6
CONTINUOUS
10
0.4319457874015748
20
0.6478579921259843
11
0.4328703149606299
21
0.6469074409448818
0
LINE
8
BLACK
6
CONTINUOUS
10
0.4328703149606299
20
0.6469074409448818
11
0.4329838976377953
21
0.6467416141732283
0
LINE
8
BLACK
6
CONTINUOUS
10
0.4329838976377953
20
0.6467416141732283
11
0.4347734251968504
21
0.644952125984252
0
LINE
8
BLACK
6
CONTINUOUS
10
0.4347734251968504
20
0.644952125984252
11
0.4361116141732284
21
0.6436139370078739
0
LINE
8
BLACK
6
CONTINUOUS
10
0.4361116141732284
20
0.6436139370078739
11
0.4401578346456693
21
0.6418273622047244
0
LINE
8
BLACK
6
CONTINUOUS
10
0.4401578346456693
20
0.6418273622047244
11
0.4411470472440945
21
0.6417125984251968
0
LINE
8
BLACK
6
CONTINUOUS
10
0.4411470472440945
20
0.6417125984251968
11
0.4860182677165354
21
0.6417126377952755
0
LINE
8
BLACK
6
CONTINUOUS
10
0.4860182677165354
20
0.6417126377952755
11
0.4870075196850394
21
0.6418273622047244
0
LINE
8
BLACK
6
CONTINUOUS
10
0.4870075196850394
20
0.6418273622047244
11
0.4910537401574803
21
0.6436139370078739
0
LINE
8
BLACK
6
CONTINUOUS
10
0.4910537401574803
20
0.6436139370078739
11
0.4941813385826772
21
0.6467415354330709
0
LINE
8
BLACK
6
CONTINUOUS
10
0.4941813385826772
20
0.6467415354330709
11
0.4959679133858267
21
0.6507877559055117
0
LINE
8
BLACK
6
CONTINUOUS
10
0.4959679133858267
20
0.6507877559055117
11
0.4960826771653543
21
0.651776968503937
0
LINE
8
BLACK
6
CONTINUOUS
10
0.4960826771653543
20
0.651776968503937
11
0.4960826377952756
21
0.680900157480315
0
LINE
8
BLACK
6
CONTINUOUS
10
0.4960826377952756
20
0.680900157480315
11
0.4959679133858267
21
0.6818894094488189
0
LINE
8
BLACK
6
CONTINUOUS
10
0.4959679133858267
20
0.6818894094488189
11
0.4941813385826772
21
0.6859356299212598
0
LINE
8
BLACK
6
CONTINUOUS
10
0.4941813385826772
20
0.6859356299212598
11
0.4910537401574803
21
0.6890632283464567
0
LINE
8
BLACK
6
CONTINUOUS
10
0.4910537401574803
20
0.6890632283464567
11
0.4870075196850394
21
0.6908498031496063
0
LINE
8
BLACK
6
CONTINUOUS
10
0.4870075196850394
20
0.6908498031496063
11
0.4870074803149606
21
0.6908498425196851
0
LINE
8
BLACK
6
CONTINUOUS
10
0.4870074803149606
20
0.6908498425196851
11
0.4870074015748032
21
0.6908498425196851
0
LINE
8
BLACK
6
CONTINUOUS
10
0.4870074015748032
20
0.6908498425196851
11
0.4860184251968504
21
0.6909645669291339
0
LINE
8
BLACK
6
CONTINUOUS
10
0.4860184251968504
20
0.6909645669291339
11
0.4411472047244094
21
0.6909645669291339
0
LINE
8
BLACK
6
CONTINUOUS
10
0.4411472047244094
20
0.6909645669291339
11
0.4411470866141732
21
0.6909645275590551
0
LINE
8
BLACK
6
CONTINUOUS
10
0.4411470866141732
20
0.6909645275590551
11
0.4401578346456693
21
0.6908498425196851
0
LINE
8
BLACK
6
CONTINUOUS
10
0.4401578346456693
20
0.6908498425196851
11
0.4361115354330709
21
0.689063188976378
0
LINE
8
BLACK
6
CONTINUOUS
10
0.4361115354330709
20
0.689063188976378
11
0.4329838976377953
21
0.6859355905511811
0
LINE
8
BLACK
6
CONTINUOUS
10
0.4329838976377953
20
0.6859355905511811
11
0.4328703149606299
21
0.6857697244094488
0
LINE
8
BLACK
6
CONTINUOUS
10
0.4328703149606299
20
0.6857697244094488
11
0.4309614960629921
21
0.6843003543307087
0
LINE
8
BLACK
6
CONTINUOUS
10
0.4309614960629921
20
0.6843003543307087
11
0.4296548031496063
21
0.6840748031496063
0
LINE
8
BLACK
6
CONTINUOUS
10
0.4296548031496063
20
0.6840748031496063
11
0.3341247244094488
21
0.6840748031496063
0
LINE
8
BLACK
6
CONTINUOUS
10
0.3341247244094488
20
0.6840748031496063
11
0.3318337401574803
21
0.6848191732283464
0
LINE
8
BLACK
6
CONTINUOUS
10
0.3318337401574803
20
0.6848191732283464
11
0.3309092125984252
21
0.6857697244094488
0
LINE
8
BLACK
6
CONTINUOUS
10
0.3309092125984252
20
0.6857697244094488
11
0.3307955905511811
21
0.6859355905511811
0
LINE
8
BLACK
6
CONTINUOUS
10
0.3307955905511811
20
0.6859355905511811
11
0.3276679527559055
21
0.689063188976378
0
LINE
8
BLACK
6
CONTINUOUS
10
0.3276679527559055
20
0.689063188976378
11
0.3276679133858267
21
0.6890632283464567
0
LINE
8
BLACK
6
CONTINUOUS
10
0.3276679133858267
20
0.6890632283464567
11
0.3236216929133858
21
0.6908498031496063
0
LINE
8
BLACK
6
CONTINUOUS
10
0.3236216929133858
20
0.6908498031496063
11
0.3236216535433071
21
0.6908498425196851
0
LINE
8
BLACK
6
CONTINUOUS
10
0.3236216535433071
20
0.6908498425196851
11
0.3236215748031496
21
0.6908498425196851
0
LINE
8
BLACK
6
CONTINUOUS
10
0.3236215748031496
20
0.6908498425196851
11
0.3226325984251969
21
0.6909645669291339
0
LINE
8
BLACK
6
CONTINUOUS
10
0.3226325984251969
20
0.6909645669291339
11
0.2777613779527559
21
0.6909645669291339
0
LINE
8
BLACK
6
CONTINUOUS
10
0.2777613779527559
20
0.6909645669291339
11
0.2777612598425197
21
0.6909645275590551
0
LINE
8
BLACK
6
CONTINUOUS
10
0.2777612598425197
20
0.6909645275590551
11
0.2767720078740157
21
0.6908498425196851
0
LINE
8
BLACK
6
CONTINUOUS
10
0.2767720078740157
20
0.6908498425196851
11
0.2727257874015748
21
0.6890632283464567
0
LINE
8
BLACK
6
CONTINUOUS
10
0.2727257874015748
20
0.6890632283464567
11
0.2695981889763779
21
0.6859356299212598
0
LINE
8
BLACK
6
CONTINUOUS
10
0.2695981889763779
20
0.6859356299212598
11
0.2678115748031496
21
0.6818893307086614
0
LINE
8
BLACK
6
CONTINUOUS
10
0.2678115748031496
20
0.6818893307086614
11
0.2676968503937008
21
0.6809003937007874
0
LINE
8
BLACK
6
CONTINUOUS
10
0.2676968503937008
20
0.6809003937007874
11
0.2676968503937008
21
0.6517771653543307
0
LINE
8
BLACK
6
CONTINUOUS
10
1.3188779527559056
20
1.205548937007874
11
1.3204890944881889
21
1.1995360629921259
0
LINE
8
BLACK
6
CONTINUOUS
10
1.3204890944881889
20
1.1995360629921259
11
1.3236015748031495
21
1.1941450393700788
0
LINE
8
BLACK
6
CONTINUOUS
10
1.3236015748031495
20
1.1941450393700788
11
1.3236419291338581
21
1.19410468503937
0
LINE
8
BLACK
6
CONTINUOUS
10
1.3236419291338581
20
1.19410468503937
11
1.3236605118110236
21
1.194068188976378
0
LINE
8
BLACK
6
CONTINUOUS
10
1.3236605118110236
20
1.194068188976378
11
1.323757125984252
21
1.193942283464567
0
LINE
8
BLACK
6
CONTINUOUS
10
1.323757125984252
20
1.193942283464567
11
1.323733779527559
21
1.1939244094488188
0
LINE
8
BLACK
6
CONTINUOUS
10
1.323733779527559
20
1.1939244094488188
11
1.3247354724409448
21
1.1919584251968505
0
LINE
8
BLACK
6
CONTINUOUS
10
1.3247354724409448
20
1.1919584251968505
11
1.3247834645669292
21
1.1913487007874015
0
LINE
8
BLACK
6
CONTINUOUS
10
1.3247834645669292
20
1.1913487007874015
11
1.3247834645669292
21
1.0911688582677166
0
LINE
8
BLACK
6
CONTINUOUS
10
1.3247834645669292
20
1.0911688582677166
11
1.32561031496063
21
1.088083188976378
0
LINE
8
BLACK
6
CONTINUOUS
10
1.32561031496063
20
1.088083188976378
11
1.3256103543307087
21
1.0880829921259842
0
LINE
8
BLACK
6
CONTINUOUS
10
1.3256103543307087
20
1.0880829921259842
11
1.3259920472440945
21
1.0866582677165355
0
LINE
8
BLACK
6
CONTINUOUS
10
1.3259920472440945
20
1.0866582677165355
11
1.3259922047244095
21
1.0866579133858267
0
LINE
8
BLACK
6
CONTINUOUS
10
1.3259922047244095
20
1.0866579133858267
11
1.3283270472440944
21
1.0826138188976377
0
LINE
8
BLACK
6
CONTINUOUS
10
1.3283270472440944
20
1.0826138188976377
11
1.328327125984252
21
1.0826137401574802
0
LINE
8
BLACK
6
CONTINUOUS
10
1.328327125984252
20
1.0826137401574802
11
1.3283272047244095
21
1.082613622047244
0
LINE
8
BLACK
6
CONTINUOUS
10
1.3283272047244095
20
1.082613622047244
11
1.7587947244094488
21
0.6521461023622047
0
LINE
8
BLACK
6
CONTINUOUS
10
1.7587947244094488
20
0.6521461023622047
11
1.7587948031496063
21
0.652146062992126
0
LINE
8
BLACK
6
CONTINUOUS
10
1.7587948031496063
20
0.652146062992126
11
1.7587948818897639
21
0.6521459842519685
0
LINE
8
BLACK
6
CONTINUOUS
10
1.7587948818897639
20
0.6521459842519685
11
1.7628388582677166
21
0.6498111811023622
0
LINE
8
BLACK
6
CONTINUOUS
10
1.7628388582677166
20
0.6498111811023622
11
1.7628389370078741
21
0.6498111417322835
0
LINE
8
BLACK
6
CONTINUOUS
10
1.7628389370078741
20
0.6498111417322835
11
1.7628390944881889
21
0.649811062992126
0
LINE
8
BLACK
6
CONTINUOUS
10
1.7628390944881889
20
0.649811062992126
11
1.7637922047244095
21
0.6495557480314961
0
LINE
8
BLACK
6
CONTINUOUS
10
1.7637922047244095
20
0.6495557480314961
11
1.7637923228346457
21
0.6495556299212598
0
LINE
8
BLACK
6
CONTINUOUS
10
1.7637923228346457
20
0.6495556299212598
11
1.7637923622047245
21
0.6495556692913386
0
LINE
8
BLACK
6
CONTINUOUS
10
1.7637923622047245
20
0.6495556692913386
11
1.7673499212598425
21
0.6486024015748031
0
LINE
8
BLACK
6
CONTINUOUS
10
1.7673499212598425
20
0.6486024015748031
11
1.76735
21
0.6486023622047244
0
LINE
8
BLACK
6
CONTINUOUS
10
1.76735
20
0.6486023622047244
11
1.7673500393700787
21
0.6486023622047244
0
LINE
8
BLACK
6
CONTINUOUS
10
1.7673500393700787
20
0.6486023622047244
11
1.8055219291338582
21
0.6486023622047244
0
LINE
8
BLACK
6
CONTINUOUS
10
1.8055219291338582
20
0.6486023622047244
11
1.8078129133858267
21
0.6478579921259843
0
LINE
8
BLACK
6
CONTINUOUS
10
1.8078129133858267
20
0.6478579921259843
11
1.8082777165354331
21
0.6474610236220473
0
LINE
8
BLACK
6
CONTINUOUS
10
1.8082777165354331
20
0.6474610236220473
11
1.8083182677165355
21
0.6474204724409449
0
LINE
8
BLACK
6
CONTINUOUS
10
1.8083182677165355
20
0.6474204724409449
11
1.8137092913385826
21
0.6443079921259842
0
LINE
8
BLACK
6
CONTINUOUS
10
1.8137092913385826
20
0.6443079921259842
11
1.8197221653543307
21
0.6426968503937007
0
LINE
8
BLACK
6
CONTINUOUS
10
1.8197221653543307
20
0.6426968503937007
11
1.8197222440944882
21
0.6426968503937007
0
LINE
8
BLACK
6
CONTINUOUS
10
1.8197222440944882
20
0.6426968503937007
11
1.8259470472440944
21
0.6426968503937007
0
LINE
8
BLACK
6
CONTINUOUS
10
1.8259470472440944
20
0.6426968503937007
11
1.8259471259842519
21
0.6426968503937007
0
LINE
8
BLACK
6
CONTINUOUS
10
1.8259471259842519
20
0.6426968503937007
11
1.83196
21
0.6443079921259842
0
LINE
8
BLACK
6
CONTINUOUS
10
1.83196
20
0.6443079921259842
11
1.8373510236220472
21
0.6474204724409449
0
LINE
8
BLACK
6
CONTINUOUS
10
1.8373510236220472
20
0.6474204724409449
11
1.8373913779527558
21
0.6474608661417323
0
LINE
8
BLACK
6
CONTINUOUS
10
1.8373913779527558
20
0.6474608661417323
11
1.8374278740157479
21
0.6474794488188976
0
LINE
8
BLACK
6
CONTINUOUS
10
1.8374278740157479
20
0.6474794488188976
11
1.8375537795275589
21
0.6475760236220472
0
LINE
8
BLACK
6
CONTINUOUS
10
1.8375537795275589
20
0.6475760236220472
11
1.8375716535433071
21
0.647552716535433
0
LINE
8
BLACK
6
CONTINUOUS
10
1.8375716535433071
20
0.647552716535433
11
1.8395376377952755
21
0.6485543700787402
0
LINE
8
BLACK
6
CONTINUOUS
10
1.8395376377952755
20
0.6485543700787402
11
1.8401473622047244
21
0.6486023622047244
0
LINE
8
BLACK
6
CONTINUOUS
10
1.8401473622047244
20
0.6486023622047244
11
1.9001272440944881
21
0.6486023622047244
0
LINE
8
BLACK
6
CONTINUOUS
10
1.9001272440944881
20
0.6486023622047244
11
1.9024182283464566
21
0.6478579921259843
0
LINE
8
BLACK
6
CONTINUOUS
10
1.9024182283464566
20
0.6478579921259843
11
1.9033427559055118
21
0.6469074409448818
0
LINE
8
BLACK
6
CONTINUOUS
10
1.9033427559055118
20
0.6469074409448818
11
1.903456338582677
21
0.6467416141732283
0
LINE
8
BLACK
6
CONTINUOUS
10
1.903456338582677
20
0.6467416141732283
11
1.9052458661417322
21
0.644952125984252
0
LINE
8
BLACK
6
CONTINUOUS
10
1.9052458661417322
20
0.644952125984252
11
1.9065840551181101
21
0.6436139370078739
0
LINE
8
BLACK
6
CONTINUOUS
10
1.9065840551181101
20
0.6436139370078739
11
1.9106302755905511
21
0.6418273622047244
0
LINE
8
BLACK
6
CONTINUOUS
10
1.9106302755905511
20
0.6418273622047244
11
1.9116194881889763
21
0.6417125984251968
0
LINE
8
BLACK
6
CONTINUOUS
10
1.9116194881889763
20
0.6417125984251968
11
1.9564907086614174
21
0.6417126377952755
0
LINE
8
BLACK
6
CONTINUOUS
10
1.9564907086614174
20
0.6417126377952755
11
1.9574799606299211
21
0.6418273622047244
0
LINE
8
BLACK
6
CONTINUOUS
10
1.9574799606299211
20
0.6418273622047244
11
1.9615261811023621
21
0.6436139370078739
0
LINE
8
BLACK
6
CONTINUOUS
10
1.9615261811023621
20
0.6436139370078739
11
1.9646537795275589
21
0.6467415354330709
0
LINE
8
BLACK
6
CONTINUOUS
10
1.9646537795275589
20
0.6467415354330709
11
1.9646537795275589
21
0.6467415748031496
0
LINE
8
BLACK
6
CONTINUOUS
10
1.9646537795275589
20
0.6467415748031496
11
1.9646538582677164
21
0.6467416141732283
0
LINE
8
BLACK
6
CONTINUOUS
10
1.9646538582677164
20
0.6467416141732283
11
1.9647674803149606
21
0.6469074409448818
0
LINE
8
BLACK
6
CONTINUOUS
10
1.9647674803149606
20
0.6469074409448818
11
1.9666762992125983
21
0.648376811023622
0
LINE
8
BLACK
6
CONTINUOUS
10
1.9666762992125983
20
0.648376811023622
11
1.9679829921259842
21
0.6486023622047244
0
LINE
8
BLACK
6
CONTINUOUS
10
1.9679829921259842
20
0.6486023622047244
11
2.0625288188976376
21
0.6486023622047244
0
LINE
8
BLACK
6
CONTINUOUS
10
2.0625288188976376
20
0.6486023622047244
11
2.0648198031496063
21
0.6478579921259843
0
LINE
8
BLACK
6
CONTINUOUS
10
2.0648198031496063
20
0.6478579921259843
11
2.0657443307086614
21
0.6469074409448818
0
LINE
8
BLACK
6
CONTINUOUS
10
2.0657443307086614
20
0.6469074409448818
11
2.0658579133858268
21
0.6467416141732283
0
LINE
8
BLACK
6
CONTINUOUS
10
2.0658579133858268
20
0.6467416141732283
11
2.067647440944882
21
0.644952125984252
0
LINE
8
BLACK
6
CONTINUOUS
10
2.067647440944882
20
0.644952125984252
11
2.0689856299212597
21
0.6436139370078739
0
LINE
8
BLACK
6
CONTINUOUS
10
2.0689856299212597
20
0.6436139370078739
11
2.0730318503937006
21
0.6418273622047244
0
LINE
8
BLACK
6
CONTINUOUS
10
2.0730318503937006
20
0.6418273622047244
11
2.0740210629921259
21
0.6417125984251968
0
LINE
8
BLACK
6
CONTINUOUS
10
2.0740210629921259
20
0.6417125984251968
11
2.1188922834645667
21
0.6417126377952755
0
LINE
8
BLACK
6
CONTINUOUS
10
2.1188922834645667
20
0.6417126377952755
11
2.1198815354330707
21
0.6418273622047244
0
LINE
8
BLACK
6
CONTINUOUS
10
2.1198815354330707
20
0.6418273622047244
11
2.1239277559055116
21
0.6436139370078739
0
LINE
8
BLACK
6
CONTINUOUS
10
2.1239277559055116
20
0.6436139370078739
11
2.1270553543307087
21
0.6467415354330709
0
LINE
8
BLACK
6
CONTINUOUS
10
2.1270553543307087
20
0.6467415354330709
11
2.1288419291338583
21
0.6507877559055117
0
LINE
8
BLACK
6
CONTINUOUS
10
2.1288419291338583
20
0.6507877559055117
11
2.1289566929133859
21
0.651776968503937
0
LINE
8
BLACK
6
CONTINUOUS
10
2.1289566929133859
20
0.651776968503937
11
2.1289566535433071
21
0.680900157480315
0
LINE
8
BLACK
6
CONTINUOUS
10
2.1289566535433071
20
0.680900157480315
11
2.1288419291338583
21
0.6818894094488189
0
LINE
8
BLACK
6
CONTINUOUS
10
2.1288419291338583
20
0.6818894094488189
11
2.1270553543307087
21
0.6859356299212598
0
LINE
8
BLACK
6
CONTINUOUS
10
2.1270553543307087
20
0.6859356299212598
11
2.1239277559055116
21
0.6890632283464567
0
LINE
8
BLACK
6
CONTINUOUS
10
2.1239277559055116
20
0.6890632283464567
11
2.1198815354330707
21
0.6908498031496063
0
LINE
8
BLACK
6
CONTINUOUS
10
2.1198815354330707
20
0.6908498031496063
11
2.1198814960629919
21
0.6908498425196851
0
LINE
8
BLACK
6
CONTINUOUS
10
2.1198814960629919
20
0.6908498425196851
11
2.1198814173228344
21
0.6908498425196851
0
LINE
8
BLACK
6
CONTINUOUS
10
2.1198814173228344
20
0.6908498425196851
11
2.1188924409448817
21
0.6909645669291339
0
LINE
8
BLACK
6
CONTINUOUS
10
2.1188924409448817
20
0.6909645669291339
11
2.0740212204724409
21
0.6909645669291339
0
LINE
8
BLACK
6
CONTINUOUS
10
2.0740212204724409
20
0.6909645669291339
11
2.0740211023622046
21
0.6909645275590551
0
LINE
8
BLACK
6
CONTINUOUS
10
2.0740211023622046
20
0.6909645275590551
11
2.0730318503937006
21
0.6908498425196851
0
LINE
8
BLACK
6
CONTINUOUS
10
2.0730318503937006
20
0.6908498425196851
11
2.0689855511811022
21
0.689063188976378
0
LINE
8
BLACK
6
CONTINUOUS
10
2.0689855511811022
20
0.689063188976378
11
2.0658579133858268
21
0.6859355905511811
0
LINE
8
BLACK
6
CONTINUOUS
10
2.0658579133858268
20
0.6859355905511811
11
2.0657443307086614
21
0.6857697244094488
0
LINE
8
BLACK
6
CONTINUOUS
10
2.0657443307086614
20
0.6857697244094488
11
2.0638355118110234
21
0.6843003543307087
0
LINE
8
BLACK
6
CONTINUOUS
10
2.0638355118110234
20
0.6843003543307087
11
2.0625288188976376
21
0.6840748031496063
0
LINE
8
BLACK
6
CONTINUOUS
10
2.0625288188976376
20
0.6840748031496063
11
1.9679829921259842
21
0.6840748031496063
0
LINE
8
BLACK
6
CONTINUOUS
10
1.9679829921259842
20
0.6840748031496063
11
1.9656920078740157
21
0.6848191732283464
0
LINE
8
BLACK
6
CONTINUOUS
10
1.9656920078740157
20
0.6848191732283464
11
1.9647674803149606
21
0.6857697244094488
0
LINE
8
BLACK
6
CONTINUOUS
10
1.9647674803149606
20
0.6857697244094488
11
1.9646538582677164
21
0.6859355905511811
0
LINE
8
BLACK
6
CONTINUOUS
10
1.9646538582677164
20
0.6859355905511811
11
1.9615262204724409
21
0.689063188976378
0
LINE
8
BLACK
6
CONTINUOUS
10
1.9615262204724409
20
0.689063188976378
11
1.9615261811023621
21
0.6890632283464567
0
LINE
8
BLACK
6
CONTINUOUS
10
1.9615261811023621
20
0.6890632283464567
11
1.9574799606299211
21
0.6908498031496063
0
LINE
8
BLACK
6
CONTINUOUS
10
1.9574799606299211
20
0.6908498031496063
11
1.9574799212598424
21
0.6908498425196851
0
LINE
8
BLACK
6
CONTINUOUS
10
1.9574799212598424
20
0.6908498425196851
11
1.9574798425196851
21
0.6908498425196851
0
LINE
8
BLACK
6
CONTINUOUS
10
1.9574798425196851
20
0.6908498425196851
11
1.9564908661417322
21
0.6909645669291339
0
LINE
8
BLACK
6
CONTINUOUS
10
1.9564908661417322
20
0.6909645669291339
11
1.9116196456692913
21
0.6909645669291339
0
LINE
8
BLACK
6
CONTINUOUS
10
1.9116196456692913
20
0.6909645669291339
11
1.9116195275590551
21
0.6909645275590551
0
LINE
8
BLACK
6
CONTINUOUS
10
1.9116195275590551
20
0.6909645275590551
11
1.9106302755905511
21
0.6908498425196851
0
LINE
8
BLACK
6
CONTINUOUS
10
1.9106302755905511
20
0.6908498425196851
11
1.9065839763779526
21
0.689063188976378
0
LINE
8
BLACK
6
CONTINUOUS
10
1.9065839763779526
20
0.689063188976378
11
1.903456338582677
21
0.6859355905511811
0
LINE
8
BLACK
6
CONTINUOUS
10
1.903456338582677
20
0.6859355905511811
11
1.9033427559055118
21
0.6857697244094488
0
LINE
8
BLACK
6
CONTINUOUS
10
1.9033427559055118
20
0.6857697244094488
11
1.9014339370078739
21
0.6843003543307087
0
LINE
8
BLACK
6
CONTINUOUS
10
1.9014339370078739
20
0.6843003543307087
11
1.9001272440944881
21
0.6840748031496063
0
LINE
8
BLACK
6
CONTINUOUS
10
1.9001272440944881
20
0.6840748031496063
11
1.8401473622047244
21
0.6840748031496063
0
LINE
8
BLACK
6
CONTINUOUS
10
1.8401473622047244
20
0.6840748031496063
11
1.8378563779527559
21
0.6848191732283464
0
LINE
8
BLACK
6
CONTINUOUS
10
1.8378563779527559
20
0.6848191732283464
11
1.8373915354330708
21
0.6852161811023622
0
LINE
8
BLACK
6
CONTINUOUS
10
1.8373915354330708
20
0.6852161811023622
11
1.8373510236220472
21
0.6852566929133858
0
LINE
8
BLACK
6
CONTINUOUS
10
1.8373510236220472
20
0.6852566929133858
11
1.83196
21
0.6883691732283465
0
LINE
8
BLACK
6
CONTINUOUS
10
1.83196
20
0.6883691732283465
11
1.8259471259842519
21
0.6899803149606299
0
LINE
8
BLACK
6
CONTINUOUS
10
1.8259471259842519
20
0.6899803149606299
11
1.8197221653543307
21
0.6899803149606299
0
LINE
8
BLACK
6
CONTINUOUS
10
1.8197221653543307
20
0.6899803149606299
11
1.8137092913385826
21
0.6883691732283465
0
LINE
8
BLACK
6
CONTINUOUS
10
1.8137092913385826
20
0.6883691732283465
11
1.8083182677165355
21
0.6852566929133858
0
LINE
8
BLACK
6
CONTINUOUS
10
1.8083182677165355
20
0.6852566929133858
11
1.8082778740157479
21
0.6852163385826772
0
LINE
8
BLACK
6
CONTINUOUS
10
1.8082778740157479
20
0.6852163385826772
11
1.808241377952756
21
0.6851977559055118
0
LINE
8
BLACK
6
CONTINUOUS
10
1.808241377952756
20
0.6851977559055118
11
1.8081155118110235
21
0.6851011417322834
0
LINE
8
BLACK
6
CONTINUOUS
10
1.8081155118110235
20
0.6851011417322834
11
1.8080975984251968
21
0.6851244881889763
0
LINE
8
BLACK
6
CONTINUOUS
10
1.8080975984251968
20
0.6851244881889763
11
1.806131653543307
21
0.6841227952755905
0
LINE
8
BLACK
6
CONTINUOUS
10
1.806131653543307
20
0.6841227952755905
11
1.8055219291338582
21
0.6840748031496063
0
LINE
8
BLACK
6
CONTINUOUS
10
1.8055219291338582
20
0.6840748031496063
11
1.7786461023622047
21
0.6840748031496063
0
LINE
8
BLACK
6
CONTINUOUS
10
1.7786461023622047
20
0.6840748031496063
11
1.7763551181102362
21
0.6848191732283464
0
LINE
8
BLACK
6
CONTINUOUS
10
1.7763551181102362
20
0.6848191732283464
11
1.7758900393700787
21
0.6852163779527559
0
LINE
8
BLACK
6
CONTINUOUS
10
1.7758900393700787
20
0.6852163779527559
11
1.7179962204724408
21
0.7431101968503937
0
LINE
8
BLACK
6
CONTINUOUS
10
1.7179962204724408
20
0.7431101968503937
11
1.6963574015748031
21
0.7647490157480314
0
LINE
8
BLACK
6
CONTINUOUS
10
1.6963574015748031
20
0.7647490157480314
11
1.6324525984251967
21
0.8286538188976378
0
LINE
8
BLACK
6
CONTINUOUS
10
1.6324525984251967
20
0.8286538188976378
11
1.3613974803149607
21
1.0997089370078741
0
LINE
8
BLACK
6
CONTINUOUS
10
1.3613974803149607
20
1.0997089370078741
11
1.3603038976377952
21
1.1018552755905511
0
LINE
8
BLACK
6
CONTINUOUS
10
1.3603038976377952
20
1.1018552755905511
11
1.3602559055118111
21
1.102465
0
LINE
8
BLACK
6
CONTINUOUS
10
1.3602559055118111
20
1.102465
11
1.3602559055118111
21
1.1128688976377952
0
LINE
8
BLACK
6
CONTINUOUS
10
1.3602559055118111
20
1.1128688976377952
11
1.3602559055118111
21
1.1913487007874015
0
LINE
8
BLACK
6
CONTINUOUS
10
1.3602559055118111
20
1.1913487007874015
11
1.3610002755905513
21
1.19363968503937
0
LINE
8
BLACK
6
CONTINUOUS
10
1.3610002755905513
20
1.19363968503937
11
1.3613972440944881
21
1.1941045275590552
0
LINE
8
BLACK
6
CONTINUOUS
10
1.3613972440944881
20
1.1941045275590552
11
1.3614377952755905
21
1.1941450393700788
0
LINE
8
BLACK
6
CONTINUOUS
10
1.3614377952755905
20
1.1941450393700788
11
1.3645502755905512
21
1.1995360629921259
0
LINE
8
BLACK
6
CONTINUOUS
10
1.3645502755905512
20
1.1995360629921259
11
1.3661614173228347
21
1.205548937007874
0
LINE
8
BLACK
6
CONTINUOUS
10
1.3661614173228347
20
1.205548937007874
11
1.3661614173228347
21
1.2117738976377952
0
LINE
8
BLACK
6
CONTINUOUS
10
1.3661614173228347
20
1.2117738976377952
11
1.365868031496063
21
1.2128688976377953
0
LINE
8
BLACK
6
CONTINUOUS
10
1.365868031496063
20
1.2128688976377953
11
1.3645502755905512
21
1.2177867716535433
0
LINE
8
BLACK
6
CONTINUOUS
10
1.3645502755905512
20
1.2177867716535433
11
1.3614377952755905
21
1.2231777952755905
0
LINE
8
BLACK
6
CONTINUOUS
10
1.3614377952755905
20
1.2231777952755905
11
1.3570360629921259
21
1.2275795275590551
0
LINE
8
BLACK
6
CONTINUOUS
10
1.3570360629921259
20
1.2275795275590551
11
1.3516450393700787
21
1.2306920078740158
0
LINE
8
BLACK
6
CONTINUOUS
10
1.3516450393700787
20
1.2306920078740158
11
1.3456321653543306
21
1.2323031496062993
0
LINE
8
BLACK
6
CONTINUOUS
10
1.3456321653543306
20
1.2323031496062993
11
1.3394072047244094
21
1.2323031496062993
0
LINE
8
BLACK
6
CONTINUOUS
10
1.3394072047244094
20
1.2323031496062993
11
1.3333943307086613
21
1.2306920078740158
0
LINE
8
BLACK
6
CONTINUOUS
10
1.3333943307086613
20
1.2306920078740158
11
1.3280033070866142
21
1.2275795275590551
0
LINE
8
BLACK
6
CONTINUOUS
10
1.3280033070866142
20
1.2275795275590551
11
1.3236015748031495
21
1.2231777952755905
0
LINE
8
BLACK
6
CONTINUOUS
10
1.3236015748031495
20
1.2231777952755905
11
1.3204890944881889
21
1.2177867716535433
0
LINE
8
BLACK
6
CONTINUOUS
10
1.3204890944881889
20
1.2177867716535433
11
1.3188779527559056
21
1.2117738976377952
0
LINE
8
BLACK
6
CONTINUOUS
10
1.3188779527559056
20
1.2117738976377952
11
1.3188779527559056
21
1.205548937007874
0
LINE
8
BLACK
6
CONTINUOUS
10
0.6397440944881889
20
0.8138166535433071
11
0.6413552362204724
21
0.807803779527559
0
LINE
8
BLACK
6
CONTINUOUS
10
0.6413552362204724
20
0.807803779527559
11
0.6444677165354331
21
0.8024127559055118
0
LINE
8
BLACK
6
CONTINUOUS
10
0.6444677165354331
20
0.8024127559055118
11
0.6488694488188976
21
0.7980110236220472
0
LINE
8
BLACK
6
CONTINUOUS
10
0.6488694488188976
20
0.7980110236220472
11
0.6542604724409449
21
0.7948985433070866
0
LINE
8
BLACK
6
CONTINUOUS
10
0.6542604724409449
20
0.7948985433070866
11
0.6602032283464567
21
0.7933062204724409
0
LINE
8
BLACK
6
CONTINUOUS
10
0.6602032283464567
20
0.7933062204724409
11
0.6619504724409448
21
0.7922974409448819
0
LINE
8
BLACK
6
CONTINUOUS
10
0.6619504724409448
20
0.7922974409448819
11
0.7506254330708662
21
0.7036224803149607
0
LINE
8
BLACK
6
CONTINUOUS
10
0.7506254330708662
20
0.7036224803149607
11
0.7511864566929134
21
0.7032985826771654
0
LINE
8
BLACK
6
CONTINUOUS
10
0.7511864566929134
20
0.7032985826771654
11
0.7546698425196851
21
0.7012874409448818
0
LINE
8
BLACK
6
CONTINUOUS
10
0.7546698425196851
20
0.7012874409448818
11
0.759180748031496
21
0.7000787401574803
0
LINE
8
BLACK
6
CONTINUOUS
10
0.759180748031496
20
0.7000787401574803
11
0.793710905511811
21
0.7000787401574803
0
LINE
8
BLACK
6
CONTINUOUS
10
0.793710905511811
20
0.7000787401574803
11
0.7960018897637795
21
0.6993343700787401
0
LINE
8
BLACK
6
CONTINUOUS
10
0.7960018897637795
20
0.6993343700787401
11
0.7964666929133858
21
0.6989374015748031
0
LINE
8
BLACK
6
CONTINUOUS
10
0.7964666929133858
20
0.6989374015748031
11
0.7965072440944881
21
0.6988968503937008
0
LINE
8
BLACK
6
CONTINUOUS
10
0.7965072440944881
20
0.6988968503937008
11
0.8018982677165354
21
0.6957843700787402
0
LINE
8
BLACK
6
CONTINUOUS
10
0.8018982677165354
20
0.6957843700787402
11
0.8079111417322834
21
0.6941732283464567
0
LINE
8
BLACK
6
CONTINUOUS
10
0.8079111417322834
20
0.6941732283464567
11
0.8079112204724409
21
0.6941732283464567
0
LINE
8
BLACK
6
CONTINUOUS
10
0.8079112204724409
20
0.6941732283464567
11
0.8141360236220472
21
0.6941732283464567
0
LINE
8
BLACK
6
CONTINUOUS
10
0.8141360236220472
20
0.6941732283464567
11
0.8141361023622047
21
0.6941732283464567
0
LINE
8
BLACK
6
CONTINUOUS
10
0.8141361023622047
20
0.6941732283464567
11
0.8201489763779527
21
0.6957843700787402
0
LINE
8
BLACK
6
CONTINUOUS
10
0.8201489763779527
20
0.6957843700787402
11
0.8255399999999999
21
0.6988968503937008
0
LINE
8
BLACK
6
CONTINUOUS
10
0.8255399999999999
20
0.6988968503937008
11
0.8255803543307086
21
0.6989372440944882
0
LINE
8
BLACK
6
CONTINUOUS
10
0.8255803543307086
20
0.6989372440944882
11
0.8256168503937008
21
0.6989558267716536
0
LINE
8
BLACK
6
CONTINUOUS
10
0.8256168503937008
20
0.6989558267716536
11
0.8257427559055118
21
0.6990524015748031
0
LINE
8
BLACK
6
CONTINUOUS
10
0.8257427559055118
20
0.6990524015748031
11
0.8257606299212599
21
0.699029094488189
0
LINE
8
BLACK
6
CONTINUOUS
10
0.8257606299212599
20
0.699029094488189
11
0.8277266141732283
21
0.700030748031496
0
LINE
8
BLACK
6
CONTINUOUS
10
0.8277266141732283
20
0.700030748031496
11
0.8283363385826772
21
0.7000787401574803
0
LINE
8
BLACK
6
CONTINUOUS
10
0.8283363385826772
20
0.7000787401574803
11
0.9531908661417322
21
0.7000787401574803
0
LINE
8
BLACK
6
CONTINUOUS
10
0.9531908661417322
20
0.7000787401574803
11
0.9567483464566929
21
0.7010320078740158
0
LINE
8
BLACK
6
CONTINUOUS
10
0.9567483464566929
20
0.7010320078740158
11
0.9567484645669291
21
0.7010320078740158
0
LINE
8
BLACK
6
CONTINUOUS
10
0.9567484645669291
20
0.7010320078740158
11
0.9572693700787401
21
0.7011716141732284
0
LINE
8
BLACK
6
CONTINUOUS
10
0.9572693700787401
20
0.7011716141732284
11
0.9577018110236221
21
0.7012874409448818
0
LINE
8
BLACK
6
CONTINUOUS
10
0.9577018110236221
20
0.7012874409448818
11
0.9617461811023622
21
0.7036224803149607
0
LINE
8
BLACK
6
CONTINUOUS
10
0.9617461811023622
20
0.7036224803149607
11
1.0604488188976378
21
0.8023250787401575
0
LINE
8
BLACK
6
CONTINUOUS
10
1.0604488188976378
20
0.8023250787401575
11
1.1362397637795276
21
0.8781160236220472
0
LINE
8
BLACK
6
CONTINUOUS
10
1.1362397637795276
20
0.8781160236220472
11
1.1385747637795276
21
0.8821603937007874
0
LINE
8
BLACK
6
CONTINUOUS
10
1.1385747637795276
20
0.8821603937007874
11
1.1390653149606298
21
0.8839911811023622
0
LINE
8
BLACK
6
CONTINUOUS
10
1.1390653149606298
20
0.8839911811023622
11
1.1397834645669291
21
0.8866713385826771
0
LINE
8
BLACK
6
CONTINUOUS
10
1.1397834645669291
20
0.8866713385826771
11
1.1397834645669291
21
0.9361833464566929
0
LINE
8
BLACK
6
CONTINUOUS
10
1.1397834645669291
20
0.9361833464566929
11
1.1397834645669291
21
0.9472542125984251
0
LINE
8
BLACK
6
CONTINUOUS
10
1.1397834645669291
20
0.9472542125984251
11
1.1405278346456693
21
0.9495451968503936
0
LINE
8
BLACK
6
CONTINUOUS
10
1.1405278346456693
20
0.9495451968503936
11
1.1409248031496062
21
0.9500100393700788
0
LINE
8
BLACK
6
CONTINUOUS
10
1.1409248031496062
20
0.9500100393700788
11
1.1409653543307086
21
0.9500505511811024
0
LINE
8
BLACK
6
CONTINUOUS
10
1.1409653543307086
20
0.9500505511811024
11
1.1440778346456693
21
0.9554415748031496
0
LINE
8
BLACK
6
CONTINUOUS
10
1.1440778346456693
20
0.9554415748031496
11
1.1456889763779528
21
0.9614544488188976
0
LINE
8
BLACK
6
CONTINUOUS
10
1.1456889763779528
20
0.9614544488188976
11
1.1456889763779528
21
0.9676794094488189
0
LINE
8
BLACK
6
CONTINUOUS
10
1.1456889763779528
20
0.9676794094488189
11
1.1440778346456693
21
0.9736922834645669
0
LINE
8
BLACK
6
CONTINUOUS
10
1.1440778346456693
20
0.9736922834645669
11
1.1409653543307086
21
0.9790833070866142
0
LINE
8
BLACK
6
CONTINUOUS
10
1.1409653543307086
20
0.9790833070866142
11
1.1365636220472441
21
0.9834850393700787
0
LINE
8
BLACK
6
CONTINUOUS
10
1.1365636220472441
20
0.9834850393700787
11
1.1311725984251968
21
0.9865975196850394
0
LINE
8
BLACK
6
CONTINUOUS
10
1.1311725984251968
20
0.9865975196850394
11
1.1251597244094489
21
0.9882086614173228
0
LINE
8
BLACK
6
CONTINUOUS
10
1.1251597244094489
20
0.9882086614173228
11
1.1189347637795275
21
0.9882086614173228
0
LINE
8
BLACK
6
CONTINUOUS
10
1.1189347637795275
20
0.9882086614173228
11
1.1129218897637796
21
0.9865975196850394
0
LINE
8
BLACK
6
CONTINUOUS
10
1.1129218897637796
20
0.9865975196850394
11
1.1075308661417322
21
0.9834850393700787
0
LINE
8
BLACK
6
CONTINUOUS
10
1.1075308661417322
20
0.9834850393700787
11
1.1031291338582676
21
0.9790833070866142
0
LINE
8
BLACK
6
CONTINUOUS
10
1.1031291338582676
20
0.9790833070866142
11
1.1000166535433071
21
0.9736922834645669
0
LINE
8
BLACK
6
CONTINUOUS
10
1.1000166535433071
20
0.9736922834645669
11
1.0984055118110236
21
0.9676794094488189
0
LINE
8
BLACK
6
CONTINUOUS
10
1.0984055118110236
20
0.9676794094488189
11
1.0984055118110236
21
0.9614544488188976
0
LINE
8
BLACK
6
CONTINUOUS
10
1.0984055118110236
20
0.9614544488188976
11
1.1000166535433071
21
0.9554415748031496
0
LINE
8
BLACK
6
CONTINUOUS
10
1.1000166535433071
20
0.9554415748031496
11
1.1031291338582676
21
0.9500505511811024
0
LINE
8
BLACK
6
CONTINUOUS
10
1.1031291338582676
20
0.9500505511811024
11
1.1031694881889764
21
0.9500101968503937
0
LINE
8
BLACK
6
CONTINUOUS
10
1.1031694881889764
20
0.9500101968503937
11
1.1031880708661417
21
0.9499737007874015
0
LINE
8
BLACK
6
CONTINUOUS
10
1.1031880708661417
20
0.9499737007874015
11
1.10328468503937
21
0.9498477952755905
0
LINE
8
BLACK
6
CONTINUOUS
10
1.10328468503937
20
0.9498477952755905
11
1.1032613385826771
21
0.9498299212598424
0
LINE
8
BLACK
6
CONTINUOUS
10
1.1032613385826771
20
0.9498299212598424
11
1.1042630314960629
21
0.947863937007874
0
LINE
8
BLACK
6
CONTINUOUS
10
1.1042630314960629
20
0.947863937007874
11
1.1043110236220472
21
0.9472542125984251
0
LINE
8
BLACK
6
CONTINUOUS
10
1.1043110236220472
20
0.9472542125984251
11
1.1043110236220472
21
0.8979674409448819
0
LINE
8
BLACK
6
CONTINUOUS
10
1.1043110236220472
20
0.8979674409448819
11
1.1035666535433071
21
0.8956764566929134
0
LINE
8
BLACK
6
CONTINUOUS
10
1.1035666535433071
20
0.8956764566929134
11
1.1031694488188977
21
0.8952113779527558
0
LINE
8
BLACK
6
CONTINUOUS
10
1.1031694488188977
20
0.8952113779527558
11
1.0274579921259843
21
0.8194999212598425
0
LINE
8
BLACK
6
CONTINUOUS
10
1.0274579921259843
20
0.8194999212598425
11
1.0274579921259843
21
0.8173559842519685
0
LINE
8
BLACK
6
CONTINUOUS
10
1.0274579921259843
20
0.8173559842519685
11
1.0266599999999999
21
0.8143777559055118
0
LINE
8
BLACK
6
CONTINUOUS
10
1.0266599999999999
20
0.8143777559055118
11
1.0251183464566929
21
0.811707559055118
0
LINE
8
BLACK
6
CONTINUOUS
10
1.0251183464566929
20
0.811707559055118
11
1.0229381102362205
21
0.8095273228346457
0
LINE
8
BLACK
6
CONTINUOUS
10
1.0229381102362205
20
0.8095273228346457
11
1.0202679133858268
21
0.8079856692913385
0
LINE
8
BLACK
6
CONTINUOUS
10
1.0202679133858268
20
0.8079856692913385
11
1.01728968503937
21
0.8071876771653543
0
LINE
8
BLACK
6
CONTINUOUS
10
1.01728968503937
20
0.8071876771653543
11
1.0151457874015748
21
0.8071876771653543
0
LINE
8
BLACK
6
CONTINUOUS
10
1.0151457874015748
20
0.8071876771653543
11
0.9446508661417322
21
0.7366927559055118
0
LINE
8
BLACK
6
CONTINUOUS
10
0.9446508661417322
20
0.7366927559055118
11
0.9425045275590551
21
0.7355991732283464
0
LINE
8
BLACK
6
CONTINUOUS
10
0.9425045275590551
20
0.7355991732283464
11
0.9418948031496063
21
0.7355511811023622
0
LINE
8
BLACK
6
CONTINUOUS
10
0.9418948031496063
20
0.7355511811023622
11
0.8283363385826772
21
0.7355511811023622
0
LINE
8
BLACK
6
CONTINUOUS
10
0.8283363385826772
20
0.7355511811023622
11
0.8260453543307087
21
0.7362955511811023
0
LINE
8
BLACK
6
CONTINUOUS
10
0.8260453543307087
20
0.7362955511811023
11
0.8255805118110237
21
0.7366925590551181
0
LINE
8
BLACK
6
CONTINUOUS
10
0.8255805118110237
20
0.7366925590551181
11
0.8255399999999999
21
0.7367330708661417
0
LINE
8
BLACK
6
CONTINUOUS
10
0.8255399999999999
20
0.7367330708661417
11
0.8201489763779527
21
0.7398455511811023
0
LINE
8
BLACK
6
CONTINUOUS
10
0.8201489763779527
20
0.7398455511811023
11
0.8141361023622047
21
0.7414566929133858
0
LINE
8
BLACK
6
CONTINUOUS
10
0.8141361023622047
20
0.7414566929133858
11
0.8079111417322834
21
0.7414566929133858
0
LINE
8
BLACK
6
CONTINUOUS
10
0.8079111417322834
20
0.7414566929133858
11
0.8018982677165354
21
0.7398455511811023
0
LINE
8
BLACK
6
CONTINUOUS
10
0.8018982677165354
20
0.7398455511811023
11
0.7965072440944881
21
0.7367330708661417
0
LINE
8
BLACK
6
CONTINUOUS
10
0.7965072440944881
20
0.7367330708661417
11
0.7964668503937008
21
0.736692716535433
0
LINE
8
BLACK
6
CONTINUOUS
10
0.7964668503937008
20
0.736692716535433
11
0.7964303543307086
21
0.7366741338582677
0
LINE
8
BLACK
6
CONTINUOUS
10
0.7964303543307086
20
0.7366741338582677
11
0.7963044881889764
21
0.7365775196850394
0
LINE
8
BLACK
6
CONTINUOUS
10
0.7963044881889764
20
0.7365775196850394
11
0.7962865748031496
21
0.7366008661417323
0
LINE
8
BLACK
6
CONTINUOUS
10
0.7962865748031496
20
0.7366008661417323
11
0.7943206299212598
21
0.7355991732283464
0
LINE
8
BLACK
6
CONTINUOUS
10
0.7943206299212598
20
0.7355991732283464
11
0.793710905511811
21
0.7355511811023622
0
LINE
8
BLACK
6
CONTINUOUS
10
0.793710905511811
20
0.7355511811023622
11
0.770476811023622
21
0.7355511811023622
0
LINE
8
BLACK
6
CONTINUOUS
10
0.770476811023622
20
0.7355511811023622
11
0.7681858267716535
21
0.7362955511811023
0
LINE
8
BLACK
6
CONTINUOUS
10
0.7681858267716535
20
0.7362955511811023
11
0.767720748031496
21
0.7366927559055118
0
LINE
8
BLACK
6
CONTINUOUS
10
0.767720748031496
20
0.7366927559055118
11
0.6881691338582677
21
0.8162443700787402
0
LINE
8
BLACK
6
CONTINUOUS
10
0.6881691338582677
20
0.8162443700787402
11
0.6870755511811023
21
0.8183907086614173
0
LINE
8
BLACK
6
CONTINUOUS
10
0.6870755511811023
20
0.8183907086614173
11
0.6870275590551181
21
0.8190004330708661
0
LINE
8
BLACK
6
CONTINUOUS
10
0.6870275590551181
20
0.8190004330708661
11
0.6870275590551181
21
0.8200415748031495
0
LINE
8
BLACK
6
CONTINUOUS
10
0.6870275590551181
20
0.8200415748031495
11
0.6867055905511811
21
0.8212431889763779
0
LINE
8
BLACK
6
CONTINUOUS
10
0.6867055905511811
20
0.8212431889763779
11
0.6854164173228346
21
0.8260544881889763
0
LINE
8
BLACK
6
CONTINUOUS
10
0.6854164173228346
20
0.8260544881889763
11
0.682303937007874
21
0.8314455118110236
0
LINE
8
BLACK
6
CONTINUOUS
10
0.682303937007874
20
0.8314455118110236
11
0.6779022047244094
21
0.8358472440944882
0
LINE
8
BLACK
6
CONTINUOUS
10
0.6779022047244094
20
0.8358472440944882
11
0.6725111811023622
21
0.8389597244094488
0
LINE
8
BLACK
6
CONTINUOUS
10
0.6725111811023622
20
0.8389597244094488
11
0.6664983070866142
21
0.8405708661417323
0
LINE
8
BLACK
6
CONTINUOUS
10
0.6664983070866142
20
0.8405708661417323
11
0.6602733464566929
21
0.8405708661417323
0
LINE
8
BLACK
6
CONTINUOUS
10
0.6602733464566929
20
0.8405708661417323
11
0.6542604724409449
21
0.8389597244094488
0
LINE
8
BLACK
6
CONTINUOUS
10
0.6542604724409449
20
0.8389597244094488
11
0.6488694488188976
21
0.8358472440944882
0
LINE
8
BLACK
6
CONTINUOUS
10
0.6488694488188976
20
0.8358472440944882
11
0.6444677165354331
21
0.8314455118110236
0
LINE
8
BLACK
6
CONTINUOUS
10
0.6444677165354331
20
0.8314455118110236
11
0.6413552362204724
21
0.8260544881889763
0
LINE
8
BLACK
6
CONTINUOUS
10
0.6413552362204724
20
0.8260544881889763
11
0.6397440944881889
21
0.8200416141732283
0
LINE
8
BLACK
6
CONTINUOUS
10
0.6397440944881889
20
0.8200416141732283
11
0.6397440944881889
21
0.8138166535433071
0
LINE
8
BLACK
6
CONTINUOUS
10
1.9547244094488188
20
0.7381889763779528
11
1.9419291338582676
21
0.7381889763779528
0
LINE
8
BLACK
6
CONTINUOUS
10
1.9419291338582676
20
0.7381889763779528
11
1.9419291338582676
21
0.7283464960629921
0
LINE
8
BLACK
6
CONTINUOUS
10
1.9419291338582676
20
0.7283464960629921
11
1.9419291732283464
21
0.7283464566929134
0
LINE
8
BLACK
6
CONTINUOUS
10
1.9419291732283464
20
0.7283464566929134
11
1.9556938188976378
21
0.7283464566929134
0
LINE
8
BLACK
6
CONTINUOUS
10
1.9556938188976378
20
0.7283464566929134
11
1.9556938582677166
21
0.7283464960629921
0
LINE
8
BLACK
6
CONTINUOUS
10
1.9556938582677166
20
0.7283464960629921
11
1.9585648031496063
21
0.7289175984251969
0
LINE
8
BLACK
6
CONTINUOUS
10
1.9585648031496063
20
0.7289175984251969
11
1.9585648818897636
21
0.7289176377952755
0
LINE
8
BLACK
6
CONTINUOUS
10
1.9585648818897636
20
0.7289176377952755
11
1.9618203543307087
21
0.731092874015748
0
LINE
8
BLACK
6
CONTINUOUS
10
1.9618203543307087
20
0.731092874015748
11
1.9618205118110237
21
0.731093031496063
0
LINE
8
BLACK
6
CONTINUOUS
10
1.9618205118110237
20
0.731093031496063
11
1.963995748031496
21
0.7343485039370079
0
LINE
8
BLACK
6
CONTINUOUS
10
1.963995748031496
20
0.7343485039370079
11
1.9639957874015748
21
0.7343485826771653
0
LINE
8
BLACK
6
CONTINUOUS
10
1.9639957874015748
20
0.7343485826771653
11
1.9645668897637796
21
0.7372195275590551
0
LINE
8
BLACK
6
CONTINUOUS
10
1.9645668897637796
20
0.7372195275590551
11
1.9645669291338583
21
0.7372196062992126
0
LINE
8
BLACK
6
CONTINUOUS
10
1.9645669291338583
20
0.7372196062992126
11
1.9645669291338583
21
0.7431101968503937
0
LINE
8
BLACK
6
CONTINUOUS
10
1.9645669291338583
20
0.7431101968503937
11
1.9645668897637796
21
0.7431102362204725
0
LINE
8
BLACK
6
CONTINUOUS
10
1.9645668897637796
20
0.7431102362204725
11
1.9547244094488188
21
0.7431102362204725
0
LINE
8
BLACK
6
CONTINUOUS
10
1.9547244094488188
20
0.7431102362204725
11
1.9547244094488188
21
0.7381889763779528
0
LINE
8
BLACK
6
CONTINUOUS
10
2.1181102362204722
20
0.7381889763779528
11
2.1053149606299213
21
0.7381889763779528
0
LINE
8
BLACK
6
CONTINUOUS
10
2.1053149606299213
20
0.7381889763779528
11
2.1053149606299213
21
0.7283464960629921
0
LINE
8
BLACK
6
CONTINUOUS
10
2.1053149606299213
20
0.7283464960629921
11
2.105315
21
0.7283464566929134
0
LINE
8
BLACK
6
CONTINUOUS
10
2.105315
20
0.7283464566929134
11
2.1190796456692911
21
0.7283464566929134
0
LINE
8
BLACK
6
CONTINUOUS
10
2.1190796456692911
20
0.7283464566929134
11
2.1190796850393698
21
0.7283464960629921
0
LINE
8
BLACK
6
CONTINUOUS
10
2.1190796850393698
20
0.7283464960629921
11
2.1219506299212596
21
0.7289175984251969
0
LINE
8
BLACK
6
CONTINUOUS
10
2.1219506299212596
20
0.7289175984251969
11
2.1219507086614171
21
0.7289176377952755
0
LINE
8
BLACK
6
CONTINUOUS
10
2.1219507086614171
20
0.7289176377952755
11
2.1252061811023624
21
0.731092874015748
0
LINE
8
BLACK
6
CONTINUOUS
10
2.1252061811023624
20
0.731092874015748
11
2.1252063385826769
21
0.731093031496063
0
LINE
8
BLACK
6
CONTINUOUS
10
2.1252063385826769
20
0.731093031496063
11
2.1273815748031497
21
0.7343485039370079
0
LINE
8
BLACK
6
CONTINUOUS
10
2.1273815748031497
20
0.7343485039370079
11
2.1273816141732285
21
0.7343485826771653
0
LINE
8
BLACK
6
CONTINUOUS
10
2.1273816141732285
20
0.7343485826771653
11
2.1279527165354328
21
0.7372195275590551
0
LINE
8
BLACK
6
CONTINUOUS
10
2.1279527165354328
20
0.7372195275590551
11
2.1279527559055116
21
0.7372196062992126
0
LINE
8
BLACK
6
CONTINUOUS
10
2.1279527559055116
20
0.7372196062992126
11
2.1279527559055116
21
0.7431101968503937
0
LINE
8
BLACK
6
CONTINUOUS
10
2.1279527559055116
20
0.7431101968503937
11
2.1279527165354328
21
0.7431102362204725
0
LINE
8
BLACK
6
CONTINUOUS
10
2.1279527165354328
20
0.7431102362204725
11
2.1181102362204722
21
0.7431102362204725
0
LINE
8
BLACK
6
CONTINUOUS
10
2.1181102362204722
20
0.7431102362204725
11
2.1181102362204722
21
0.7381889763779528
0
LINE
8
BLACK
6
CONTINUOUS
10
0.2686811023622047
20
0.7364228346456693
11
0.2686811417322835
21
0.736422716535433
0
LINE
8
BLACK
6
CONTINUOUS
10
0.2686811417322835
20
0.736422716535433
11
0.2687958267716535
21
0.7354334645669292
0
LINE
8
BLACK
6
CONTINUOUS
10
0.2687958267716535
20
0.7354334645669292
11
0.2697608267716535
21
0.733248031496063
0
LINE
8
BLACK
6
CONTINUOUS
10
0.2697608267716535
20
0.733248031496063
11
0.2705824409448819
21
0.7313872047244094
0
LINE
8
BLACK
6
CONTINUOUS
10
0.2705824409448819
20
0.7313872047244094
11
0.2737100393700788
21
0.7282596062992126
0
LINE
8
BLACK
6
CONTINUOUS
10
0.2737100393700788
20
0.7282596062992126
11
0.2777562598425197
21
0.726473031496063
0
LINE
8
BLACK
6
CONTINUOUS
10
0.2777562598425197
20
0.726473031496063
11
0.2787454724409449
21
0.7263582677165354
0
LINE
8
BLACK
6
CONTINUOUS
10
0.2787454724409449
20
0.7263582677165354
11
0.3236166929133858
21
0.7263583070866142
0
LINE
8
BLACK
6
CONTINUOUS
10
0.3236166929133858
20
0.7263583070866142
11
0.3246059448818898
21
0.726473031496063
0
LINE
8
BLACK
6
CONTINUOUS
10
0.3246059448818898
20
0.726473031496063
11
0.3286521653543307
21
0.7282596062992126
0
LINE
8
BLACK
6
CONTINUOUS
10
0.3286521653543307
20
0.7282596062992126
11
0.3317797637795276
21
0.7313872047244094
0
LINE
8
BLACK
6
CONTINUOUS
10
0.3317797637795276
20
0.7313872047244094
11
0.3317797637795276
21
0.7313872440944882
0
LINE
8
BLACK
6
CONTINUOUS
10
0.3317797637795276
20
0.7313872440944882
11
0.331779842519685
21
0.7313872834645669
0
LINE
8
BLACK
6
CONTINUOUS
10
0.331779842519685
20
0.7313872834645669
11
0.3318934645669291
21
0.7315531102362205
0
LINE
8
BLACK
6
CONTINUOUS
10
0.3318934645669291
20
0.7315531102362205
11
0.3338022834645669
21
0.7330224803149606
0
LINE
8
BLACK
6
CONTINUOUS
10
0.3338022834645669
20
0.7330224803149606
11
0.3351089763779527
21
0.733248031496063
0
LINE
8
BLACK
6
CONTINUOUS
10
0.3351089763779527
20
0.733248031496063
11
0.4296548031496063
21
0.733248031496063
0
LINE
8
BLACK
6
CONTINUOUS
10
0.4296548031496063
20
0.733248031496063
11
0.4319457874015748
21
0.7325036614173228
0
LINE
8
BLACK
6
CONTINUOUS
10
0.4319457874015748
20
0.7325036614173228
11
0.4328703149606299
21
0.7315531102362205
0
LINE
8
BLACK
6
CONTINUOUS
10
0.4328703149606299
20
0.7315531102362205
11
0.4329838976377953
21
0.7313872834645669
0
LINE
8
BLACK
6
CONTINUOUS
10
0.4329838976377953
20
0.7313872834645669
11
0.4354535826771653
21
0.7289176377952755
0
LINE
8
BLACK
6
CONTINUOUS
10
0.4354535826771653
20
0.7289176377952755
11
0.4361116141732284
21
0.7282596062992126
0
LINE
8
BLACK
6
CONTINUOUS
10
0.4361116141732284
20
0.7282596062992126
11
0.4401578346456693
21
0.726473031496063
0
LINE
8
BLACK
6
CONTINUOUS
10
0.4401578346456693
20
0.726473031496063
11
0.4411470472440945
21
0.7263582677165354
0
LINE
8
BLACK
6
CONTINUOUS
10
0.4411470472440945
20
0.7263582677165354
11
0.4860182677165354
21
0.7263583070866142
0
LINE
8
BLACK
6
CONTINUOUS
10
0.4860182677165354
20
0.7263583070866142
11
0.4870075196850394
21
0.726473031496063
0
LINE
8
BLACK
6
CONTINUOUS
10
0.4870075196850394
20
0.726473031496063
11
0.4910537401574803
21
0.7282596062992126
0
LINE
8
BLACK
6
CONTINUOUS
10
0.4910537401574803
20
0.7282596062992126
11
0.4941813385826772
21
0.7313872047244094
0
LINE
8
BLACK
6
CONTINUOUS
10
0.4941813385826772
20
0.7313872047244094
11
0.4959679133858267
21
0.7354334251968504
0
LINE
8
BLACK
6
CONTINUOUS
10
0.4959679133858267
20
0.7354334251968504
11
0.4960826771653543
21
0.7364226377952756
0
LINE
8
BLACK
6
CONTINUOUS
10
0.4960826771653543
20
0.7364226377952756
11
0.4960826377952756
21
0.7655458267716535
0
LINE
8
BLACK
6
CONTINUOUS
10
0.4960826377952756
20
0.7655458267716535
11
0.4959679133858267
21
0.7665350787401575
0
LINE
8
BLACK
6
CONTINUOUS
10
0.4959679133858267
20
0.7665350787401575
11
0.4941813385826772
21
0.7705812992125984
0
LINE
8
BLACK
6
CONTINUOUS
10
0.4941813385826772
20
0.7705812992125984
11
0.4910537401574803
21
0.7737088976377953
0
LINE
8
BLACK
6
CONTINUOUS
10
0.4910537401574803
20
0.7737088976377953
11
0.4870075196850394
21
0.7754954724409449
0
LINE
8
BLACK
6
CONTINUOUS
10
0.4870075196850394
20
0.7754954724409449
11
0.4870074803149606
21
0.7754955118110236
0
LINE
8
BLACK
6
CONTINUOUS
10
0.4870074803149606
20
0.7754955118110236
11
0.4870074015748032
21
0.7754955118110236
0
LINE
8
BLACK
6
CONTINUOUS
10
0.4870074015748032
20
0.7754955118110236
11
0.4860184251968504
21
0.7756102362204724
0
LINE
8
BLACK
6
CONTINUOUS
10
0.4860184251968504
20
0.7756102362204724
11
0.4411472047244094
21
0.7756102362204724
0
LINE
8
BLACK
6
CONTINUOUS
10
0.4411472047244094
20
0.7756102362204724
11
0.4411470866141732
21
0.7756101968503937
0
LINE
8
BLACK
6
CONTINUOUS
10
0.4411470866141732
20
0.7756101968503937
11
0.4401578346456693
21
0.7754955118110236
0
LINE
8
BLACK
6
CONTINUOUS
10
0.4401578346456693
20
0.7754955118110236
11
0.4361115354330709
21
0.7737088582677165
0
LINE
8
BLACK
6
CONTINUOUS
10
0.4361115354330709
20
0.7737088582677165
11
0.4329838976377953
21
0.7705812598425197
0
LINE
8
BLACK
6
CONTINUOUS
10
0.4329838976377953
20
0.7705812598425197
11
0.4328703149606299
21
0.7704153937007874
0
LINE
8
BLACK
6
CONTINUOUS
10
0.4328703149606299
20
0.7704153937007874
11
0.4309614960629921
21
0.7689460236220472
0
LINE
8
BLACK
6
CONTINUOUS
10
0.4309614960629921
20
0.7689460236220472
11
0.4296548031496063
21
0.7687204724409449
0
LINE
8
BLACK
6
CONTINUOUS
10
0.4296548031496063
20
0.7687204724409449
11
0.3351089763779527
21
0.7687204724409449
0
LINE
8
BLACK
6
CONTINUOUS
10
0.3351089763779527
20
0.7687204724409449
11
0.3328179921259842
21
0.7694648425196851
0
LINE
8
BLACK
6
CONTINUOUS
10
0.3328179921259842
20
0.7694648425196851
11
0.3318934645669291
21
0.7704153937007874
0
LINE
8
BLACK
6
CONTINUOUS
10
0.3318934645669291
20
0.7704153937007874
11
0.331779842519685
21
0.7705812598425197
0
LINE
8
BLACK
6
CONTINUOUS
10
0.331779842519685
20
0.7705812598425197
11
0.3286522047244094
21
0.7737088582677165
0
LINE
8
BLACK
6
CONTINUOUS
10
0.3286522047244094
20
0.7737088582677165
11
0.3286521653543307
21
0.7737088976377953
0
LINE
8
BLACK
6
CONTINUOUS
10
0.3286521653543307
20
0.7737088976377953
11
0.3246059448818898
21
0.7754954724409449
0
LINE
8
BLACK
6
CONTINUOUS
10
0.3246059448818898
20
0.7754954724409449
11
0.324605905511811
21
0.7754955118110236
0
LINE
8
BLACK
6
CONTINUOUS
10
0.324605905511811
20
0.7754955118110236
11
0.3246058267716536
21
0.7754955118110236
0
LINE
8
BLACK
6
CONTINUOUS
10
0.3246058267716536
20
0.7754955118110236
11
0.3236168503937008
21
0.7756102362204724
0
LINE
8
BLACK
6
CONTINUOUS
10
0.3236168503937008
20
0.7756102362204724
11
0.2787456299212598
21
0.7756102362204724
0
LINE
8
BLACK
6
CONTINUOUS
10
0.2787456299212598
20
0.7756102362204724
11
0.2787455118110236
21
0.7756101968503937
0
LINE
8
BLACK
6
CONTINUOUS
10
0.2787455118110236
20
0.7756101968503937
11
0.2777562598425197
21
0.7754955118110236
0
LINE
8
BLACK
6
CONTINUOUS
10
0.2777562598425197
20
0.7754955118110236
11
0.2737100393700788
21
0.7737088976377953
0
LINE
8
BLACK
6
CONTINUOUS
10
0.2737100393700788
20
0.7737088976377953
11
0.2705824409448819
21
0.7705812992125984
0
LINE
8
BLACK
6
CONTINUOUS
10
0.2705824409448819
20
0.7705812992125984
11
0.2687958267716535
21
0.766535
0
LINE
8
BLACK
6
CONTINUOUS
10
0.2687958267716535
20
0.766535
11
0.2686811023622047
21
0.765546062992126
0
LINE
8
BLACK
6
CONTINUOUS
10
0.2686811023622047
20
0.765546062992126
11
0.2686811023622047
21
0.7364228346456693
0
LINE
8
BLACK
6
CONTINUOUS
10
1.7266043307086614
20
0.8224288582677165
11
1.7282154724409449
21
0.8164159842519685
0
LINE
8
BLACK
6
CONTINUOUS
10
1.7282154724409449
20
0.8164159842519685
11
1.7313279527559056
21
0.8110249606299212
0
LINE
8
BLACK
6
CONTINUOUS
10
1.7313279527559056
20
0.8110249606299212
11
1.73572968503937
21
0.8066232283464567
0
LINE
8
BLACK
6
CONTINUOUS
10
1.73572968503937
20
0.8066232283464567
11
1.7411207086614173
21
0.803510748031496
0
LINE
8
BLACK
6
CONTINUOUS
10
1.7411207086614173
20
0.803510748031496
11
1.7471335826771652
21
0.8018996062992125
0
LINE
8
BLACK
6
CONTINUOUS
10
1.7471335826771652
20
0.8018996062992125
11
1.7471336614173227
21
0.8018996062992125
0
LINE
8
BLACK
6
CONTINUOUS
10
1.7471336614173227
20
0.8018996062992125
11
1.7533584645669291
21
0.8018996062992125
0
LINE
8
BLACK
6
CONTINUOUS
10
1.7533584645669291
20
0.8018996062992125
11
1.7533585433070866
21
0.8018996062992125
0
LINE
8
BLACK
6
CONTINUOUS
10
1.7533585433070866
20
0.8018996062992125
11
1.7593714173228345
21
0.803510748031496
0
LINE
8
BLACK
6
CONTINUOUS
10
1.7593714173228345
20
0.803510748031496
11
1.7647624409448819
21
0.8066232283464567
0
LINE
8
BLACK
6
CONTINUOUS
10
1.7647624409448819
20
0.8066232283464567
11
1.7691641732283465
21
0.8110249606299212
0
LINE
8
BLACK
6
CONTINUOUS
10
1.7691641732283465
20
0.8110249606299212
11
1.772276653543307
21
0.8164159842519685
0
LINE
8
BLACK
6
CONTINUOUS
10
1.772276653543307
20
0.8164159842519685
11
1.7738877952755905
21
0.8224288582677165
0
LINE
8
BLACK
6
CONTINUOUS
10
1.7738877952755905
20
0.8224288582677165
11
1.7738877952755905
21
0.8286538188976378
0
LINE
8
BLACK
6
CONTINUOUS
10
1.7738877952755905
20
0.8286538188976378
11
1.7727902755905511
21
0.832749842519685
0
LINE
8
BLACK
6
CONTINUOUS
10
1.7727902755905511
20
0.832749842519685
11
1.7726574803149606
21
0.833758622047244
0
LINE
8
BLACK
6
CONTINUOUS
10
1.7726574803149606
20
0.833758622047244
11
1.7726574803149606
21
0.9128688976377952
0
LINE
8
BLACK
6
CONTINUOUS
10
1.7726574803149606
20
0.9128688976377952
11
1.7726574803149606
21
1.0128688976377953
0
LINE
8
BLACK
6
CONTINUOUS
10
1.7726574803149606
20
1.0128688976377953
11
1.7726574803149606
21
1.05847468503937
0
LINE
8
BLACK
6
CONTINUOUS
10
1.7726574803149606
20
1.05847468503937
11
1.7734018503937008
21
1.0607656692913385
0
LINE
8
BLACK
6
CONTINUOUS
10
1.7734018503937008
20
1.0607656692913385
11
1.7737988188976377
21
1.0612305118110237
0
LINE
8
BLACK
6
CONTINUOUS
10
1.7737988188976377
20
1.0612305118110237
11
1.77383937007874
21
1.0612710236220473
0
LINE
8
BLACK
6
CONTINUOUS
10
1.77383937007874
20
1.0612710236220473
11
1.7769518503937007
21
1.0666620472440944
0
LINE
8
BLACK
6
CONTINUOUS
10
1.7769518503937007
20
1.0666620472440944
11
1.7785629921259842
21
1.0726749212598425
0
LINE
8
BLACK
6
CONTINUOUS
10
1.7785629921259842
20
1.0726749212598425
11
1.7785629921259842
21
1.0788998818897637
0
LINE
8
BLACK
6
CONTINUOUS
10
1.7785629921259842
20
1.0788998818897637
11
1.7769518503937007
21
1.0849127559055118
0
LINE
8
BLACK
6
CONTINUOUS
10
1.7769518503937007
20
1.0849127559055118
11
1.77383937007874
21
1.090303779527559
0
LINE
8
BLACK
6
CONTINUOUS
10
1.77383937007874
20
1.090303779527559
11
1.7694376377952756
21
1.0947055118110236
0
LINE
8
BLACK
6
CONTINUOUS
10
1.7694376377952756
20
1.0947055118110236
11
1.7640466141732283
21
1.0978179921259843
0
LINE
8
BLACK
6
CONTINUOUS
10
1.7640466141732283
20
1.0978179921259843
11
1.7580337401574804
21
1.0994291338582678
0
LINE
8
BLACK
6
CONTINUOUS
10
1.7580337401574804
20
1.0994291338582678
11
1.751808779527559
21
1.0994291338582678
0
LINE
8
BLACK
6
CONTINUOUS
10
1.751808779527559
20
1.0994291338582678
11
1.7457959055118111
21
1.0978179921259843
0
LINE
8
BLACK
6
CONTINUOUS
10
1.7457959055118111
20
1.0978179921259843
11
1.7404048818897637
21
1.0947055118110236
0
LINE
8
BLACK
6
CONTINUOUS
10
1.7404048818897637
20
1.0947055118110236
11
1.7360031496062991
21
1.090303779527559
0
LINE
8
BLACK
6
CONTINUOUS
10
1.7360031496062991
20
1.090303779527559
11
1.7328906692913386
21
1.0849127559055118
0
LINE
8
BLACK
6
CONTINUOUS
10
1.7328906692913386
20
1.0849127559055118
11
1.7312795275590551
21
1.0788998818897637
0
LINE
8
BLACK
6
CONTINUOUS
10
1.7312795275590551
20
1.0788998818897637
11
1.7312795275590551
21
1.0726749212598425
0
LINE
8
BLACK
6
CONTINUOUS
10
1.7312795275590551
20
1.0726749212598425
11
1.7328906692913386
21
1.0666620472440944
0
LINE
8
BLACK
6
CONTINUOUS
10
1.7328906692913386
20
1.0666620472440944
11
1.7360031496062991
21
1.0612710236220473
0
LINE
8
BLACK
6
CONTINUOUS
10
1.7360031496062991
20
1.0612710236220473
11
1.7360435039370079
21
1.0612306692913385
0
LINE
8
BLACK
6
CONTINUOUS
10
1.7360435039370079
20
1.0612306692913385
11
1.7360620866141732
21
1.0611941732283465
0
LINE
8
BLACK
6
CONTINUOUS
10
1.7360620866141732
20
1.0611941732283465
11
1.7361587007874015
21
1.0610682677165355
0
LINE
8
BLACK
6
CONTINUOUS
10
1.7361587007874015
20
1.0610682677165355
11
1.7361353543307085
21
1.0610503937007874
0
LINE
8
BLACK
6
CONTINUOUS
10
1.7361353543307085
20
1.0610503937007874
11
1.7371370472440943
21
1.0590844094488188
0
LINE
8
BLACK
6
CONTINUOUS
10
1.7371370472440943
20
1.0590844094488188
11
1.7371850393700787
21
1.05847468503937
0
LINE
8
BLACK
6
CONTINUOUS
10
1.7371850393700787
20
1.05847468503937
11
1.7371850393700787
21
0.8474983070866141
0
LINE
8
BLACK
6
CONTINUOUS
10
1.7371850393700787
20
0.8474983070866141
11
1.7364406692913386
21
0.8452073228346456
0
LINE
8
BLACK
6
CONTINUOUS
10
1.7364406692913386
20
0.8452073228346456
11
1.7358990551181102
21
0.8446513779527559
0
LINE
8
BLACK
6
CONTINUOUS
10
1.7358990551181102
20
0.8446513779527559
11
1.7359103149606299
21
0.8446401181102362
0
LINE
8
BLACK
6
CONTINUOUS
10
1.7359103149606299
20
0.8446401181102362
11
1.7313280314960628
21
0.8400578346456693
0
LINE
8
BLACK
6
CONTINUOUS
10
1.7313280314960628
20
0.8400578346456693
11
1.7313279527559056
21
0.8400577559055118
0
LINE
8
BLACK
6
CONTINUOUS
10
1.7313279527559056
20
0.8400577559055118
11
1.7313279527559056
21
0.840057716535433
0
LINE
8
BLACK
6
CONTINUOUS
10
1.7313279527559056
20
0.840057716535433
11
1.7282154724409449
21
0.8346666929133858
0
LINE
8
BLACK
6
CONTINUOUS
10
1.7282154724409449
20
0.8346666929133858
11
1.7266043307086614
21
0.8286538188976378
0
LINE
8
BLACK
6
CONTINUOUS
10
1.7266043307086614
20
0.8286538188976378
11
1.7266043307086614
21
0.8224288582677165
0
LINE
8
BLACK
6
CONTINUOUS
10
0.2928149606299212
20
0.8477614173228346
11
0.292815
21
0.8477612992125984
0
LINE
8
BLACK
6
CONTINUOUS
10
0.292815
20
0.8477612992125984
11
0.2929296850393701
21
0.8467720472440945
0
LINE
8
BLACK
6
CONTINUOUS
10
0.2929296850393701
20
0.8467720472440945
11
0.2935798031496063
21
0.8452997244094488
0
LINE
8
BLACK
6
CONTINUOUS
10
0.2935798031496063
20
0.8452997244094488
11
0.2947162992125984
21
0.8427257874015748
0
LINE
8
BLACK
6
CONTINUOUS
10
0.2947162992125984
20
0.8427257874015748
11
0.2978438976377953
21
0.8395981889763779
0
LINE
8
BLACK
6
CONTINUOUS
10
0.2978438976377953
20
0.8395981889763779
11
0.3018901181102362
21
0.8378116141732284
0
LINE
8
BLACK
6
CONTINUOUS
10
0.3018901181102362
20
0.8378116141732284
11
0.3028793307086614
21
0.8376968503937008
0
LINE
8
BLACK
6
CONTINUOUS
10
0.3028793307086614
20
0.8376968503937008
11
0.366411968503937
21
0.8376968897637795
0
LINE
8
BLACK
6
CONTINUOUS
10
0.366411968503937
20
0.8376968897637795
11
0.3674012204724409
21
0.8378116141732284
0
LINE
8
BLACK
6
CONTINUOUS
10
0.3674012204724409
20
0.8378116141732284
11
0.3714474409448819
21
0.8395981889763779
0
LINE
8
BLACK
6
CONTINUOUS
10
0.3714474409448819
20
0.8395981889763779
11
0.3745750393700787
21
0.8427257874015748
0
LINE
8
BLACK
6
CONTINUOUS
10
0.3745750393700787
20
0.8427257874015748
11
0.3763616141732283
21
0.8467720078740157
0
LINE
8
BLACK
6
CONTINUOUS
10
0.3763616141732283
20
0.8467720078740157
11
0.3764763779527559
21
0.847761220472441
0
LINE
8
BLACK
6
CONTINUOUS
10
0.3764763779527559
20
0.847761220472441
11
0.3764763385826772
21
0.9112938582677165
0
LINE
8
BLACK
6
CONTINUOUS
10
0.3764763385826772
20
0.9112938582677165
11
0.3764762992125984
21
0.911294094488189
0
LINE
8
BLACK
6
CONTINUOUS
10
0.3764762992125984
20
0.911294094488189
11
0.3763616141732283
21
0.9122831102362204
0
LINE
8
BLACK
6
CONTINUOUS
10
0.3763616141732283
20
0.9122831102362204
11
0.3745750393700787
21
0.9163293307086614
0
LINE
8
BLACK
6
CONTINUOUS
10
0.3745750393700787
20
0.9163293307086614
11
0.3714474409448819
21
0.9194569291338582
0
LINE
8
BLACK
6
CONTINUOUS
10
0.3714474409448819
20
0.9194569291338582
11
0.3674012204724409
21
0.9212435039370078
0
LINE
8
BLACK
6
CONTINUOUS
10
0.3674012204724409
20
0.9212435039370078
11
0.3674011811023622
21
0.9212435433070866
0
LINE
8
BLACK
6
CONTINUOUS
10
0.3674011811023622
20
0.9212435433070866
11
0.3674011023622047
21
0.9212435433070866
0
LINE
8
BLACK
6
CONTINUOUS
10
0.3674011023622047
20
0.9212435433070866
11
0.3664121259842519
21
0.9213582677165354
0
LINE
8
BLACK
6
CONTINUOUS
10
0.3664121259842519
20
0.9213582677165354
11
0.3028794881889764
21
0.9213582677165354
0
LINE
8
BLACK
6
CONTINUOUS
10
0.3028794881889764
20
0.9213582677165354
11
0.3028793700787402
21
0.9213582283464566
0
LINE
8
BLACK
6
CONTINUOUS
10
0.3028793700787402
20
0.9213582283464566
11
0.3018901181102362
21
0.9212435433070866
0
LINE
8
BLACK
6
CONTINUOUS
10
0.3018901181102362
20
0.9212435433070866
11
0.2978438976377953
21
0.9194569291338582
0
LINE
8
BLACK
6
CONTINUOUS
10
0.2978438976377953
20
0.9194569291338582
11
0.2947162992125984
21
0.9163293307086614
0
LINE
8
BLACK
6
CONTINUOUS
10
0.2947162992125984
20
0.9163293307086614
11
0.2929296850393701
21
0.9122830314960629
0
LINE
8
BLACK
6
CONTINUOUS
10
0.2929296850393701
20
0.9122830314960629
11
0.2928149606299212
21
0.911294094488189
0
LINE
8
BLACK
6
CONTINUOUS
10
0.2928149606299212
20
0.911294094488189
11
0.2928149606299212
21
0.8477614173228346
0
LINE
8
BLACK
6
CONTINUOUS
10
0.3928149606299213
20
0.8477614173228346
11
0.392815
21
0.8477612992125984
0
LINE
8
BLACK
6
CONTINUOUS
10
0.392815
20
0.8477612992125984
11
0.3929296850393701
21
0.8467720472440945
0
LINE
8
BLACK
6
CONTINUOUS
10
0.3929296850393701
20
0.8467720472440945
11
0.3935798031496063
21
0.8452997244094488
0
LINE
8
BLACK
6
CONTINUOUS
10
0.3935798031496063
20
0.8452997244094488
11
0.3947162992125984
21
0.8427257874015748
0
LINE
8
BLACK
6
CONTINUOUS
10
0.3947162992125984
20
0.8427257874015748
11
0.3978438976377953
21
0.8395981889763779
0
LINE
8
BLACK
6
CONTINUOUS
10
0.3978438976377953
20
0.8395981889763779
11
0.4018901181102362
21
0.8378116141732284
0
LINE
8
BLACK
6
CONTINUOUS
10
0.4018901181102362
20
0.8378116141732284
11
0.4028793307086614
21
0.8376968503937008
0
LINE
8
BLACK
6
CONTINUOUS
10
0.4028793307086614
20
0.8376968503937008
11
0.466411968503937
21
0.8376968897637795
0
LINE
8
BLACK
6
CONTINUOUS
10
0.466411968503937
20
0.8376968897637795
11
0.4674012204724409
21
0.8378116141732284
0
LINE
8
BLACK
6
CONTINUOUS
10
0.4674012204724409
20
0.8378116141732284
11
0.4714474409448819
21
0.8395981889763779
0
LINE
8
BLACK
6
CONTINUOUS
10
0.4714474409448819
20
0.8395981889763779
11
0.4745750393700787
21
0.8427257874015748
0
LINE
8
BLACK
6
CONTINUOUS
10
0.4745750393700787
20
0.8427257874015748
11
0.4763616141732283
21
0.8467720078740157
0
LINE
8
BLACK
6
CONTINUOUS
10
0.4763616141732283
20
0.8467720078740157
11
0.4764763779527559
21
0.847761220472441
0
LINE
8
BLACK
6
CONTINUOUS
10
0.4764763779527559
20
0.847761220472441
11
0.4764763385826771
21
0.8660553937007874
0
LINE
8
BLACK
6
CONTINUOUS
10
0.4764763385826771
20
0.8660553937007874
11
0.4764763385826771
21
0.8818610236220472
0
LINE
8
BLACK
6
CONTINUOUS
10
0.4764763385826771
20
0.8818610236220472
11
0.4764763385826771
21
0.9112937401574803
0
LINE
8
BLACK
6
CONTINUOUS
10
0.4764763385826771
20
0.9112937401574803
11
0.4764763385826771
21
0.9112938582677165
0
LINE
8
BLACK
6
CONTINUOUS
10
0.4764763385826771
20
0.9112938582677165
11
0.4763616141732283
21
0.9122831102362204
0
LINE
8
BLACK
6
CONTINUOUS
10
0.4763616141732283
20
0.9122831102362204
11
0.4745750393700787
21
0.9163293307086614
0
LINE
8
BLACK
6
CONTINUOUS
10
0.4745750393700787
20
0.9163293307086614
11
0.4714474409448819
21
0.9194569291338582
0
LINE
8
BLACK
6
CONTINUOUS
10
0.4714474409448819
20
0.9194569291338582
11
0.4674012204724409
21
0.9212435039370078
0
LINE
8
BLACK
6
CONTINUOUS
10
0.4674012204724409
20
0.9212435039370078
11
0.4674011811023622
21
0.9212435433070866
0
LINE
8
BLACK
6
CONTINUOUS
10
0.4674011811023622
20
0.9212435433070866
11
0.4674011023622047
21
0.9212435433070866
0
LINE
8
BLACK
6
CONTINUOUS
10
0.4674011023622047
20
0.9212435433070866
11
0.466412125984252
21
0.9213582677165354
0
LINE
8
BLACK
6
CONTINUOUS
10
0.466412125984252
20
0.9213582677165354
11
0.4028794881889763
21
0.9213582677165354
0
LINE
8
BLACK
6
CONTINUOUS
10
0.4028794881889763
20
0.9213582677165354
11
0.4028793700787401
21
0.9213582283464566
0
LINE
8
BLACK
6
CONTINUOUS
10
0.4028793700787401
20
0.9213582283464566
11
0.4018901181102362
21
0.9212435433070866
0
LINE
8
BLACK
6
CONTINUOUS
10
0.4018901181102362
20
0.9212435433070866
11
0.3978438976377953
21
0.9194569291338582
0
LINE
8
BLACK
6
CONTINUOUS
10
0.3978438976377953
20
0.9194569291338582
11
0.3947162992125984
21
0.9163293307086614
0
LINE
8
BLACK
6
CONTINUOUS
10
0.3947162992125984
20
0.9163293307086614
11
0.3929296850393701
21
0.9122830314960629
0
LINE
8
BLACK
6
CONTINUOUS
10
0.3929296850393701
20
0.9122830314960629
11
0.3928149606299213
21
0.911294094488189
0
LINE
8
BLACK
6
CONTINUOUS
10
0.3928149606299213
20
0.911294094488189
11
0.3928149606299213
21
0.8477614173228346
0
LINE
8
BLACK
6
CONTINUOUS
10
1.9250984251968504
20
0.849336220472441
11
1.9250984645669291
21
0.8493361023622047
0
LINE
8
BLACK
6
CONTINUOUS
10
1.9250984645669291
20
0.8493361023622047
11
1.9252131496062992
21
0.8483468503937007
0
LINE
8
BLACK
6
CONTINUOUS
10
1.9252131496062992
20
0.8483468503937007
11
1.9262108661417323
21
0.8460872047244095
0
LINE
8
BLACK
6
CONTINUOUS
10
1.9262108661417323
20
0.8460872047244095
11
1.9269997637795275
21
0.8443005905511811
0
LINE
8
BLACK
6
CONTINUOUS
10
1.9269997637795275
20
0.8443005905511811
11
1.9301273622047244
21
0.8411729921259843
0
LINE
8
BLACK
6
CONTINUOUS
10
1.9301273622047244
20
0.8411729921259843
11
1.9341735826771653
21
0.8393864173228346
0
LINE
8
BLACK
6
CONTINUOUS
10
1.9341735826771653
20
0.8393864173228346
11
1.9351627952755905
21
0.839271653543307
0
LINE
8
BLACK
6
CONTINUOUS
10
1.9351627952755905
20
0.839271653543307
11
1.9986954330708662
21
0.8392716929133858
0
LINE
8
BLACK
6
CONTINUOUS
10
1.9986954330708662
20
0.8392716929133858
11
1.9996846850393701
21
0.8393864173228346
0
LINE
8
BLACK
6
CONTINUOUS
10
1.9996846850393701
20
0.8393864173228346
11
2.0037309055118109
21
0.8411729921259843
0
LINE
8
BLACK
6
CONTINUOUS
10
2.0037309055118109
20
0.8411729921259843
11
2.0068585039370079
21
0.8443005905511811
0
LINE
8
BLACK
6
CONTINUOUS
10
2.0068585039370079
20
0.8443005905511811
11
2.0086450787401575
21
0.8483468110236221
0
LINE
8
BLACK
6
CONTINUOUS
10
2.0086450787401575
20
0.8483468110236221
11
2.0087598425196851
21
0.8493360236220472
0
LINE
8
BLACK
6
CONTINUOUS
10
2.0087598425196851
20
0.8493360236220472
11
2.0087598031496063
21
0.9128686614173228
0
LINE
8
BLACK
6
CONTINUOUS
10
2.0087598031496063
20
0.9128686614173228
11
2.0087597637795276
21
0.9128688976377952
0
LINE
8
BLACK
6
CONTINUOUS
10
2.0087597637795276
20
0.9128688976377952
11
2.0086450787401575
21
0.9138579133858268
0
LINE
8
BLACK
6
CONTINUOUS
10
2.0086450787401575
20
0.9138579133858268
11
2.0068585039370079
21
0.9179041338582677
0
LINE
8
BLACK
6
CONTINUOUS
10
2.0068585039370079
20
0.9179041338582677
11
2.0037309055118109
21
0.9210317322834646
0
LINE
8
BLACK
6
CONTINUOUS
10
2.0037309055118109
20
0.9210317322834646
11
1.9996846850393701
21
0.9228183070866142
0
LINE
8
BLACK
6
CONTINUOUS
10
1.9996846850393701
20
0.9228183070866142
11
1.9996846456692914
21
0.9228183464566929
0
LINE
8
BLACK
6
CONTINUOUS
10
1.9996846456692914
20
0.9228183464566929
11
1.9996845669291339
21
0.9228183464566929
0
LINE
8
BLACK
6
CONTINUOUS
10
1.9996845669291339
20
0.9228183464566929
11
1.998695590551181
21
0.9229330708661417
0
LINE
8
BLACK
6
CONTINUOUS
10
1.998695590551181
20
0.9229330708661417
11
1.9351629527559056
21
0.9229330708661417
0
LINE
8
BLACK
6
CONTINUOUS
10
1.9351629527559056
20
0.9229330708661417
11
1.9351628346456693
21
0.922933031496063
0
LINE
8
BLACK
6
CONTINUOUS
10
1.9351628346456693
20
0.922933031496063
11
1.9341735826771653
21
0.9228183464566929
0
LINE
8
BLACK
6
CONTINUOUS
10
1.9341735826771653
20
0.9228183464566929
11
1.9301273622047244
21
0.9210317322834646
0
LINE
8
BLACK
6
CONTINUOUS
10
1.9301273622047244
20
0.9210317322834646
11
1.9269997637795275
21
0.9179041338582677
0
LINE
8
BLACK
6
CONTINUOUS
10
1.9269997637795275
20
0.9179041338582677
11
1.9252131496062992
21
0.9138578346456693
0
LINE
8
BLACK
6
CONTINUOUS
10
1.9252131496062992
20
0.9138578346456693
11
1.9250984251968504
21
0.9128688976377952
0
LINE
8
BLACK
6
CONTINUOUS
10
1.9250984251968504
20
0.9128688976377952
11
1.9250984251968504
21
0.849336220472441
0
LINE
8
BLACK
6
CONTINUOUS
10
2.0250984251968505
20
0.849336220472441
11
2.0250984645669292
21
0.8493361023622047
0
LINE
8
BLACK
6
CONTINUOUS
10
2.0250984645669292
20
0.8493361023622047
11
2.0252131496062993
21
0.8483468503937007
0
LINE
8
BLACK
6
CONTINUOUS
10
2.0252131496062993
20
0.8483468503937007
11
2.0262108661417324
21
0.8460872047244095
0
LINE
8
BLACK
6
CONTINUOUS
10
2.0262108661417324
20
0.8460872047244095
11
2.0269997637795276
21
0.8443005905511811
0
LINE
8
BLACK
6
CONTINUOUS
10
2.0269997637795276
20
0.8443005905511811
11
2.0301273622047242
21
0.8411729921259843
0
LINE
8
BLACK
6
CONTINUOUS
10
2.0301273622047242
20
0.8411729921259843
11
2.0341735826771652
21
0.8393864173228346
0
LINE
8
BLACK
6
CONTINUOUS
10
2.0341735826771652
20
0.8393864173228346
11
2.0351627952755904
21
0.839271653543307
0
LINE
8
BLACK
6
CONTINUOUS
10
2.0351627952755904
20
0.839271653543307
11
2.098695433070866
21
0.8392716929133858
0
LINE
8
BLACK
6
CONTINUOUS
10
2.098695433070866
20
0.8392716929133858
11
2.09968468503937
21
0.8393864173228346
0
LINE
8
BLACK
6
CONTINUOUS
10
2.09968468503937
20
0.8393864173228346
11
2.103730905511811
21
0.8411729921259843
0
LINE
8
BLACK
6
CONTINUOUS
10
2.103730905511811
20
0.8411729921259843
11
2.106858503937008
21
0.8443005905511811
0
LINE
8
BLACK
6
CONTINUOUS
10
2.106858503937008
20
0.8443005905511811
11
2.1086450787401576
21
0.8483468110236221
0
LINE
8
BLACK
6
CONTINUOUS
10
2.1086450787401576
20
0.8483468110236221
11
2.1087598425196852
21
0.8493360236220472
0
LINE
8
BLACK
6
CONTINUOUS
10
2.1087598425196852
20
0.8493360236220472
11
2.1087598031496064
21
0.9128686614173228
0
LINE
8
BLACK
6
CONTINUOUS
10
2.1087598031496064
20
0.9128686614173228
11
2.1086450787401576
21
0.9138579133858268
0
LINE
8
BLACK
6
CONTINUOUS
10
2.1086450787401576
20
0.9138579133858268
11
2.106858503937008
21
0.9179041338582677
0
LINE
8
BLACK
6
CONTINUOUS
10
2.106858503937008
20
0.9179041338582677
11
2.103730905511811
21
0.9210317322834646
0
LINE
8
BLACK
6
CONTINUOUS
10
2.103730905511811
20
0.9210317322834646
11
2.09968468503937
21
0.9228183070866142
0
LINE
8
BLACK
6
CONTINUOUS
10
2.09968468503937
20
0.9228183070866142
11
2.0996846456692912
21
0.9228183464566929
0
LINE
8
BLACK
6
CONTINUOUS
10
2.0996846456692912
20
0.9228183464566929
11
2.0996845669291337
21
0.9228183464566929
0
LINE
8
BLACK
6
CONTINUOUS
10
2.0996845669291337
20
0.9228183464566929
11
2.098695590551181
21
0.9229330708661417
0
LINE
8
BLACK
6
CONTINUOUS
10
2.098695590551181
20
0.9229330708661417
11
2.0351629527559054
21
0.9229330708661417
0
LINE
8
BLACK
6
CONTINUOUS
10
2.0351629527559054
20
0.9229330708661417
11
2.0351628346456692
21
0.922933031496063
0
LINE
8
BLACK
6
CONTINUOUS
10
2.0351628346456692
20
0.922933031496063
11
2.0341735826771652
21
0.9228183464566929
0
LINE
8
BLACK
6
CONTINUOUS
10
2.0341735826771652
20
0.9228183464566929
11
2.0301273622047242
21
0.9210317322834646
0
LINE
8
BLACK
6
CONTINUOUS
10
2.0301273622047242
20
0.9210317322834646
11
2.0269997637795276
21
0.9179041338582677
0
LINE
8
BLACK
6
CONTINUOUS
10
2.0269997637795276
20
0.9179041338582677
11
2.0252131496062993
21
0.9138578346456693
0
LINE
8
BLACK
6
CONTINUOUS
10
2.0252131496062993
20
0.9138578346456693
11
2.0250984251968505
21
0.9128688976377952
0
LINE
8
BLACK
6
CONTINUOUS
10
2.0250984251968505
20
0.9128688976377952
11
2.0250984251968505
21
0.849336220472441
0
LINE
8
BLACK
6
CONTINUOUS
10
0.920501968503937
20
0.8598304330708662
11
0.9221131102362204
21
0.8538175590551181
0
LINE
8
BLACK
6
CONTINUOUS
10
0.9221131102362204
20
0.8538175590551181
11
0.925225590551181
21
0.8484265354330709
0
LINE
8
BLACK
6
CONTINUOUS
10
0.925225590551181
20
0.8484265354330709
11
0.9296273228346457
21
0.8440248031496063
0
LINE
8
BLACK
6
CONTINUOUS
10
0.9296273228346457
20
0.8440248031496063
11
0.9350183464566929
21
0.8409123228346457
0
LINE
8
BLACK
6
CONTINUOUS
10
0.9350183464566929
20
0.8409123228346457
11
0.9410312204724409
21
0.8393011811023622
0
LINE
8
BLACK
6
CONTINUOUS
10
0.9410312204724409
20
0.8393011811023622
11
0.9410312992125984
21
0.8393011811023622
0
LINE
8
BLACK
6
CONTINUOUS
10
0.9410312992125984
20
0.8393011811023622
11
0.9472561023622047
21
0.8393011811023622
0
LINE
8
BLACK
6
CONTINUOUS
10
0.9472561023622047
20
0.8393011811023622
11
0.9472561811023622
21
0.8393011811023622
0
LINE
8
BLACK
6
CONTINUOUS
10
0.9472561811023622
20
0.8393011811023622
11
0.9532690551181102
21
0.8409123228346457
0
LINE
8
BLACK
6
CONTINUOUS
10
0.9532690551181102
20
0.8409123228346457
11
0.9586600787401575
21
0.8440248031496063
0
LINE
8
BLACK
6
CONTINUOUS
10
0.9586600787401575
20
0.8440248031496063
11
0.963061811023622
21
0.8484265354330709
0
LINE
8
BLACK
6
CONTINUOUS
10
0.963061811023622
20
0.8484265354330709
11
0.9661742913385827
21
0.8538175590551181
0
LINE
8
BLACK
6
CONTINUOUS
10
0.9661742913385827
20
0.8538175590551181
11
0.9677854330708662
21
0.8598304330708662
0
LINE
8
BLACK
6
CONTINUOUS
10
0.9677854330708662
20
0.8598304330708662
11
0.9677854330708662
21
0.8598873622047244
0
LINE
8
BLACK
6
CONTINUOUS
10
0.9677854330708662
20
0.8598873622047244
11
0.9677979921259843
21
0.8599261417322834
0
LINE
8
BLACK
6
CONTINUOUS
10
0.9677979921259843
20
0.8599261417322834
11
0.967818779527559
21
0.8600837401574803
0
LINE
8
BLACK
6
CONTINUOUS
10
0.967818779527559
20
0.8600837401574803
11
0.9678479527559055
21
0.8600799212598425
0
LINE
8
BLACK
6
CONTINUOUS
10
0.9678479527559055
20
0.8600799212598425
11
0.9685298031496062
21
0.8621783464566929
0
LINE
8
BLACK
6
CONTINUOUS
10
0.9685298031496062
20
0.8621783464566929
11
0.9689270078740158
21
0.8626434251968503
0
LINE
8
BLACK
6
CONTINUOUS
10
0.9689270078740158
20
0.8626434251968503
11
1.0086656692913385
21
0.9023820472440944
0
LINE
8
BLACK
6
CONTINUOUS
10
1.0086656692913385
20
0.9023820472440944
11
1.0108120078740157
21
0.9034756299212598
0
LINE
8
BLACK
6
CONTINUOUS
10
1.0108120078740157
20
0.9034756299212598
11
1.0114217322834644
21
0.9035236220472441
0
LINE
8
BLACK
6
CONTINUOUS
10
1.0114217322834644
20
0.9035236220472441
11
1.0378053937007874
21
0.9035236220472441
0
LINE
8
BLACK
6
CONTINUOUS
10
1.0378053937007874
20
0.9035236220472441
11
1.0400963779527559
21
0.9027792519685039
0
LINE
8
BLACK
6
CONTINUOUS
10
1.0400963779527559
20
0.9027792519685039
11
1.0405611811023623
21
0.9023822834645669
0
LINE
8
BLACK
6
CONTINUOUS
10
1.0405611811023623
20
0.9023822834645669
11
1.0406017322834646
21
0.9023417322834646
0
LINE
8
BLACK
6
CONTINUOUS
10
1.0406017322834646
20
0.9023417322834646
11
1.0459927559055118
21
0.8992292519685039
0
LINE
8
BLACK
6
CONTINUOUS
10
1.0459927559055118
20
0.8992292519685039
11
1.0520056299212599
21
0.8976181102362204
0
LINE
8
BLACK
6
CONTINUOUS
10
1.0520056299212599
20
0.8976181102362204
11
1.0520057086614174
21
0.8976181102362204
0
LINE
8
BLACK
6
CONTINUOUS
10
1.0520057086614174
20
0.8976181102362204
11
1.0582305118110236
21
0.8976181102362204
0
LINE
8
BLACK
6
CONTINUOUS
10
1.0582305118110236
20
0.8976181102362204
11
1.0582305905511811
21
0.8976181102362204
0
LINE
8
BLACK
6
CONTINUOUS
10
1.0582305905511811
20
0.8976181102362204
11
1.0642434645669292
21
0.8992292519685039
0
LINE
8
BLACK
6
CONTINUOUS
10
1.0642434645669292
20
0.8992292519685039
11
1.0696344881889763
21
0.9023417322834646
0
LINE
8
BLACK
6
CONTINUOUS
10
1.0696344881889763
20
0.9023417322834646
11
1.074036220472441
21
0.9067434645669291
0
LINE
8
BLACK
6
CONTINUOUS
10
1.074036220472441
20
0.9067434645669291
11
1.0771487007874017
21
0.9121344881889764
0
LINE
8
BLACK
6
CONTINUOUS
10
1.0771487007874017
20
0.9121344881889764
11
1.0787598425196849
21
0.9181473622047244
0
LINE
8
BLACK
6
CONTINUOUS
10
1.0787598425196849
20
0.9181473622047244
11
1.0787598425196849
21
0.9243723228346457
0
LINE
8
BLACK
6
CONTINUOUS
10
1.0787598425196849
20
0.9243723228346457
11
1.0771487007874017
21
0.9303851968503937
0
LINE
8
BLACK
6
CONTINUOUS
10
1.0771487007874017
20
0.9303851968503937
11
1.074036220472441
21
0.9357762204724409
0
LINE
8
BLACK
6
CONTINUOUS
10
1.074036220472441
20
0.9357762204724409
11
1.0696344881889763
21
0.9401779527559055
0
LINE
8
BLACK
6
CONTINUOUS
10
1.0696344881889763
20
0.9401779527559055
11
1.0642434645669292
21
0.9432904330708661
0
LINE
8
BLACK
6
CONTINUOUS
10
1.0642434645669292
20
0.9432904330708661
11
1.0582305905511811
21
0.9449015748031496
0
LINE
8
BLACK
6
CONTINUOUS
10
1.0582305905511811
20
0.9449015748031496
11
1.0520056299212599
21
0.9449015748031496
0
LINE
8
BLACK
6
CONTINUOUS
10
1.0520056299212599
20
0.9449015748031496
11
1.0459927559055118
21
0.9432904330708661
0
LINE
8
BLACK
6
CONTINUOUS
10
1.0459927559055118
20
0.9432904330708661
11
1.0406017322834646
21
0.9401779527559055
0
LINE
8
BLACK
6
CONTINUOUS
10
1.0406017322834646
20
0.9401779527559055
11
1.0405613385826771
21
0.9401375984251968
0
LINE
8
BLACK
6
CONTINUOUS
10
1.0405613385826771
20
0.9401375984251968
11
1.0405248425196849
21
0.9401190157480315
0
LINE
8
BLACK
6
CONTINUOUS
10
1.0405248425196849
20
0.9401190157480315
11
1.0403989763779526
21
0.9400224015748031
0
LINE
8
BLACK
6
CONTINUOUS
10
1.0403989763779526
20
0.9400224015748031
11
1.040381062992126
21
0.940045748031496
0
LINE
8
BLACK
6
CONTINUOUS
10
1.040381062992126
20
0.940045748031496
11
1.0384151181102361
21
0.9390440551181102
0
LINE
8
BLACK
6
CONTINUOUS
10
1.0384151181102361
20
0.9390440551181102
11
1.0378053937007874
21
0.938996062992126
0
LINE
8
BLACK
6
CONTINUOUS
10
1.0378053937007874
20
0.938996062992126
11
1.0001256299212598
21
0.938996062992126
0
LINE
8
BLACK
6
CONTINUOUS
10
1.0001256299212598
20
0.938996062992126
11
0.9983467716535432
21
0.9385194488188976
0
LINE
8
BLACK
6
CONTINUOUS
10
0.9983467716535432
20
0.9385194488188976
11
0.9965679133858267
21
0.9380427952755905
0
LINE
8
BLACK
6
CONTINUOUS
10
0.9965679133858267
20
0.9380427952755905
11
0.996567874015748
21
0.9380428346456693
0
LINE
8
BLACK
6
CONTINUOUS
10
0.996567874015748
20
0.9380428346456693
11
0.9956147637795275
21
0.9377874015748031
0
LINE
8
BLACK
6
CONTINUOUS
10
0.9956147637795275
20
0.9377874015748031
11
0.99561468503937
21
0.9377874015748031
0
LINE
8
BLACK
6
CONTINUOUS
10
0.99561468503937
20
0.9377874015748031
11
0.99561468503937
21
0.9377873622047244
0
LINE
8
BLACK
6
CONTINUOUS
10
0.99561468503937
20
0.9377873622047244
11
0.9915703149606299
21
0.9354523622047244
0
LINE
8
BLACK
6
CONTINUOUS
10
0.9915703149606299
20
0.9354523622047244
11
0.9671582677165355
21
0.9110402755905511
0
LINE
8
BLACK
6
CONTINUOUS
10
0.9671582677165355
20
0.9110402755905511
11
0.9438442125984252
21
0.8877262204724409
0
LINE
8
BLACK
6
CONTINUOUS
10
0.9438442125984252
20
0.8877262204724409
11
0.941697874015748
21
0.8866326377952756
0
LINE
8
BLACK
6
CONTINUOUS
10
0.941697874015748
20
0.8866326377952756
11
0.9410881496062992
21
0.8865846456692913
0
LINE
8
BLACK
6
CONTINUOUS
10
0.9410881496062992
20
0.8865846456692913
11
0.9410312204724409
21
0.8865846456692913
0
LINE
8
BLACK
6
CONTINUOUS
10
0.9410312204724409
20
0.8865846456692913
11
0.9350183464566929
21
0.8849735039370078
0
LINE
8
BLACK
6
CONTINUOUS
10
0.9350183464566929
20
0.8849735039370078
11
0.9296273228346457
21
0.8818610236220472
0
LINE
8
BLACK
6
CONTINUOUS
10
0.9296273228346457
20
0.8818610236220472
11
0.925225590551181
21
0.8774592913385827
0
LINE
8
BLACK
6
CONTINUOUS
10
0.925225590551181
20
0.8774592913385827
11
0.9221131102362204
21
0.8720682677165355
0
LINE
8
BLACK
6
CONTINUOUS
10
0.9221131102362204
20
0.8720682677165355
11
0.920501968503937
21
0.8660553937007874
0
LINE
8
BLACK
6
CONTINUOUS
10
0.920501968503937
20
0.8660553937007874
11
0.920501968503937
21
0.8598304330708662
0
LINE
8
BLACK
6
CONTINUOUS
10
1.2243897637795276
20
0.9299583858267716
11
1.2260009055118111
21
0.9239455118110236
0
LINE
8
BLACK
6
CONTINUOUS
10
1.2260009055118111
20
0.9239455118110236
11
1.2291133858267715
21
0.9185544881889763
0
LINE
8
BLACK
6
CONTINUOUS
10
1.2291133858267715
20
0.9185544881889763
11
1.2335151181102362
21
0.9141527559055118
0
LINE
8
BLACK
6
CONTINUOUS
10
1.2335151181102362
20
0.9141527559055118
11
1.2389061417322835
21
0.9110402755905511
0
LINE
8
BLACK
6
CONTINUOUS
10
1.2389061417322835
20
0.9110402755905511
11
1.2449190157480314
21
0.9094291338582677
0
LINE
8
BLACK
6
CONTINUOUS
10
1.2449190157480314
20
0.9094291338582677
11
1.2449190944881889
21
0.9094291338582677
0
LINE
8
BLACK
6
CONTINUOUS
10
1.2449190944881889
20
0.9094291338582677
11
1.2511438976377953
21
0.9094291338582677
0
LINE
8
BLACK
6
CONTINUOUS
10
1.2511438976377953
20
0.9094291338582677
11
1.2511439763779528
21
0.9094291338582677
0
LINE
8
BLACK
6
CONTINUOUS
10
1.2511439763779528
20
0.9094291338582677
11
1.2571568503937007
21
0.9110402755905511
0
LINE
8
BLACK
6
CONTINUOUS
10
1.2571568503937007
20
0.9110402755905511
11
1.2625478740157481
21
0.9141527559055118
0
LINE
8
BLACK
6
CONTINUOUS
10
1.2625478740157481
20
0.9141527559055118
11
1.2625882283464567
21
0.9141931496062992
0
LINE
8
BLACK
6
CONTINUOUS
10
1.2625882283464567
20
0.9141931496062992
11
1.2626247244094488
21
0.9142117322834645
0
LINE
8
BLACK
6
CONTINUOUS
10
1.2626247244094488
20
0.9142117322834645
11
1.2627506299212599
21
0.9143083070866141
0
LINE
8
BLACK
6
CONTINUOUS
10
1.2627506299212599
20
0.9143083070866141
11
1.2627685039370078
21
0.914285
0
LINE
8
BLACK
6
CONTINUOUS
10
1.2627685039370078
20
0.914285
11
1.2647344881889764
21
0.9152866535433071
0
LINE
8
BLACK
6
CONTINUOUS
10
1.2647344881889764
20
0.9152866535433071
11
1.2653442125984251
21
0.9153346456692913
0
LINE
8
BLACK
6
CONTINUOUS
10
1.2653442125984251
20
0.9153346456692913
11
1.2693185433070866
21
0.9153346456692913
0
LINE
8
BLACK
6
CONTINUOUS
10
1.2693185433070866
20
0.9153346456692913
11
1.2739885433070866
21
0.9153346456692913
0
LINE
8
BLACK
6
CONTINUOUS
10
1.2739885433070866
20
0.9153346456692913
11
1.3029161811023622
21
0.9153346456692913
0
LINE
8
BLACK
6
CONTINUOUS
10
1.3029161811023622
20
0.9153346456692913
11
1.3052071653543307
21
0.9145902755905512
0
LINE
8
BLACK
6
CONTINUOUS
10
1.3052071653543307
20
0.9145902755905512
11
1.3062915748031496
21
0.913385905511811
0
LINE
8
BLACK
6
CONTINUOUS
10
1.3062915748031496
20
0.913385905511811
11
1.3078535433070866
21
0.9106804724409449
0
LINE
8
BLACK
6
CONTINUOUS
10
1.3078535433070866
20
0.9106804724409449
11
1.3122552755905512
21
0.9062787401574803
0
LINE
8
BLACK
6
CONTINUOUS
10
1.3122552755905512
20
0.9062787401574803
11
1.3176462992125983
21
0.9031662598425196
0
LINE
8
BLACK
6
CONTINUOUS
10
1.3176462992125983
20
0.9031662598425196
11
1.3236591732283465
21
0.9015551181102363
0
LINE
8
BLACK
6
CONTINUOUS
10
1.3236591732283465
20
0.9015551181102363
11
1.323659251968504
21
0.9015551181102363
0
LINE
8
BLACK
6
CONTINUOUS
10
1.323659251968504
20
0.9015551181102363
11
1.3298840551181101
21
0.9015551181102363
0
LINE
8
BLACK
6
CONTINUOUS
10
1.3298840551181101
20
0.9015551181102363
11
1.3298841338582676
21
0.9015551181102363
0
LINE
8
BLACK
6
CONTINUOUS
10
1.3298841338582676
20
0.9015551181102363
11
1.3358970078740158
21
0.9031662598425196
0
LINE
8
BLACK
6
CONTINUOUS
10
1.3358970078740158
20
0.9031662598425196
11
1.3412880314960629
21
0.9062787401574803
0
LINE
8
BLACK
6
CONTINUOUS
10
1.3412880314960629
20
0.9062787401574803
11
1.3456897637795275
21
0.9106804724409449
0
LINE
8
BLACK
6
CONTINUOUS
10
1.3456897637795275
20
0.9106804724409449
11
1.3488022440944882
21
0.9160714960629921
0
LINE
8
BLACK
6
CONTINUOUS
10
1.3488022440944882
20
0.9160714960629921
11
1.3504133858267717
21
0.9220843700787401
0
LINE
8
BLACK
6
CONTINUOUS
10
1.3504133858267717
20
0.9220843700787401
11
1.3504133858267717
21
0.9283093307086614
0
LINE
8
BLACK
6
CONTINUOUS
10
1.3504133858267717
20
0.9283093307086614
11
1.3488022440944882
21
0.9343222047244094
0
LINE
8
BLACK
6
CONTINUOUS
10
1.3488022440944882
20
0.9343222047244094
11
1.3456897637795275
21
0.9397132283464567
0
LINE
8
BLACK
6
CONTINUOUS
10
1.3456897637795275
20
0.9397132283464567
11
1.3412880314960629
21
0.9441149606299213
0
LINE
8
BLACK
6
CONTINUOUS
10
1.3412880314960629
20
0.9441149606299213
11
1.3358970078740158
21
0.9472274409448819
0
LINE
8
BLACK
6
CONTINUOUS
10
1.3358970078740158
20
0.9472274409448819
11
1.3298841338582676
21
0.9488385826771654
0
LINE
8
BLACK
6
CONTINUOUS
10
1.3298841338582676
20
0.9488385826771654
11
1.3298840551181101
21
0.9488385826771654
0
LINE
8
BLACK
6
CONTINUOUS
10
1.3298840551181101
20
0.9488385826771654
11
1.3281039763779527
21
0.9488385826771654
0
LINE
8
BLACK
6
CONTINUOUS
10
1.3281039763779527
20
0.9488385826771654
11
1.3261551968503937
21
0.9493607480314961
0
LINE
8
BLACK
6
CONTINUOUS
10
1.3261551968503937
20
0.9493607480314961
11
1.3257435826771653
21
0.9495983858267716
0
LINE
8
BLACK
6
CONTINUOUS
10
1.3257435826771653
20
0.9495983858267716
11
1.3247902755905512
21
0.9498538582677165
0
LINE
8
BLACK
6
CONTINUOUS
10
1.3247902755905512
20
0.9498538582677165
11
1.3247902755905512
21
0.9498538188976378
0
LINE
8
BLACK
6
CONTINUOUS
10
1.3247902755905512
20
0.9498538188976378
11
1.3212326377952757
21
0.9508070866141732
0
LINE
8
BLACK
6
CONTINUOUS
10
1.3212326377952757
20
0.9508070866141732
11
1.3212325590551182
21
0.9508070866141732
0
LINE
8
BLACK
6
CONTINUOUS
10
1.3212325590551182
20
0.9508070866141732
11
1.293287401574803
21
0.9508070866141732
0
LINE
8
BLACK
6
CONTINUOUS
10
1.293287401574803
20
0.9508070866141732
11
1.2909964173228345
21
0.9515514566929134
0
LINE
8
BLACK
6
CONTINUOUS
10
1.2909964173228345
20
0.9515514566929134
11
1.2895805118110235
21
0.9535002755905512
0
LINE
8
BLACK
6
CONTINUOUS
10
1.2895805118110235
20
0.9535002755905512
11
1.2893897637795275
21
0.9547047244094488
0
LINE
8
BLACK
6
CONTINUOUS
10
1.2893897637795275
20
0.9547047244094488
11
1.2893897637795275
21
1.2117738976377952
0
LINE
8
BLACK
6
CONTINUOUS
10
1.2893897637795275
20
1.2117738976377952
11
1.2893897637795275
21
1.2774562992125984
0
LINE
8
BLACK
6
CONTINUOUS
10
1.2893897637795275
20
1.2774562992125984
11
1.2901341338582677
21
1.2797472834645669
0
LINE
8
BLACK
6
CONTINUOUS
10
1.2901341338582677
20
1.2797472834645669
11
1.2905311023622046
21
1.280212125984252
0
LINE
8
BLACK
6
CONTINUOUS
10
1.2905311023622046
20
1.280212125984252
11
1.316357874015748
21
1.3060388582677165
0
LINE
8
BLACK
6
CONTINUOUS
10
1.316357874015748
20
1.3060388582677165
11
1.318692874015748
21
1.3100832283464567
0
LINE
8
BLACK
6
CONTINUOUS
10
1.318692874015748
20
1.3100832283464567
11
1.3190172440944881
21
1.3112938582677165
0
LINE
8
BLACK
6
CONTINUOUS
10
1.3190172440944881
20
1.3112938582677165
11
1.3191194881889763
21
1.311675472440945
0
LINE
8
BLACK
6
CONTINUOUS
10
1.3191194881889763
20
1.311675472440945
11
1.3199015748031495
21
1.3145941338582676
0
LINE
8
BLACK
6
CONTINUOUS
10
1.3199015748031495
20
1.3145941338582676
11
1.3199015748031495
21
1.3227068503937007
0
LINE
8
BLACK
6
CONTINUOUS
10
1.3199015748031495
20
1.3227068503937007
11
1.3206459448818897
21
1.3249978346456692
0
LINE
8
BLACK
6
CONTINUOUS
10
1.3206459448818897
20
1.3249978346456692
11
1.3210429133858268
21
1.3254626771653544
0
LINE
8
BLACK
6
CONTINUOUS
10
1.3210429133858268
20
1.3254626771653544
11
1.3210834645669292
21
1.325503188976378
0
LINE
8
BLACK
6
CONTINUOUS
10
1.3210834645669292
20
1.325503188976378
11
1.3241959448818896
21
1.3308942125984251
0
LINE
8
BLACK
6
CONTINUOUS
10
1.3241959448818896
20
1.3308942125984251
11
1.3258070866141731
21
1.3369070866141732
0
LINE
8
BLACK
6
CONTINUOUS
10
1.3258070866141731
20
1.3369070866141732
11
1.3258070866141731
21
1.3431320472440944
0
LINE
8
BLACK
6
CONTINUOUS
10
1.3258070866141731
20
1.3431320472440944
11
1.3241959448818896
21
1.3491449212598425
0
LINE
8
BLACK
6
CONTINUOUS
10
1.3241959448818896
20
1.3491449212598425
11
1.3210834645669292
21
1.3545359448818897
0
LINE
8
BLACK
6
CONTINUOUS
10
1.3210834645669292
20
1.3545359448818897
11
1.3210833464566929
21
1.3545360629921259
0
LINE
8
BLACK
6
CONTINUOUS
10
1.3210833464566929
20
1.3545360629921259
11
1.3210833070866141
21
1.3545361417322834
0
LINE
8
BLACK
6
CONTINUOUS
10
1.3210833070866141
20
1.3545361417322834
11
1.3210429133858268
21
1.3545765354330708
0
LINE
8
BLACK
6
CONTINUOUS
10
1.3210429133858268
20
1.3545765354330708
11
1.3210242519685038
21
1.3546131102362204
0
LINE
8
BLACK
6
CONTINUOUS
10
1.3210242519685038
20
1.3546131102362204
11
1.3209279133858267
21
1.3547387007874014
0
LINE
8
BLACK
6
CONTINUOUS
10
1.3209279133858267
20
1.3547387007874014
11
1.3209511811023622
21
1.3547565748031496
0
LINE
8
BLACK
6
CONTINUOUS
10
1.3209511811023622
20
1.3547565748031496
11
1.3209002362204725
21
1.3548565748031496
0
LINE
8
BLACK
6
CONTINUOUS
10
1.3209002362204725
20
1.3548565748031496
11
1.3206459448818897
21
1.3550413385826772
0
LINE
8
BLACK
6
CONTINUOUS
10
1.3206459448818897
20
1.3550413385826772
11
1.3203638188976379
21
1.3559095669291339
0
LINE
8
BLACK
6
CONTINUOUS
10
1.3203638188976379
20
1.3559095669291339
11
1.3199494881889764
21
1.3567229527559055
0
LINE
8
BLACK
6
CONTINUOUS
10
1.3199494881889764
20
1.3567229527559055
11
1.3199015748031495
21
1.3573323228346457
0
LINE
8
BLACK
6
CONTINUOUS
10
1.3199015748031495
20
1.3573323228346457
11
1.3199015748031495
21
1.3629059842519684
0
LINE
8
BLACK
6
CONTINUOUS
10
1.3199015748031495
20
1.3629059842519684
11
1.3199015748031495
21
1.3670232283464567
0
LINE
8
BLACK
6
CONTINUOUS
10
1.3199015748031495
20
1.3670232283464567
11
1.3206459448818897
21
1.3693142125984252
0
LINE
8
BLACK
6
CONTINUOUS
10
1.3206459448818897
20
1.3693142125984252
11
1.3210429133858268
21
1.3697790551181102
0
LINE
8
BLACK
6
CONTINUOUS
10
1.3210429133858268
20
1.3697790551181102
11
1.4118302755905512
21
1.4605663779527558
0
LINE
8
BLACK
6
CONTINUOUS
10
1.4118302755905512
20
1.4605663779527558
11
1.4141653149606299
21
1.464610748031496
0
LINE
8
BLACK
6
CONTINUOUS
10
1.4141653149606299
20
1.464610748031496
11
1.4144648818897638
21
1.4657287795275591
0
LINE
8
BLACK
6
CONTINUOUS
10
1.4144648818897638
20
1.4657287795275591
11
1.4153740157480315
21
1.4691216929133859
0
LINE
8
BLACK
6
CONTINUOUS
10
1.4153740157480315
20
1.4691216929133859
11
1.4153740157480315
21
1.5456794094488189
0
LINE
8
BLACK
6
CONTINUOUS
10
1.4153740157480315
20
1.5456794094488189
11
1.4161183858267716
21
1.5479703937007874
0
LINE
8
BLACK
6
CONTINUOUS
10
1.4161183858267716
20
1.5479703937007874
11
1.4165153543307085
21
1.5484352362204723
0
LINE
8
BLACK
6
CONTINUOUS
10
1.4165153543307085
20
1.5484352362204723
11
1.4165559055118111
21
1.5484757480314961
0
LINE
8
BLACK
6
CONTINUOUS
10
1.4165559055118111
20
1.5484757480314961
11
1.4196683858267716
21
1.5538667716535433
0
LINE
8
BLACK
6
CONTINUOUS
10
1.4196683858267716
20
1.5538667716535433
11
1.4212795275590551
21
1.5598796456692914
0
LINE
8
BLACK
6
CONTINUOUS
10
1.4212795275590551
20
1.5598796456692914
11
1.4212795275590551
21
1.5661046062992126
0
LINE
8
BLACK
6
CONTINUOUS
10
1.4212795275590551
20
1.5661046062992126
11
1.4196683858267716
21
1.5721174803149607
0
LINE
8
BLACK
6
CONTINUOUS
10
1.4196683858267716
20
1.5721174803149607
11
1.4165559055118111
21
1.5775085039370078
0
LINE
8
BLACK
6
CONTINUOUS
10
1.4165559055118111
20
1.5775085039370078
11
1.4121541732283465
21
1.5819102362204724
0
LINE
8
BLACK
6
CONTINUOUS
10
1.4121541732283465
20
1.5819102362204724
11
1.4067631496062991
21
1.5850227165354331
0
LINE
8
BLACK
6
CONTINUOUS
10
1.4067631496062991
20
1.5850227165354331
11
1.4007502755905512
21
1.5866338582677164
0
LINE
8
BLACK
6
CONTINUOUS
10
1.4007502755905512
20
1.5866338582677164
11
1.3945253149606298
21
1.5866338582677164
0
LINE
8
BLACK
6
CONTINUOUS
10
1.3945253149606298
20
1.5866338582677164
11
1.3885124409448819
21
1.5850227165354331
0
LINE
8
BLACK
6
CONTINUOUS
10
1.3885124409448819
20
1.5850227165354331
11
1.3831214173228346
21
1.5819102362204724
0
LINE
8
BLACK
6
CONTINUOUS
10
1.3831214173228346
20
1.5819102362204724
11
1.3787196850393701
21
1.5775085039370078
0
LINE
8
BLACK
6
CONTINUOUS
10
1.3787196850393701
20
1.5775085039370078
11
1.3756072047244094
21
1.5721174803149607
0
LINE
8
BLACK
6
CONTINUOUS
10
1.3756072047244094
20
1.5721174803149607
11
1.373996062992126
21
1.5661046062992126
0
LINE
8
BLACK
6
CONTINUOUS
10
1.373996062992126
20
1.5661046062992126
11
1.373996062992126
21
1.5598796456692914
0
LINE
8
BLACK
6
CONTINUOUS
10
1.373996062992126
20
1.5598796456692914
11
1.3756072047244094
21
1.5538667716535433
0
LINE
8
BLACK
6
CONTINUOUS
10
1.3756072047244094
20
1.5538667716535433
11
1.3787196850393701
21
1.5484757480314961
0
LINE
8
BLACK
6
CONTINUOUS
10
1.3787196850393701
20
1.5484757480314961
11
1.3787600393700787
21
1.5484353937007873
0
LINE
8
BLACK
6
CONTINUOUS
10
1.3787600393700787
20
1.5484353937007873
11
1.378778622047244
21
1.5483988976377951
0
LINE
8
BLACK
6
CONTINUOUS
10
1.378778622047244
20
1.5483988976377951
11
1.3788752362204724
21
1.5482729921259841
0
LINE
8
BLACK
6
CONTINUOUS
10
1.3788752362204724
20
1.5482729921259841
11
1.3788518897637796
21
1.5482551181102362
0
LINE
8
BLACK
6
CONTINUOUS
10
1.3788518897637796
20
1.5482551181102362
11
1.3798535826771654
21
1.5462891338582676
0
LINE
8
BLACK
6
CONTINUOUS
10
1.3798535826771654
20
1.5462891338582676
11
1.3799015748031496
21
1.5456794094488189
0
LINE
8
BLACK
6
CONTINUOUS
10
1.3799015748031496
20
1.5456794094488189
11
1.3799015748031496
21
1.4804177559055118
0
LINE
8
BLACK
6
CONTINUOUS
10
1.3799015748031496
20
1.4804177559055118
11
1.3791572047244094
21
1.4781267716535433
0
LINE
8
BLACK
6
CONTINUOUS
10
1.3791572047244094
20
1.4781267716535433
11
1.37876
21
1.4776616929133859
0
LINE
8
BLACK
6
CONTINUOUS
10
1.37876
20
1.4776616929133859
11
1.2879727165354331
21
1.3868744094488188
0
LINE
8
BLACK
6
CONTINUOUS
10
1.2879727165354331
20
1.3868744094488188
11
1.2856377952755904
21
1.3828302362204725
0
LINE
8
BLACK
6
CONTINUOUS
10
1.2856377952755904
20
1.3828302362204725
11
1.2856377952755904
21
1.3828301968503938
0
LINE
8
BLACK
6
CONTINUOUS
10
1.2856377952755904
20
1.3828301968503938
11
1.2856378346456692
21
1.382830157480315
0
LINE
8
BLACK
6
CONTINUOUS
10
1.2856378346456692
20
1.382830157480315
11
1.2845342913385827
21
1.3787116141732283
0
LINE
8
BLACK
6
CONTINUOUS
10
1.2845342913385827
20
1.3787116141732283
11
1.2844291338582676
21
1.3783192125984252
0
LINE
8
BLACK
6
CONTINUOUS
10
1.2844291338582676
20
1.3783192125984252
11
1.2844291338582676
21
1.3573323228346457
0
LINE
8
BLACK
6
CONTINUOUS
10
1.2844291338582676
20
1.3573323228346457
11
1.2836847637795274
21
1.3550413385826772
0
LINE
8
BLACK
6
CONTINUOUS
10
1.2836847637795274
20
1.3550413385826772
11
1.2832877952755906
21
1.3545765354330708
0
LINE
8
BLACK
6
CONTINUOUS
10
1.2832877952755906
20
1.3545765354330708
11
1.2832473622047245
21
1.3545361417322834
0
LINE
8
BLACK
6
CONTINUOUS
10
1.2832473622047245
20
1.3545361417322834
11
1.2832472440944882
21
1.3545359842519684
0
LINE
8
BLACK
6
CONTINUOUS
10
1.2832472440944882
20
1.3545359842519684
11
1.2832472440944882
21
1.3545359448818897
0
LINE
8
BLACK
6
CONTINUOUS
10
1.2832472440944882
20
1.3545359448818897
11
1.2801347637795275
21
1.3491449212598425
0
LINE
8
BLACK
6
CONTINUOUS
10
1.2801347637795275
20
1.3491449212598425
11
1.278523622047244
21
1.3431320472440944
0
LINE
8
BLACK
6
CONTINUOUS
10
1.278523622047244
20
1.3431320472440944
11
1.278523622047244
21
1.3369070866141732
0
LINE
8
BLACK
6
CONTINUOUS
10
1.278523622047244
20
1.3369070866141732
11
1.2787260236220472
21
1.3361517716535434
0
LINE
8
BLACK
6
CONTINUOUS
10
1.2787260236220472
20
1.3361517716535434
11
1.2801347637795275
21
1.3308941732283464
0
LINE
8
BLACK
6
CONTINUOUS
10
1.2801347637795275
20
1.3308941732283464
11
1.2826337401574803
21
1.3265657874015748
0
LINE
8
BLACK
6
CONTINUOUS
10
1.2826337401574803
20
1.3265657874015748
11
1.2831345669291339
21
1.3242095669291338
0
LINE
8
BLACK
6
CONTINUOUS
10
1.2831345669291339
20
1.3242095669291338
11
1.2821547637795276
21
1.3220089763779528
0
LINE
8
BLACK
6
CONTINUOUS
10
1.2821547637795276
20
1.3220089763779528
11
1.2820143307086613
21
1.3218609842519684
0
LINE
8
BLACK
6
CONTINUOUS
10
1.2820143307086613
20
1.3218609842519684
11
1.2574610629921259
21
1.2973076771653542
0
LINE
8
BLACK
6
CONTINUOUS
10
1.2574610629921259
20
1.2973076771653542
11
1.2574609055118109
21
1.2973074803149607
0
LINE
8
BLACK
6
CONTINUOUS
10
1.2574609055118109
20
1.2973074803149607
11
1.2551259842519684
21
1.2932633070866142
0
LINE
8
BLACK
6
CONTINUOUS
10
1.2551259842519684
20
1.2932633070866142
11
1.2551259842519684
21
1.2932632677165354
0
LINE
8
BLACK
6
CONTINUOUS
10
1.2551259842519684
20
1.2932632677165354
11
1.2551260236220472
21
1.2932632283464567
0
LINE
8
BLACK
6
CONTINUOUS
10
1.2551260236220472
20
1.2932632283464567
11
1.254198188976378
21
1.2898004330708661
0
LINE
8
BLACK
6
CONTINUOUS
10
1.254198188976378
20
1.2898004330708661
11
1.2539173228346456
21
1.2887522834645668
0
LINE
8
BLACK
6
CONTINUOUS
10
1.2539173228346456
20
1.2887522834645668
11
1.2539173228346456
21
0.9606102362204724
0
LINE
8
BLACK
6
CONTINUOUS
10
1.2539173228346456
20
0.9606102362204724
11
1.2531729527559055
21
0.9583192519685039
0
LINE
8
BLACK
6
CONTINUOUS
10
1.2531729527559055
20
0.9583192519685039
11
1.2512241338582677
21
0.9569033464566928
0
LINE
8
BLACK
6
CONTINUOUS
10
1.2512241338582677
20
0.9569033464566928
11
1.2500196850393701
21
0.9567125984251968
0
LINE
8
BLACK
6
CONTINUOUS
10
1.2500196850393701
20
0.9567125984251968
11
1.2449190157480314
21
0.9567125984251968
0
LINE
8
BLACK
6
CONTINUOUS
10
1.2449190157480314
20
0.9567125984251968
11
1.2389061417322835
21
0.9551014566929134
0
LINE
8
BLACK
6
CONTINUOUS
10
1.2389061417322835
20
0.9551014566929134
11
1.2335151181102362
21
0.9519889763779528
0
LINE
8
BLACK
6
CONTINUOUS
10
1.2335151181102362
20
0.9519889763779528
11
1.2291133858267715
21
0.9475872440944881
0
LINE
8
BLACK
6
CONTINUOUS
10
1.2291133858267715
20
0.9475872440944881
11
1.2260009055118111
21
0.9421962204724409
0
LINE
8
BLACK
6
CONTINUOUS
10
1.2260009055118111
20
0.9421962204724409
11
1.2243897637795276
21
0.9361833464566929
0
LINE
8
BLACK
6
CONTINUOUS
10
1.2243897637795276
20
0.9361833464566929
11
1.2243897637795276
21
0.9299583858267716
0
LINE
8
BLACK
6
CONTINUOUS
10
0.2928149606299212
20
0.9477614173228346
11
0.292815
21
0.9477612992125984
0
LINE
8
BLACK
6
CONTINUOUS
10
0.292815
20
0.9477612992125984
11
0.2929296850393701
21
0.9467720472440945
0
LINE
8
BLACK
6
CONTINUOUS
10
0.2929296850393701
20
0.9467720472440945
11
0.2937555905511811
21
0.9449015748031496
0
LINE
8
BLACK
6
CONTINUOUS
10
0.2937555905511811
20
0.9449015748031496
11
0.2947162992125984
21
0.9427257874015748
0
LINE
8
BLACK
6
CONTINUOUS
10
0.2947162992125984
20
0.9427257874015748
11
0.2978438976377953
21
0.9395981889763779
0
LINE
8
BLACK
6
CONTINUOUS
10
0.2978438976377953
20
0.9395981889763779
11
0.3018901181102362
21
0.9378116141732283
0
LINE
8
BLACK
6
CONTINUOUS
10
0.3018901181102362
20
0.9378116141732283
11
0.3028793307086614
21
0.9376968503937008
0
LINE
8
BLACK
6
CONTINUOUS
10
0.3028793307086614
20
0.9376968503937008
11
0.366411968503937
21
0.9376968897637795
0
LINE
8
BLACK
6
CONTINUOUS
10
0.366411968503937
20
0.9376968897637795
11
0.3674012204724409
21
0.9378116141732283
0
LINE
8
BLACK
6
CONTINUOUS
10
0.3674012204724409
20
0.9378116141732283
11
0.3714474409448819
21
0.9395981889763779
0
LINE
8
BLACK
6
CONTINUOUS
10
0.3714474409448819
20
0.9395981889763779
11
0.3745750393700787
21
0.9427257874015748
0
LINE
8
BLACK
6
CONTINUOUS
10
0.3745750393700787
20
0.9427257874015748
11
0.3763616141732283
21
0.9467720078740157
0
LINE
8
BLACK
6
CONTINUOUS
10
0.3763616141732283
20
0.9467720078740157
11
0.3764763779527559
21
0.9477612204724409
0
LINE
8
BLACK
6
CONTINUOUS
10
0.3764763779527559
20
0.9477612204724409
11
0.3764763385826772
21
1.0112938582677165
0
LINE
8
BLACK
6
CONTINUOUS
10
0.3764763385826772
20
1.0112938582677165
11
0.3764762992125984
21
1.011294094488189
0
LINE
8
BLACK
6
CONTINUOUS
10
0.3764762992125984
20
1.011294094488189
11
0.3763616141732283
21
1.0122831102362204
0
LINE
8
BLACK
6
CONTINUOUS
10
0.3763616141732283
20
1.0122831102362204
11
0.3745750393700787
21
1.0163293307086614
0
LINE
8
BLACK
6
CONTINUOUS
10
0.3745750393700787
20
1.0163293307086614
11
0.3714474409448819
21
1.0194569291338582
0
LINE
8
BLACK
6
CONTINUOUS
10
0.3714474409448819
20
1.0194569291338582
11
0.3674012204724409
21
1.0212435039370078
0
LINE
8
BLACK
6
CONTINUOUS
10
0.3674012204724409
20
1.0212435039370078
11
0.3674011811023622
21
1.0212435433070866
0
LINE
8
BLACK
6
CONTINUOUS
10
0.3674011811023622
20
1.0212435433070866
11
0.3674011023622047
21
1.0212435433070866
0
LINE
8
BLACK
6
CONTINUOUS
10
0.3674011023622047
20
1.0212435433070866
11
0.3664121259842519
21
1.0213582677165354
0
LINE
8
BLACK
6
CONTINUOUS
10
0.3664121259842519
20
1.0213582677165354
11
0.3028794881889764
21
1.0213582677165354
0
LINE
8
BLACK
6
CONTINUOUS
10
0.3028794881889764
20
1.0213582677165354
11
0.3028793700787402
21
1.0213582283464566
0
LINE
8
BLACK
6
CONTINUOUS
10
0.3028793700787402
20
1.0213582283464566
11
0.3018901181102362
21
1.0212435433070866
0
LINE
8
BLACK
6
CONTINUOUS
10
0.3018901181102362
20
1.0212435433070866
11
0.2978438976377953
21
1.0194569291338582
0
LINE
8
BLACK
6
CONTINUOUS
10
0.2978438976377953
20
1.0194569291338582
11
0.2947162992125984
21
1.0163293307086614
0
LINE
8
BLACK
6
CONTINUOUS
10
0.2947162992125984
20
1.0163293307086614
11
0.2929296850393701
21
1.0122830314960629
0
LINE
8
BLACK
6
CONTINUOUS
10
0.2929296850393701
20
1.0122830314960629
11
0.2928149606299212
21
1.011294094488189
0
LINE
8
BLACK
6
CONTINUOUS
10
0.2928149606299212
20
1.011294094488189
11
0.2928149606299212
21
0.9477614173228346
0
LINE
8
BLACK
6
CONTINUOUS
10
0.3928149606299213
20
0.9477614173228346
11
0.392815
21
0.9477612992125984
0
LINE
8
BLACK
6
CONTINUOUS
10
0.392815
20
0.9477612992125984
11
0.3929296850393701
21
0.9467720472440945
0
LINE
8
BLACK
6
CONTINUOUS
10
0.3929296850393701
20
0.9467720472440945
11
0.3937555905511811
21
0.9449015748031496
0
LINE
8
BLACK
6
CONTINUOUS
10
0.3937555905511811
20
0.9449015748031496
11
0.3947162992125984
21
0.9427257874015748
0
LINE
8
BLACK
6
CONTINUOUS
10
0.3947162992125984
20
0.9427257874015748
11
0.3978438976377953
21
0.9395981889763779
0
LINE
8
BLACK
6
CONTINUOUS
10
0.3978438976377953
20
0.9395981889763779
11
0.4018901181102362
21
0.9378116141732283
0
LINE
8
BLACK
6
CONTINUOUS
10
0.4018901181102362
20
0.9378116141732283
11
0.4028793307086614
21
0.9376968503937008
0
LINE
8
BLACK
6
CONTINUOUS
10
0.4028793307086614
20
0.9376968503937008
11
0.466411968503937
21
0.9376968897637795
0
LINE
8
BLACK
6
CONTINUOUS
10
0.466411968503937
20
0.9376968897637795
11
0.4674012204724409
21
0.9378116141732283
0
LINE
8
BLACK
6
CONTINUOUS
10
0.4674012204724409
20
0.9378116141732283
11
0.4714474409448819
21
0.9395981889763779
0
LINE
8
BLACK
6
CONTINUOUS
10
0.4714474409448819
20
0.9395981889763779
11
0.4745750393700787
21
0.9427257874015748
0
LINE
8
BLACK
6
CONTINUOUS
10
0.4745750393700787
20
0.9427257874015748
11
0.4763616141732283
21
0.9467720078740157
0
LINE
8
BLACK
6
CONTINUOUS
10
0.4763616141732283
20
0.9467720078740157
11
0.4764763779527559
21
0.9477612204724409
0
LINE
8
BLACK
6
CONTINUOUS
10
0.4764763779527559
20
0.9477612204724409
11
0.4764763385826771
21
1.0112938582677165
0
LINE
8
BLACK
6
CONTINUOUS
10
0.4764763385826771
20
1.0112938582677165
11
0.4763616141732283
21
1.0122831102362204
0
LINE
8
BLACK
6
CONTINUOUS
10
0.4763616141732283
20
1.0122831102362204
11
0.4745750393700787
21
1.0163293307086614
0
LINE
8
BLACK
6
CONTINUOUS
10
0.4745750393700787
20
1.0163293307086614
11
0.4714474409448819
21
1.0194569291338582
0
LINE
8
BLACK
6
CONTINUOUS
10
0.4714474409448819
20
1.0194569291338582
11
0.4674012204724409
21
1.0212435039370078
0
LINE
8
BLACK
6
CONTINUOUS
10
0.4674012204724409
20
1.0212435039370078
11
0.4674011811023622
21
1.0212435433070866
0
LINE
8
BLACK
6
CONTINUOUS
10
0.4674011811023622
20
1.0212435433070866
11
0.4674011023622047
21
1.0212435433070866
0
LINE
8
BLACK
6
CONTINUOUS
10
0.4674011023622047
20
1.0212435433070866
11
0.466412125984252
21
1.0213582677165354
0
LINE
8
BLACK
6
CONTINUOUS
10
0.466412125984252
20
1.0213582677165354
11
0.4028794881889763
21
1.0213582677165354
0
LINE
8
BLACK
6
CONTINUOUS
10
0.4028794881889763
20
1.0213582677165354
11
0.4028793700787401
21
1.0213582283464566
0
LINE
8
BLACK
6
CONTINUOUS
10
0.4028793700787401
20
1.0213582283464566
11
0.4018901181102362
21
1.0212435433070866
0
LINE
8
BLACK
6
CONTINUOUS
10
0.4018901181102362
20
1.0212435433070866
11
0.3978438976377953
21
1.0194569291338582
0
LINE
8
BLACK
6
CONTINUOUS
10
0.3978438976377953
20
1.0194569291338582
11
0.3947162992125984
21
1.0163293307086614
0
LINE
8
BLACK
6
CONTINUOUS
10
0.3947162992125984
20
1.0163293307086614
11
0.3929296850393701
21
1.0122830314960629
0
LINE
8
BLACK
6
CONTINUOUS
10
0.3929296850393701
20
1.0122830314960629
11
0.3928149606299213
21
1.011294094488189
0
LINE
8
BLACK
6
CONTINUOUS
10
0.3928149606299213
20
1.011294094488189
11
0.3928149606299213
21
0.9477614173228346
0
LINE
8
BLACK
6
CONTINUOUS
10
1.9250984251968504
20
0.9493362204724409
11
1.9250984645669291
21
0.9493361023622047
0
LINE
8
BLACK
6
CONTINUOUS
10
1.9250984645669291
20
0.9493361023622047
11
1.9252131496062992
21
0.9483468503937008
0
LINE
8
BLACK
6
CONTINUOUS
10
1.9252131496062992
20
0.9483468503937008
11
1.9262108661417323
21
0.9460872047244094
0
LINE
8
BLACK
6
CONTINUOUS
10
1.9262108661417323
20
0.9460872047244094
11
1.9269997637795275
21
0.9443005905511811
0
LINE
8
BLACK
6
CONTINUOUS
10
1.9269997637795275
20
0.9443005905511811
11
1.9301273622047244
21
0.9411729921259843
0
LINE
8
BLACK
6
CONTINUOUS
10
1.9301273622047244
20
0.9411729921259843
11
1.9341735826771653
21
0.9393864173228347
0
LINE
8
BLACK
6
CONTINUOUS
10
1.9341735826771653
20
0.9393864173228347
11
1.9351627952755905
21
0.9392716535433071
0
LINE
8
BLACK
6
CONTINUOUS
10
1.9351627952755905
20
0.9392716535433071
11
1.9986954330708662
21
0.9392716929133859
0
LINE
8
BLACK
6
CONTINUOUS
10
1.9986954330708662
20
0.9392716929133859
11
1.9996846850393701
21
0.9393864173228347
0
LINE
8
BLACK
6
CONTINUOUS
10
1.9996846850393701
20
0.9393864173228347
11
2.0037309055118109
21
0.9411729921259843
0
LINE
8
BLACK
6
CONTINUOUS
10
2.0037309055118109
20
0.9411729921259843
11
2.0068585039370079
21
0.9443005905511811
0
LINE
8
BLACK
6
CONTINUOUS
10
2.0068585039370079
20
0.9443005905511811
11
2.0086450787401575
21
0.9483468110236221
0
LINE
8
BLACK
6
CONTINUOUS
10
2.0086450787401575
20
0.9483468110236221
11
2.0087598425196851
21
0.9493360236220473
0
LINE
8
BLACK
6
CONTINUOUS
10
2.0087598425196851
20
0.9493360236220473
11
2.0087598031496063
21
1.0128686614173228
0
LINE
8
BLACK
6
CONTINUOUS
10
2.0087598031496063
20
1.0128686614173228
11
2.0087597637795276
21
1.0128688976377953
0
LINE
8
BLACK
6
CONTINUOUS
10
2.0087597637795276
20
1.0128688976377953
11
2.0086450787401575
21
1.0138579133858268
0
LINE
8
BLACK
6
CONTINUOUS
10
2.0086450787401575
20
1.0138579133858268
11
2.0068585039370079
21
1.0179041338582677
0
LINE
8
BLACK
6
CONTINUOUS
10
2.0068585039370079
20
1.0179041338582677
11
2.0037309055118109
21
1.0210317322834646
0
LINE
8
BLACK
6
CONTINUOUS
10
2.0037309055118109
20
1.0210317322834646
11
1.9996846850393701
21
1.0228183070866141
0
LINE
8
BLACK
6
CONTINUOUS
10
1.9996846850393701
20
1.0228183070866141
11
1.9996846456692914
21
1.0228183464566929
0
LINE
8
BLACK
6
CONTINUOUS
10
1.9996846456692914
20
1.0228183464566929
11
1.9996845669291339
21
1.0228183464566929
0
LINE
8
BLACK
6
CONTINUOUS
10
1.9996845669291339
20
1.0228183464566929
11
1.998695590551181
21
1.0229330708661417
0
LINE
8
BLACK
6
CONTINUOUS
10
1.998695590551181
20
1.0229330708661417
11
1.9351629527559056
21
1.0229330708661417
0
LINE
8
BLACK
6
CONTINUOUS
10
1.9351629527559056
20
1.0229330708661417
11
1.9351628346456693
21
1.022933031496063
0
LINE
8
BLACK
6
CONTINUOUS
10
1.9351628346456693
20
1.022933031496063
11
1.9341735826771653
21
1.0228183464566929
0
LINE
8
BLACK
6
CONTINUOUS
10
1.9341735826771653
20
1.0228183464566929
11
1.9301273622047244
21
1.0210317322834646
0
LINE
8
BLACK
6
CONTINUOUS
10
1.9301273622047244
20
1.0210317322834646
11
1.9269997637795275
21
1.0179041338582677
0
LINE
8
BLACK
6
CONTINUOUS
10
1.9269997637795275
20
1.0179041338582677
11
1.9252131496062992
21
1.0138578346456693
0
LINE
8
BLACK
6
CONTINUOUS
10
1.9252131496062992
20
1.0138578346456693
11
1.9250984251968504
21
1.0128688976377953
0
LINE
8
BLACK
6
CONTINUOUS
10
1.9250984251968504
20
1.0128688976377953
11
1.9250984251968504
21
0.9493362204724409
0
LINE
8
BLACK
6
CONTINUOUS
10
2.0250984251968505
20
0.9493362204724409
11
2.0250984645669292
21
0.9493361023622047
0
LINE
8
BLACK
6
CONTINUOUS
10
2.0250984645669292
20
0.9493361023622047
11
2.0252131496062993
21
0.9483468503937008
0
LINE
8
BLACK
6
CONTINUOUS
10
2.0252131496062993
20
0.9483468503937008
11
2.0262108661417324
21
0.9460872047244094
0
LINE
8
BLACK
6
CONTINUOUS
10
2.0262108661417324
20
0.9460872047244094
11
2.0269997637795276
21
0.9443005905511811
0
LINE
8
BLACK
6
CONTINUOUS
10
2.0269997637795276
20
0.9443005905511811
11
2.0301273622047242
21
0.9411729921259843
0
LINE
8
BLACK
6
CONTINUOUS
10
2.0301273622047242
20
0.9411729921259843
11
2.0341735826771652
21
0.9393864173228347
0
LINE
8
BLACK
6
CONTINUOUS
10
2.0341735826771652
20
0.9393864173228347
11
2.0351627952755904
21
0.9392716535433071
0
LINE
8
BLACK
6
CONTINUOUS
10
2.0351627952755904
20
0.9392716535433071
11
2.098695433070866
21
0.9392716929133859
0
LINE
8
BLACK
6
CONTINUOUS
10
2.098695433070866
20
0.9392716929133859
11
2.09968468503937
21
0.9393864173228347
0
LINE
8
BLACK
6
CONTINUOUS
10
2.09968468503937
20
0.9393864173228347
11
2.103730905511811
21
0.9411729921259843
0
LINE
8
BLACK
6
CONTINUOUS
10
2.103730905511811
20
0.9411729921259843
11
2.106858503937008
21
0.9443005905511811
0
LINE
8
BLACK
6
CONTINUOUS
10
2.106858503937008
20
0.9443005905511811
11
2.1086450787401576
21
0.9483468110236221
0
LINE
8
BLACK
6
CONTINUOUS
10
2.1086450787401576
20
0.9483468110236221
11
2.1087598425196852
21
0.9493360236220473
0
LINE
8
BLACK
6
CONTINUOUS
10
2.1087598425196852
20
0.9493360236220473
11
2.1087598031496064
21
1.0128686614173228
0
LINE
8
BLACK
6
CONTINUOUS
10
2.1087598031496064
20
1.0128686614173228
11
2.1086450787401576
21
1.0138579133858268
0
LINE
8
BLACK
6
CONTINUOUS
10
2.1086450787401576
20
1.0138579133858268
11
2.106858503937008
21
1.0179041338582677
0
LINE
8
BLACK
6
CONTINUOUS
10
2.106858503937008
20
1.0179041338582677
11
2.103730905511811
21
1.0210317322834646
0
LINE
8
BLACK
6
CONTINUOUS
10
2.103730905511811
20
1.0210317322834646
11
2.09968468503937
21
1.0228183070866141
0
LINE
8
BLACK
6
CONTINUOUS
10
2.09968468503937
20
1.0228183070866141
11
2.0996846456692912
21
1.0228183464566929
0
LINE
8
BLACK
6
CONTINUOUS
10
2.0996846456692912
20
1.0228183464566929
11
2.0996845669291337
21
1.0228183464566929
0
LINE
8
BLACK
6
CONTINUOUS
10
2.0996845669291337
20
1.0228183464566929
11
2.098695590551181
21
1.0229330708661417
0
LINE
8
BLACK
6
CONTINUOUS
10
2.098695590551181
20
1.0229330708661417
11
2.0351629527559054
21
1.0229330708661417
0
LINE
8
BLACK
6
CONTINUOUS
10
2.0351629527559054
20
1.0229330708661417
11
2.0351628346456692
21
1.022933031496063
0
LINE
8
BLACK
6
CONTINUOUS
10
2.0351628346456692
20
1.022933031496063
11
2.0341735826771652
21
1.0228183464566929
0
LINE
8
BLACK
6
CONTINUOUS
10
2.0341735826771652
20
1.0228183464566929
11
2.0301273622047242
21
1.0210317322834646
0
LINE
8
BLACK
6
CONTINUOUS
10
2.0301273622047242
20
1.0210317322834646
11
2.0269997637795276
21
1.0179041338582677
0
LINE
8
BLACK
6
CONTINUOUS
10
2.0269997637795276
20
1.0179041338582677
11
2.0252131496062993
21
1.0138578346456693
0
LINE
8
BLACK
6
CONTINUOUS
10
2.0252131496062993
20
1.0138578346456693
11
2.0250984251968505
21
1.0128688976377953
0
LINE
8
BLACK
6
CONTINUOUS
10
2.0250984251968505
20
1.0128688976377953
11
2.0250984251968505
21
0.9493362204724409
0
LINE
8
BLACK
6
CONTINUOUS
10
0.2928149606299212
20
1.0477614173228347
11
0.292815
21
1.0477612992125984
0
LINE
8
BLACK
6
CONTINUOUS
10
0.292815
20
1.0477612992125984
11
0.2929296850393701
21
1.0467720472440945
0
LINE
8
BLACK
6
CONTINUOUS
10
0.2929296850393701
20
1.0467720472440945
11
0.2939274015748031
21
1.0445124015748031
0
LINE
8
BLACK
6
CONTINUOUS
10
0.2939274015748031
20
1.0445124015748031
11
0.2947162992125984
21
1.0427257874015747
0
LINE
8
BLACK
6
CONTINUOUS
10
0.2947162992125984
20
1.0427257874015747
11
0.2978438976377953
21
1.0395981889763779
0
LINE
8
BLACK
6
CONTINUOUS
10
0.2978438976377953
20
1.0395981889763779
11
0.3018901181102362
21
1.0378116141732283
0
LINE
8
BLACK
6
CONTINUOUS
10
0.3018901181102362
20
1.0378116141732283
11
0.3028793307086614
21
1.0376968503937007
0
LINE
8
BLACK
6
CONTINUOUS
10
0.3028793307086614
20
1.0376968503937007
11
0.366411968503937
21
1.0376968897637795
0
LINE
8
BLACK
6
CONTINUOUS
10
0.366411968503937
20
1.0376968897637795
11
0.3674012204724409
21
1.0378116141732283
0
LINE
8
BLACK
6
CONTINUOUS
10
0.3674012204724409
20
1.0378116141732283
11
0.3714474409448819
21
1.0395981889763779
0
LINE
8
BLACK
6
CONTINUOUS
10
0.3714474409448819
20
1.0395981889763779
11
0.3745750393700787
21
1.0427257874015747
0
LINE
8
BLACK
6
CONTINUOUS
10
0.3745750393700787
20
1.0427257874015747
11
0.3763616141732283
21
1.0467720078740157
0
LINE
8
BLACK
6
CONTINUOUS
10
0.3763616141732283
20
1.0467720078740157
11
0.3764763779527559
21
1.0477612204724409
0
LINE
8
BLACK
6
CONTINUOUS
10
0.3764763779527559
20
1.0477612204724409
11
0.3764763385826772
21
1.1112938582677165
0
LINE
8
BLACK
6
CONTINUOUS
10
0.3764763385826772
20
1.1112938582677165
11
0.3764762992125984
21
1.1112940944881891
0
LINE
8
BLACK
6
CONTINUOUS
10
0.3764762992125984
20
1.1112940944881891
11
0.3763616141732283
21
1.1122831102362205
0
LINE
8
BLACK
6
CONTINUOUS
10
0.3763616141732283
20
1.1122831102362205
11
0.3745750393700787
21
1.1163293307086615
0
LINE
8
BLACK
6
CONTINUOUS
10
0.3745750393700787
20
1.1163293307086615
11
0.3714474409448819
21
1.1194569291338583
0
LINE
8
BLACK
6
CONTINUOUS
10
0.3714474409448819
20
1.1194569291338583
11
0.3674012204724409
21
1.1212435039370079
0
LINE
8
BLACK
6
CONTINUOUS
10
0.3674012204724409
20
1.1212435039370079
11
0.3674011811023622
21
1.1212435433070866
0
LINE
8
BLACK
6
CONTINUOUS
10
0.3674011811023622
20
1.1212435433070866
11
0.3674011023622047
21
1.1212435433070866
0
LINE
8
BLACK
6
CONTINUOUS
10
0.3674011023622047
20
1.1212435433070866
11
0.3664121259842519
21
1.1213582677165355
0
LINE
8
BLACK
6
CONTINUOUS
10
0.3664121259842519
20
1.1213582677165355
11
0.3028794881889764
21
1.1213582677165355
0
LINE
8
BLACK
6
CONTINUOUS
10
0.3028794881889764
20
1.1213582677165355
11
0.3028793700787402
21
1.1213582283464567
0
LINE
8
BLACK
6
CONTINUOUS
10
0.3028793700787402
20
1.1213582283464567
11
0.3018901181102362
21
1.1212435433070866
0
LINE
8
BLACK
6
CONTINUOUS
10
0.3018901181102362
20
1.1212435433070866
11
0.2978438976377953
21
1.1194569291338583
0
LINE
8
BLACK
6
CONTINUOUS
10
0.2978438976377953
20
1.1194569291338583
11
0.2947162992125984
21
1.1163293307086615
0
LINE
8
BLACK
6
CONTINUOUS
10
0.2947162992125984
20
1.1163293307086615
11
0.2929296850393701
21
1.112283031496063
0
LINE
8
BLACK
6
CONTINUOUS
10
0.2929296850393701
20
1.112283031496063
11
0.2928149606299212
21
1.1112940944881891
0
LINE
8
BLACK
6
CONTINUOUS
10
0.2928149606299212
20
1.1112940944881891
11
0.2928149606299212
21
1.0477614173228347
0
LINE
8
BLACK
6
CONTINUOUS
10
0.3928149606299213
20
1.0477614173228347
11
0.392815
21
1.0477612992125984
0
LINE
8
BLACK
6
CONTINUOUS
10
0.392815
20
1.0477612992125984
11
0.3929296850393701
21
1.0467720472440945
0
LINE
8
BLACK
6
CONTINUOUS
10
0.3929296850393701
20
1.0467720472440945
11
0.3939274015748032
21
1.0445124015748031
0
LINE
8
BLACK
6
CONTINUOUS
10
0.3939274015748032
20
1.0445124015748031
11
0.3947162992125984
21
1.0427257874015747
0
LINE
8
BLACK
6
CONTINUOUS
10
0.3947162992125984
20
1.0427257874015747
11
0.3978438976377953
21
1.0395981889763779
0
LINE
8
BLACK
6
CONTINUOUS
10
0.3978438976377953
20
1.0395981889763779
11
0.4018901181102362
21
1.0378116141732283
0
LINE
8
BLACK
6
CONTINUOUS
10
0.4018901181102362
20
1.0378116141732283
11
0.4028793307086614
21
1.0376968503937007
0
LINE
8
BLACK
6
CONTINUOUS
10
0.4028793307086614
20
1.0376968503937007
11
0.466411968503937
21
1.0376968897637795
0
LINE
8
BLACK
6
CONTINUOUS
10
0.466411968503937
20
1.0376968897637795
11
0.4674012204724409
21
1.0378116141732283
0
LINE
8
BLACK
6
CONTINUOUS
10
0.4674012204724409
20
1.0378116141732283
11
0.4714474409448819
21
1.0395981889763779
0
LINE
8
BLACK
6
CONTINUOUS
10
0.4714474409448819
20
1.0395981889763779
11
0.4745750393700787
21
1.0427257874015747
0
LINE
8
BLACK
6
CONTINUOUS
10
0.4745750393700787
20
1.0427257874015747
11
0.4763616141732283
21
1.0467720078740157
0
LINE
8
BLACK
6
CONTINUOUS
10
0.4763616141732283
20
1.0467720078740157
11
0.4764763779527559
21
1.0477612204724409
0
LINE
8
BLACK
6
CONTINUOUS
10
0.4764763779527559
20
1.0477612204724409
11
0.4764763385826771
21
1.1112938582677165
0
LINE
8
BLACK
6
CONTINUOUS
10
0.4764763385826771
20
1.1112938582677165
11
0.4763616141732283
21
1.1122831102362205
0
LINE
8
BLACK
6
CONTINUOUS
10
0.4763616141732283
20
1.1122831102362205
11
0.4745750393700787
21
1.1163293307086615
0
LINE
8
BLACK
6
CONTINUOUS
10
0.4745750393700787
20
1.1163293307086615
11
0.4714474409448819
21
1.1194569291338583
0
LINE
8
BLACK
6
CONTINUOUS
10
0.4714474409448819
20
1.1194569291338583
11
0.4674012204724409
21
1.1212435039370079
0
LINE
8
BLACK
6
CONTINUOUS
10
0.4674012204724409
20
1.1212435039370079
11
0.4674011811023622
21
1.1212435433070866
0
LINE
8
BLACK
6
CONTINUOUS
10
0.4674011811023622
20
1.1212435433070866
11
0.4674011023622047
21
1.1212435433070866
0
LINE
8
BLACK
6
CONTINUOUS
10
0.4674011023622047
20
1.1212435433070866
11
0.466412125984252
21
1.1213582677165355
0
LINE
8
BLACK
6
CONTINUOUS
10
0.466412125984252
20
1.1213582677165355
11
0.4028794881889763
21
1.1213582677165355
0
LINE
8
BLACK
6
CONTINUOUS
10
0.4028794881889763
20
1.1213582677165355
11
0.4028793700787401
21
1.1213582283464567
0
LINE
8
BLACK
6
CONTINUOUS
10
0.4028793700787401
20
1.1213582283464567
11
0.4018901181102362
21
1.1212435433070866
0
LINE
8
BLACK
6
CONTINUOUS
10
0.4018901181102362
20
1.1212435433070866
11
0.3978438976377953
21
1.1194569291338583
0
LINE
8
BLACK
6
CONTINUOUS
10
0.3978438976377953
20
1.1194569291338583
11
0.3947162992125984
21
1.1163293307086615
0
LINE
8
BLACK
6
CONTINUOUS
10
0.3947162992125984
20
1.1163293307086615
11
0.3929296850393701
21
1.112283031496063
0
LINE
8
BLACK
6
CONTINUOUS
10
0.3929296850393701
20
1.112283031496063
11
0.3928149606299213
21
1.1112940944881891
0
LINE
8
BLACK
6
CONTINUOUS
10
0.3928149606299213
20
1.1112940944881891
11
0.3928149606299213
21
1.0477614173228347
0
LINE
8
BLACK
6
CONTINUOUS
10
1.9250984251968504
20
1.049336220472441
11
1.9250984645669291
21
1.0493361023622048
0
LINE
8
BLACK
6
CONTINUOUS
10
1.9250984645669291
20
1.0493361023622048
11
1.9252131496062992
21
1.0483468503937008
0
LINE
8
BLACK
6
CONTINUOUS
10
1.9252131496062992
20
1.0483468503937008
11
1.9262108661417323
21
1.0460872047244094
0
LINE
8
BLACK
6
CONTINUOUS
10
1.9262108661417323
20
1.0460872047244094
11
1.9269997637795275
21
1.0443005905511811
0
LINE
8
BLACK
6
CONTINUOUS
10
1.9269997637795275
20
1.0443005905511811
11
1.9301273622047244
21
1.0411729921259842
0
LINE
8
BLACK
6
CONTINUOUS
10
1.9301273622047244
20
1.0411729921259842
11
1.9341735826771653
21
1.0393864173228347
0
LINE
8
BLACK
6
CONTINUOUS
10
1.9341735826771653
20
1.0393864173228347
11
1.9351627952755905
21
1.0392716535433071
0
LINE
8
BLACK
6
CONTINUOUS
10
1.9351627952755905
20
1.0392716535433071
11
1.9986954330708662
21
1.0392716929133858
0
LINE
8
BLACK
6
CONTINUOUS
10
1.9986954330708662
20
1.0392716929133858
11
1.9996846850393701
21
1.0393864173228347
0
LINE
8
BLACK
6
CONTINUOUS
10
1.9996846850393701
20
1.0393864173228347
11
2.0037309055118109
21
1.0411729921259842
0
LINE
8
BLACK
6
CONTINUOUS
10
2.0037309055118109
20
1.0411729921259842
11
2.0068585039370079
21
1.0443005905511811
0
LINE
8
BLACK
6
CONTINUOUS
10
2.0068585039370079
20
1.0443005905511811
11
2.0086450787401575
21
1.048346811023622
0
LINE
8
BLACK
6
CONTINUOUS
10
2.0086450787401575
20
1.048346811023622
11
2.0087598425196851
21
1.0493360236220473
0
LINE
8
BLACK
6
CONTINUOUS
10
2.0087598425196851
20
1.0493360236220473
11
2.0087598031496063
21
1.1128686614173229
0
LINE
8
BLACK
6
CONTINUOUS
10
2.0087598031496063
20
1.1128686614173229
11
2.0087597637795276
21
1.1128688976377952
0
LINE
8
BLACK
6
CONTINUOUS
10
2.0087597637795276
20
1.1128688976377952
11
2.0086450787401575
21
1.1138579133858268
0
LINE
8
BLACK
6
CONTINUOUS
10
2.0086450787401575
20
1.1138579133858268
11
2.0068585039370079
21
1.1179041338582676
0
LINE
8
BLACK
6
CONTINUOUS
10
2.0068585039370079
20
1.1179041338582676
11
2.0037309055118109
21
1.1210317322834646
0
LINE
8
BLACK
6
CONTINUOUS
10
2.0037309055118109
20
1.1210317322834646
11
1.9996846850393701
21
1.1228183070866142
0
LINE
8
BLACK
6
CONTINUOUS
10
1.9996846850393701
20
1.1228183070866142
11
1.9996846456692914
21
1.122818346456693
0
LINE
8
BLACK
6
CONTINUOUS
10
1.9996846456692914
20
1.122818346456693
11
1.9996845669291339
21
1.122818346456693
0
LINE
8
BLACK
6
CONTINUOUS
10
1.9996845669291339
20
1.122818346456693
11
1.998695590551181
21
1.1229330708661418
0
LINE
8
BLACK
6
CONTINUOUS
10
1.998695590551181
20
1.1229330708661418
11
1.9351629527559056
21
1.1229330708661418
0
LINE
8
BLACK
6
CONTINUOUS
10
1.9351629527559056
20
1.1229330708661418
11
1.9351628346456693
21
1.122933031496063
0
LINE
8
BLACK
6
CONTINUOUS
10
1.9351628346456693
20
1.122933031496063
11
1.9341735826771653
21
1.122818346456693
0
LINE
8
BLACK
6
CONTINUOUS
10
1.9341735826771653
20
1.122818346456693
11
1.9301273622047244
21
1.1210317322834646
0
LINE
8
BLACK
6
CONTINUOUS
10
1.9301273622047244
20
1.1210317322834646
11
1.9269997637795275
21
1.1179041338582676
0
LINE
8
BLACK
6
CONTINUOUS
10
1.9269997637795275
20
1.1179041338582676
11
1.9252131496062992
21
1.1138578346456693
0
LINE
8
BLACK
6
CONTINUOUS
10
1.9252131496062992
20
1.1138578346456693
11
1.9250984251968504
21
1.1128688976377952
0
LINE
8
BLACK
6
CONTINUOUS
10
1.9250984251968504
20
1.1128688976377952
11
1.9250984251968504
21
1.049336220472441
0
LINE
8
BLACK
6
CONTINUOUS
10
2.0250984251968505
20
1.049336220472441
11
2.0250984645669292
21
1.0493361023622048
0
LINE
8
BLACK
6
CONTINUOUS
10
2.0250984645669292
20
1.0493361023622048
11
2.0252131496062993
21
1.0483468503937008
0
LINE
8
BLACK
6
CONTINUOUS
10
2.0252131496062993
20
1.0483468503937008
11
2.0262108661417324
21
1.0460872047244094
0
LINE
8
BLACK
6
CONTINUOUS
10
2.0262108661417324
20
1.0460872047244094
11
2.0269997637795276
21
1.0443005905511811
0
LINE
8
BLACK
6
CONTINUOUS
10
2.0269997637795276
20
1.0443005905511811
11
2.0301273622047242
21
1.0411729921259842
0
LINE
8
BLACK
6
CONTINUOUS
10
2.0301273622047242
20
1.0411729921259842
11
2.0341735826771652
21
1.0393864173228347
0
LINE
8
BLACK
6
CONTINUOUS
10
2.0341735826771652
20
1.0393864173228347
11
2.0351627952755904
21
1.0392716535433071
0
LINE
8
BLACK
6
CONTINUOUS
10
2.0351627952755904
20
1.0392716535433071
11
2.098695433070866
21
1.0392716929133858
0
LINE
8
BLACK
6
CONTINUOUS
10
2.098695433070866
20
1.0392716929133858
11
2.09968468503937
21
1.0393864173228347
0
LINE
8
BLACK
6
CONTINUOUS
10
2.09968468503937
20
1.0393864173228347
11
2.103730905511811
21
1.0411729921259842
0
LINE
8
BLACK
6
CONTINUOUS
10
2.103730905511811
20
1.0411729921259842
11
2.106858503937008
21
1.0443005905511811
0
LINE
8
BLACK
6
CONTINUOUS
10
2.106858503937008
20
1.0443005905511811
11
2.1086450787401576
21
1.048346811023622
0
LINE
8
BLACK
6
CONTINUOUS
10
2.1086450787401576
20
1.048346811023622
11
2.1087598425196852
21
1.0493360236220473
0
LINE
8
BLACK
6
CONTINUOUS
10
2.1087598425196852
20
1.0493360236220473
11
2.1087598031496064
21
1.1128686614173229
0
LINE
8
BLACK
6
CONTINUOUS
10
2.1087598031496064
20
1.1128686614173229
11
2.1086450787401576
21
1.1138579133858268
0
LINE
8
BLACK
6
CONTINUOUS
10
2.1086450787401576
20
1.1138579133858268
11
2.106858503937008
21
1.1179041338582676
0
LINE
8
BLACK
6
CONTINUOUS
10
2.106858503937008
20
1.1179041338582676
11
2.103730905511811
21
1.1210317322834646
0
LINE
8
BLACK
6
CONTINUOUS
10
2.103730905511811
20
1.1210317322834646
11
2.09968468503937
21
1.1228183070866142
0
LINE
8
BLACK
6
CONTINUOUS
10
2.09968468503937
20
1.1228183070866142
11
2.0996846456692912
21
1.122818346456693
0
LINE
8
BLACK
6
CONTINUOUS
10
2.0996846456692912
20
1.122818346456693
11
2.0996845669291337
21
1.122818346456693
0
LINE
8
BLACK
6
CONTINUOUS
10
2.0996845669291337
20
1.122818346456693
11
2.098695590551181
21
1.1229330708661418
0
LINE
8
BLACK
6
CONTINUOUS
10
2.098695590551181
20
1.1229330708661418
11
2.0351629527559054
21
1.1229330708661418
0
LINE
8
BLACK
6
CONTINUOUS
10
2.0351629527559054
20
1.1229330708661418
11
2.0351628346456692
21
1.122933031496063
0
LINE
8
BLACK
6
CONTINUOUS
10
2.0351628346456692
20
1.122933031496063
11
2.0341735826771652
21
1.122818346456693
0
LINE
8
BLACK
6
CONTINUOUS
10
2.0341735826771652
20
1.122818346456693
11
2.0301273622047242
21
1.1210317322834646
0
LINE
8
BLACK
6
CONTINUOUS
10
2.0301273622047242
20
1.1210317322834646
11
2.0269997637795276
21
1.1179041338582676
0
LINE
8
BLACK
6
CONTINUOUS
10
2.0269997637795276
20
1.1179041338582676
11
2.0252131496062993
21
1.1138578346456693
0
LINE
8
BLACK
6
CONTINUOUS
10
2.0252131496062993
20
1.1138578346456693
11
2.0250984251968505
21
1.1128688976377952
0
LINE
8
BLACK
6
CONTINUOUS
10
2.0250984251968505
20
1.1128688976377952
11
2.0250984251968505
21
1.049336220472441
0
LINE
8
BLACK
6
CONTINUOUS
10
0.2928149606299212
20
1.1477614173228345
11
0.292815
21
1.1477612992125985
0
LINE
8
BLACK
6
CONTINUOUS
10
0.292815
20
1.1477612992125985
11
0.2929296850393701
21
1.1467720472440945
0
LINE
8
BLACK
6
CONTINUOUS
10
0.2929296850393701
20
1.1467720472440945
11
0.2939274015748031
21
1.1445124015748032
0
LINE
8
BLACK
6
CONTINUOUS
10
0.2939274015748031
20
1.1445124015748032
11
0.2947162992125984
21
1.1427257874015748
0
LINE
8
BLACK
6
CONTINUOUS
10
0.2947162992125984
20
1.1427257874015748
11
0.2978438976377953
21
1.139598188976378
0
LINE
8
BLACK
6
CONTINUOUS
10
0.2978438976377953
20
1.139598188976378
11
0.3018901181102362
21
1.1378116141732284
0
LINE
8
BLACK
6
CONTINUOUS
10
0.3018901181102362
20
1.1378116141732284
11
0.3028793307086614
21
1.1376968503937008
0
LINE
8
BLACK
6
CONTINUOUS
10
0.3028793307086614
20
1.1376968503937008
11
0.366411968503937
21
1.1376968897637796
0
LINE
8
BLACK
6
CONTINUOUS
10
0.366411968503937
20
1.1376968897637796
11
0.3674012204724409
21
1.1378116141732284
0
LINE
8
BLACK
6
CONTINUOUS
10
0.3674012204724409
20
1.1378116141732284
11
0.3714474409448819
21
1.139598188976378
0
LINE
8
BLACK
6
CONTINUOUS
10
0.3714474409448819
20
1.139598188976378
11
0.3745750393700787
21
1.1427257874015748
0
LINE
8
BLACK
6
CONTINUOUS
10
0.3745750393700787
20
1.1427257874015748
11
0.3763616141732283
21
1.1467720078740158
0
LINE
8
BLACK
6
CONTINUOUS
10
0.3763616141732283
20
1.1467720078740158
11
0.3764763779527559
21
1.147761220472441
0
LINE
8
BLACK
6
CONTINUOUS
10
0.3764763779527559
20
1.147761220472441
11
0.3764763385826772
21
1.2112938582677164
0
LINE
8
BLACK
6
CONTINUOUS
10
0.3764763385826772
20
1.2112938582677164
11
0.3764762992125984
21
1.2112940944881889
0
LINE
8
BLACK
6
CONTINUOUS
10
0.3764762992125984
20
1.2112940944881889
11
0.3763616141732283
21
1.2122831102362204
0
LINE
8
BLACK
6
CONTINUOUS
10
0.3763616141732283
20
1.2122831102362204
11
0.3745750393700787
21
1.2163293307086613
0
LINE
8
BLACK
6
CONTINUOUS
10
0.3745750393700787
20
1.2163293307086613
11
0.3714474409448819
21
1.2194569291338582
0
LINE
8
BLACK
6
CONTINUOUS
10
0.3714474409448819
20
1.2194569291338582
11
0.3674012204724409
21
1.2212435039370078
0
LINE
8
BLACK
6
CONTINUOUS
10
0.3674012204724409
20
1.2212435039370078
11
0.3674011811023622
21
1.2212435433070865
0
LINE
8
BLACK
6
CONTINUOUS
10
0.3674011811023622
20
1.2212435433070865
11
0.3674011023622047
21
1.2212435433070865
0
LINE
8
BLACK
6
CONTINUOUS
10
0.3674011023622047
20
1.2212435433070865
11
0.3664121259842519
21
1.2213582677165353
0
LINE
8
BLACK
6
CONTINUOUS
10
0.3664121259842519
20
1.2213582677165353
11
0.3028794881889764
21
1.2213582677165353
0
LINE
8
BLACK
6
CONTINUOUS
10
0.3028794881889764
20
1.2213582677165353
11
0.3028793700787402
21
1.2213582283464566
0
LINE
8
BLACK
6
CONTINUOUS
10
0.3028793700787402
20
1.2213582283464566
11
0.3018901181102362
21
1.2212435433070865
0
LINE
8
BLACK
6
CONTINUOUS
10
0.3018901181102362
20
1.2212435433070865
11
0.2978438976377953
21
1.2194569291338582
0
LINE
8
BLACK
6
CONTINUOUS
10
0.2978438976377953
20
1.2194569291338582
11
0.2947162992125984
21
1.2163293307086613
0
LINE
8
BLACK
6
CONTINUOUS
10
0.2947162992125984
20
1.2163293307086613
11
0.2929296850393701
21
1.2122830314960629
0
LINE
8
BLACK
6
CONTINUOUS
10
0.2929296850393701
20
1.2122830314960629
11
0.2928149606299212
21
1.2112940944881889
0
LINE
8
BLACK
6
CONTINUOUS
10
0.2928149606299212
20
1.2112940944881889
11
0.2928149606299212
21
1.1477614173228345
0
LINE
8
BLACK
6
CONTINUOUS
10
0.3928149606299213
20
1.1477614173228345
11
0.392815
21
1.1477612992125985
0
LINE
8
BLACK
6
CONTINUOUS
10
0.392815
20
1.1477612992125985
11
0.3929296850393701
21
1.1467720472440945
0
LINE
8
BLACK
6
CONTINUOUS
10
0.3929296850393701
20
1.1467720472440945
11
0.3939274015748032
21
1.1445124015748032
0
LINE
8
BLACK
6
CONTINUOUS
10
0.3939274015748032
20
1.1445124015748032
11
0.3947162992125984
21
1.1427257874015748
0
LINE
8
BLACK
6
CONTINUOUS
10
0.3947162992125984
20
1.1427257874015748
11
0.3978438976377953
21
1.139598188976378
0
LINE
8
BLACK
6
CONTINUOUS
10
0.3978438976377953
20
1.139598188976378
11
0.4018901181102362
21
1.1378116141732284
0
LINE
8
BLACK
6
CONTINUOUS
10
0.4018901181102362
20
1.1378116141732284
11
0.4028793307086614
21
1.1376968503937008
0
LINE
8
BLACK
6
CONTINUOUS
10
0.4028793307086614
20
1.1376968503937008
11
0.466411968503937
21
1.1376968897637796
0
LINE
8
BLACK
6
CONTINUOUS
10
0.466411968503937
20
1.1376968897637796
11
0.4674012204724409
21
1.1378116141732284
0
LINE
8
BLACK
6
CONTINUOUS
10
0.4674012204724409
20
1.1378116141732284
11
0.4714474409448819
21
1.139598188976378
0
LINE
8
BLACK
6
CONTINUOUS
10
0.4714474409448819
20
1.139598188976378
11
0.4745750393700787
21
1.1427257874015748
0
LINE
8
BLACK
6
CONTINUOUS
10
0.4745750393700787
20
1.1427257874015748
11
0.4763616141732283
21
1.1467720078740158
0
LINE
8
BLACK
6
CONTINUOUS
10
0.4763616141732283
20
1.1467720078740158
11
0.4764763779527559
21
1.147761220472441
0
LINE
8
BLACK
6
CONTINUOUS
10
0.4764763779527559
20
1.147761220472441
11
0.4764763385826771
21
1.2112938582677164
0
LINE
8
BLACK
6
CONTINUOUS
10
0.4764763385826771
20
1.2112938582677164
11
0.4763616141732283
21
1.2122831102362204
0
LINE
8
BLACK
6
CONTINUOUS
10
0.4763616141732283
20
1.2122831102362204
11
0.4745750393700787
21
1.2163293307086613
0
LINE
8
BLACK
6
CONTINUOUS
10
0.4745750393700787
20
1.2163293307086613
11
0.4714474409448819
21
1.2194569291338582
0
LINE
8
BLACK
6
CONTINUOUS
10
0.4714474409448819
20
1.2194569291338582
11
0.4674012204724409
21
1.2212435039370078
0
LINE
8
BLACK
6
CONTINUOUS
10
0.4674012204724409
20
1.2212435039370078
11
0.4674011811023622
21
1.2212435433070865
0
LINE
8
BLACK
6
CONTINUOUS
10
0.4674011811023622
20
1.2212435433070865
11
0.4674011023622047
21
1.2212435433070865
0
LINE
8
BLACK
6
CONTINUOUS
10
0.4674011023622047
20
1.2212435433070865
11
0.466412125984252
21
1.2213582677165353
0
LINE
8
BLACK
6
CONTINUOUS
10
0.466412125984252
20
1.2213582677165353
11
0.4028794881889763
21
1.2213582677165353
0
LINE
8
BLACK
6
CONTINUOUS
10
0.4028794881889763
20
1.2213582677165353
11
0.4028793700787401
21
1.2213582283464566
0
LINE
8
BLACK
6
CONTINUOUS
10
0.4028793700787401
20
1.2213582283464566
11
0.4018901181102362
21
1.2212435433070865
0
LINE
8
BLACK
6
CONTINUOUS
10
0.4018901181102362
20
1.2212435433070865
11
0.3978438976377953
21
1.2194569291338582
0
LINE
8
BLACK
6
CONTINUOUS
10
0.3978438976377953
20
1.2194569291338582
11
0.3947162992125984
21
1.2163293307086613
0
LINE
8
BLACK
6
CONTINUOUS
10
0.3947162992125984
20
1.2163293307086613
11
0.3929296850393701
21
1.2122830314960629
0
LINE
8
BLACK
6
CONTINUOUS
10
0.3929296850393701
20
1.2122830314960629
11
0.3928149606299213
21
1.2112940944881889
0
LINE
8
BLACK
6
CONTINUOUS
10
0.3928149606299213
20
1.2112940944881889
11
0.3928149606299213
21
1.1477614173228345
0
LINE
8
BLACK
6
CONTINUOUS
10
1.9250984251968504
20
1.1493362204724409
11
1.9250984645669291
21
1.1493361023622046
0
LINE
8
BLACK
6
CONTINUOUS
10
1.9250984645669291
20
1.1493361023622046
11
1.9252131496062992
21
1.1483468503937007
0
LINE
8
BLACK
6
CONTINUOUS
10
1.9252131496062992
20
1.1483468503937007
11
1.9262108661417323
21
1.1460872047244095
0
LINE
8
BLACK
6
CONTINUOUS
10
1.9262108661417323
20
1.1460872047244095
11
1.9269997637795275
21
1.1443005905511812
0
LINE
8
BLACK
6
CONTINUOUS
10
1.9269997637795275
20
1.1443005905511812
11
1.9301273622047244
21
1.1411729921259843
0
LINE
8
BLACK
6
CONTINUOUS
10
1.9301273622047244
20
1.1411729921259843
11
1.9341735826771653
21
1.1393864173228345
0
LINE
8
BLACK
6
CONTINUOUS
10
1.9341735826771653
20
1.1393864173228345
11
1.9351627952755905
21
1.139271653543307
0
LINE
8
BLACK
6
CONTINUOUS
10
1.9351627952755905
20
1.139271653543307
11
1.9986954330708662
21
1.1392716929133857
0
LINE
8
BLACK
6
CONTINUOUS
10
1.9986954330708662
20
1.1392716929133857
11
1.9996846850393701
21
1.1393864173228345
0
LINE
8
BLACK
6
CONTINUOUS
10
1.9996846850393701
20
1.1393864173228345
11
2.0037309055118109
21
1.1411729921259843
0
LINE
8
BLACK
6
CONTINUOUS
10
2.0037309055118109
20
1.1411729921259843
11
2.0068585039370079
21
1.1443005905511812
0
LINE
8
BLACK
6
CONTINUOUS
10
2.0068585039370079
20
1.1443005905511812
11
2.0086450787401575
21
1.1483468110236221
0
LINE
8
BLACK
6
CONTINUOUS
10
2.0086450787401575
20
1.1483468110236221
11
2.0087598425196851
21
1.1493360236220471
0
LINE
8
BLACK
6
CONTINUOUS
10
2.0087598425196851
20
1.1493360236220471
11
2.0087598031496063
21
1.2128686614173227
0
LINE
8
BLACK
6
CONTINUOUS
10
2.0087598031496063
20
1.2128686614173227
11
2.0087597637795276
21
1.2128688976377953
0
LINE
8
BLACK
6
CONTINUOUS
10
2.0087597637795276
20
1.2128688976377953
11
2.0086450787401575
21
1.2138579133858267
0
LINE
8
BLACK
6
CONTINUOUS
10
2.0086450787401575
20
1.2138579133858267
11
2.0068585039370079
21
1.2179041338582677
0
LINE
8
BLACK
6
CONTINUOUS
10
2.0068585039370079
20
1.2179041338582677
11
2.0037309055118109
21
1.2210317322834645
0
LINE
8
BLACK
6
CONTINUOUS
10
2.0037309055118109
20
1.2210317322834645
11
1.9996846850393701
21
1.2228183070866141
0
LINE
8
BLACK
6
CONTINUOUS
10
1.9996846850393701
20
1.2228183070866141
11
1.9996846456692914
21
1.2228183464566929
0
LINE
8
BLACK
6
CONTINUOUS
10
1.9996846456692914
20
1.2228183464566929
11
1.9996845669291339
21
1.2228183464566929
0
LINE
8
BLACK
6
CONTINUOUS
10
1.9996845669291339
20
1.2228183464566929
11
1.998695590551181
21
1.2229330708661417
0
LINE
8
BLACK
6
CONTINUOUS
10
1.998695590551181
20
1.2229330708661417
11
1.9351629527559056
21
1.2229330708661417
0
LINE
8
BLACK
6
CONTINUOUS
10
1.9351629527559056
20
1.2229330708661417
11
1.9351628346456693
21
1.2229330314960629
0
LINE
8
BLACK
6
CONTINUOUS
10
1.9351628346456693
20
1.2229330314960629
11
1.9341735826771653
21
1.2228183464566929
0
LINE
8
BLACK
6
CONTINUOUS
10
1.9341735826771653
20
1.2228183464566929
11
1.9301273622047244
21
1.2210317322834645
0
LINE
8
BLACK
6
CONTINUOUS
10
1.9301273622047244
20
1.2210317322834645
11
1.9269997637795275
21
1.2179041338582677
0
LINE
8
BLACK
6
CONTINUOUS
10
1.9269997637795275
20
1.2179041338582677
11
1.9252131496062992
21
1.2138578346456692
0
LINE
8
BLACK
6
CONTINUOUS
10
1.9252131496062992
20
1.2138578346456692
11
1.9250984251968504
21
1.2128688976377953
0
LINE
8
BLACK
6
CONTINUOUS
10
1.9250984251968504
20
1.2128688976377953
11
1.9250984251968504
21
1.1493362204724409
0
LINE
8
BLACK
6
CONTINUOUS
10
2.0250984251968505
20
1.1493362204724409
11
2.0250984645669292
21
1.1493361023622046
0
LINE
8
BLACK
6
CONTINUOUS
10
2.0250984645669292
20
1.1493361023622046
11
2.0252131496062993
21
1.1483468503937007
0
LINE
8
BLACK
6
CONTINUOUS
10
2.0252131496062993
20
1.1483468503937007
11
2.0262108661417324
21
1.1460872047244095
0
LINE
8
BLACK
6
CONTINUOUS
10
2.0262108661417324
20
1.1460872047244095
11
2.0269997637795276
21
1.1443005905511812
0
LINE
8
BLACK
6
CONTINUOUS
10
2.0269997637795276
20
1.1443005905511812
11
2.0301273622047242
21
1.1411729921259843
0
LINE
8
BLACK
6
CONTINUOUS
10
2.0301273622047242
20
1.1411729921259843
11
2.0341735826771652
21
1.1393864173228345
0
LINE
8
BLACK
6
CONTINUOUS
10
2.0341735826771652
20
1.1393864173228345
11
2.0351627952755904
21
1.139271653543307
0
LINE
8
BLACK
6
CONTINUOUS
10
2.0351627952755904
20
1.139271653543307
11
2.098695433070866
21
1.1392716929133857
0
LINE
8
BLACK
6
CONTINUOUS
10
2.098695433070866
20
1.1392716929133857
11
2.09968468503937
21
1.1393864173228345
0
LINE
8
BLACK
6
CONTINUOUS
10
2.09968468503937
20
1.1393864173228345
11
2.103730905511811
21
1.1411729921259843
0
LINE
8
BLACK
6
CONTINUOUS
10
2.103730905511811
20
1.1411729921259843
11
2.106858503937008
21
1.1443005905511812
0
LINE
8
BLACK
6
CONTINUOUS
10
2.106858503937008
20
1.1443005905511812
11
2.1086450787401576
21
1.1483468110236221
0
LINE
8
BLACK
6
CONTINUOUS
10
2.1086450787401576
20
1.1483468110236221
11
2.1087598425196852
21
1.1493360236220471
0
LINE
8
BLACK
6
CONTINUOUS
10
2.1087598425196852
20
1.1493360236220471
11
2.1087598031496064
21
1.2128686614173227
0
LINE
8
BLACK
6
CONTINUOUS
10
2.1087598031496064
20
1.2128686614173227
11
2.1086450787401576
21
1.2138579133858267
0
LINE
8
BLACK
6
CONTINUOUS
10
2.1086450787401576
20
1.2138579133858267
11
2.106858503937008
21
1.2179041338582677
0
LINE
8
BLACK
6
CONTINUOUS
10
2.106858503937008
20
1.2179041338582677
11
2.103730905511811
21
1.2210317322834645
0
LINE
8
BLACK
6
CONTINUOUS
10
2.103730905511811
20
1.2210317322834645
11
2.09968468503937
21
1.2228183070866141
0
LINE
8
BLACK
6
CONTINUOUS
10
2.09968468503937
20
1.2228183070866141
11
2.0996846456692912
21
1.2228183464566929
0
LINE
8
BLACK
6
CONTINUOUS
10
2.0996846456692912
20
1.2228183464566929
11
2.0996845669291337
21
1.2228183464566929
0
LINE
8
BLACK
6
CONTINUOUS
10
2.0996845669291337
20
1.2228183464566929
11
2.098695590551181
21
1.2229330708661417
0
LINE
8
BLACK
6
CONTINUOUS
10
2.098695590551181
20
1.2229330708661417
11
2.0351629527559054
21
1.2229330708661417
0
LINE
8
BLACK
6
CONTINUOUS
10
2.0351629527559054
20
1.2229330708661417
11
2.0351628346456692
21
1.2229330314960629
0
LINE
8
BLACK
6
CONTINUOUS
10
2.0351628346456692
20
1.2229330314960629
11
2.0341735826771652
21
1.2228183464566929
0
LINE
8
BLACK
6
CONTINUOUS
10
2.0341735826771652
20
1.2228183464566929
11
2.0301273622047242
21
1.2210317322834645
0
LINE
8
BLACK
6
CONTINUOUS
10
2.0301273622047242
20
1.2210317322834645
11
2.0269997637795276
21
1.2179041338582677
0
LINE
8
BLACK
6
CONTINUOUS
10
2.0269997637795276
20
1.2179041338582677
11
2.0252131496062993
21
1.2138578346456692
0
LINE
8
BLACK
6
CONTINUOUS
10
2.0252131496062993
20
1.2138578346456692
11
2.0250984251968505
21
1.2128688976377953
0
LINE
8
BLACK
6
CONTINUOUS
10
2.0250984251968505
20
1.2128688976377953
11
2.0250984251968505
21
1.1493362204724409
0
LINE
8
BLACK
6
CONTINUOUS
10
0.7158461811023622
20
1.9176987007874016
11
0.7158461417322834
21
1.9176987795275591
0
LINE
8
BLACK
6
CONTINUOUS
10
0.7158461417322834
20
1.9176987795275591
11
0.713670905511811
21
1.9209542519685039
0
LINE
8
BLACK
6
CONTINUOUS
10
0.713670905511811
20
1.9209542519685039
11
0.713670748031496
21
1.9209544094488189
0
LINE
8
BLACK
6
CONTINUOUS
10
0.713670748031496
20
1.9209544094488189
11
0.7104152755905512
21
1.9231296456692912
0
LINE
8
BLACK
6
CONTINUOUS
10
0.7104152755905512
20
1.9231296456692912
11
0.7104151968503937
21
1.92312968503937
0
LINE
8
BLACK
6
CONTINUOUS
10
0.7104151968503937
20
1.92312968503937
11
0.7075442519685039
21
1.9237007874015748
0
LINE
8
BLACK
6
CONTINUOUS
10
0.7075442519685039
20
1.9237007874015748
11
0.6844488582677165
21
1.9237007874015748
0
LINE
8
BLACK
6
CONTINUOUS
10
0.6844488582677165
20
1.9237007874015748
11
0.6844488188976378
21
1.923700748031496
0
LINE
8
BLACK
6
CONTINUOUS
10
0.6844488188976378
20
1.923700748031496
11
0.6844488188976378
21
1.9138582677165354
0
LINE
8
BLACK
6
CONTINUOUS
10
0.6844488188976378
20
1.9138582677165354
11
0.7065748031496063
21
1.9138582677165354
0
LINE
8
BLACK
6
CONTINUOUS
10
0.7065748031496063
20
1.9138582677165354
11
0.7065748031496063
21
1.8917322834645669
0
LINE
8
BLACK
6
CONTINUOUS
10
0.7065748031496063
20
1.8917322834645669
11
0.7164172834645669
21
1.8917322834645669
0
LINE
8
BLACK
6
CONTINUOUS
10
0.7164172834645669
20
1.8917322834645669
11
0.7164173228346457
21
1.8917323228346457
0
LINE
8
BLACK
6
CONTINUOUS
10
0.7164173228346457
20
1.8917323228346457
11
0.7164173228346457
21
1.9148276771653543
0
LINE
8
BLACK
6
CONTINUOUS
10
0.7164173228346457
20
1.9148276771653543
11
0.7164172834645669
21
1.9148277559055118
0
LINE
8
BLACK
6
CONTINUOUS
10
0.7164172834645669
20
1.9148277559055118
11
0.7163876771653543
21
1.9149767322834645
0
LINE
8
BLACK
6
CONTINUOUS
10
0.7163876771653543
20
1.9149767322834645
11
0.7162587401574803
21
1.9156248031496061
0
LINE
8
BLACK
6
CONTINUOUS
10
0.7162587401574803
20
1.9156248031496061
11
0.7158461811023622
21
1.9176987007874016
0
LINE
8
BLACK
6
CONTINUOUS
10
0.934744094488189
20
1.852092125984252
11
0.9347441338582677
21
1.8520920078740157
0
LINE
8
BLACK
6
CONTINUOUS
10
0.9347441338582677
20
1.8520920078740157
11
0.9348588188976378
21
1.8511027559055118
0
LINE
8
BLACK
6
CONTINUOUS
10
0.9348588188976378
20
1.8511027559055118
11
0.9358565354330708
21
1.8488431102362204
0
LINE
8
BLACK
6
CONTINUOUS
10
0.9358565354330708
20
1.8488431102362204
11
0.9366454330708661
21
1.847056496062992
0
LINE
8
BLACK
6
CONTINUOUS
10
0.9366454330708661
20
1.847056496062992
11
0.9397730314960629
21
1.8439288976377952
0
LINE
8
BLACK
6
CONTINUOUS
10
0.9397730314960629
20
1.8439288976377952
11
0.9438192519685039
21
1.8421423228346456
0
LINE
8
BLACK
6
CONTINUOUS
10
0.9438192519685039
20
1.8421423228346456
11
0.9448084645669291
21
1.8420275590551181
0
LINE
8
BLACK
6
CONTINUOUS
10
0.9448084645669291
20
1.8420275590551181
11
1.0080905511811022
21
1.8420275984251968
0
LINE
8
BLACK
6
CONTINUOUS
10
1.0080905511811022
20
1.8420275984251968
11
1.0103815354330707
21
1.8412832283464566
0
LINE
8
BLACK
6
CONTINUOUS
10
1.0103815354330707
20
1.8412832283464566
11
1.0117974409448818
21
1.8393344094488189
0
LINE
8
BLACK
6
CONTINUOUS
10
1.0117974409448818
20
1.8393344094488189
11
1.011988188976378
21
1.8381299606299213
0
LINE
8
BLACK
6
CONTINUOUS
10
1.011988188976378
20
1.8381299606299213
11
1.011988188976378
21
1.8295866141732282
0
LINE
8
BLACK
6
CONTINUOUS
10
1.011988188976378
20
1.8295866141732282
11
1.0112438188976378
21
1.8272956299212597
0
LINE
8
BLACK
6
CONTINUOUS
10
1.0112438188976378
20
1.8272956299212597
11
1.0092950000000001
21
1.8258797244094487
0
LINE
8
BLACK
6
CONTINUOUS
10
1.0092950000000001
20
1.8258797244094487
11
1.0080905511811022
21
1.8256889763779527
0
LINE
8
BLACK
6
CONTINUOUS
10
1.0080905511811022
20
1.8256889763779527
11
0.944808622047244
21
1.8256889763779527
0
LINE
8
BLACK
6
CONTINUOUS
10
0.944808622047244
20
1.8256889763779527
11
0.9448085039370079
21
1.8256889370078739
0
LINE
8
BLACK
6
CONTINUOUS
10
0.9448085039370079
20
1.8256889370078739
11
0.9438192519685039
21
1.8255742519685039
0
LINE
8
BLACK
6
CONTINUOUS
10
0.9438192519685039
20
1.8255742519685039
11
0.9397730314960629
21
1.8237876377952755
0
LINE
8
BLACK
6
CONTINUOUS
10
0.9397730314960629
20
1.8237876377952755
11
0.9366454330708661
21
1.8206600393700787
0
LINE
8
BLACK
6
CONTINUOUS
10
0.9366454330708661
20
1.8206600393700787
11
0.9348588188976378
21
1.8166137401574802
0
LINE
8
BLACK
6
CONTINUOUS
10
0.9348588188976378
20
1.8166137401574802
11
0.934744094488189
21
1.8156248031496063
0
LINE
8
BLACK
6
CONTINUOUS
10
0.934744094488189
20
1.8156248031496063
11
0.934744094488189
21
1.7520921259842519
0
LINE
8
BLACK
6
CONTINUOUS
10
0.934744094488189
20
1.7520921259842519
11
0.9347441338582677
21
1.7520920078740156
0
LINE
8
BLACK
6
CONTINUOUS
10
0.9347441338582677
20
1.7520920078740156
11
0.9348588188976378
21
1.7511027559055117
0
LINE
8
BLACK
6
CONTINUOUS
10
0.9348588188976378
20
1.7511027559055117
11
0.9358565354330708
21
1.7488431102362205
0
LINE
8
BLACK
6
CONTINUOUS
10
0.9358565354330708
20
1.7488431102362205
11
0.9366454330708661
21
1.7470564960629922
0
LINE
8
BLACK
6
CONTINUOUS
10
0.9366454330708661
20
1.7470564960629922
11
0.9397730314960629
21
1.7439288976377951
0
LINE
8
BLACK
6
CONTINUOUS
10
0.9397730314960629
20
1.7439288976377951
11
0.9438192519685039
21
1.7421423228346455
0
LINE
8
BLACK
6
CONTINUOUS
10
0.9438192519685039
20
1.7421423228346455
11
0.9448084645669291
21
1.742027559055118
0
LINE
8
BLACK
6
CONTINUOUS
10
0.9448084645669291
20
1.742027559055118
11
1.0080905511811022
21
1.7420275984251967
0
LINE
8
BLACK
6
CONTINUOUS
10
1.0080905511811022
20
1.7420275984251967
11
1.0103815354330707
21
1.7412832283464565
0
LINE
8
BLACK
6
CONTINUOUS
10
1.0103815354330707
20
1.7412832283464565
11
1.0117974409448818
21
1.7393344094488188
0
LINE
8
BLACK
6
CONTINUOUS
10
1.0117974409448818
20
1.7393344094488188
11
1.011988188976378
21
1.7381299606299212
0
LINE
8
BLACK
6
CONTINUOUS
10
1.011988188976378
20
1.7381299606299212
11
1.011988188976378
21
1.5111210236220471
0
LINE
8
BLACK
6
CONTINUOUS
10
1.011988188976378
20
1.5111210236220471
11
1.0118553937007875
21
1.5101123228346456
0
LINE
8
BLACK
6
CONTINUOUS
10
1.0118553937007875
20
1.5101123228346456
11
1.0117913385826771
21
1.5098733464566929
0
LINE
8
BLACK
6
CONTINUOUS
10
1.0117913385826771
20
1.5098733464566929
11
1.0117913385826771
21
1.334279094488189
0
LINE
8
BLACK
6
CONTINUOUS
10
1.0117913385826771
20
1.334279094488189
11
1.0123471653543308
21
1.3322048425196851
0
LINE
8
BLACK
6
CONTINUOUS
10
1.0123471653543308
20
1.3322048425196851
11
1.0123471653543308
21
1.3322047637795276
0
LINE
8
BLACK
6
CONTINUOUS
10
1.0123471653543308
20
1.3322047637795276
11
1.0123472047244095
21
1.3322047637795276
0
LINE
8
BLACK
6
CONTINUOUS
10
1.0123472047244095
20
1.3322047637795276
11
1.0123472047244095
21
1.3322047244094488
0
LINE
8
BLACK
6
CONTINUOUS
10
1.0123472047244095
20
1.3322047244094488
11
1.0130000393700787
21
1.3297682283464567
0
LINE
8
BLACK
6
CONTINUOUS
10
1.0130000393700787
20
1.3297682283464567
11
1.0130000787401574
21
1.3297681496062992
0
LINE
8
BLACK
6
CONTINUOUS
10
1.0130000787401574
20
1.3297681496062992
11
1.0130001181102362
21
1.3297680314960629
0
LINE
8
BLACK
6
CONTINUOUS
10
1.0130001181102362
20
1.3297680314960629
11
1.0153349212598426
21
1.3257240551181102
0
LINE
8
BLACK
6
CONTINUOUS
10
1.0153349212598426
20
1.3257240551181102
11
1.0153349606299213
21
1.3257240157480314
0
LINE
8
BLACK
6
CONTINUOUS
10
1.0153349606299213
20
1.3257240157480314
11
1.0153349999999999
21
1.3257239763779527
0
LINE
8
BLACK
6
CONTINUOUS
10
1.0153349999999999
20
1.3257239763779527
11
1.0153350787401574
21
1.3257238582677164
0
LINE
8
BLACK
6
CONTINUOUS
10
1.0153350787401574
20
1.3257238582677164
11
1.0917227165354331
21
1.249336220472441
0
LINE
8
BLACK
6
CONTINUOUS
10
1.0917227165354331
20
1.249336220472441
11
1.1471202362204724
21
1.1939387007874016
0
LINE
8
BLACK
6
CONTINUOUS
10
1.1471202362204724
20
1.1939387007874016
11
1.1481290157480315
21
1.1921914173228345
0
LINE
8
BLACK
6
CONTINUOUS
10
1.1481290157480315
20
1.1921914173228345
11
1.149721377952756
21
1.1862486614173229
0
LINE
8
BLACK
6
CONTINUOUS
10
1.149721377952756
20
1.1862486614173229
11
1.1528338582677164
21
1.1808576377952755
0
LINE
8
BLACK
6
CONTINUOUS
10
1.1528338582677164
20
1.1808576377952755
11
1.1572355905511811
21
1.1764559055118109
0
LINE
8
BLACK
6
CONTINUOUS
10
1.1572355905511811
20
1.1764559055118109
11
1.1626266141732282
21
1.1733434251968504
0
LINE
8
BLACK
6
CONTINUOUS
10
1.1626266141732282
20
1.1733434251968504
11
1.1686394881889763
21
1.1717322834645669
0
LINE
8
BLACK
6
CONTINUOUS
10
1.1686394881889763
20
1.1717322834645669
11
1.1686395669291338
21
1.1717322834645669
0
LINE
8
BLACK
6
CONTINUOUS
10
1.1686395669291338
20
1.1717322834645669
11
1.1748643700787402
21
1.1717322834645669
0
LINE
8
BLACK
6
CONTINUOUS
10
1.1748643700787402
20
1.1717322834645669
11
1.1748644488188975
21
1.1717322834645669
0
LINE
8
BLACK
6
CONTINUOUS
10
1.1748644488188975
20
1.1717322834645669
11
1.1808773228346456
21
1.1733434251968504
0
LINE
8
BLACK
6
CONTINUOUS
10
1.1808773228346456
20
1.1733434251968504
11
1.186268346456693
21
1.1764559055118109
0
LINE
8
BLACK
6
CONTINUOUS
10
1.186268346456693
20
1.1764559055118109
11
1.1906700787401574
21
1.1808576377952755
0
LINE
8
BLACK
6
CONTINUOUS
10
1.1906700787401574
20
1.1808576377952755
11
1.1937825590551181
21
1.1862486614173229
0
LINE
8
BLACK
6
CONTINUOUS
10
1.1937825590551181
20
1.1862486614173229
11
1.1953937007874016
21
1.1922615354330708
0
LINE
8
BLACK
6
CONTINUOUS
10
1.1953937007874016
20
1.1922615354330708
11
1.1953937007874016
21
1.1984864960629922
0
LINE
8
BLACK
6
CONTINUOUS
10
1.1953937007874016
20
1.1984864960629922
11
1.1937825590551181
21
1.2044993700787401
0
LINE
8
BLACK
6
CONTINUOUS
10
1.1937825590551181
20
1.2044993700787401
11
1.1906700787401574
21
1.2098903937007874
0
LINE
8
BLACK
6
CONTINUOUS
10
1.1906700787401574
20
1.2098903937007874
11
1.186268346456693
21
1.2142921259842518
0
LINE
8
BLACK
6
CONTINUOUS
10
1.186268346456693
20
1.2142921259842518
11
1.1808773228346456
21
1.2174046062992125
0
LINE
8
BLACK
6
CONTINUOUS
10
1.1808773228346456
20
1.2174046062992125
11
1.1748644488188975
21
1.219015748031496
0
LINE
8
BLACK
6
CONTINUOUS
10
1.1748644488188975
20
1.219015748031496
11
1.1748643700787402
21
1.219015748031496
0
LINE
8
BLACK
6
CONTINUOUS
10
1.1748643700787402
20
1.219015748031496
11
1.1738232677165354
21
1.219015748031496
0
LINE
8
BLACK
6
CONTINUOUS
10
1.1738232677165354
20
1.219015748031496
11
1.1715322834645669
21
1.2197601181102362
0
LINE
8
BLACK
6
CONTINUOUS
10
1.1715322834645669
20
1.2197601181102362
11
1.1710672047244095
21
1.2201573228346456
0
LINE
8
BLACK
6
CONTINUOUS
10
1.1710672047244095
20
1.2201573228346456
11
1.0484053543307086
21
1.3428191732283463
0
LINE
8
BLACK
6
CONTINUOUS
10
1.0484053543307086
20
1.3428191732283463
11
1.0473117716535434
21
1.3449655118110235
0
LINE
8
BLACK
6
CONTINUOUS
10
1.0473117716535434
20
1.3449655118110235
11
1.047263779527559
21
1.3455752362204725
0
LINE
8
BLACK
6
CONTINUOUS
10
1.047263779527559
20
1.3455752362204725
11
1.047263779527559
21
1.5041522834645669
0
LINE
8
BLACK
6
CONTINUOUS
10
1.047263779527559
20
1.5041522834645669
11
1.0473965748031495
21
1.5051610629921259
0
LINE
8
BLACK
6
CONTINUOUS
10
1.0473965748031495
20
1.5051610629921259
11
1.0474606299212599
21
1.5054001181102361
0
LINE
8
BLACK
6
CONTINUOUS
10
1.0474606299212599
20
1.5054001181102361
11
1.0474606299212599
21
1.6128688976377952
0
LINE
8
BLACK
6
CONTINUOUS
10
1.0474606299212599
20
1.6128688976377952
11
1.0474606299212599
21
1.7128688976377953
0
LINE
8
BLACK
6
CONTINUOUS
10
1.0474606299212599
20
1.7128688976377953
11
1.0474606299212599
21
1.7381299606299212
0
LINE
8
BLACK
6
CONTINUOUS
10
1.0474606299212599
20
1.7381299606299212
11
1.0482050000000001
21
1.7404209448818897
0
LINE
8
BLACK
6
CONTINUOUS
10
1.0482050000000001
20
1.7404209448818897
11
1.0501538188976378
21
1.7418368503937007
0
LINE
8
BLACK
6
CONTINUOUS
10
1.0501538188976378
20
1.7418368503937007
11
1.0513582677165354
21
1.7420275984251967
0
LINE
8
BLACK
6
CONTINUOUS
10
1.0513582677165354
20
1.7420275984251967
11
1.1083409842519685
21
1.7420275984251967
0
LINE
8
BLACK
6
CONTINUOUS
10
1.1083409842519685
20
1.7420275984251967
11
1.1083411023622047
21
1.7420275984251967
0
LINE
8
BLACK
6
CONTINUOUS
10
1.1083411023622047
20
1.7420275984251967
11
1.1093303543307087
21
1.7421423228346455
0
LINE
8
BLACK
6
CONTINUOUS
10
1.1093303543307087
20
1.7421423228346455
11
1.1133765748031497
21
1.7439288976377951
0
LINE
8
BLACK
6
CONTINUOUS
10
1.1133765748031497
20
1.7439288976377951
11
1.1165041732283465
21
1.7470564960629922
0
LINE
8
BLACK
6
CONTINUOUS
10
1.1165041732283465
20
1.7470564960629922
11
1.1182907480314961
21
1.7511027165354329
0
LINE
8
BLACK
6
CONTINUOUS
10
1.1182907480314961
20
1.7511027165354329
11
1.1184055118110237
21
1.7520919291338581
0
LINE
8
BLACK
6
CONTINUOUS
10
1.1184055118110237
20
1.7520919291338581
11
1.1184054724409449
21
1.8156245669291338
0
LINE
8
BLACK
6
CONTINUOUS
10
1.1184054724409449
20
1.8156245669291338
11
1.1184054330708662
21
1.8156248031496063
0
LINE
8
BLACK
6
CONTINUOUS
10
1.1184054330708662
20
1.8156248031496063
11
1.1182907480314961
21
1.8166138188976377
0
LINE
8
BLACK
6
CONTINUOUS
10
1.1182907480314961
20
1.8166138188976377
11
1.1165041732283465
21
1.8206600393700787
0
LINE
8
BLACK
6
CONTINUOUS
10
1.1165041732283465
20
1.8206600393700787
11
1.1133765748031497
21
1.8237876377952755
0
LINE
8
BLACK
6
CONTINUOUS
10
1.1133765748031497
20
1.8237876377952755
11
1.1093303543307087
21
1.8255742125984251
0
LINE
8
BLACK
6
CONTINUOUS
10
1.1093303543307087
20
1.8255742125984251
11
1.1093303149606299
21
1.8255742519685039
0
LINE
8
BLACK
6
CONTINUOUS
10
1.1093303149606299
20
1.8255742519685039
11
1.1093302362204724
21
1.8255742519685039
0
LINE
8
BLACK
6
CONTINUOUS
10
1.1093302362204724
20
1.8255742519685039
11
1.1083412992125985
21
1.8256889763779527
0
LINE
8
BLACK
6
CONTINUOUS
10
1.1083412992125985
20
1.8256889763779527
11
1.1083411417322835
21
1.8256889763779527
0
LINE
8
BLACK
6
CONTINUOUS
10
1.1083411417322835
20
1.8256889763779527
11
1.0513582677165354
21
1.8256889763779527
0
LINE
8
BLACK
6
CONTINUOUS
10
1.0513582677165354
20
1.8256889763779527
11
1.0490672834645669
21
1.8264333464566929
0
LINE
8
BLACK
6
CONTINUOUS
10
1.0490672834645669
20
1.8264333464566929
11
1.0476513779527559
21
1.8283821653543306
0
LINE
8
BLACK
6
CONTINUOUS
10
1.0476513779527559
20
1.8283821653543306
11
1.0474606299212599
21
1.8295866141732282
0
LINE
8
BLACK
6
CONTINUOUS
10
1.0474606299212599
20
1.8295866141732282
11
1.0474606299212599
21
1.8381299606299213
0
LINE
8
BLACK
6
CONTINUOUS
10
1.0474606299212599
20
1.8381299606299213
11
1.0482050000000001
21
1.8404209448818898
0
LINE
8
BLACK
6
CONTINUOUS
10
1.0482050000000001
20
1.8404209448818898
11
1.0501538188976378
21
1.8418368503937008
0
LINE
8
BLACK
6
CONTINUOUS
10
1.0501538188976378
20
1.8418368503937008
11
1.0513582677165354
21
1.8420275984251968
0
LINE
8
BLACK
6
CONTINUOUS
10
1.0513582677165354
20
1.8420275984251968
11
1.1083409842519685
21
1.8420275984251968
0
LINE
8
BLACK
6
CONTINUOUS
10
1.1083409842519685
20
1.8420275984251968
11
1.1083411023622047
21
1.8420275984251968
0
LINE
8
BLACK
6
CONTINUOUS
10
1.1083411023622047
20
1.8420275984251968
11
1.1093303543307087
21
1.8421423228346456
0
LINE
8
BLACK
6
CONTINUOUS
10
1.1093303543307087
20
1.8421423228346456
11
1.1133765748031497
21
1.8439288976377952
0
LINE
8
BLACK
6
CONTINUOUS
10
1.1133765748031497
20
1.8439288976377952
11
1.1165041732283465
21
1.847056496062992
0
LINE
8
BLACK
6
CONTINUOUS
10
1.1165041732283465
20
1.847056496062992
11
1.1182907480314961
21
1.851102716535433
0
LINE
8
BLACK
6
CONTINUOUS
10
1.1182907480314961
20
1.851102716535433
11
1.1184055118110237
21
1.8520919291338582
0
LINE
8
BLACK
6
CONTINUOUS
10
1.1184055118110237
20
1.8520919291338582
11
1.1184054724409449
21
1.9156245669291339
0
LINE
8
BLACK
6
CONTINUOUS
10
1.1184054724409449
20
1.9156245669291339
11
1.1184054330708662
21
1.9156248031496061
0
LINE
8
BLACK
6
CONTINUOUS
10
1.1184054330708662
20
1.9156248031496061
11
1.1182907480314961
21
1.9166138188976378
0
LINE
8
BLACK
6
CONTINUOUS
10
1.1182907480314961
20
1.9166138188976378
11
1.1165041732283465
21
1.9206600393700788
0
LINE
8
BLACK
6
CONTINUOUS
10
1.1165041732283465
20
1.9206600393700788
11
1.1133765748031497
21
1.9237876377952756
0
LINE
8
BLACK
6
CONTINUOUS
10
1.1133765748031497
20
1.9237876377952756
11
1.1093303543307087
21
1.9255742125984252
0
LINE
8
BLACK
6
CONTINUOUS
10
1.1093303543307087
20
1.9255742125984252
11
1.1093303149606299
21
1.925574251968504
0
LINE
8
BLACK
6
CONTINUOUS
10
1.1093303149606299
20
1.925574251968504
11
1.1093302362204724
21
1.925574251968504
0
LINE
8
BLACK
6
CONTINUOUS
10
1.1093302362204724
20
1.925574251968504
11
1.1083412992125985
21
1.9256889763779528
0
LINE
8
BLACK
6
CONTINUOUS
10
1.1083412992125985
20
1.9256889763779528
11
1.1083411417322835
21
1.9256889763779528
0
LINE
8
BLACK
6
CONTINUOUS
10
1.1083411417322835
20
1.9256889763779528
11
1.0513582677165354
21
1.9256889763779528
0
LINE
8
BLACK
6
CONTINUOUS
10
1.0513582677165354
20
1.9256889763779528
11
1.0490672834645669
21
1.926433346456693
0
LINE
8
BLACK
6
CONTINUOUS
10
1.0490672834645669
20
1.926433346456693
11
1.0476513779527559
21
1.9283821653543307
0
LINE
8
BLACK
6
CONTINUOUS
10
1.0476513779527559
20
1.9283821653543307
11
1.0474606299212599
21
1.9295866141732283
0
LINE
8
BLACK
6
CONTINUOUS
10
1.0474606299212599
20
1.9295866141732283
11
1.0474606299212599
21
1.952303188976378
0
LINE
8
BLACK
6
CONTINUOUS
10
1.0474606299212599
20
1.952303188976378
11
1.0482050000000001
21
1.9545941732283465
0
LINE
8
BLACK
6
CONTINUOUS
10
1.0482050000000001
20
1.9545941732283465
11
1.0501538188976378
21
1.9560100787401575
0
LINE
8
BLACK
6
CONTINUOUS
10
1.0501538188976378
20
1.9560100787401575
11
1.0513582677165354
21
1.9562008267716535
0
LINE
8
BLACK
6
CONTINUOUS
10
1.0513582677165354
20
1.9562008267716535
11
1.0614905905511811
21
1.9562008267716535
0
LINE
8
BLACK
6
CONTINUOUS
10
1.0614905905511811
20
1.9562008267716535
11
1.0614907086614174
21
1.9562008267716535
0
LINE
8
BLACK
6
CONTINUOUS
10
1.0614907086614174
20
1.9562008267716535
11
1.0624799606299213
21
1.9563155511811023
0
LINE
8
BLACK
6
CONTINUOUS
10
1.0624799606299213
20
1.9563155511811023
11
1.0665261811023621
21
1.9581021259842519
0
LINE
8
BLACK
6
CONTINUOUS
10
1.0665261811023621
20
1.9581021259842519
11
1.0696537795275591
21
1.9612297244094488
0
LINE
8
BLACK
6
CONTINUOUS
10
1.0696537795275591
20
1.9612297244094488
11
1.0714403543307087
21
1.9652759448818897
0
LINE
8
BLACK
6
CONTINUOUS
10
1.0714403543307087
20
1.9652759448818897
11
1.0715551181102363
21
1.9662651574803149
0
LINE
8
BLACK
6
CONTINUOUS
10
1.0715551181102363
20
1.9662651574803149
11
1.0715550787401575
21
2.0297977952755906
0
LINE
8
BLACK
6
CONTINUOUS
10
1.0715550787401575
20
2.0297977952755906
11
1.0715550393700788
21
2.0297980314960631
0
LINE
8
BLACK
6
CONTINUOUS
10
1.0715550393700788
20
2.0297980314960631
11
1.0714403543307087
21
2.0307870472440945
0
LINE
8
BLACK
6
CONTINUOUS
10
1.0714403543307087
20
2.0307870472440945
11
1.0696537795275591
21
2.0348332677165355
0
LINE
8
BLACK
6
CONTINUOUS
10
1.0696537795275591
20
2.0348332677165355
11
1.0665261811023621
21
2.0379608661417321
0
LINE
8
BLACK
6
CONTINUOUS
10
1.0665261811023621
20
2.0379608661417321
11
1.0624799606299213
21
2.0397474409448817
0
LINE
8
BLACK
6
CONTINUOUS
10
1.0624799606299213
20
2.0397474409448817
11
1.0624799212598426
21
2.0397474803149604
0
LINE
8
BLACK
6
CONTINUOUS
10
1.0624799212598426
20
2.0397474803149604
11
1.0624798425196851
21
2.0397474803149604
0
LINE
8
BLACK
6
CONTINUOUS
10
1.0624798425196851
20
2.0397474803149604
11
1.0614909055118109
21
2.0398622047244093
0
LINE
8
BLACK
6
CONTINUOUS
10
1.0614909055118109
20
2.0398622047244093
11
1.0614907480314961
21
2.0398622047244093
0
LINE
8
BLACK
6
CONTINUOUS
10
1.0614907480314961
20
2.0398622047244093
11
1.0513582677165354
21
2.0398622047244093
0
LINE
8
BLACK
6
CONTINUOUS
10
1.0513582677165354
20
2.0398622047244093
11
1.0490672834645669
21
2.0406065748031494
0
LINE
8
BLACK
6
CONTINUOUS
10
1.0490672834645669
20
2.0406065748031494
11
1.0476513779527559
21
2.0425553937007872
0
LINE
8
BLACK
6
CONTINUOUS
10
1.0476513779527559
20
2.0425553937007872
11
1.0474606299212599
21
2.0437598425196848
0
LINE
8
BLACK
6
CONTINUOUS
10
1.0474606299212599
20
2.0437598425196848
11
1.0474606299212599
21
2.0523031889763779
0
LINE
8
BLACK
6
CONTINUOUS
10
1.0474606299212599
20
2.0523031889763779
11
1.0482050000000001
21
2.0545941732283466
0
LINE
8
BLACK
6
CONTINUOUS
10
1.0482050000000001
20
2.0545941732283466
11
1.0501538188976378
21
2.0560100787401576
0
LINE
8
BLACK
6
CONTINUOUS
10
1.0501538188976378
20
2.0560100787401576
11
1.0513582677165354
21
2.0562008267716534
0
LINE
8
BLACK
6
CONTINUOUS
10
1.0513582677165354
20
2.0562008267716534
11
1.0614905905511811
21
2.0562008267716534
0
LINE
8
BLACK
6
CONTINUOUS
10
1.0614905905511811
20
2.0562008267716534
11
1.0614907086614174
21
2.0562008267716534
0
LINE
8
BLACK
6
CONTINUOUS
10
1.0614907086614174
20
2.0562008267716534
11
1.0624799606299213
21
2.0563155511811022
0
LINE
8
BLACK
6
CONTINUOUS
10
1.0624799606299213
20
2.0563155511811022
11
1.0665261811023621
21
2.0581021259842518
0
LINE
8
BLACK
6
CONTINUOUS
10
1.0665261811023621
20
2.0581021259842518
11
1.0696537795275591
21
2.0612297244094488
0
LINE
8
BLACK
6
CONTINUOUS
10
1.0696537795275591
20
2.0612297244094488
11
1.0714403543307087
21
2.0652759448818898
0
LINE
8
BLACK
6
CONTINUOUS
10
1.0714403543307087
20
2.0652759448818898
11
1.0715551181102363
21
2.066265157480315
0
LINE
8
BLACK
6
CONTINUOUS
10
1.0715551181102363
20
2.066265157480315
11
1.0715550787401575
21
2.1297977952755907
0
LINE
8
BLACK
6
CONTINUOUS
10
1.0715550787401575
20
2.1297977952755907
11
1.0715550393700788
21
2.1297980314960627
0
LINE
8
BLACK
6
CONTINUOUS
10
1.0715550393700788
20
2.1297980314960627
11
1.0714403543307087
21
2.1307870472440946
0
LINE
8
BLACK
6
CONTINUOUS
10
1.0714403543307087
20
2.1307870472440946
11
1.0696537795275591
21
2.1348332677165356
0
LINE
8
BLACK
6
CONTINUOUS
10
1.0696537795275591
20
2.1348332677165356
11
1.0665261811023621
21
2.1379608661417322
0
LINE
8
BLACK
6
CONTINUOUS
10
1.0665261811023621
20
2.1379608661417322
11
1.0624799606299213
21
2.1397474409448818
0
LINE
8
BLACK
6
CONTINUOUS
10
1.0624799606299213
20
2.1397474409448818
11
1.0624799212598426
21
2.1397474803149605
0
LINE
8
BLACK
6
CONTINUOUS
10
1.0624799212598426
20
2.1397474803149605
11
1.0624798425196851
21
2.1397474803149605
0
LINE
8
BLACK
6
CONTINUOUS
10
1.0624798425196851
20
2.1397474803149605
11
1.0614908661417322
21
2.1398622047244094
0
LINE
8
BLACK
6
CONTINUOUS
10
1.0614908661417322
20
2.1398622047244094
11
0.9979582283464566
21
2.1398622047244094
0
LINE
8
BLACK
6
CONTINUOUS
10
0.9979582283464566
20
2.1398622047244094
11
0.9979581102362205
21
2.1398621653543306
0
LINE
8
BLACK
6
CONTINUOUS
10
0.9979581102362205
20
2.1398621653543306
11
0.9969688582677165
21
2.1397474803149605
0
LINE
8
BLACK
6
CONTINUOUS
10
0.9969688582677165
20
2.1397474803149605
11
0.9929226377952756
21
2.1379608661417322
0
LINE
8
BLACK
6
CONTINUOUS
10
0.9929226377952756
20
2.1379608661417322
11
0.9897950393700787
21
2.1348332677165356
0
LINE
8
BLACK
6
CONTINUOUS
10
0.9897950393700787
20
2.1348332677165356
11
0.9880084251968504
21
2.1307869685039371
0
LINE
8
BLACK
6
CONTINUOUS
10
0.9880084251968504
20
2.1307869685039371
11
0.9878937007874016
21
2.1297980314960627
0
LINE
8
BLACK
6
CONTINUOUS
10
0.9878937007874016
20
2.1297980314960627
11
0.9878937007874016
21
2.0662653543307088
0
LINE
8
BLACK
6
CONTINUOUS
10
0.9878937007874016
20
2.0662653543307088
11
0.9878937401574803
21
2.0662652362204725
0
LINE
8
BLACK
6
CONTINUOUS
10
0.9878937401574803
20
2.0662652362204725
11
0.9880084251968504
21
2.0652759842519686
0
LINE
8
BLACK
6
CONTINUOUS
10
0.9880084251968504
20
2.0652759842519686
11
0.9890061417322834
21
2.0630163385826772
0
LINE
8
BLACK
6
CONTINUOUS
10
0.9890061417322834
20
2.0630163385826772
11
0.9897950393700787
21
2.0612297244094488
0
LINE
8
BLACK
6
CONTINUOUS
10
0.9897950393700787
20
2.0612297244094488
11
0.9929226377952756
21
2.0581021259842518
0
LINE
8
BLACK
6
CONTINUOUS
10
0.9929226377952756
20
2.0581021259842518
11
0.9969688582677165
21
2.0563155511811022
0
LINE
8
BLACK
6
CONTINUOUS
10
0.9969688582677165
20
2.0563155511811022
11
0.9979580708661417
21
2.0562007874015746
0
LINE
8
BLACK
6
CONTINUOUS
10
0.9979580708661417
20
2.0562007874015746
11
1.0080905511811022
21
2.0562008267716534
0
LINE
8
BLACK
6
CONTINUOUS
10
1.0080905511811022
20
2.0562008267716534
11
1.0103814960629922
21
2.0554564566929132
0
LINE
8
BLACK
6
CONTINUOUS
10
1.0103814960629922
20
2.0554564566929132
11
1.011797401574803
21
2.0535076377952755
0
LINE
8
BLACK
6
CONTINUOUS
10
1.011797401574803
20
2.0535076377952755
11
1.011988188976378
21
2.0523031889763779
0
LINE
8
BLACK
6
CONTINUOUS
10
1.011988188976378
20
2.0523031889763779
11
1.011988188976378
21
2.0437598425196848
0
LINE
8
BLACK
6
CONTINUOUS
10
1.011988188976378
20
2.0437598425196848
11
1.0112438188976378
21
2.0414688582677165
0
LINE
8
BLACK
6
CONTINUOUS
10
1.0112438188976378
20
2.0414688582677165
11
1.0092950000000001
21
2.0400529527559055
0
LINE
8
BLACK
6
CONTINUOUS
10
1.0092950000000001
20
2.0400529527559055
11
1.0080905511811022
21
2.0398622047244093
0
LINE
8
BLACK
6
CONTINUOUS
10
1.0080905511811022
20
2.0398622047244093
11
0.9979582677165354
21
2.0398622047244093
0
LINE
8
BLACK
6
CONTINUOUS
10
0.9979582677165354
20
2.0398622047244093
11
0.9979580708661417
21
2.0398621653543305
0
LINE
8
BLACK
6
CONTINUOUS
10
0.9979580708661417
20
2.0398621653543305
11
0.9969688582677165
21
2.0397474803149604
0
LINE
8
BLACK
6
CONTINUOUS
10
0.9969688582677165
20
2.0397474803149604
11
0.9929226377952756
21
2.0379608661417321
0
LINE
8
BLACK
6
CONTINUOUS
10
0.9929226377952756
20
2.0379608661417321
11
0.9897950393700787
21
2.0348332677165355
0
LINE
8
BLACK
6
CONTINUOUS
10
0.9897950393700787
20
2.0348332677165355
11
0.9880084251968504
21
2.030786968503937
0
LINE
8
BLACK
6
CONTINUOUS
10
0.9880084251968504
20
2.030786968503937
11
0.9878937007874016
21
2.0297980314960631
0
LINE
8
BLACK
6
CONTINUOUS
10
0.9878937007874016
20
2.0297980314960631
11
0.9878937007874016
21
1.9662653543307087
0
LINE
8
BLACK
6
CONTINUOUS
10
0.9878937007874016
20
1.9662653543307087
11
0.9878937401574803
21
1.9662652362204724
0
LINE
8
BLACK
6
CONTINUOUS
10
0.9878937401574803
20
1.9662652362204724
11
0.9880084251968504
21
1.9652759842519685
0
LINE
8
BLACK
6
CONTINUOUS
10
0.9880084251968504
20
1.9652759842519685
11
0.9890061417322834
21
1.9630163385826771
0
LINE
8
BLACK
6
CONTINUOUS
10
0.9890061417322834
20
1.9630163385826771
11
0.9897950393700787
21
1.9612297244094488
0
LINE
8
BLACK
6
CONTINUOUS
10
0.9897950393700787
20
1.9612297244094488
11
0.9929226377952756
21
1.9581021259842519
0
LINE
8
BLACK
6
CONTINUOUS
10
0.9929226377952756
20
1.9581021259842519
11
0.9969688582677165
21
1.9563155511811023
0
LINE
8
BLACK
6
CONTINUOUS
10
0.9969688582677165
20
1.9563155511811023
11
0.9979580708661417
21
1.9562007874015748
0
LINE
8
BLACK
6
CONTINUOUS
10
0.9979580708661417
20
1.9562007874015748
11
1.0080905511811022
21
1.9562008267716535
0
LINE
8
BLACK
6
CONTINUOUS
10
1.0080905511811022
20
1.9562008267716535
11
1.0103814960629922
21
1.9554564566929133
0
LINE
8
BLACK
6
CONTINUOUS
10
1.0103814960629922
20
1.9554564566929133
11
1.011797401574803
21
1.9535076377952756
0
LINE
8
BLACK
6
CONTINUOUS
10
1.011797401574803
20
1.9535076377952756
11
1.011988188976378
21
1.952303188976378
0
LINE
8
BLACK
6
CONTINUOUS
10
1.011988188976378
20
1.952303188976378
11
1.011988188976378
21
1.9295866141732283
0
LINE
8
BLACK
6
CONTINUOUS
10
1.011988188976378
20
1.9295866141732283
11
1.0112438188976378
21
1.9272956299212598
0
LINE
8
BLACK
6
CONTINUOUS
10
1.0112438188976378
20
1.9272956299212598
11
1.0092950000000001
21
1.9258797244094488
0
LINE
8
BLACK
6
CONTINUOUS
10
1.0092950000000001
20
1.9258797244094488
11
1.0080905511811022
21
1.9256889763779528
0
LINE
8
BLACK
6
CONTINUOUS
10
1.0080905511811022
20
1.9256889763779528
11
0.944808622047244
21
1.9256889763779528
0
LINE
8
BLACK
6
CONTINUOUS
10
0.944808622047244
20
1.9256889763779528
11
0.9448085039370079
21
1.925688937007874
0
LINE
8
BLACK
6
CONTINUOUS
10
0.9448085039370079
20
1.925688937007874
11
0.9438192519685039
21
1.925574251968504
0
LINE
8
BLACK
6
CONTINUOUS
10
0.9438192519685039
20
1.925574251968504
11
0.9397730314960629
21
1.9237876377952756
0
LINE
8
BLACK
6
CONTINUOUS
10
0.9397730314960629
20
1.9237876377952756
11
0.9366454330708661
21
1.9206600393700788
0
LINE
8
BLACK
6
CONTINUOUS
10
0.9366454330708661
20
1.9206600393700788
11
0.9348588188976378
21
1.9166137401574803
0
LINE
8
BLACK
6
CONTINUOUS
10
0.9348588188976378
20
1.9166137401574803
11
0.934744094488189
21
1.9156248031496061
0
LINE
8
BLACK
6
CONTINUOUS
10
0.934744094488189
20
1.9156248031496061
11
0.934744094488189
21
1.852092125984252
0
LINE
8
BLACK
6
CONTINUOUS
10
0.2928149606299212
20
1.2477614173228346
11
0.292815
21
1.2477612992125984
0
LINE
8
BLACK
6
CONTINUOUS
10
0.292815
20
1.2477612992125984
11
0.2929296850393701
21
1.2467720472440944
0
LINE
8
BLACK
6
CONTINUOUS
10
0.2929296850393701
20
1.2467720472440944
11
0.2939274015748031
21
1.244512401574803
0
LINE
8
BLACK
6
CONTINUOUS
10
0.2939274015748031
20
1.244512401574803
11
0.2947162992125984
21
1.2427257874015747
0
LINE
8
BLACK
6
CONTINUOUS
10
0.2947162992125984
20
1.2427257874015747
11
0.2978438976377953
21
1.2395981889763779
0
LINE
8
BLACK
6
CONTINUOUS
10
0.2978438976377953
20
1.2395981889763779
11
0.3018901181102362
21
1.2378116141732283
0
LINE
8
BLACK
6
CONTINUOUS
10
0.3018901181102362
20
1.2378116141732283
11
0.3028793307086614
21
1.2376968503937007
0
LINE
8
BLACK
6
CONTINUOUS
10
0.3028793307086614
20
1.2376968503937007
11
0.366411968503937
21
1.2376968897637795
0
LINE
8
BLACK
6
CONTINUOUS
10
0.366411968503937
20
1.2376968897637795
11
0.3674012204724409
21
1.2378116141732283
0
LINE
8
BLACK
6
CONTINUOUS
10
0.3674012204724409
20
1.2378116141732283
11
0.3714474409448819
21
1.2395981889763779
0
LINE
8
BLACK
6
CONTINUOUS
10
0.3714474409448819
20
1.2395981889763779
11
0.3745750393700787
21
1.2427257874015747
0
LINE
8
BLACK
6
CONTINUOUS
10
0.3745750393700787
20
1.2427257874015747
11
0.3763616141732283
21
1.2467720078740157
0
LINE
8
BLACK
6
CONTINUOUS
10
0.3763616141732283
20
1.2467720078740157
11
0.3764763779527559
21
1.2477612204724409
0
LINE
8
BLACK
6
CONTINUOUS
10
0.3764763779527559
20
1.2477612204724409
11
0.3764763385826772
21
1.3112938582677165
0
LINE
8
BLACK
6
CONTINUOUS
10
0.3764763385826772
20
1.3112938582677165
11
0.3764762992125984
21
1.311294094488189
0
LINE
8
BLACK
6
CONTINUOUS
10
0.3764762992125984
20
1.311294094488189
11
0.3763616141732283
21
1.3122831102362205
0
LINE
8
BLACK
6
CONTINUOUS
10
0.3763616141732283
20
1.3122831102362205
11
0.3745750393700787
21
1.3163293307086614
0
LINE
8
BLACK
6
CONTINUOUS
10
0.3745750393700787
20
1.3163293307086614
11
0.3714474409448819
21
1.3194569291338583
0
LINE
8
BLACK
6
CONTINUOUS
10
0.3714474409448819
20
1.3194569291338583
11
0.3674012204724409
21
1.3212435039370078
0
LINE
8
BLACK
6
CONTINUOUS
10
0.3674012204724409
20
1.3212435039370078
11
0.3674011811023622
21
1.3212435433070866
0
LINE
8
BLACK
6
CONTINUOUS
10
0.3674011811023622
20
1.3212435433070866
11
0.3674011023622047
21
1.3212435433070866
0
LINE
8
BLACK
6
CONTINUOUS
10
0.3674011023622047
20
1.3212435433070866
11
0.3664121259842519
21
1.3213582677165354
0
LINE
8
BLACK
6
CONTINUOUS
10
0.3664121259842519
20
1.3213582677165354
11
0.3028794881889764
21
1.3213582677165354
0
LINE
8
BLACK
6
CONTINUOUS
10
0.3028794881889764
20
1.3213582677165354
11
0.3028793700787402
21
1.3213582283464567
0
LINE
8
BLACK
6
CONTINUOUS
10
0.3028793700787402
20
1.3213582283464567
11
0.3018901181102362
21
1.3212435433070866
0
LINE
8
BLACK
6
CONTINUOUS
10
0.3018901181102362
20
1.3212435433070866
11
0.2978438976377953
21
1.3194569291338583
0
LINE
8
BLACK
6
CONTINUOUS
10
0.2978438976377953
20
1.3194569291338583
11
0.2947162992125984
21
1.3163293307086614
0
LINE
8
BLACK
6
CONTINUOUS
10
0.2947162992125984
20
1.3163293307086614
11
0.2929296850393701
21
1.312283031496063
0
LINE
8
BLACK
6
CONTINUOUS
10
0.2929296850393701
20
1.312283031496063
11
0.2928149606299212
21
1.311294094488189
0
LINE
8
BLACK
6
CONTINUOUS
10
0.2928149606299212
20
1.311294094488189
11
0.2928149606299212
21
1.2477614173228346
0
LINE
8
BLACK
6
CONTINUOUS
10
0.3928149606299213
20
1.2477614173228346
11
0.392815
21
1.2477612992125984
0
LINE
8
BLACK
6
CONTINUOUS
10
0.392815
20
1.2477612992125984
11
0.3929296850393701
21
1.2467720472440944
0
LINE
8
BLACK
6
CONTINUOUS
10
0.3929296850393701
20
1.2467720472440944
11
0.3939274015748032
21
1.244512401574803
0
LINE
8
BLACK
6
CONTINUOUS
10
0.3939274015748032
20
1.244512401574803
11
0.3947162992125984
21
1.2427257874015747
0
LINE
8
BLACK
6
CONTINUOUS
10
0.3947162992125984
20
1.2427257874015747
11
0.3978438976377953
21
1.2395981889763779
0
LINE
8
BLACK
6
CONTINUOUS
10
0.3978438976377953
20
1.2395981889763779
11
0.4018901181102362
21
1.2378116141732283
0
LINE
8
BLACK
6
CONTINUOUS
10
0.4018901181102362
20
1.2378116141732283
11
0.4028793307086614
21
1.2376968503937007
0
LINE
8
BLACK
6
CONTINUOUS
10
0.4028793307086614
20
1.2376968503937007
11
0.466411968503937
21
1.2376968897637795
0
LINE
8
BLACK
6
CONTINUOUS
10
0.466411968503937
20
1.2376968897637795
11
0.4674012204724409
21
1.2378116141732283
0
LINE
8
BLACK
6
CONTINUOUS
10
0.4674012204724409
20
1.2378116141732283
11
0.4714474409448819
21
1.2395981889763779
0
LINE
8
BLACK
6
CONTINUOUS
10
0.4714474409448819
20
1.2395981889763779
11
0.4745750393700787
21
1.2427257874015747
0
LINE
8
BLACK
6
CONTINUOUS
10
0.4745750393700787
20
1.2427257874015747
11
0.4763616141732283
21
1.2467720078740157
0
LINE
8
BLACK
6
CONTINUOUS
10
0.4763616141732283
20
1.2467720078740157
11
0.4764763779527559
21
1.2477612204724409
0
LINE
8
BLACK
6
CONTINUOUS
10
0.4764763779527559
20
1.2477612204724409
11
0.4764763385826771
21
1.3112938582677165
0
LINE
8
BLACK
6
CONTINUOUS
10
0.4764763385826771
20
1.3112938582677165
11
0.4763616141732283
21
1.3122831102362205
0
LINE
8
BLACK
6
CONTINUOUS
10
0.4763616141732283
20
1.3122831102362205
11
0.4745750393700787
21
1.3163293307086614
0
LINE
8
BLACK
6
CONTINUOUS
10
0.4745750393700787
20
1.3163293307086614
11
0.4714474409448819
21
1.3194569291338583
0
LINE
8
BLACK
6
CONTINUOUS
10
0.4714474409448819
20
1.3194569291338583
11
0.4674012204724409
21
1.3212435039370078
0
LINE
8
BLACK
6
CONTINUOUS
10
0.4674012204724409
20
1.3212435039370078
11
0.4674011811023622
21
1.3212435433070866
0
LINE
8
BLACK
6
CONTINUOUS
10
0.4674011811023622
20
1.3212435433070866
11
0.4674011023622047
21
1.3212435433070866
0
LINE
8
BLACK
6
CONTINUOUS
10
0.4674011023622047
20
1.3212435433070866
11
0.466412125984252
21
1.3213582677165354
0
LINE
8
BLACK
6
CONTINUOUS
10
0.466412125984252
20
1.3213582677165354
11
0.4028794881889763
21
1.3213582677165354
0
LINE
8
BLACK
6
CONTINUOUS
10
0.4028794881889763
20
1.3213582677165354
11
0.4028793700787401
21
1.3213582283464567
0
LINE
8
BLACK
6
CONTINUOUS
10
0.4028793700787401
20
1.3213582283464567
11
0.4018901181102362
21
1.3212435433070866
0
LINE
8
BLACK
6
CONTINUOUS
10
0.4018901181102362
20
1.3212435433070866
11
0.3978438976377953
21
1.3194569291338583
0
LINE
8
BLACK
6
CONTINUOUS
10
0.3978438976377953
20
1.3194569291338583
11
0.3947162992125984
21
1.3163293307086614
0
LINE
8
BLACK
6
CONTINUOUS
10
0.3947162992125984
20
1.3163293307086614
11
0.3929296850393701
21
1.312283031496063
0
LINE
8
BLACK
6
CONTINUOUS
10
0.3929296850393701
20
1.312283031496063
11
0.3928149606299213
21
1.311294094488189
0
LINE
8
BLACK
6
CONTINUOUS
10
0.3928149606299213
20
1.311294094488189
11
0.3928149606299213
21
1.2477614173228346
0
LINE
8
BLACK
6
CONTINUOUS
10
1.9250984251968504
20
1.249336220472441
11
1.9250984645669291
21
1.2493361023622047
0
LINE
8
BLACK
6
CONTINUOUS
10
1.9250984645669291
20
1.2493361023622047
11
1.9252131496062992
21
1.2483468503937007
0
LINE
8
BLACK
6
CONTINUOUS
10
1.9252131496062992
20
1.2483468503937007
11
1.9262108661417323
21
1.2460872047244094
0
LINE
8
BLACK
6
CONTINUOUS
10
1.9262108661417323
20
1.2460872047244094
11
1.9269997637795275
21
1.244300590551181
0
LINE
8
BLACK
6
CONTINUOUS
10
1.9269997637795275
20
1.244300590551181
11
1.9301273622047244
21
1.2411729921259842
0
LINE
8
BLACK
6
CONTINUOUS
10
1.9301273622047244
20
1.2411729921259842
11
1.9341735826771653
21
1.2393864173228346
0
LINE
8
BLACK
6
CONTINUOUS
10
1.9341735826771653
20
1.2393864173228346
11
1.9351627952755905
21
1.239271653543307
0
LINE
8
BLACK
6
CONTINUOUS
10
1.9351627952755905
20
1.239271653543307
11
1.9986954330708662
21
1.2392716929133858
0
LINE
8
BLACK
6
CONTINUOUS
10
1.9986954330708662
20
1.2392716929133858
11
1.9996846850393701
21
1.2393864173228346
0
LINE
8
BLACK
6
CONTINUOUS
10
1.9996846850393701
20
1.2393864173228346
11
2.0037309055118109
21
1.2411729921259842
0
LINE
8
BLACK
6
CONTINUOUS
10
2.0037309055118109
20
1.2411729921259842
11
2.0068585039370079
21
1.244300590551181
0
LINE
8
BLACK
6
CONTINUOUS
10
2.0068585039370079
20
1.244300590551181
11
2.0086450787401575
21
1.248346811023622
0
LINE
8
BLACK
6
CONTINUOUS
10
2.0086450787401575
20
1.248346811023622
11
2.0087598425196851
21
1.2493360236220472
0
LINE
8
BLACK
6
CONTINUOUS
10
2.0087598425196851
20
1.2493360236220472
11
2.0087598031496063
21
1.3128686614173228
0
LINE
8
BLACK
6
CONTINUOUS
10
2.0087598031496063
20
1.3128686614173228
11
2.0087597637795276
21
1.3128688976377954
0
LINE
8
BLACK
6
CONTINUOUS
10
2.0087597637795276
20
1.3128688976377954
11
2.0086450787401575
21
1.3138579133858268
0
LINE
8
BLACK
6
CONTINUOUS
10
2.0086450787401575
20
1.3138579133858268
11
2.0068585039370079
21
1.3179041338582678
0
LINE
8
BLACK
6
CONTINUOUS
10
2.0068585039370079
20
1.3179041338582678
11
2.0037309055118109
21
1.3210317322834646
0
LINE
8
BLACK
6
CONTINUOUS
10
2.0037309055118109
20
1.3210317322834646
11
1.9996846850393701
21
1.3228183070866142
0
LINE
8
BLACK
6
CONTINUOUS
10
1.9996846850393701
20
1.3228183070866142
11
1.9996846456692914
21
1.3228183464566929
0
LINE
8
BLACK
6
CONTINUOUS
10
1.9996846456692914
20
1.3228183464566929
11
1.9996845669291339
21
1.3228183464566929
0
LINE
8
BLACK
6
CONTINUOUS
10
1.9996845669291339
20
1.3228183464566929
11
1.998695590551181
21
1.3229330708661418
0
LINE
8
BLACK
6
CONTINUOUS
10
1.998695590551181
20
1.3229330708661418
11
1.9351629527559056
21
1.3229330708661418
0
LINE
8
BLACK
6
CONTINUOUS
10
1.9351629527559056
20
1.3229330708661418
11
1.9351628346456693
21
1.322933031496063
0
LINE
8
BLACK
6
CONTINUOUS
10
1.9351628346456693
20
1.322933031496063
11
1.9341735826771653
21
1.3228183464566929
0
LINE
8
BLACK
6
CONTINUOUS
10
1.9341735826771653
20
1.3228183464566929
11
1.9301273622047244
21
1.3210317322834646
0
LINE
8
BLACK
6
CONTINUOUS
10
1.9301273622047244
20
1.3210317322834646
11
1.9269997637795275
21
1.3179041338582678
0
LINE
8
BLACK
6
CONTINUOUS
10
1.9269997637795275
20
1.3179041338582678
11
1.9252131496062992
21
1.3138578346456693
0
LINE
8
BLACK
6
CONTINUOUS
10
1.9252131496062992
20
1.3138578346456693
11
1.9250984251968504
21
1.3128688976377954
0
LINE
8
BLACK
6
CONTINUOUS
10
1.9250984251968504
20
1.3128688976377954
11
1.9250984251968504
21
1.249336220472441
0
LINE
8
BLACK
6
CONTINUOUS
10
2.0250984251968505
20
1.249336220472441
11
2.0250984645669292
21
1.2493361023622047
0
LINE
8
BLACK
6
CONTINUOUS
10
2.0250984645669292
20
1.2493361023622047
11
2.0252131496062993
21
1.2483468503937007
0
LINE
8
BLACK
6
CONTINUOUS
10
2.0252131496062993
20
1.2483468503937007
11
2.0262108661417324
21
1.2460872047244094
0
LINE
8
BLACK
6
CONTINUOUS
10
2.0262108661417324
20
1.2460872047244094
11
2.0269997637795276
21
1.244300590551181
0
LINE
8
BLACK
6
CONTINUOUS
10
2.0269997637795276
20
1.244300590551181
11
2.0301273622047242
21
1.2411729921259842
0
LINE
8
BLACK
6
CONTINUOUS
10
2.0301273622047242
20
1.2411729921259842
11
2.0341735826771652
21
1.2393864173228346
0
LINE
8
BLACK
6
CONTINUOUS
10
2.0341735826771652
20
1.2393864173228346
11
2.0351627952755904
21
1.239271653543307
0
LINE
8
BLACK
6
CONTINUOUS
10
2.0351627952755904
20
1.239271653543307
11
2.098695433070866
21
1.2392716929133858
0
LINE
8
BLACK
6
CONTINUOUS
10
2.098695433070866
20
1.2392716929133858
11
2.09968468503937
21
1.2393864173228346
0
LINE
8
BLACK
6
CONTINUOUS
10
2.09968468503937
20
1.2393864173228346
11
2.103730905511811
21
1.2411729921259842
0
LINE
8
BLACK
6
CONTINUOUS
10
2.103730905511811
20
1.2411729921259842
11
2.106858503937008
21
1.244300590551181
0
LINE
8
BLACK
6
CONTINUOUS
10
2.106858503937008
20
1.244300590551181
11
2.1086450787401576
21
1.248346811023622
0
LINE
8
BLACK
6
CONTINUOUS
10
2.1086450787401576
20
1.248346811023622
11
2.1087598425196852
21
1.2493360236220472
0
LINE
8
BLACK
6
CONTINUOUS
10
2.1087598425196852
20
1.2493360236220472
11
2.1087598031496064
21
1.3128686614173228
0
LINE
8
BLACK
6
CONTINUOUS
10
2.1087598031496064
20
1.3128686614173228
11
2.1086450787401576
21
1.3138579133858268
0
LINE
8
BLACK
6
CONTINUOUS
10
2.1086450787401576
20
1.3138579133858268
11
2.106858503937008
21
1.3179041338582678
0
LINE
8
BLACK
6
CONTINUOUS
10
2.106858503937008
20
1.3179041338582678
11
2.103730905511811
21
1.3210317322834646
0
LINE
8
BLACK
6
CONTINUOUS
10
2.103730905511811
20
1.3210317322834646
11
2.09968468503937
21
1.3228183070866142
0
LINE
8
BLACK
6
CONTINUOUS
10
2.09968468503937
20
1.3228183070866142
11
2.0996846456692912
21
1.3228183464566929
0
LINE
8
BLACK
6
CONTINUOUS
10
2.0996846456692912
20
1.3228183464566929
11
2.0996845669291337
21
1.3228183464566929
0
LINE
8
BLACK
6
CONTINUOUS
10
2.0996845669291337
20
1.3228183464566929
11
2.098695590551181
21
1.3229330708661418
0
LINE
8
BLACK
6
CONTINUOUS
10
2.098695590551181
20
1.3229330708661418
11
2.0351629527559054
21
1.3229330708661418
0
LINE
8
BLACK
6
CONTINUOUS
10
2.0351629527559054
20
1.3229330708661418
11
2.0351628346456692
21
1.322933031496063
0
LINE
8
BLACK
6
CONTINUOUS
10
2.0351628346456692
20
1.322933031496063
11
2.0341735826771652
21
1.3228183464566929
0
LINE
8
BLACK
6
CONTINUOUS
10
2.0341735826771652
20
1.3228183464566929
11
2.0301273622047242
21
1.3210317322834646
0
LINE
8
BLACK
6
CONTINUOUS
10
2.0301273622047242
20
1.3210317322834646
11
2.0269997637795276
21
1.3179041338582678
0
LINE
8
BLACK
6
CONTINUOUS
10
2.0269997637795276
20
1.3179041338582678
11
2.0252131496062993
21
1.3138578346456693
0
LINE
8
BLACK
6
CONTINUOUS
10
2.0252131496062993
20
1.3138578346456693
11
2.0250984251968505
21
1.3128688976377954
0
LINE
8
BLACK
6
CONTINUOUS
10
2.0250984251968505
20
1.3128688976377954
11
2.0250984251968505
21
1.249336220472441
0
LINE
8
BLACK
6
CONTINUOUS
10
1.3593456692913386
20
1.3054505118110236
11
1.3609568110236221
21
1.2994376377952757
0
LINE
8
BLACK
6
CONTINUOUS
10
1.3609568110236221
20
1.2994376377952757
11
1.3640692913385826
21
1.2940466141732283
0
LINE
8
BLACK
6
CONTINUOUS
10
1.3640692913385826
20
1.2940466141732283
11
1.3684710236220472
21
1.2896448818897637
0
LINE
8
BLACK
6
CONTINUOUS
10
1.3684710236220472
20
1.2896448818897637
11
1.3738620472440946
21
1.2865324015748032
0
LINE
8
BLACK
6
CONTINUOUS
10
1.3738620472440946
20
1.2865324015748032
11
1.3798749212598425
21
1.2849212598425197
0
LINE
8
BLACK
6
CONTINUOUS
10
1.3798749212598425
20
1.2849212598425197
11
1.379875
21
1.2849212598425197
0
LINE
8
BLACK
6
CONTINUOUS
10
1.379875
20
1.2849212598425197
11
1.3860998031496063
21
1.2849212598425197
0
LINE
8
BLACK
6
CONTINUOUS
10
1.3860998031496063
20
1.2849212598425197
11
1.3860998818897639
21
1.2849212598425197
0
LINE
8
BLACK
6
CONTINUOUS
10
1.3860998818897639
20
1.2849212598425197
11
1.3921127559055118
21
1.2865324015748032
0
LINE
8
BLACK
6
CONTINUOUS
10
1.3921127559055118
20
1.2865324015748032
11
1.3975037795275591
21
1.2896448818897637
0
LINE
8
BLACK
6
CONTINUOUS
10
1.3975037795275591
20
1.2896448818897637
11
1.3975441338582677
21
1.2896852755905512
0
LINE
8
BLACK
6
CONTINUOUS
10
1.3975441338582677
20
1.2896852755905512
11
1.3975806299212599
21
1.2897038582677165
0
LINE
8
BLACK
6
CONTINUOUS
10
1.3975806299212599
20
1.2897038582677165
11
1.3977065354330709
21
1.2898004330708661
0
LINE
8
BLACK
6
CONTINUOUS
10
1.3977065354330709
20
1.2898004330708661
11
1.3977244094488188
21
1.2897771259842519
0
LINE
8
BLACK
6
CONTINUOUS
10
1.3977244094488188
20
1.2897771259842519
11
1.3996903937007874
21
1.2907787795275589
0
LINE
8
BLACK
6
CONTINUOUS
10
1.3996903937007874
20
1.2907787795275589
11
1.4003001181102361
21
1.2908267716535433
0
LINE
8
BLACK
6
CONTINUOUS
10
1.4003001181102361
20
1.2908267716535433
11
1.4201499606299213
21
1.2908267716535433
0
LINE
8
BLACK
6
CONTINUOUS
10
1.4201499606299213
20
1.2908267716535433
11
1.4237074409448818
21
1.2917800393700787
0
LINE
8
BLACK
6
CONTINUOUS
10
1.4237074409448818
20
1.2917800393700787
11
1.423707559055118
21
1.2917800393700787
0
LINE
8
BLACK
6
CONTINUOUS
10
1.423707559055118
20
1.2917800393700787
11
1.4242284645669292
21
1.2919196456692914
0
LINE
8
BLACK
6
CONTINUOUS
10
1.4242284645669292
20
1.2919196456692914
11
1.4246609055118109
21
1.2920354724409449
0
LINE
8
BLACK
6
CONTINUOUS
10
1.4246609055118109
20
1.2920354724409449
11
1.4287052755905512
21
1.2943705118110236
0
LINE
8
BLACK
6
CONTINUOUS
10
1.4287052755905512
20
1.2943705118110236
11
1.4472036614173227
21
1.3128688976377954
0
LINE
8
BLACK
6
CONTINUOUS
10
1.4472036614173227
20
1.3128688976377954
11
1.5472036614173228
21
1.4128688976377952
0
LINE
8
BLACK
6
CONTINUOUS
10
1.5472036614173228
20
1.4128688976377952
11
1.603365748031496
21
1.4690309842519684
0
LINE
8
BLACK
6
CONTINUOUS
10
1.603365748031496
20
1.4690309842519684
11
1.605700748031496
21
1.4730753543307087
0
LINE
8
BLACK
6
CONTINUOUS
10
1.605700748031496
20
1.4730753543307087
11
1.6063049212598426
21
1.4753301968503936
0
LINE
8
BLACK
6
CONTINUOUS
10
1.6063049212598426
20
1.4753301968503936
11
1.6069094488188975
21
1.4775862598425196
0
LINE
8
BLACK
6
CONTINUOUS
10
1.6069094488188975
20
1.4775862598425196
11
1.6069094488188975
21
1.4926575196850393
0
LINE
8
BLACK
6
CONTINUOUS
10
1.6069094488188975
20
1.4926575196850393
11
1.6076538188976377
21
1.4949485039370078
0
LINE
8
BLACK
6
CONTINUOUS
10
1.6076538188976377
20
1.4949485039370078
11
1.6096026377952755
21
1.4963644094488189
0
LINE
8
BLACK
6
CONTINUOUS
10
1.6096026377952755
20
1.4963644094488189
11
1.6108070866141733
21
1.4965551574803149
0
LINE
8
BLACK
6
CONTINUOUS
10
1.6108070866141733
20
1.4965551574803149
11
1.613459094488189
21
1.4965551574803149
0
LINE
8
BLACK
6
CONTINUOUS
10
1.613459094488189
20
1.4965551574803149
11
1.6134592125984251
21
1.4965551574803149
0
LINE
8
BLACK
6
CONTINUOUS
10
1.6134592125984251
20
1.4965551574803149
11
1.614448464566929
21
1.4966698818897637
0
LINE
8
BLACK
6
CONTINUOUS
10
1.614448464566929
20
1.4966698818897637
11
1.61849468503937
21
1.4984564566929133
0
LINE
8
BLACK
6
CONTINUOUS
10
1.61849468503937
20
1.4984564566929133
11
1.6216222834645668
21
1.5015840551181101
0
LINE
8
BLACK
6
CONTINUOUS
10
1.6216222834645668
20
1.5015840551181101
11
1.6234088582677164
21
1.5056302755905511
0
LINE
8
BLACK
6
CONTINUOUS
10
1.6234088582677164
20
1.5056302755905511
11
1.623523622047244
21
1.5066194881889763
0
LINE
8
BLACK
6
CONTINUOUS
10
1.623523622047244
20
1.5066194881889763
11
1.623523622047244
21
1.5128688976377953
0
LINE
8
BLACK
6
CONTINUOUS
10
1.623523622047244
20
1.5128688976377953
11
1.6235235826771652
21
1.5392716535433071
0
LINE
8
BLACK
6
CONTINUOUS
10
1.6235235826771652
20
1.5392716535433071
11
1.6235235826771652
21
1.5701520078740157
0
LINE
8
BLACK
6
CONTINUOUS
10
1.6235235826771652
20
1.5701520078740157
11
1.6235235826771652
21
1.5701521259842519
0
LINE
8
BLACK
6
CONTINUOUS
10
1.6235235826771652
20
1.5701521259842519
11
1.6234088582677164
21
1.5711413779527559
0
LINE
8
BLACK
6
CONTINUOUS
10
1.6234088582677164
20
1.5711413779527559
11
1.6216222834645668
21
1.5751875984251968
0
LINE
8
BLACK
6
CONTINUOUS
10
1.6216222834645668
20
1.5751875984251968
11
1.61849468503937
21
1.5783151968503937
0
LINE
8
BLACK
6
CONTINUOUS
10
1.61849468503937
20
1.5783151968503937
11
1.614448464566929
21
1.5801017716535433
0
LINE
8
BLACK
6
CONTINUOUS
10
1.614448464566929
20
1.5801017716535433
11
1.6144484251968503
21
1.580101811023622
0
LINE
8
BLACK
6
CONTINUOUS
10
1.6144484251968503
20
1.580101811023622
11
1.6144483464566928
21
1.580101811023622
0
LINE
8
BLACK
6
CONTINUOUS
10
1.6144483464566928
20
1.580101811023622
11
1.6134593700787401
21
1.5802165354330708
0
LINE
8
BLACK
6
CONTINUOUS
10
1.6134593700787401
20
1.5802165354330708
11
1.5499267322834644
21
1.5802165354330708
0
LINE
8
BLACK
6
CONTINUOUS
10
1.5499267322834644
20
1.5802165354330708
11
1.5499266141732284
21
1.5802164960629921
0
LINE
8
BLACK
6
CONTINUOUS
10
1.5499266141732284
20
1.5802164960629921
11
1.5489373622047244
21
1.580101811023622
0
LINE
8
BLACK
6
CONTINUOUS
10
1.5489373622047244
20
1.580101811023622
11
1.5448911417322835
21
1.5783151968503937
0
LINE
8
BLACK
6
CONTINUOUS
10
1.5448911417322835
20
1.5783151968503937
11
1.5417635433070866
21
1.5751875984251968
0
LINE
8
BLACK
6
CONTINUOUS
10
1.5417635433070866
20
1.5751875984251968
11
1.5399769291338583
21
1.5711412992125984
0
LINE
8
BLACK
6
CONTINUOUS
10
1.5399769291338583
20
1.5711412992125984
11
1.5398622047244095
21
1.5701523622047244
0
LINE
8
BLACK
6
CONTINUOUS
10
1.5398622047244095
20
1.5701523622047244
11
1.5398622047244095
21
1.50661968503937
0
LINE
8
BLACK
6
CONTINUOUS
10
1.5398622047244095
20
1.50661968503937
11
1.5398622440944882
21
1.5066195669291338
0
LINE
8
BLACK
6
CONTINUOUS
10
1.5398622440944882
20
1.5066195669291338
11
1.5399769291338583
21
1.5056303149606298
0
LINE
8
BLACK
6
CONTINUOUS
10
1.5399769291338583
20
1.5056303149606298
11
1.5401841338582676
21
1.5051610629921259
0
LINE
8
BLACK
6
CONTINUOUS
10
1.5401841338582676
20
1.5051610629921259
11
1.5417635433070866
21
1.5015840551181101
0
LINE
8
BLACK
6
CONTINUOUS
10
1.5417635433070866
20
1.5015840551181101
11
1.5448911417322835
21
1.4984564566929133
0
LINE
8
BLACK
6
CONTINUOUS
10
1.5448911417322835
20
1.4984564566929133
11
1.5489373622047244
21
1.4966698818897637
0
LINE
8
BLACK
6
CONTINUOUS
10
1.5489373622047244
20
1.4966698818897637
11
1.5499265748031497
21
1.4965551181102361
0
LINE
8
BLACK
6
CONTINUOUS
10
1.5499265748031497
20
1.4965551181102361
11
1.5675393700787401
21
1.4965551574803149
0
LINE
8
BLACK
6
CONTINUOUS
10
1.5675393700787401
20
1.4965551574803149
11
1.5681264566929134
21
1.4963644094488189
0
LINE
8
BLACK
6
CONTINUOUS
10
1.5681264566929134
20
1.4963644094488189
11
1.5687438188976377
21
1.4963644094488189
0
LINE
8
BLACK
6
CONTINUOUS
10
1.5687438188976377
20
1.4963644094488189
11
1.5692432283464566
21
1.4960015748031497
0
LINE
8
BLACK
6
CONTINUOUS
10
1.5692432283464566
20
1.4960015748031497
11
1.5698303543307086
21
1.4958107874015747
0
LINE
8
BLACK
6
CONTINUOUS
10
1.5698303543307086
20
1.4958107874015747
11
1.5701931889763778
21
1.4953113779527558
0
LINE
8
BLACK
6
CONTINUOUS
10
1.5701931889763778
20
1.4953113779527558
11
1.5706926377952755
21
1.4949485039370078
0
LINE
8
BLACK
6
CONTINUOUS
10
1.5706926377952755
20
1.4949485039370078
11
1.5708833858267717
21
1.4943614173228346
0
LINE
8
BLACK
6
CONTINUOUS
10
1.5708833858267717
20
1.4943614173228346
11
1.5712462598425196
21
1.4938619685039369
0
LINE
8
BLACK
6
CONTINUOUS
10
1.5712462598425196
20
1.4938619685039369
11
1.5714370078740156
21
1.4926575196850393
0
LINE
8
BLACK
6
CONTINUOUS
10
1.5714370078740156
20
1.4926575196850393
11
1.5714370078740156
21
1.4888823228346457
0
LINE
8
BLACK
6
CONTINUOUS
10
1.5714370078740156
20
1.4888823228346457
11
1.5706926377952755
21
1.4865913385826772
0
LINE
8
BLACK
6
CONTINUOUS
10
1.5706926377952755
20
1.4865913385826772
11
1.5702954330708661
21
1.4861262598425196
0
LINE
8
BLACK
6
CONTINUOUS
10
1.5702954330708661
20
1.4861262598425196
11
1.4116099606299213
21
1.3274407874015748
0
LINE
8
BLACK
6
CONTINUOUS
10
1.4116099606299213
20
1.3274407874015748
11
1.4094636220472441
21
1.3263472047244094
0
LINE
8
BLACK
6
CONTINUOUS
10
1.4094636220472441
20
1.3263472047244094
11
1.4088538976377953
21
1.3262992125984252
0
LINE
8
BLACK
6
CONTINUOUS
10
1.4088538976377953
20
1.3262992125984252
11
1.4003001181102361
21
1.3262992125984252
0
LINE
8
BLACK
6
CONTINUOUS
10
1.4003001181102361
20
1.3262992125984252
11
1.3980091338582676
21
1.3270435826771654
0
LINE
8
BLACK
6
CONTINUOUS
10
1.3980091338582676
20
1.3270435826771654
11
1.3975442913385827
21
1.327440590551181
0
LINE
8
BLACK
6
CONTINUOUS
10
1.3975442913385827
20
1.327440590551181
11
1.3975037795275591
21
1.3274811023622046
0
LINE
8
BLACK
6
CONTINUOUS
10
1.3975037795275591
20
1.3274811023622046
11
1.3921127559055118
21
1.3305935826771653
0
LINE
8
BLACK
6
CONTINUOUS
10
1.3921127559055118
20
1.3305935826771653
11
1.3860998818897639
21
1.3322047244094488
0
LINE
8
BLACK
6
CONTINUOUS
10
1.3860998818897639
20
1.3322047244094488
11
1.3798749212598425
21
1.3322047244094488
0
LINE
8
BLACK
6
CONTINUOUS
10
1.3798749212598425
20
1.3322047244094488
11
1.3738620472440946
21
1.3305935826771653
0
LINE
8
BLACK
6
CONTINUOUS
10
1.3738620472440946
20
1.3305935826771653
11
1.3684710236220472
21
1.3274811023622046
0
LINE
8
BLACK
6
CONTINUOUS
10
1.3684710236220472
20
1.3274811023622046
11
1.3640692913385826
21
1.3230793700787402
0
LINE
8
BLACK
6
CONTINUOUS
10
1.3640692913385826
20
1.3230793700787402
11
1.3609568110236221
21
1.3176883464566929
0
LINE
8
BLACK
6
CONTINUOUS
10
1.3609568110236221
20
1.3176883464566929
11
1.3593456692913386
21
1.311675472440945
0
LINE
8
BLACK
6
CONTINUOUS
10
1.3593456692913386
20
1.311675472440945
11
1.3593456692913386
21
1.3054505118110236
0
LINE
8
BLACK
6
CONTINUOUS
10
1.3340844094488189
20
1.3566810236220472
11
1.3356955511811024
21
1.3506681496062991
0
LINE
8
BLACK
6
CONTINUOUS
10
1.3356955511811024
20
1.3506681496062991
11
1.3388080314960629
21
1.345277125984252
0
LINE
8
BLACK
6
CONTINUOUS
10
1.3388080314960629
20
1.345277125984252
11
1.3432097637795275
21
1.3408753937007873
0
LINE
8
BLACK
6
CONTINUOUS
10
1.3432097637795275
20
1.3408753937007873
11
1.3486007874015749
21
1.3377629133858266
0
LINE
8
BLACK
6
CONTINUOUS
10
1.3486007874015749
20
1.3377629133858266
11
1.3546136614173228
21
1.3361517716535434
0
LINE
8
BLACK
6
CONTINUOUS
10
1.3546136614173228
20
1.3361517716535434
11
1.3546137401574803
21
1.3361517716535434
0
LINE
8
BLACK
6
CONTINUOUS
10
1.3546137401574803
20
1.3361517716535434
11
1.3608385433070866
21
1.3361517716535434
0
LINE
8
BLACK
6
CONTINUOUS
10
1.3608385433070866
20
1.3361517716535434
11
1.3608386220472442
21
1.3361517716535434
0
LINE
8
BLACK
6
CONTINUOUS
10
1.3608386220472442
20
1.3361517716535434
11
1.3668514960629921
21
1.3377629133858266
0
LINE
8
BLACK
6
CONTINUOUS
10
1.3668514960629921
20
1.3377629133858266
11
1.3722425196850394
21
1.3408753937007873
0
LINE
8
BLACK
6
CONTINUOUS
10
1.3722425196850394
20
1.3408753937007873
11
1.3766442519685038
21
1.345277125984252
0
LINE
8
BLACK
6
CONTINUOUS
10
1.3766442519685038
20
1.345277125984252
11
1.3797567322834645
21
1.3506681496062991
0
LINE
8
BLACK
6
CONTINUOUS
10
1.3797567322834645
20
1.3506681496062991
11
1.3798718503937009
21
1.3510979133858267
0
LINE
8
BLACK
6
CONTINUOUS
10
1.3798718503937009
20
1.3510979133858267
11
1.3808805118110237
21
1.3528450393700786
0
LINE
8
BLACK
6
CONTINUOUS
10
1.3808805118110237
20
1.3528450393700786
11
1.5033657086614174
21
1.4753301574803148
0
LINE
8
BLACK
6
CONTINUOUS
10
1.5033657086614174
20
1.4753301574803148
11
1.5057007480314961
21
1.4793745275590551
0
LINE
8
BLACK
6
CONTINUOUS
10
1.5057007480314961
20
1.4793745275590551
11
1.5058165748031496
21
1.479806968503937
0
LINE
8
BLACK
6
CONTINUOUS
10
1.5058165748031496
20
1.479806968503937
11
1.5059561811023621
21
1.4803278740157479
0
LINE
8
BLACK
6
CONTINUOUS
10
1.5059561811023621
20
1.4803278740157479
11
1.5059561811023621
21
1.4803279921259842
0
LINE
8
BLACK
6
CONTINUOUS
10
1.5059561811023621
20
1.4803279921259842
11
1.5069094488188977
21
1.4838854724409449
0
LINE
8
BLACK
6
CONTINUOUS
10
1.5069094488188977
20
1.4838854724409449
11
1.5069094488188977
21
1.4926575196850393
0
LINE
8
BLACK
6
CONTINUOUS
10
1.5069094488188977
20
1.4926575196850393
11
1.5076538188976378
21
1.4949485039370078
0
LINE
8
BLACK
6
CONTINUOUS
10
1.5076538188976378
20
1.4949485039370078
11
1.5096026377952756
21
1.4963644094488189
0
LINE
8
BLACK
6
CONTINUOUS
10
1.5096026377952756
20
1.4963644094488189
11
1.5108070866141732
21
1.4965551574803149
0
LINE
8
BLACK
6
CONTINUOUS
10
1.5108070866141732
20
1.4965551574803149
11
1.5134590944881889
21
1.4965551574803149
0
LINE
8
BLACK
6
CONTINUOUS
10
1.5134590944881889
20
1.4965551574803149
11
1.5134592125984252
21
1.4965551574803149
0
LINE
8
BLACK
6
CONTINUOUS
10
1.5134592125984252
20
1.4965551574803149
11
1.5144484645669292
21
1.4966698818897637
0
LINE
8
BLACK
6
CONTINUOUS
10
1.5144484645669292
20
1.4966698818897637
11
1.5184946850393701
21
1.4984564566929133
0
LINE
8
BLACK
6
CONTINUOUS
10
1.5184946850393701
20
1.4984564566929133
11
1.521622283464567
21
1.5015840551181101
0
LINE
8
BLACK
6
CONTINUOUS
10
1.521622283464567
20
1.5015840551181101
11
1.5234088582677165
21
1.5056302755905511
0
LINE
8
BLACK
6
CONTINUOUS
10
1.5234088582677165
20
1.5056302755905511
11
1.5235236220472441
21
1.5066194881889763
0
LINE
8
BLACK
6
CONTINUOUS
10
1.5235236220472441
20
1.5066194881889763
11
1.5235235826771654
21
1.5701521259842519
0
LINE
8
BLACK
6
CONTINUOUS
10
1.5235235826771654
20
1.5701521259842519
11
1.5234088582677165
21
1.5711413779527559
0
LINE
8
BLACK
6
CONTINUOUS
10
1.5234088582677165
20
1.5711413779527559
11
1.521622283464567
21
1.5751875984251968
0
LINE
8
BLACK
6
CONTINUOUS
10
1.521622283464567
20
1.5751875984251968
11
1.5184946850393701
21
1.5783151968503937
0
LINE
8
BLACK
6
CONTINUOUS
10
1.5184946850393701
20
1.5783151968503937
11
1.5144484645669292
21
1.5801017716535433
0
LINE
8
BLACK
6
CONTINUOUS
10
1.5144484645669292
20
1.5801017716535433
11
1.5144484251968504
21
1.580101811023622
0
LINE
8
BLACK
6
CONTINUOUS
10
1.5144484251968504
20
1.580101811023622
11
1.5144483464566929
21
1.580101811023622
0
LINE
8
BLACK
6
CONTINUOUS
10
1.5144483464566929
20
1.580101811023622
11
1.5134593700787402
21
1.5802165354330708
0
LINE
8
BLACK
6
CONTINUOUS
10
1.5134593700787402
20
1.5802165354330708
11
1.4499267322834646
21
1.5802165354330708
0
LINE
8
BLACK
6
CONTINUOUS
10
1.4499267322834646
20
1.5802165354330708
11
1.4499266141732283
21
1.5802164960629921
0
LINE
8
BLACK
6
CONTINUOUS
10
1.4499266141732283
20
1.5802164960629921
11
1.4489373622047244
21
1.580101811023622
0
LINE
8
BLACK
6
CONTINUOUS
10
1.4489373622047244
20
1.580101811023622
11
1.4448911417322834
21
1.5783151968503937
0
LINE
8
BLACK
6
CONTINUOUS
10
1.4448911417322834
20
1.5783151968503937
11
1.4417635433070866
21
1.5751875984251968
0
LINE
8
BLACK
6
CONTINUOUS
10
1.4417635433070866
20
1.5751875984251968
11
1.4399769291338582
21
1.5711412992125984
0
LINE
8
BLACK
6
CONTINUOUS
10
1.4399769291338582
20
1.5711412992125984
11
1.4398622047244094
21
1.5701523622047244
0
LINE
8
BLACK
6
CONTINUOUS
10
1.4398622047244094
20
1.5701523622047244
11
1.4398622047244094
21
1.50661968503937
0
LINE
8
BLACK
6
CONTINUOUS
10
1.4398622047244094
20
1.50661968503937
11
1.4398622440944882
21
1.5066195669291338
0
LINE
8
BLACK
6
CONTINUOUS
10
1.4398622440944882
20
1.5066195669291338
11
1.4399769291338582
21
1.5056303149606298
0
LINE
8
BLACK
6
CONTINUOUS
10
1.4399769291338582
20
1.5056303149606298
11
1.4401841338582677
21
1.5051610629921259
0
LINE
8
BLACK
6
CONTINUOUS
10
1.4401841338582677
20
1.5051610629921259
11
1.4417635433070866
21
1.5015840551181101
0
LINE
8
BLACK
6
CONTINUOUS
10
1.4417635433070866
20
1.5015840551181101
11
1.4448911417322834
21
1.4984564566929133
0
LINE
8
BLACK
6
CONTINUOUS
10
1.4448911417322834
20
1.4984564566929133
11
1.4489373622047244
21
1.4966698818897637
0
LINE
8
BLACK
6
CONTINUOUS
10
1.4489373622047244
20
1.4966698818897637
11
1.4499265748031496
21
1.4965551181102361
0
LINE
8
BLACK
6
CONTINUOUS
10
1.4499265748031496
20
1.4965551181102361
11
1.46501531496063
21
1.4965551574803149
0
LINE
8
BLACK
6
CONTINUOUS
10
1.46501531496063
20
1.4965551574803149
11
1.4673062992125985
21
1.4958107874015747
0
LINE
8
BLACK
6
CONTINUOUS
10
1.4673062992125985
20
1.4958107874015747
11
1.4687222047244095
21
1.4938619685039369
0
LINE
8
BLACK
6
CONTINUOUS
10
1.4687222047244095
20
1.4938619685039369
11
1.4687222047244095
21
1.4914531102362205
0
LINE
8
BLACK
6
CONTINUOUS
10
1.4687222047244095
20
1.4914531102362205
11
1.4677713779527559
21
1.4899014566929134
0
LINE
8
BLACK
6
CONTINUOUS
10
1.4677713779527559
20
1.4899014566929134
11
1.3624467322834646
21
1.3845768110236221
0
LINE
8
BLACK
6
CONTINUOUS
10
1.3624467322834646
20
1.3845768110236221
11
1.3603003937007874
21
1.3834832283464567
0
LINE
8
BLACK
6
CONTINUOUS
10
1.3603003937007874
20
1.3834832283464567
11
1.3596906692913386
21
1.3834352362204725
0
LINE
8
BLACK
6
CONTINUOUS
10
1.3596906692913386
20
1.3834352362204725
11
1.3546136614173228
21
1.3834352362204725
0
LINE
8
BLACK
6
CONTINUOUS
10
1.3546136614173228
20
1.3834352362204725
11
1.3486007874015749
21
1.381824094488189
0
LINE
8
BLACK
6
CONTINUOUS
10
1.3486007874015749
20
1.381824094488189
11
1.3432097637795275
21
1.3787116141732283
0
LINE
8
BLACK
6
CONTINUOUS
10
1.3432097637795275
20
1.3787116141732283
11
1.3388080314960629
21
1.3743098818897637
0
LINE
8
BLACK
6
CONTINUOUS
10
1.3388080314960629
20
1.3743098818897637
11
1.3356955511811024
21
1.3689188582677165
0
LINE
8
BLACK
6
CONTINUOUS
10
1.3356955511811024
20
1.3689188582677165
11
1.3340844094488189
21
1.3629059842519684
0
LINE
8
BLACK
6
CONTINUOUS
10
1.3340844094488189
20
1.3629059842519684
11
1.3340844094488189
21
1.3566810236220472
0
LINE
8
BLACK
6
CONTINUOUS
10
0.2928149606299212
20
1.3477614173228347
11
0.292815
21
1.3477612992125985
0
LINE
8
BLACK
6
CONTINUOUS
10
0.292815
20
1.3477612992125985
11
0.2929296850393701
21
1.3467720472440945
0
LINE
8
BLACK
6
CONTINUOUS
10
0.2929296850393701
20
1.3467720472440945
11
0.2934581496062992
21
1.3455752362204725
0
LINE
8
BLACK
6
CONTINUOUS
10
0.2934581496062992
20
1.3455752362204725
11
0.2947162992125984
21
1.3427257874015748
0
LINE
8
BLACK
6
CONTINUOUS
10
0.2947162992125984
20
1.3427257874015748
11
0.2978438976377953
21
1.3395981889763779
0
LINE
8
BLACK
6
CONTINUOUS
10
0.2978438976377953
20
1.3395981889763779
11
0.3018901181102362
21
1.3378116141732284
0
LINE
8
BLACK
6
CONTINUOUS
10
0.3018901181102362
20
1.3378116141732284
11
0.3028793307086614
21
1.3376968503937008
0
LINE
8
BLACK
6
CONTINUOUS
10
0.3028793307086614
20
1.3376968503937008
11
0.366411968503937
21
1.3376968897637795
0
LINE
8
BLACK
6
CONTINUOUS
10
0.366411968503937
20
1.3376968897637795
11
0.3674012204724409
21
1.3378116141732284
0
LINE
8
BLACK
6
CONTINUOUS
10
0.3674012204724409
20
1.3378116141732284
11
0.3714474409448819
21
1.3395981889763779
0
LINE
8
BLACK
6
CONTINUOUS
10
0.3714474409448819
20
1.3395981889763779
11
0.3745750393700787
21
1.3427257874015748
0
LINE
8
BLACK
6
CONTINUOUS
10
0.3745750393700787
20
1.3427257874015748
11
0.3763616141732283
21
1.3467720078740157
0
LINE
8
BLACK
6
CONTINUOUS
10
0.3763616141732283
20
1.3467720078740157
11
0.3764763779527559
21
1.347761220472441
0
LINE
8
BLACK
6
CONTINUOUS
10
0.3764763779527559
20
1.347761220472441
11
0.3764763385826772
21
1.4112938582677166
0
LINE
8
BLACK
6
CONTINUOUS
10
0.3764763385826772
20
1.4112938582677166
11
0.3764762992125984
21
1.4112940944881889
0
LINE
8
BLACK
6
CONTINUOUS
10
0.3764762992125984
20
1.4112940944881889
11
0.3763616141732283
21
1.4122831102362206
0
LINE
8
BLACK
6
CONTINUOUS
10
0.3763616141732283
20
1.4122831102362206
11
0.3745750393700787
21
1.4163293307086613
0
LINE
8
BLACK
6
CONTINUOUS
10
0.3745750393700787
20
1.4163293307086613
11
0.3714474409448819
21
1.4194569291338581
0
LINE
8
BLACK
6
CONTINUOUS
10
0.3714474409448819
20
1.4194569291338581
11
0.3674012204724409
21
1.4212435039370079
0
LINE
8
BLACK
6
CONTINUOUS
10
0.3674012204724409
20
1.4212435039370079
11
0.3674011811023622
21
1.4212435433070867
0
LINE
8
BLACK
6
CONTINUOUS
10
0.3674011811023622
20
1.4212435433070867
11
0.3674011023622047
21
1.4212435433070867
0
LINE
8
BLACK
6
CONTINUOUS
10
0.3674011023622047
20
1.4212435433070867
11
0.3664121259842519
21
1.4213582677165355
0
LINE
8
BLACK
6
CONTINUOUS
10
0.3664121259842519
20
1.4213582677165355
11
0.3028794881889764
21
1.4213582677165355
0
LINE
8
BLACK
6
CONTINUOUS
10
0.3028794881889764
20
1.4213582677165355
11
0.3028793700787402
21
1.4213582283464568
0
LINE
8
BLACK
6
CONTINUOUS
10
0.3028793700787402
20
1.4213582283464568
11
0.3018901181102362
21
1.4212435433070867
0
LINE
8
BLACK
6
CONTINUOUS
10
0.3018901181102362
20
1.4212435433070867
11
0.2978438976377953
21
1.4194569291338581
0
LINE
8
BLACK
6
CONTINUOUS
10
0.2978438976377953
20
1.4194569291338581
11
0.2947162992125984
21
1.4163293307086613
0
LINE
8
BLACK
6
CONTINUOUS
10
0.2947162992125984
20
1.4163293307086613
11
0.2929296850393701
21
1.412283031496063
0
LINE
8
BLACK
6
CONTINUOUS
10
0.2929296850393701
20
1.412283031496063
11
0.2928149606299212
21
1.4112940944881889
0
LINE
8
BLACK
6
CONTINUOUS
10
0.2928149606299212
20
1.4112940944881889
11
0.2928149606299212
21
1.3477614173228347
0
LINE
8
BLACK
6
CONTINUOUS
10
0.3928149606299213
20
1.3477614173228347
11
0.392815
21
1.3477612992125985
0
LINE
8
BLACK
6
CONTINUOUS
10
0.392815
20
1.3477612992125985
11
0.3929296850393701
21
1.3467720472440945
0
LINE
8
BLACK
6
CONTINUOUS
10
0.3929296850393701
20
1.3467720472440945
11
0.3934581496062992
21
1.3455752362204725
0
LINE
8
BLACK
6
CONTINUOUS
10
0.3934581496062992
20
1.3455752362204725
11
0.3947162992125984
21
1.3427257874015748
0
LINE
8
BLACK
6
CONTINUOUS
10
0.3947162992125984
20
1.3427257874015748
11
0.3978438976377953
21
1.3395981889763779
0
LINE
8
BLACK
6
CONTINUOUS
10
0.3978438976377953
20
1.3395981889763779
11
0.4018901181102362
21
1.3378116141732284
0
LINE
8
BLACK
6
CONTINUOUS
10
0.4018901181102362
20
1.3378116141732284
11
0.4028793307086614
21
1.3376968503937008
0
LINE
8
BLACK
6
CONTINUOUS
10
0.4028793307086614
20
1.3376968503937008
11
0.466411968503937
21
1.3376968897637795
0
LINE
8
BLACK
6
CONTINUOUS
10
0.466411968503937
20
1.3376968897637795
11
0.4674012204724409
21
1.3378116141732284
0
LINE
8
BLACK
6
CONTINUOUS
10
0.4674012204724409
20
1.3378116141732284
11
0.4714474409448819
21
1.3395981889763779
0
LINE
8
BLACK
6
CONTINUOUS
10
0.4714474409448819
20
1.3395981889763779
11
0.4745750393700787
21
1.3427257874015748
0
LINE
8
BLACK
6
CONTINUOUS
10
0.4745750393700787
20
1.3427257874015748
11
0.4763616141732283
21
1.3467720078740157
0
LINE
8
BLACK
6
CONTINUOUS
10
0.4763616141732283
20
1.3467720078740157
11
0.4764763779527559
21
1.347761220472441
0
LINE
8
BLACK
6
CONTINUOUS
10
0.4764763779527559
20
1.347761220472441
11
0.4764763385826771
21
1.4112938582677166
0
LINE
8
BLACK
6
CONTINUOUS
10
0.4764763385826771
20
1.4112938582677166
11
0.4763616141732283
21
1.4122831102362206
0
LINE
8
BLACK
6
CONTINUOUS
10
0.4763616141732283
20
1.4122831102362206
11
0.4745750393700787
21
1.4163293307086613
0
LINE
8
BLACK
6
CONTINUOUS
10
0.4745750393700787
20
1.4163293307086613
11
0.4714474409448819
21
1.4194569291338581
0
LINE
8
BLACK
6
CONTINUOUS
10
0.4714474409448819
20
1.4194569291338581
11
0.4674012204724409
21
1.4212435039370079
0
LINE
8
BLACK
6
CONTINUOUS
10
0.4674012204724409
20
1.4212435039370079
11
0.4674011811023622
21
1.4212435433070867
0
LINE
8
BLACK
6
CONTINUOUS
10
0.4674011811023622
20
1.4212435433070867
11
0.4674011023622047
21
1.4212435433070867
0
LINE
8
BLACK
6
CONTINUOUS
10
0.4674011023622047
20
1.4212435433070867
11
0.466412125984252
21
1.4213582677165355
0
LINE
8
BLACK
6
CONTINUOUS
10
0.466412125984252
20
1.4213582677165355
11
0.4028794881889763
21
1.4213582677165355
0
LINE
8
BLACK
6
CONTINUOUS
10
0.4028794881889763
20
1.4213582677165355
11
0.4028793700787401
21
1.4213582283464568
0
LINE
8
BLACK
6
CONTINUOUS
10
0.4028793700787401
20
1.4213582283464568
11
0.4018901181102362
21
1.4212435433070867
0
LINE
8
BLACK
6
CONTINUOUS
10
0.4018901181102362
20
1.4212435433070867
11
0.3978438976377953
21
1.4194569291338581
0
LINE
8
BLACK
6
CONTINUOUS
10
0.3978438976377953
20
1.4194569291338581
11
0.3947162992125984
21
1.4163293307086613
0
LINE
8
BLACK
6
CONTINUOUS
10
0.3947162992125984
20
1.4163293307086613
11
0.3929296850393701
21
1.412283031496063
0
LINE
8
BLACK
6
CONTINUOUS
10
0.3929296850393701
20
1.412283031496063
11
0.3928149606299213
21
1.4112940944881889
0
LINE
8
BLACK
6
CONTINUOUS
10
0.3928149606299213
20
1.4112940944881889
11
0.3928149606299213
21
1.3477614173228347
0
LINE
8
BLACK
6
CONTINUOUS
10
1.9250984251968504
20
1.3493362204724408
11
1.9250984645669291
21
1.3493361023622048
0
LINE
8
BLACK
6
CONTINUOUS
10
1.9250984645669291
20
1.3493361023622048
11
1.9252131496062992
21
1.3483468503937008
0
LINE
8
BLACK
6
CONTINUOUS
10
1.9252131496062992
20
1.3483468503937008
11
1.9262108661417323
21
1.3460872047244095
0
LINE
8
BLACK
6
CONTINUOUS
10
1.9262108661417323
20
1.3460872047244095
11
1.9269997637795275
21
1.3443005905511811
0
LINE
8
BLACK
6
CONTINUOUS
10
1.9269997637795275
20
1.3443005905511811
11
1.9301273622047244
21
1.3411729921259843
0
LINE
8
BLACK
6
CONTINUOUS
10
1.9301273622047244
20
1.3411729921259843
11
1.9341735826771653
21
1.3393864173228347
0
LINE
8
BLACK
6
CONTINUOUS
10
1.9341735826771653
20
1.3393864173228347
11
1.9351627952755905
21
1.3392716535433071
0
LINE
8
BLACK
6
CONTINUOUS
10
1.9351627952755905
20
1.3392716535433071
11
1.9986954330708662
21
1.3392716929133859
0
LINE
8
BLACK
6
CONTINUOUS
10
1.9986954330708662
20
1.3392716929133859
11
1.9996846850393701
21
1.3393864173228347
0
LINE
8
BLACK
6
CONTINUOUS
10
1.9996846850393701
20
1.3393864173228347
11
2.0037309055118109
21
1.3411729921259843
0
LINE
8
BLACK
6
CONTINUOUS
10
2.0037309055118109
20
1.3411729921259843
11
2.0068585039370079
21
1.3443005905511811
0
LINE
8
BLACK
6
CONTINUOUS
10
2.0068585039370079
20
1.3443005905511811
11
2.0086450787401575
21
1.3483468110236221
0
LINE
8
BLACK
6
CONTINUOUS
10
2.0086450787401575
20
1.3483468110236221
11
2.0087598425196851
21
1.3493360236220473
0
LINE
8
BLACK
6
CONTINUOUS
10
2.0087598425196851
20
1.3493360236220473
11
2.0087598031496063
21
1.4128686614173227
0
LINE
8
BLACK
6
CONTINUOUS
10
2.0087598031496063
20
1.4128686614173227
11
2.0087597637795276
21
1.4128688976377952
0
LINE
8
BLACK
6
CONTINUOUS
10
2.0087597637795276
20
1.4128688976377952
11
2.0086450787401575
21
1.4138579133858267
0
LINE
8
BLACK
6
CONTINUOUS
10
2.0086450787401575
20
1.4138579133858267
11
2.0068585039370079
21
1.4179041338582676
0
LINE
8
BLACK
6
CONTINUOUS
10
2.0068585039370079
20
1.4179041338582676
11
2.0037309055118109
21
1.4210317322834645
0
LINE
8
BLACK
6
CONTINUOUS
10
2.0037309055118109
20
1.4210317322834645
11
1.9996846850393701
21
1.4228183070866141
0
LINE
8
BLACK
6
CONTINUOUS
10
1.9996846850393701
20
1.4228183070866141
11
1.9996846456692914
21
1.4228183464566928
0
LINE
8
BLACK
6
CONTINUOUS
10
1.9996846456692914
20
1.4228183464566928
11
1.9996845669291339
21
1.4228183464566928
0
LINE
8
BLACK
6
CONTINUOUS
10
1.9996845669291339
20
1.4228183464566928
11
1.998695590551181
21
1.4229330708661416
0
LINE
8
BLACK
6
CONTINUOUS
10
1.998695590551181
20
1.4229330708661416
11
1.9351629527559056
21
1.4229330708661416
0
LINE
8
BLACK
6
CONTINUOUS
10
1.9351629527559056
20
1.4229330708661416
11
1.9351628346456693
21
1.4229330314960629
0
LINE
8
BLACK
6
CONTINUOUS
10
1.9351628346456693
20
1.4229330314960629
11
1.9341735826771653
21
1.4228183464566928
0
LINE
8
BLACK
6
CONTINUOUS
10
1.9341735826771653
20
1.4228183464566928
11
1.9301273622047244
21
1.4210317322834645
0
LINE
8
BLACK
6
CONTINUOUS
10
1.9301273622047244
20
1.4210317322834645
11
1.9269997637795275
21
1.4179041338582676
0
LINE
8
BLACK
6
CONTINUOUS
10
1.9269997637795275
20
1.4179041338582676
11
1.9252131496062992
21
1.4138578346456692
0
LINE
8
BLACK
6
CONTINUOUS
10
1.9252131496062992
20
1.4138578346456692
11
1.9250984251968504
21
1.4128688976377952
0
LINE
8
BLACK
6
CONTINUOUS
10
1.9250984251968504
20
1.4128688976377952
11
1.9250984251968504
21
1.3493362204724408
0
LINE
8
BLACK
6
CONTINUOUS
10
2.0250984251968505
20
1.3493362204724408
11
2.0250984645669292
21
1.3493361023622048
0
LINE
8
BLACK
6
CONTINUOUS
10
2.0250984645669292
20
1.3493361023622048
11
2.0252131496062993
21
1.3483468503937008
0
LINE
8
BLACK
6
CONTINUOUS
10
2.0252131496062993
20
1.3483468503937008
11
2.0262108661417324
21
1.3460872047244095
0
LINE
8
BLACK
6
CONTINUOUS
10
2.0262108661417324
20
1.3460872047244095
11
2.0269997637795276
21
1.3443005905511811
0
LINE
8
BLACK
6
CONTINUOUS
10
2.0269997637795276
20
1.3443005905511811
11
2.0301273622047242
21
1.3411729921259843
0
LINE
8
BLACK
6
CONTINUOUS
10
2.0301273622047242
20
1.3411729921259843
11
2.0341735826771652
21
1.3393864173228347
0
LINE
8
BLACK
6
CONTINUOUS
10
2.0341735826771652
20
1.3393864173228347
11
2.0351627952755904
21
1.3392716535433071
0
LINE
8
BLACK
6
CONTINUOUS
10
2.0351627952755904
20
1.3392716535433071
11
2.098695433070866
21
1.3392716929133859
0
LINE
8
BLACK
6
CONTINUOUS
10
2.098695433070866
20
1.3392716929133859
11
2.09968468503937
21
1.3393864173228347
0
LINE
8
BLACK
6
CONTINUOUS
10
2.09968468503937
20
1.3393864173228347
11
2.103730905511811
21
1.3411729921259843
0
LINE
8
BLACK
6
CONTINUOUS
10
2.103730905511811
20
1.3411729921259843
11
2.106858503937008
21
1.3443005905511811
0
LINE
8
BLACK
6
CONTINUOUS
10
2.106858503937008
20
1.3443005905511811
11
2.1086450787401576
21
1.3483468110236221
0
LINE
8
BLACK
6
CONTINUOUS
10
2.1086450787401576
20
1.3483468110236221
11
2.1087598425196852
21
1.3493360236220473
0
LINE
8
BLACK
6
CONTINUOUS
10
2.1087598425196852
20
1.3493360236220473
11
2.1087598031496064
21
1.4128686614173227
0
LINE
8
BLACK
6
CONTINUOUS
10
2.1087598031496064
20
1.4128686614173227
11
2.1086450787401576
21
1.4138579133858267
0
LINE
8
BLACK
6
CONTINUOUS
10
2.1086450787401576
20
1.4138579133858267
11
2.106858503937008
21
1.4179041338582676
0
LINE
8
BLACK
6
CONTINUOUS
10
2.106858503937008
20
1.4179041338582676
11
2.103730905511811
21
1.4210317322834645
0
LINE
8
BLACK
6
CONTINUOUS
10
2.103730905511811
20
1.4210317322834645
11
2.09968468503937
21
1.4228183070866141
0
LINE
8
BLACK
6
CONTINUOUS
10
2.09968468503937
20
1.4228183070866141
11
2.0996846456692912
21
1.4228183464566928
0
LINE
8
BLACK
6
CONTINUOUS
10
2.0996846456692912
20
1.4228183464566928
11
2.0996845669291337
21
1.4228183464566928
0
LINE
8
BLACK
6
CONTINUOUS
10
2.0996845669291337
20
1.4228183464566928
11
2.098695590551181
21
1.4229330708661416
0
LINE
8
BLACK
6
CONTINUOUS
10
2.098695590551181
20
1.4229330708661416
11
2.0351629527559054
21
1.4229330708661416
0
LINE
8
BLACK
6
CONTINUOUS
10
2.0351629527559054
20
1.4229330708661416
11
2.0351628346456692
21
1.4229330314960629
0
LINE
8
BLACK
6
CONTINUOUS
10
2.0351628346456692
20
1.4229330314960629
11
2.0341735826771652
21
1.4228183464566928
0
LINE
8
BLACK
6
CONTINUOUS
10
2.0341735826771652
20
1.4228183464566928
11
2.0301273622047242
21
1.4210317322834645
0
LINE
8
BLACK
6
CONTINUOUS
10
2.0301273622047242
20
1.4210317322834645
11
2.0269997637795276
21
1.4179041338582676
0
LINE
8
BLACK
6
CONTINUOUS
10
2.0269997637795276
20
1.4179041338582676
11
2.0252131496062993
21
1.4138578346456692
0
LINE
8
BLACK
6
CONTINUOUS
10
2.0252131496062993
20
1.4138578346456692
11
2.0250984251968505
21
1.4128688976377952
0
LINE
8
BLACK
6
CONTINUOUS
10
2.0250984251968505
20
1.4128688976377952
11
2.0250984251968505
21
1.3493362204724408
0
LINE
8
BLACK
6
CONTINUOUS
10
0.2928149606299212
20
1.4477614173228346
11
0.292815
21
1.4477612992125983
0
LINE
8
BLACK
6
CONTINUOUS
10
0.292815
20
1.4477612992125983
11
0.2929296850393701
21
1.4467720472440944
0
LINE
8
BLACK
6
CONTINUOUS
10
0.2929296850393701
20
1.4467720472440944
11
0.2939274015748031
21
1.4445124015748032
0
LINE
8
BLACK
6
CONTINUOUS
10
0.2939274015748031
20
1.4445124015748032
11
0.2947162992125984
21
1.4427257874015749
0
LINE
8
BLACK
6
CONTINUOUS
10
0.2947162992125984
20
1.4427257874015749
11
0.2978438976377953
21
1.4395981889763778
0
LINE
8
BLACK
6
CONTINUOUS
10
0.2978438976377953
20
1.4395981889763778
11
0.3018901181102362
21
1.4378116141732282
0
LINE
8
BLACK
6
CONTINUOUS
10
0.3018901181102362
20
1.4378116141732282
11
0.3028793307086614
21
1.4376968503937007
0
LINE
8
BLACK
6
CONTINUOUS
10
0.3028793307086614
20
1.4376968503937007
11
0.366411968503937
21
1.4376968897637794
0
LINE
8
BLACK
6
CONTINUOUS
10
0.366411968503937
20
1.4376968897637794
11
0.3674012204724409
21
1.4378116141732282
0
LINE
8
BLACK
6
CONTINUOUS
10
0.3674012204724409
20
1.4378116141732282
11
0.3714474409448819
21
1.4395981889763778
0
LINE
8
BLACK
6
CONTINUOUS
10
0.3714474409448819
20
1.4395981889763778
11
0.3745750393700787
21
1.4427257874015749
0
LINE
8
BLACK
6
CONTINUOUS
10
0.3745750393700787
20
1.4427257874015749
11
0.3763616141732283
21
1.4467720078740156
0
LINE
8
BLACK
6
CONTINUOUS
10
0.3763616141732283
20
1.4467720078740156
11
0.3764763779527559
21
1.4477612204724408
0
LINE
8
BLACK
6
CONTINUOUS
10
0.3764763779527559
20
1.4477612204724408
11
0.3764763385826772
21
1.5112938582677165
0
LINE
8
BLACK
6
CONTINUOUS
10
0.3764763385826772
20
1.5112938582677165
11
0.3764762992125984
21
1.511294094488189
0
LINE
8
BLACK
6
CONTINUOUS
10
0.3764762992125984
20
1.511294094488189
11
0.3763616141732283
21
1.5122831102362204
0
LINE
8
BLACK
6
CONTINUOUS
10
0.3763616141732283
20
1.5122831102362204
11
0.3745750393700787
21
1.5163293307086614
0
LINE
8
BLACK
6
CONTINUOUS
10
0.3745750393700787
20
1.5163293307086614
11
0.3714474409448819
21
1.5194569291338582
0
LINE
8
BLACK
6
CONTINUOUS
10
0.3714474409448819
20
1.5194569291338582
11
0.3674012204724409
21
1.5212435039370078
0
LINE
8
BLACK
6
CONTINUOUS
10
0.3674012204724409
20
1.5212435039370078
11
0.3674011811023622
21
1.5212435433070866
0
LINE
8
BLACK
6
CONTINUOUS
10
0.3674011811023622
20
1.5212435433070866
11
0.3674011023622047
21
1.5212435433070866
0
LINE
8
BLACK
6
CONTINUOUS
10
0.3674011023622047
20
1.5212435433070866
11
0.3664121259842519
21
1.5213582677165354
0
LINE
8
BLACK
6
CONTINUOUS
10
0.3664121259842519
20
1.5213582677165354
11
0.3028794881889764
21
1.5213582677165354
0
LINE
8
BLACK
6
CONTINUOUS
10
0.3028794881889764
20
1.5213582677165354
11
0.3028793700787402
21
1.5213582283464566
0
LINE
8
BLACK
6
CONTINUOUS
10
0.3028793700787402
20
1.5213582283464566
11
0.3018901181102362
21
1.5212435433070866
0
LINE
8
BLACK
6
CONTINUOUS
10
0.3018901181102362
20
1.5212435433070866
11
0.2978438976377953
21
1.5194569291338582
0
LINE
8
BLACK
6
CONTINUOUS
10
0.2978438976377953
20
1.5194569291338582
11
0.2947162992125984
21
1.5163293307086614
0
LINE
8
BLACK
6
CONTINUOUS
10
0.2947162992125984
20
1.5163293307086614
11
0.2929296850393701
21
1.5122830314960629
0
LINE
8
BLACK
6
CONTINUOUS
10
0.2929296850393701
20
1.5122830314960629
11
0.2928149606299212
21
1.511294094488189
0
LINE
8
BLACK
6
CONTINUOUS
10
0.2928149606299212
20
1.511294094488189
11
0.2928149606299212
21
1.4477614173228346
0
LINE
8
BLACK
6
CONTINUOUS
10
0.3928149606299213
20
1.4477614173228346
11
0.392815
21
1.4477612992125983
0
LINE
8
BLACK
6
CONTINUOUS
10
0.392815
20
1.4477612992125983
11
0.3929296850393701
21
1.4467720472440944
0
LINE
8
BLACK
6
CONTINUOUS
10
0.3929296850393701
20
1.4467720472440944
11
0.3939274015748032
21
1.4445124015748032
0
LINE
8
BLACK
6
CONTINUOUS
10
0.3939274015748032
20
1.4445124015748032
11
0.3947162992125984
21
1.4427257874015749
0
LINE
8
BLACK
6
CONTINUOUS
10
0.3947162992125984
20
1.4427257874015749
11
0.3978438976377953
21
1.4395981889763778
0
LINE
8
BLACK
6
CONTINUOUS
10
0.3978438976377953
20
1.4395981889763778
11
0.4018901181102362
21
1.4378116141732282
0
LINE
8
BLACK
6
CONTINUOUS
10
0.4018901181102362
20
1.4378116141732282
11
0.4028793307086614
21
1.4376968503937007
0
LINE
8
BLACK
6
CONTINUOUS
10
0.4028793307086614
20
1.4376968503937007
11
0.466411968503937
21
1.4376968897637794
0
LINE
8
BLACK
6
CONTINUOUS
10
0.466411968503937
20
1.4376968897637794
11
0.4674012204724409
21
1.4378116141732282
0
LINE
8
BLACK
6
CONTINUOUS
10
0.4674012204724409
20
1.4378116141732282
11
0.4714474409448819
21
1.4395981889763778
0
LINE
8
BLACK
6
CONTINUOUS
10
0.4714474409448819
20
1.4395981889763778
11
0.4745750393700787
21
1.4427257874015749
0
LINE
8
BLACK
6
CONTINUOUS
10
0.4745750393700787
20
1.4427257874015749
11
0.4763616141732283
21
1.4467720078740156
0
LINE
8
BLACK
6
CONTINUOUS
10
0.4763616141732283
20
1.4467720078740156
11
0.4764763779527559
21
1.4477612204724408
0
LINE
8
BLACK
6
CONTINUOUS
10
0.4764763779527559
20
1.4477612204724408
11
0.4764763385826771
21
1.5112938582677165
0
LINE
8
BLACK
6
CONTINUOUS
10
0.4764763385826771
20
1.5112938582677165
11
0.4763616141732283
21
1.5122831102362204
0
LINE
8
BLACK
6
CONTINUOUS
10
0.4763616141732283
20
1.5122831102362204
11
0.4745750393700787
21
1.5163293307086614
0
LINE
8
BLACK
6
CONTINUOUS
10
0.4745750393700787
20
1.5163293307086614
11
0.4714474409448819
21
1.5194569291338582
0
LINE
8
BLACK
6
CONTINUOUS
10
0.4714474409448819
20
1.5194569291338582
11
0.4674012204724409
21
1.5212435039370078
0
LINE
8
BLACK
6
CONTINUOUS
10
0.4674012204724409
20
1.5212435039370078
11
0.4674011811023622
21
1.5212435433070866
0
LINE
8
BLACK
6
CONTINUOUS
10
0.4674011811023622
20
1.5212435433070866
11
0.4674011023622047
21
1.5212435433070866
0
LINE
8
BLACK
6
CONTINUOUS
10
0.4674011023622047
20
1.5212435433070866
11
0.466412125984252
21
1.5213582677165354
0
LINE
8
BLACK
6
CONTINUOUS
10
0.466412125984252
20
1.5213582677165354
11
0.4028794881889763
21
1.5213582677165354
0
LINE
8
BLACK
6
CONTINUOUS
10
0.4028794881889763
20
1.5213582677165354
11
0.4028793700787401
21
1.5213582283464566
0
LINE
8
BLACK
6
CONTINUOUS
10
0.4028793700787401
20
1.5213582283464566
11
0.4018901181102362
21
1.5212435433070866
0
LINE
8
BLACK
6
CONTINUOUS
10
0.4018901181102362
20
1.5212435433070866
11
0.3978438976377953
21
1.5194569291338582
0
LINE
8
BLACK
6
CONTINUOUS
10
0.3978438976377953
20
1.5194569291338582
11
0.3947162992125984
21
1.5163293307086614
0
LINE
8
BLACK
6
CONTINUOUS
10
0.3947162992125984
20
1.5163293307086614
11
0.3929296850393701
21
1.5122830314960629
0
LINE
8
BLACK
6
CONTINUOUS
10
0.3929296850393701
20
1.5122830314960629
11
0.3928149606299213
21
1.511294094488189
0
LINE
8
BLACK
6
CONTINUOUS
10
0.3928149606299213
20
1.511294094488189
11
0.3928149606299213
21
1.4477614173228346
0
LINE
8
BLACK
6
CONTINUOUS
10
1.9250984251968504
20
1.4493362204724409
11
1.9250984645669291
21
1.4493361023622047
0
LINE
8
BLACK
6
CONTINUOUS
10
1.9250984645669291
20
1.4493361023622047
11
1.9252131496062992
21
1.4483468503937007
0
LINE
8
BLACK
6
CONTINUOUS
10
1.9252131496062992
20
1.4483468503937007
11
1.9262108661417323
21
1.4460872047244093
0
LINE
8
BLACK
6
CONTINUOUS
10
1.9262108661417323
20
1.4460872047244093
11
1.9269997637795275
21
1.444300590551181
0
LINE
8
BLACK
6
CONTINUOUS
10
1.9269997637795275
20
1.444300590551181
11
1.9301273622047244
21
1.4411729921259842
0
LINE
8
BLACK
6
CONTINUOUS
10
1.9301273622047244
20
1.4411729921259842
11
1.9341735826771653
21
1.4393864173228346
0
LINE
8
BLACK
6
CONTINUOUS
10
1.9341735826771653
20
1.4393864173228346
11
1.9351627952755905
21
1.439271653543307
0
LINE
8
BLACK
6
CONTINUOUS
10
1.9351627952755905
20
1.439271653543307
11
1.9986954330708662
21
1.4392716929133857
0
LINE
8
BLACK
6
CONTINUOUS
10
1.9986954330708662
20
1.4392716929133857
11
1.9996846850393701
21
1.4393864173228346
0
LINE
8
BLACK
6
CONTINUOUS
10
1.9996846850393701
20
1.4393864173228346
11
2.0037309055118109
21
1.4411729921259842
0
LINE
8
BLACK
6
CONTINUOUS
10
2.0037309055118109
20
1.4411729921259842
11
2.0068585039370079
21
1.444300590551181
0
LINE
8
BLACK
6
CONTINUOUS
10
2.0068585039370079
20
1.444300590551181
11
2.0086450787401575
21
1.4483468110236219
0
LINE
8
BLACK
6
CONTINUOUS
10
2.0086450787401575
20
1.4483468110236219
11
2.0087598425196851
21
1.4493360236220472
0
LINE
8
BLACK
6
CONTINUOUS
10
2.0087598425196851
20
1.4493360236220472
11
2.0087598031496063
21
1.5128686614173228
0
LINE
8
BLACK
6
CONTINUOUS
10
2.0087598031496063
20
1.5128686614173228
11
2.0087597637795276
21
1.5128688976377953
0
LINE
8
BLACK
6
CONTINUOUS
10
2.0087597637795276
20
1.5128688976377953
11
2.0086450787401575
21
1.5138579133858268
0
LINE
8
BLACK
6
CONTINUOUS
10
2.0086450787401575
20
1.5138579133858268
11
2.0068585039370079
21
1.5179041338582677
0
LINE
8
BLACK
6
CONTINUOUS
10
2.0068585039370079
20
1.5179041338582677
11
2.0037309055118109
21
1.5210317322834646
0
LINE
8
BLACK
6
CONTINUOUS
10
2.0037309055118109
20
1.5210317322834646
11
1.9996846850393701
21
1.5228183070866141
0
LINE
8
BLACK
6
CONTINUOUS
10
1.9996846850393701
20
1.5228183070866141
11
1.9996846456692914
21
1.5228183464566929
0
LINE
8
BLACK
6
CONTINUOUS
10
1.9996846456692914
20
1.5228183464566929
11
1.9996845669291339
21
1.5228183464566929
0
LINE
8
BLACK
6
CONTINUOUS
10
1.9996845669291339
20
1.5228183464566929
11
1.998695590551181
21
1.5229330708661417
0
LINE
8
BLACK
6
CONTINUOUS
10
1.998695590551181
20
1.5229330708661417
11
1.9351629527559056
21
1.5229330708661417
0
LINE
8
BLACK
6
CONTINUOUS
10
1.9351629527559056
20
1.5229330708661417
11
1.9351628346456693
21
1.522933031496063
0
LINE
8
BLACK
6
CONTINUOUS
10
1.9351628346456693
20
1.522933031496063
11
1.9341735826771653
21
1.5228183464566929
0
LINE
8
BLACK
6
CONTINUOUS
10
1.9341735826771653
20
1.5228183464566929
11
1.9301273622047244
21
1.5210317322834646
0
LINE
8
BLACK
6
CONTINUOUS
10
1.9301273622047244
20
1.5210317322834646
11
1.9269997637795275
21
1.5179041338582677
0
LINE
8
BLACK
6
CONTINUOUS
10
1.9269997637795275
20
1.5179041338582677
11
1.9252131496062992
21
1.5138578346456693
0
LINE
8
BLACK
6
CONTINUOUS
10
1.9252131496062992
20
1.5138578346456693
11
1.9250984251968504
21
1.5128688976377953
0
LINE
8
BLACK
6
CONTINUOUS
10
1.9250984251968504
20
1.5128688976377953
11
1.9250984251968504
21
1.4493362204724409
0
LINE
8
BLACK
6
CONTINUOUS
10
2.0250984251968505
20
1.4493362204724409
11
2.0250984645669292
21
1.4493361023622047
0
LINE
8
BLACK
6
CONTINUOUS
10
2.0250984645669292
20
1.4493361023622047
11
2.0252131496062993
21
1.4483468503937007
0
LINE
8
BLACK
6
CONTINUOUS
10
2.0252131496062993
20
1.4483468503937007
11
2.0262108661417324
21
1.4460872047244093
0
LINE
8
BLACK
6
CONTINUOUS
10
2.0262108661417324
20
1.4460872047244093
11
2.0269997637795276
21
1.444300590551181
0
LINE
8
BLACK
6
CONTINUOUS
10
2.0269997637795276
20
1.444300590551181
11
2.0301273622047242
21
1.4411729921259842
0
LINE
8
BLACK
6
CONTINUOUS
10
2.0301273622047242
20
1.4411729921259842
11
2.0341735826771652
21
1.4393864173228346
0
LINE
8
BLACK
6
CONTINUOUS
10
2.0341735826771652
20
1.4393864173228346
11
2.0351627952755904
21
1.439271653543307
0
LINE
8
BLACK
6
CONTINUOUS
10
2.0351627952755904
20
1.439271653543307
11
2.098695433070866
21
1.4392716929133857
0
LINE
8
BLACK
6
CONTINUOUS
10
2.098695433070866
20
1.4392716929133857
11
2.09968468503937
21
1.4393864173228346
0
LINE
8
BLACK
6
CONTINUOUS
10
2.09968468503937
20
1.4393864173228346
11
2.103730905511811
21
1.4411729921259842
0
LINE
8
BLACK
6
CONTINUOUS
10
2.103730905511811
20
1.4411729921259842
11
2.106858503937008
21
1.444300590551181
0
LINE
8
BLACK
6
CONTINUOUS
10
2.106858503937008
20
1.444300590551181
11
2.1086450787401576
21
1.4483468110236219
0
LINE
8
BLACK
6
CONTINUOUS
10
2.1086450787401576
20
1.4483468110236219
11
2.1087598425196852
21
1.4493360236220472
0
LINE
8
BLACK
6
CONTINUOUS
10
2.1087598425196852
20
1.4493360236220472
11
2.1087598031496064
21
1.5128686614173228
0
LINE
8
BLACK
6
CONTINUOUS
10
2.1087598031496064
20
1.5128686614173228
11
2.1086450787401576
21
1.5138579133858268
0
LINE
8
BLACK
6
CONTINUOUS
10
2.1086450787401576
20
1.5138579133858268
11
2.106858503937008
21
1.5179041338582677
0
LINE
8
BLACK
6
CONTINUOUS
10
2.106858503937008
20
1.5179041338582677
11
2.103730905511811
21
1.5210317322834646
0
LINE
8
BLACK
6
CONTINUOUS
10
2.103730905511811
20
1.5210317322834646
11
2.09968468503937
21
1.5228183070866141
0
LINE
8
BLACK
6
CONTINUOUS
10
2.09968468503937
20
1.5228183070866141
11
2.0996846456692912
21
1.5228183464566929
0
LINE
8
BLACK
6
CONTINUOUS
10
2.0996846456692912
20
1.5228183464566929
11
2.0996845669291337
21
1.5228183464566929
0
LINE
8
BLACK
6
CONTINUOUS
10
2.0996845669291337
20
1.5228183464566929
11
2.098695590551181
21
1.5229330708661417
0
LINE
8
BLACK
6
CONTINUOUS
10
2.098695590551181
20
1.5229330708661417
11
2.0351629527559054
21
1.5229330708661417
0
LINE
8
BLACK
6
CONTINUOUS
10
2.0351629527559054
20
1.5229330708661417
11
2.0351628346456692
21
1.522933031496063
0
LINE
8
BLACK
6
CONTINUOUS
10
2.0351628346456692
20
1.522933031496063
11
2.0341735826771652
21
1.5228183464566929
0
LINE
8
BLACK
6
CONTINUOUS
10
2.0341735826771652
20
1.5228183464566929
11
2.0301273622047242
21
1.5210317322834646
0
LINE
8
BLACK
6
CONTINUOUS
10
2.0301273622047242
20
1.5210317322834646
11
2.0269997637795276
21
1.5179041338582677
0
LINE
8
BLACK
6
CONTINUOUS
10
2.0269997637795276
20
1.5179041338582677
11
2.0252131496062993
21
1.5138578346456693
0
LINE
8
BLACK
6
CONTINUOUS
10
2.0252131496062993
20
1.5138578346456693
11
2.0250984251968505
21
1.5128688976377953
0
LINE
8
BLACK
6
CONTINUOUS
10
2.0250984251968505
20
1.5128688976377953
11
2.0250984251968505
21
1.4493362204724409
0
LINE
8
BLACK
6
CONTINUOUS
10
0.2928149606299212
20
1.5477614173228347
11
0.292815
21
1.5477612992125984
0
LINE
8
BLACK
6
CONTINUOUS
10
0.292815
20
1.5477612992125984
11
0.2929296850393701
21
1.5467720472440945
0
LINE
8
BLACK
6
CONTINUOUS
10
0.2929296850393701
20
1.5467720472440945
11
0.2939274015748031
21
1.5445124015748031
0
LINE
8
BLACK
6
CONTINUOUS
10
0.2939274015748031
20
1.5445124015748031
11
0.2947162992125984
21
1.5427257874015747
0
LINE
8
BLACK
6
CONTINUOUS
10
0.2947162992125984
20
1.5427257874015747
11
0.2978438976377953
21
1.5395981889763779
0
LINE
8
BLACK
6
CONTINUOUS
10
0.2978438976377953
20
1.5395981889763779
11
0.3018901181102362
21
1.5378116141732283
0
LINE
8
BLACK
6
CONTINUOUS
10
0.3018901181102362
20
1.5378116141732283
11
0.3028793307086614
21
1.5376968503937007
0
LINE
8
BLACK
6
CONTINUOUS
10
0.3028793307086614
20
1.5376968503937007
11
0.366411968503937
21
1.5376968897637795
0
LINE
8
BLACK
6
CONTINUOUS
10
0.366411968503937
20
1.5376968897637795
11
0.3674012204724409
21
1.5378116141732283
0
LINE
8
BLACK
6
CONTINUOUS
10
0.3674012204724409
20
1.5378116141732283
11
0.3714474409448819
21
1.5395981889763779
0
LINE
8
BLACK
6
CONTINUOUS
10
0.3714474409448819
20
1.5395981889763779
11
0.3745750393700787
21
1.5427257874015747
0
LINE
8
BLACK
6
CONTINUOUS
10
0.3745750393700787
20
1.5427257874015747
11
0.3763616141732283
21
1.5467720078740157
0
LINE
8
BLACK
6
CONTINUOUS
10
0.3763616141732283
20
1.5467720078740157
11
0.3764763779527559
21
1.5477612204724409
0
LINE
8
BLACK
6
CONTINUOUS
10
0.3764763779527559
20
1.5477612204724409
11
0.3764763385826772
21
1.6112938582677165
0
LINE
8
BLACK
6
CONTINUOUS
10
0.3764763385826772
20
1.6112938582677165
11
0.3764762992125984
21
1.6112940944881888
0
LINE
8
BLACK
6
CONTINUOUS
10
0.3764762992125984
20
1.6112940944881888
11
0.3763616141732283
21
1.6122831102362205
0
LINE
8
BLACK
6
CONTINUOUS
10
0.3763616141732283
20
1.6122831102362205
11
0.3745750393700787
21
1.6163293307086615
0
LINE
8
BLACK
6
CONTINUOUS
10
0.3745750393700787
20
1.6163293307086615
11
0.3714474409448819
21
1.6194569291338583
0
LINE
8
BLACK
6
CONTINUOUS
10
0.3714474409448819
20
1.6194569291338583
11
0.3674012204724409
21
1.6212435039370079
0
LINE
8
BLACK
6
CONTINUOUS
10
0.3674012204724409
20
1.6212435039370079
11
0.3674011811023622
21
1.6212435433070866
0
LINE
8
BLACK
6
CONTINUOUS
10
0.3674011811023622
20
1.6212435433070866
11
0.3674011023622047
21
1.6212435433070866
0
LINE
8
BLACK
6
CONTINUOUS
10
0.3674011023622047
20
1.6212435433070866
11
0.3664121259842519
21
1.6213582677165355
0
LINE
8
BLACK
6
CONTINUOUS
10
0.3664121259842519
20
1.6213582677165355
11
0.3028794881889764
21
1.6213582677165355
0
LINE
8
BLACK
6
CONTINUOUS
10
0.3028794881889764
20
1.6213582677165355
11
0.3028793700787402
21
1.6213582283464567
0
LINE
8
BLACK
6
CONTINUOUS
10
0.3028793700787402
20
1.6213582283464567
11
0.3018901181102362
21
1.6212435433070866
0
LINE
8
BLACK
6
CONTINUOUS
10
0.3018901181102362
20
1.6212435433070866
11
0.2978438976377953
21
1.6194569291338583
0
LINE
8
BLACK
6
CONTINUOUS
10
0.2978438976377953
20
1.6194569291338583
11
0.2947162992125984
21
1.6163293307086615
0
LINE
8
BLACK
6
CONTINUOUS
10
0.2947162992125984
20
1.6163293307086615
11
0.2929296850393701
21
1.612283031496063
0
LINE
8
BLACK
6
CONTINUOUS
10
0.2929296850393701
20
1.612283031496063
11
0.2928149606299212
21
1.6112940944881888
0
LINE
8
BLACK
6
CONTINUOUS
10
0.2928149606299212
20
1.6112940944881888
11
0.2928149606299212
21
1.5477614173228347
0
LINE
8
BLACK
6
CONTINUOUS
10
0.3928149606299213
20
1.5477614173228347
11
0.392815
21
1.5477612992125984
0
LINE
8
BLACK
6
CONTINUOUS
10
0.392815
20
1.5477612992125984
11
0.3929296850393701
21
1.5467720472440945
0
LINE
8
BLACK
6
CONTINUOUS
10
0.3929296850393701
20
1.5467720472440945
11
0.3939274015748032
21
1.5445124015748031
0
LINE
8
BLACK
6
CONTINUOUS
10
0.3939274015748032
20
1.5445124015748031
11
0.3947162992125984
21
1.5427257874015747
0
LINE
8
BLACK
6
CONTINUOUS
10
0.3947162992125984
20
1.5427257874015747
11
0.3978438976377953
21
1.5395981889763779
0
LINE
8
BLACK
6
CONTINUOUS
10
0.3978438976377953
20
1.5395981889763779
11
0.4018901181102362
21
1.5378116141732283
0
LINE
8
BLACK
6
CONTINUOUS
10
0.4018901181102362
20
1.5378116141732283
11
0.4028793307086614
21
1.5376968503937007
0
LINE
8
BLACK
6
CONTINUOUS
10
0.4028793307086614
20
1.5376968503937007
11
0.466411968503937
21
1.5376968897637795
0
LINE
8
BLACK
6
CONTINUOUS
10
0.466411968503937
20
1.5376968897637795
11
0.4674012204724409
21
1.5378116141732283
0
LINE
8
BLACK
6
CONTINUOUS
10
0.4674012204724409
20
1.5378116141732283
11
0.4714474409448819
21
1.5395981889763779
0
LINE
8
BLACK
6
CONTINUOUS
10
0.4714474409448819
20
1.5395981889763779
11
0.4745750393700787
21
1.5427257874015747
0
LINE
8
BLACK
6
CONTINUOUS
10
0.4745750393700787
20
1.5427257874015747
11
0.4763616141732283
21
1.5467720078740157
0
LINE
8
BLACK
6
CONTINUOUS
10
0.4763616141732283
20
1.5467720078740157
11
0.4764763779527559
21
1.5477612204724409
0
LINE
8
BLACK
6
CONTINUOUS
10
0.4764763779527559
20
1.5477612204724409
11
0.4764763385826771
21
1.6112938582677165
0
LINE
8
BLACK
6
CONTINUOUS
10
0.4764763385826771
20
1.6112938582677165
11
0.4763616141732283
21
1.6122831102362205
0
LINE
8
BLACK
6
CONTINUOUS
10
0.4763616141732283
20
1.6122831102362205
11
0.4745750393700787
21
1.6163293307086615
0
LINE
8
BLACK
6
CONTINUOUS
10
0.4745750393700787
20
1.6163293307086615
11
0.4714474409448819
21
1.6194569291338583
0
LINE
8
BLACK
6
CONTINUOUS
10
0.4714474409448819
20
1.6194569291338583
11
0.4674012204724409
21
1.6212435039370079
0
LINE
8
BLACK
6
CONTINUOUS
10
0.4674012204724409
20
1.6212435039370079
11
0.4674011811023622
21
1.6212435433070866
0
LINE
8
BLACK
6
CONTINUOUS
10
0.4674011811023622
20
1.6212435433070866
11
0.4674011023622047
21
1.6212435433070866
0
LINE
8
BLACK
6
CONTINUOUS
10
0.4674011023622047
20
1.6212435433070866
11
0.466412125984252
21
1.6213582677165355
0
LINE
8
BLACK
6
CONTINUOUS
10
0.466412125984252
20
1.6213582677165355
11
0.4028794881889763
21
1.6213582677165355
0
LINE
8
BLACK
6
CONTINUOUS
10
0.4028794881889763
20
1.6213582677165355
11
0.4028793700787401
21
1.6213582283464567
0
LINE
8
BLACK
6
CONTINUOUS
10
0.4028793700787401
20
1.6213582283464567
11
0.4018901181102362
21
1.6212435433070866
0
LINE
8
BLACK
6
CONTINUOUS
10
0.4018901181102362
20
1.6212435433070866
11
0.3978438976377953
21
1.6194569291338583
0
LINE
8
BLACK
6
CONTINUOUS
10
0.3978438976377953
20
1.6194569291338583
11
0.3947162992125984
21
1.6163293307086615
0
LINE
8
BLACK
6
CONTINUOUS
10
0.3947162992125984
20
1.6163293307086615
11
0.3929296850393701
21
1.612283031496063
0
LINE
8
BLACK
6
CONTINUOUS
10
0.3929296850393701
20
1.612283031496063
11
0.3928149606299213
21
1.6112940944881888
0
LINE
8
BLACK
6
CONTINUOUS
10
0.3928149606299213
20
1.6112940944881888
11
0.3928149606299213
21
1.5477614173228347
0
LINE
8
BLACK
6
CONTINUOUS
10
1.9250984251968504
20
1.549336220472441
11
1.9250984645669291
21
1.5493361023622048
0
LINE
8
BLACK
6
CONTINUOUS
10
1.9250984645669291
20
1.5493361023622048
11
1.9252131496062992
21
1.5483468503937008
0
LINE
8
BLACK
6
CONTINUOUS
10
1.9252131496062992
20
1.5483468503937008
11
1.9261217322834645
21
1.5462891338582676
0
LINE
8
BLACK
6
CONTINUOUS
10
1.9261217322834645
20
1.5462891338582676
11
1.9269997637795275
21
1.5443005905511811
0
LINE
8
BLACK
6
CONTINUOUS
10
1.9269997637795275
20
1.5443005905511811
11
1.9301273622047244
21
1.5411729921259842
0
LINE
8
BLACK
6
CONTINUOUS
10
1.9301273622047244
20
1.5411729921259842
11
1.9341735826771653
21
1.5393864173228347
0
LINE
8
BLACK
6
CONTINUOUS
10
1.9341735826771653
20
1.5393864173228347
11
1.9351627952755905
21
1.5392716535433071
0
LINE
8
BLACK
6
CONTINUOUS
10
1.9351627952755905
20
1.5392716535433071
11
1.9986954330708662
21
1.5392716929133858
0
LINE
8
BLACK
6
CONTINUOUS
10
1.9986954330708662
20
1.5392716929133858
11
1.9996846850393701
21
1.5393864173228347
0
LINE
8
BLACK
6
CONTINUOUS
10
1.9996846850393701
20
1.5393864173228347
11
2.0037309055118109
21
1.5411729921259842
0
LINE
8
BLACK
6
CONTINUOUS
10
2.0037309055118109
20
1.5411729921259842
11
2.0068585039370079
21
1.5443005905511811
0
LINE
8
BLACK
6
CONTINUOUS
10
2.0068585039370079
20
1.5443005905511811
11
2.0086450787401575
21
1.548346811023622
0
LINE
8
BLACK
6
CONTINUOUS
10
2.0086450787401575
20
1.548346811023622
11
2.0087598425196851
21
1.5493360236220473
0
LINE
8
BLACK
6
CONTINUOUS
10
2.0087598425196851
20
1.5493360236220473
11
2.0087598031496063
21
1.6128686614173229
0
LINE
8
BLACK
6
CONTINUOUS
10
2.0087598031496063
20
1.6128686614173229
11
2.0087597637795276
21
1.6128688976377952
0
LINE
8
BLACK
6
CONTINUOUS
10
2.0087597637795276
20
1.6128688976377952
11
2.0086450787401575
21
1.6138579133858266
0
LINE
8
BLACK
6
CONTINUOUS
10
2.0086450787401575
20
1.6138579133858266
11
2.0068585039370079
21
1.6179041338582676
0
LINE
8
BLACK
6
CONTINUOUS
10
2.0068585039370079
20
1.6179041338582676
11
2.0037309055118109
21
1.6210317322834644
0
LINE
8
BLACK
6
CONTINUOUS
10
2.0037309055118109
20
1.6210317322834644
11
1.9996846850393701
21
1.6228183070866142
0
LINE
8
BLACK
6
CONTINUOUS
10
1.9996846850393701
20
1.6228183070866142
11
1.9996846456692914
21
1.622818346456693
0
LINE
8
BLACK
6
CONTINUOUS
10
1.9996846456692914
20
1.622818346456693
11
1.9996845669291339
21
1.622818346456693
0
LINE
8
BLACK
6
CONTINUOUS
10
1.9996845669291339
20
1.622818346456693
11
1.998695590551181
21
1.6229330708661418
0
LINE
8
BLACK
6
CONTINUOUS
10
1.998695590551181
20
1.6229330708661418
11
1.9351629527559056
21
1.6229330708661418
0
LINE
8
BLACK
6
CONTINUOUS
10
1.9351629527559056
20
1.6229330708661418
11
1.9351628346456693
21
1.622933031496063
0
LINE
8
BLACK
6
CONTINUOUS
10
1.9351628346456693
20
1.622933031496063
11
1.9341735826771653
21
1.622818346456693
0
LINE
8
BLACK
6
CONTINUOUS
10
1.9341735826771653
20
1.622818346456693
11
1.9301273622047244
21
1.6210317322834644
0
LINE
8
BLACK
6
CONTINUOUS
10
1.9301273622047244
20
1.6210317322834644
11
1.9269997637795275
21
1.6179041338582676
0
LINE
8
BLACK
6
CONTINUOUS
10
1.9269997637795275
20
1.6179041338582676
11
1.9252131496062992
21
1.6138578346456693
0
LINE
8
BLACK
6
CONTINUOUS
10
1.9252131496062992
20
1.6138578346456693
11
1.9250984251968504
21
1.6128688976377952
0
LINE
8
BLACK
6
CONTINUOUS
10
1.9250984251968504
20
1.6128688976377952
11
1.9250984251968504
21
1.549336220472441
0
LINE
8
BLACK
6
CONTINUOUS
10
2.0250984251968505
20
1.549336220472441
11
2.0250984645669292
21
1.5493361023622048
0
LINE
8
BLACK
6
CONTINUOUS
10
2.0250984645669292
20
1.5493361023622048
11
2.0252131496062993
21
1.5483468503937008
0
LINE
8
BLACK
6
CONTINUOUS
10
2.0252131496062993
20
1.5483468503937008
11
2.0261217322834644
21
1.5462891338582676
0
LINE
8
BLACK
6
CONTINUOUS
10
2.0261217322834644
20
1.5462891338582676
11
2.0269997637795276
21
1.5443005905511811
0
LINE
8
BLACK
6
CONTINUOUS
10
2.0269997637795276
20
1.5443005905511811
11
2.0301273622047242
21
1.5411729921259842
0
LINE
8
BLACK
6
CONTINUOUS
10
2.0301273622047242
20
1.5411729921259842
11
2.0341735826771652
21
1.5393864173228347
0
LINE
8
BLACK
6
CONTINUOUS
10
2.0341735826771652
20
1.5393864173228347
11
2.0351627952755904
21
1.5392716535433071
0
LINE
8
BLACK
6
CONTINUOUS
10
2.0351627952755904
20
1.5392716535433071
11
2.098695433070866
21
1.5392716929133858
0
LINE
8
BLACK
6
CONTINUOUS
10
2.098695433070866
20
1.5392716929133858
11
2.09968468503937
21
1.5393864173228347
0
LINE
8
BLACK
6
CONTINUOUS
10
2.09968468503937
20
1.5393864173228347
11
2.103730905511811
21
1.5411729921259842
0
LINE
8
BLACK
6
CONTINUOUS
10
2.103730905511811
20
1.5411729921259842
11
2.106858503937008
21
1.5443005905511811
0
LINE
8
BLACK
6
CONTINUOUS
10
2.106858503937008
20
1.5443005905511811
11
2.1086450787401576
21
1.548346811023622
0
LINE
8
BLACK
6
CONTINUOUS
10
2.1086450787401576
20
1.548346811023622
11
2.1087598425196852
21
1.5493360236220473
0
LINE
8
BLACK
6
CONTINUOUS
10
2.1087598425196852
20
1.5493360236220473
11
2.1087598031496064
21
1.6128686614173229
0
LINE
8
BLACK
6
CONTINUOUS
10
2.1087598031496064
20
1.6128686614173229
11
2.1086450787401576
21
1.6138579133858266
0
LINE
8
BLACK
6
CONTINUOUS
10
2.1086450787401576
20
1.6138579133858266
11
2.106858503937008
21
1.6179041338582676
0
LINE
8
BLACK
6
CONTINUOUS
10
2.106858503937008
20
1.6179041338582676
11
2.103730905511811
21
1.6210317322834644
0
LINE
8
BLACK
6
CONTINUOUS
10
2.103730905511811
20
1.6210317322834644
11
2.09968468503937
21
1.6228183070866142
0
LINE
8
BLACK
6
CONTINUOUS
10
2.09968468503937
20
1.6228183070866142
11
2.0996846456692912
21
1.622818346456693
0
LINE
8
BLACK
6
CONTINUOUS
10
2.0996846456692912
20
1.622818346456693
11
2.0996845669291337
21
1.622818346456693
0
LINE
8
BLACK
6
CONTINUOUS
10
2.0996845669291337
20
1.622818346456693
11
2.098695590551181
21
1.6229330708661418
0
LINE
8
BLACK
6
CONTINUOUS
10
2.098695590551181
20
1.6229330708661418
11
2.0351629527559054
21
1.6229330708661418
0
LINE
8
BLACK
6
CONTINUOUS
10
2.0351629527559054
20
1.6229330708661418
11
2.0351628346456692
21
1.622933031496063
0
LINE
8
BLACK
6
CONTINUOUS
10
2.0351628346456692
20
1.622933031496063
11
2.0341735826771652
21
1.622818346456693
0
LINE
8
BLACK
6
CONTINUOUS
10
2.0341735826771652
20
1.622818346456693
11
2.0301273622047242
21
1.6210317322834644
0
LINE
8
BLACK
6
CONTINUOUS
10
2.0301273622047242
20
1.6210317322834644
11
2.0269997637795276
21
1.6179041338582676
0
LINE
8
BLACK
6
CONTINUOUS
10
2.0269997637795276
20
1.6179041338582676
11
2.0252131496062993
21
1.6138578346456693
0
LINE
8
BLACK
6
CONTINUOUS
10
2.0252131496062993
20
1.6138578346456693
11
2.0250984251968505
21
1.6128688976377952
0
LINE
8
BLACK
6
CONTINUOUS
10
2.0250984251968505
20
1.6128688976377952
11
2.0250984251968505
21
1.549336220472441
0
LINE
8
BLACK
6
CONTINUOUS
10
0.2928149606299212
20
1.6477614173228345
11
0.292815
21
1.6477612992125983
0
LINE
8
BLACK
6
CONTINUOUS
10
0.292815
20
1.6477612992125983
11
0.2929296850393701
21
1.6467720472440945
0
LINE
8
BLACK
6
CONTINUOUS
10
0.2929296850393701
20
1.6467720472440945
11
0.2939274015748031
21
1.6445124015748032
0
LINE
8
BLACK
6
CONTINUOUS
10
0.2939274015748031
20
1.6445124015748032
11
0.2947162992125984
21
1.6427257874015748
0
LINE
8
BLACK
6
CONTINUOUS
10
0.2947162992125984
20
1.6427257874015748
11
0.2978438976377953
21
1.639598188976378
0
LINE
8
BLACK
6
CONTINUOUS
10
0.2978438976377953
20
1.639598188976378
11
0.3018901181102362
21
1.6378116141732284
0
LINE
8
BLACK
6
CONTINUOUS
10
0.3018901181102362
20
1.6378116141732284
11
0.3028793307086614
21
1.6376968503937008
0
LINE
8
BLACK
6
CONTINUOUS
10
0.3028793307086614
20
1.6376968503937008
11
0.366411968503937
21
1.6376968897637796
0
LINE
8
BLACK
6
CONTINUOUS
10
0.366411968503937
20
1.6376968897637796
11
0.3674012204724409
21
1.6378116141732284
0
LINE
8
BLACK
6
CONTINUOUS
10
0.3674012204724409
20
1.6378116141732284
11
0.3714474409448819
21
1.639598188976378
0
LINE
8
BLACK
6
CONTINUOUS
10
0.3714474409448819
20
1.639598188976378
11
0.3745750393700787
21
1.6427257874015748
0
LINE
8
BLACK
6
CONTINUOUS
10
0.3745750393700787
20
1.6427257874015748
11
0.3763616141732283
21
1.6467720078740158
0
LINE
8
BLACK
6
CONTINUOUS
10
0.3763616141732283
20
1.6467720078740158
11
0.3764763779527559
21
1.647761220472441
0
LINE
8
BLACK
6
CONTINUOUS
10
0.3764763779527559
20
1.647761220472441
11
0.3764763385826772
21
1.7112938582677164
0
LINE
8
BLACK
6
CONTINUOUS
10
0.3764763385826772
20
1.7112938582677164
11
0.3764762992125984
21
1.7112940944881889
0
LINE
8
BLACK
6
CONTINUOUS
10
0.3764762992125984
20
1.7112940944881889
11
0.3763616141732283
21
1.7122831102362204
0
LINE
8
BLACK
6
CONTINUOUS
10
0.3763616141732283
20
1.7122831102362204
11
0.3745750393700787
21
1.7163293307086613
0
LINE
8
BLACK
6
CONTINUOUS
10
0.3745750393700787
20
1.7163293307086613
11
0.3714474409448819
21
1.7194569291338582
0
LINE
8
BLACK
6
CONTINUOUS
10
0.3714474409448819
20
1.7194569291338582
11
0.3674012204724409
21
1.7212435039370078
0
LINE
8
BLACK
6
CONTINUOUS
10
0.3674012204724409
20
1.7212435039370078
11
0.3674011811023622
21
1.7212435433070865
0
LINE
8
BLACK
6
CONTINUOUS
10
0.3674011811023622
20
1.7212435433070865
11
0.3674011023622047
21
1.7212435433070865
0
LINE
8
BLACK
6
CONTINUOUS
10
0.3674011023622047
20
1.7212435433070865
11
0.3664121259842519
21
1.7213582677165353
0
LINE
8
BLACK
6
CONTINUOUS
10
0.3664121259842519
20
1.7213582677165353
11
0.3028794881889764
21
1.7213582677165353
0
LINE
8
BLACK
6
CONTINUOUS
10
0.3028794881889764
20
1.7213582677165353
11
0.3028793700787402
21
1.7213582283464566
0
LINE
8
BLACK
6
CONTINUOUS
10
0.3028793700787402
20
1.7213582283464566
11
0.3018901181102362
21
1.7212435433070865
0
LINE
8
BLACK
6
CONTINUOUS
10
0.3018901181102362
20
1.7212435433070865
11
0.2978438976377953
21
1.7194569291338582
0
LINE
8
BLACK
6
CONTINUOUS
10
0.2978438976377953
20
1.7194569291338582
11
0.2947162992125984
21
1.7163293307086613
0
LINE
8
BLACK
6
CONTINUOUS
10
0.2947162992125984
20
1.7163293307086613
11
0.2929296850393701
21
1.7122830314960629
0
LINE
8
BLACK
6
CONTINUOUS
10
0.2929296850393701
20
1.7122830314960629
11
0.2928149606299212
21
1.7112940944881889
0
LINE
8
BLACK
6
CONTINUOUS
10
0.2928149606299212
20
1.7112940944881889
11
0.2928149606299212
21
1.6477614173228345
0
LINE
8
BLACK
6
CONTINUOUS
10
0.3928149606299213
20
1.6477614173228345
11
0.392815
21
1.6477612992125983
0
LINE
8
BLACK
6
CONTINUOUS
10
0.392815
20
1.6477612992125983
11
0.3929296850393701
21
1.6467720472440945
0
LINE
8
BLACK
6
CONTINUOUS
10
0.3929296850393701
20
1.6467720472440945
11
0.3939274015748032
21
1.6445124015748032
0
LINE
8
BLACK
6
CONTINUOUS
10
0.3939274015748032
20
1.6445124015748032
11
0.3947162992125984
21
1.6427257874015748
0
LINE
8
BLACK
6
CONTINUOUS
10
0.3947162992125984
20
1.6427257874015748
11
0.3978438976377953
21
1.639598188976378
0
LINE
8
BLACK
6
CONTINUOUS
10
0.3978438976377953
20
1.639598188976378
11
0.4018901181102362
21
1.6378116141732284
0
LINE
8
BLACK
6
CONTINUOUS
10
0.4018901181102362
20
1.6378116141732284
11
0.4028793307086614
21
1.6376968503937008
0
LINE
8
BLACK
6
CONTINUOUS
10
0.4028793307086614
20
1.6376968503937008
11
0.466411968503937
21
1.6376968897637796
0
LINE
8
BLACK
6
CONTINUOUS
10
0.466411968503937
20
1.6376968897637796
11
0.4674012204724409
21
1.6378116141732284
0
LINE
8
BLACK
6
CONTINUOUS
10
0.4674012204724409
20
1.6378116141732284
11
0.4714474409448819
21
1.639598188976378
0
LINE
8
BLACK
6
CONTINUOUS
10
0.4714474409448819
20
1.639598188976378
11
0.4745750393700787
21
1.6427257874015748
0
LINE
8
BLACK
6
CONTINUOUS
10
0.4745750393700787
20
1.6427257874015748
11
0.4763616141732283
21
1.6467720078740158
0
LINE
8
BLACK
6
CONTINUOUS
10
0.4763616141732283
20
1.6467720078740158
11
0.4764763779527559
21
1.647761220472441
0
LINE
8
BLACK
6
CONTINUOUS
10
0.4764763779527559
20
1.647761220472441
11
0.4764763385826771
21
1.7112938582677164
0
LINE
8
BLACK
6
CONTINUOUS
10
0.4764763385826771
20
1.7112938582677164
11
0.4763616141732283
21
1.7122831102362204
0
LINE
8
BLACK
6
CONTINUOUS
10
0.4763616141732283
20
1.7122831102362204
11
0.4745750393700787
21
1.7163293307086613
0
LINE
8
BLACK
6
CONTINUOUS
10
0.4745750393700787
20
1.7163293307086613
11
0.4714474409448819
21
1.7194569291338582
0
LINE
8
BLACK
6
CONTINUOUS
10
0.4714474409448819
20
1.7194569291338582
11
0.4674012204724409
21
1.7212435039370078
0
LINE
8
BLACK
6
CONTINUOUS
10
0.4674012204724409
20
1.7212435039370078
11
0.4674011811023622
21
1.7212435433070865
0
LINE
8
BLACK
6
CONTINUOUS
10
0.4674011811023622
20
1.7212435433070865
11
0.4674011023622047
21
1.7212435433070865
0
LINE
8
BLACK
6
CONTINUOUS
10
0.4674011023622047
20
1.7212435433070865
11
0.466412125984252
21
1.7213582677165353
0
LINE
8
BLACK
6
CONTINUOUS
10
0.466412125984252
20
1.7213582677165353
11
0.4028794881889763
21
1.7213582677165353
0
LINE
8
BLACK
6
CONTINUOUS
10
0.4028794881889763
20
1.7213582677165353
11
0.4028793700787401
21
1.7213582283464566
0
LINE
8
BLACK
6
CONTINUOUS
10
0.4028793700787401
20
1.7213582283464566
11
0.4018901181102362
21
1.7212435433070865
0
LINE
8
BLACK
6
CONTINUOUS
10
0.4018901181102362
20
1.7212435433070865
11
0.3978438976377953
21
1.7194569291338582
0
LINE
8
BLACK
6
CONTINUOUS
10
0.3978438976377953
20
1.7194569291338582
11
0.3947162992125984
21
1.7163293307086613
0
LINE
8
BLACK
6
CONTINUOUS
10
0.3947162992125984
20
1.7163293307086613
11
0.3929296850393701
21
1.7122830314960629
0
LINE
8
BLACK
6
CONTINUOUS
10
0.3929296850393701
20
1.7122830314960629
11
0.3928149606299213
21
1.7112940944881889
0
LINE
8
BLACK
6
CONTINUOUS
10
0.3928149606299213
20
1.7112940944881889
11
0.3928149606299213
21
1.6477614173228345
0
LINE
8
BLACK
6
CONTINUOUS
10
1.9250984251968504
20
1.6493362204724409
11
1.9250984645669291
21
1.6493361023622046
0
LINE
8
BLACK
6
CONTINUOUS
10
1.9250984645669291
20
1.6493361023622046
11
1.9252131496062992
21
1.6483468503937007
0
LINE
8
BLACK
6
CONTINUOUS
10
1.9252131496062992
20
1.6483468503937007
11
1.9262108661417323
21
1.6460872047244095
0
LINE
8
BLACK
6
CONTINUOUS
10
1.9262108661417323
20
1.6460872047244095
11
1.9269997637795275
21
1.6443005905511812
0
LINE
8
BLACK
6
CONTINUOUS
10
1.9269997637795275
20
1.6443005905511812
11
1.9301273622047244
21
1.6411729921259841
0
LINE
8
BLACK
6
CONTINUOUS
10
1.9301273622047244
20
1.6411729921259841
11
1.9341735826771653
21
1.6393864173228345
0
LINE
8
BLACK
6
CONTINUOUS
10
1.9341735826771653
20
1.6393864173228345
11
1.9351627952755905
21
1.639271653543307
0
LINE
8
BLACK
6
CONTINUOUS
10
1.9351627952755905
20
1.639271653543307
11
1.9986954330708662
21
1.6392716929133857
0
LINE
8
BLACK
6
CONTINUOUS
10
1.9986954330708662
20
1.6392716929133857
11
1.9996846850393701
21
1.6393864173228345
0
LINE
8
BLACK
6
CONTINUOUS
10
1.9996846850393701
20
1.6393864173228345
11
2.0037309055118109
21
1.6411729921259841
0
LINE
8
BLACK
6
CONTINUOUS
10
2.0037309055118109
20
1.6411729921259841
11
2.0068585039370079
21
1.6443005905511812
0
LINE
8
BLACK
6
CONTINUOUS
10
2.0068585039370079
20
1.6443005905511812
11
2.0086450787401575
21
1.6483468110236219
0
LINE
8
BLACK
6
CONTINUOUS
10
2.0086450787401575
20
1.6483468110236219
11
2.0087598425196851
21
1.6493360236220471
0
LINE
8
BLACK
6
CONTINUOUS
10
2.0087598425196851
20
1.6493360236220471
11
2.0087598031496063
21
1.7128686614173227
0
LINE
8
BLACK
6
CONTINUOUS
10
2.0087598031496063
20
1.7128686614173227
11
2.0087597637795276
21
1.7128688976377953
0
LINE
8
BLACK
6
CONTINUOUS
10
2.0087597637795276
20
1.7128688976377953
11
2.0086450787401575
21
1.7138579133858267
0
LINE
8
BLACK
6
CONTINUOUS
10
2.0086450787401575
20
1.7138579133858267
11
2.0068585039370079
21
1.7179041338582677
0
LINE
8
BLACK
6
CONTINUOUS
10
2.0068585039370079
20
1.7179041338582677
11
2.0037309055118109
21
1.7210317322834645
0
LINE
8
BLACK
6
CONTINUOUS
10
2.0037309055118109
20
1.7210317322834645
11
1.9996846850393701
21
1.7228183070866141
0
LINE
8
BLACK
6
CONTINUOUS
10
1.9996846850393701
20
1.7228183070866141
11
1.9996846456692914
21
1.7228183464566929
0
LINE
8
BLACK
6
CONTINUOUS
10
1.9996846456692914
20
1.7228183464566929
11
1.9996845669291339
21
1.7228183464566929
0
LINE
8
BLACK
6
CONTINUOUS
10
1.9996845669291339
20
1.7228183464566929
11
1.998695590551181
21
1.7229330708661417
0
LINE
8
BLACK
6
CONTINUOUS
10
1.998695590551181
20
1.7229330708661417
11
1.9351629527559056
21
1.7229330708661417
0
LINE
8
BLACK
6
CONTINUOUS
10
1.9351629527559056
20
1.7229330708661417
11
1.9351628346456693
21
1.7229330314960629
0
LINE
8
BLACK
6
CONTINUOUS
10
1.9351628346456693
20
1.7229330314960629
11
1.9341735826771653
21
1.7228183464566929
0
LINE
8
BLACK
6
CONTINUOUS
10
1.9341735826771653
20
1.7228183464566929
11
1.9301273622047244
21
1.7210317322834645
0
LINE
8
BLACK
6
CONTINUOUS
10
1.9301273622047244
20
1.7210317322834645
11
1.9269997637795275
21
1.7179041338582677
0
LINE
8
BLACK
6
CONTINUOUS
10
1.9269997637795275
20
1.7179041338582677
11
1.9252131496062992
21
1.7138578346456692
0
LINE
8
BLACK
6
CONTINUOUS
10
1.9252131496062992
20
1.7138578346456692
11
1.9250984251968504
21
1.7128688976377953
0
LINE
8
BLACK
6
CONTINUOUS
10
1.9250984251968504
20
1.7128688976377953
11
1.9250984251968504
21
1.6493362204724409
0
LINE
8
BLACK
6
CONTINUOUS
10
2.0250984251968505
20
1.6493362204724409
11
2.0250984645669292
21
1.6493361023622046
0
LINE
8
BLACK
6
CONTINUOUS
10
2.0250984645669292
20
1.6493361023622046
11
2.0252131496062993
21
1.6483468503937007
0
LINE
8
BLACK
6
CONTINUOUS
10
2.0252131496062993
20
1.6483468503937007
11
2.0262108661417324
21
1.6460872047244095
0
LINE
8
BLACK
6
CONTINUOUS
10
2.0262108661417324
20
1.6460872047244095
11
2.0269997637795276
21
1.6443005905511812
0
LINE
8
BLACK
6
CONTINUOUS
10
2.0269997637795276
20
1.6443005905511812
11
2.0301273622047242
21
1.6411729921259841
0
LINE
8
BLACK
6
CONTINUOUS
10
2.0301273622047242
20
1.6411729921259841
11
2.0341735826771652
21
1.6393864173228345
0
LINE
8
BLACK
6
CONTINUOUS
10
2.0341735826771652
20
1.6393864173228345
11
2.0351627952755904
21
1.639271653543307
0
LINE
8
BLACK
6
CONTINUOUS
10
2.0351627952755904
20
1.639271653543307
11
2.098695433070866
21
1.6392716929133857
0
LINE
8
BLACK
6
CONTINUOUS
10
2.098695433070866
20
1.6392716929133857
11
2.09968468503937
21
1.6393864173228345
0
LINE
8
BLACK
6
CONTINUOUS
10
2.09968468503937
20
1.6393864173228345
11
2.103730905511811
21
1.6411729921259841
0
LINE
8
BLACK
6
CONTINUOUS
10
2.103730905511811
20
1.6411729921259841
11
2.106858503937008
21
1.6443005905511812
0
LINE
8
BLACK
6
CONTINUOUS
10
2.106858503937008
20
1.6443005905511812
11
2.1086450787401576
21
1.6483468110236219
0
LINE
8
BLACK
6
CONTINUOUS
10
2.1086450787401576
20
1.6483468110236219
11
2.1087598425196852
21
1.6493360236220471
0
LINE
8
BLACK
6
CONTINUOUS
10
2.1087598425196852
20
1.6493360236220471
11
2.1087598031496064
21
1.7128686614173227
0
LINE
8
BLACK
6
CONTINUOUS
10
2.1087598031496064
20
1.7128686614173227
11
2.1086450787401576
21
1.7138579133858267
0
LINE
8
BLACK
6
CONTINUOUS
10
2.1086450787401576
20
1.7138579133858267
11
2.106858503937008
21
1.7179041338582677
0
LINE
8
BLACK
6
CONTINUOUS
10
2.106858503937008
20
1.7179041338582677
11
2.103730905511811
21
1.7210317322834645
0
LINE
8
BLACK
6
CONTINUOUS
10
2.103730905511811
20
1.7210317322834645
11
2.09968468503937
21
1.7228183070866141
0
LINE
8
BLACK
6
CONTINUOUS
10
2.09968468503937
20
1.7228183070866141
11
2.0996846456692912
21
1.7228183464566929
0
LINE
8
BLACK
6
CONTINUOUS
10
2.0996846456692912
20
1.7228183464566929
11
2.0996845669291337
21
1.7228183464566929
0
LINE
8
BLACK
6
CONTINUOUS
10
2.0996845669291337
20
1.7228183464566929
11
2.098695590551181
21
1.7229330708661417
0
LINE
8
BLACK
6
CONTINUOUS
10
2.098695590551181
20
1.7229330708661417
11
2.0351629527559054
21
1.7229330708661417
0
LINE
8
BLACK
6
CONTINUOUS
10
2.0351629527559054
20
1.7229330708661417
11
2.0351628346456692
21
1.7229330314960629
0
LINE
8
BLACK
6
CONTINUOUS
10
2.0351628346456692
20
1.7229330314960629
11
2.0341735826771652
21
1.7228183464566929
0
LINE
8
BLACK
6
CONTINUOUS
10
2.0341735826771652
20
1.7228183464566929
11
2.0301273622047242
21
1.7210317322834645
0
LINE
8
BLACK
6
CONTINUOUS
10
2.0301273622047242
20
1.7210317322834645
11
2.0269997637795276
21
1.7179041338582677
0
LINE
8
BLACK
6
CONTINUOUS
10
2.0269997637795276
20
1.7179041338582677
11
2.0252131496062993
21
1.7138578346456692
0
LINE
8
BLACK
6
CONTINUOUS
10
2.0252131496062993
20
1.7138578346456692
11
2.0250984251968505
21
1.7128688976377953
0
LINE
8
BLACK
6
CONTINUOUS
10
2.0250984251968505
20
1.7128688976377953
11
2.0250984251968505
21
1.6493362204724409
0
LINE
8
BLACK
6
CONTINUOUS
10
1.7844488188976377
20
1.823700748031496
11
1.7844488188976377
21
1.8138582677165354
0
LINE
8
BLACK
6
CONTINUOUS
10
1.7844488188976377
20
1.8138582677165354
11
1.8065748031496063
21
1.8138582677165354
0
LINE
8
BLACK
6
CONTINUOUS
10
1.8065748031496063
20
1.8138582677165354
11
1.8065748031496063
21
1.7917322834645668
0
LINE
8
BLACK
6
CONTINUOUS
10
1.8065748031496063
20
1.7917322834645668
11
1.8164172834645669
21
1.7917322834645668
0
LINE
8
BLACK
6
CONTINUOUS
10
1.8164172834645669
20
1.7917322834645668
11
1.8164173228346456
21
1.7917323228346456
0
LINE
8
BLACK
6
CONTINUOUS
10
1.8164173228346456
20
1.7917323228346456
11
1.8164173228346456
21
1.8128688976377951
0
LINE
8
BLACK
6
CONTINUOUS
10
1.8164173228346456
20
1.8128688976377951
11
1.8164173228346456
21
1.8148276771653542
0
LINE
8
BLACK
6
CONTINUOUS
10
1.8164173228346456
20
1.8148276771653542
11
1.8164172834645669
21
1.8148277559055117
0
LINE
8
BLACK
6
CONTINUOUS
10
1.8164172834645669
20
1.8148277559055117
11
1.8158461811023621
21
1.8176987007874015
0
LINE
8
BLACK
6
CONTINUOUS
10
1.8158461811023621
20
1.8176987007874015
11
1.8158461417322833
21
1.817698779527559
0
LINE
8
BLACK
6
CONTINUOUS
10
1.8158461417322833
20
1.817698779527559
11
1.813670905511811
21
1.8209542519685038
0
LINE
8
BLACK
6
CONTINUOUS
10
1.813670905511811
20
1.8209542519685038
11
1.813670748031496
21
1.8209544094488188
0
LINE
8
BLACK
6
CONTINUOUS
10
1.813670748031496
20
1.8209544094488188
11
1.8104152755905512
21
1.8231296456692914
0
LINE
8
BLACK
6
CONTINUOUS
10
1.8104152755905512
20
1.8231296456692914
11
1.8104151968503936
21
1.8231296850393701
0
LINE
8
BLACK
6
CONTINUOUS
10
1.8104151968503936
20
1.8231296850393701
11
1.8075442519685039
21
1.8237007874015747
0
LINE
8
BLACK
6
CONTINUOUS
10
1.8075442519685039
20
1.8237007874015747
11
1.7844488582677165
21
1.8237007874015747
0
LINE
8
BLACK
6
CONTINUOUS
10
1.7844488582677165
20
1.8237007874015747
11
1.7844488188976377
21
1.823700748031496
0
LINE
8
BLACK
6
CONTINUOUS
10
0.7158461811023622
20
1.8176987007874015
11
0.7158461417322834
21
1.817698779527559
0
LINE
8
BLACK
6
CONTINUOUS
10
0.7158461417322834
20
1.817698779527559
11
0.713670905511811
21
1.8209542519685038
0
LINE
8
BLACK
6
CONTINUOUS
10
0.713670905511811
20
1.8209542519685038
11
0.713670748031496
21
1.8209544094488188
0
LINE
8
BLACK
6
CONTINUOUS
10
0.713670748031496
20
1.8209544094488188
11
0.7104152755905512
21
1.8231296456692914
0
LINE
8
BLACK
6
CONTINUOUS
10
0.7104152755905512
20
1.8231296456692914
11
0.7104151968503937
21
1.8231296850393701
0
LINE
8
BLACK
6
CONTINUOUS
10
0.7104151968503937
20
1.8231296850393701
11
0.7075442519685039
21
1.8237007874015747
0
LINE
8
BLACK
6
CONTINUOUS
10
0.7075442519685039
20
1.8237007874015747
11
0.6844488582677165
21
1.8237007874015747
0
LINE
8
BLACK
6
CONTINUOUS
10
0.6844488582677165
20
1.8237007874015747
11
0.6844488188976378
21
1.823700748031496
0
LINE
8
BLACK
6
CONTINUOUS
10
0.6844488188976378
20
1.823700748031496
11
0.6844488188976378
21
1.8138582677165354
0
LINE
8
BLACK
6
CONTINUOUS
10
0.6844488188976378
20
1.8138582677165354
11
0.7065748031496063
21
1.8138582677165354
0
LINE
8
BLACK
6
CONTINUOUS
10
0.7065748031496063
20
1.8138582677165354
11
0.7065748031496063
21
1.7917322834645668
0
LINE
8
BLACK
6
CONTINUOUS
10
0.7065748031496063
20
1.7917322834645668
11
0.7164172834645669
21
1.7917322834645668
0
LINE
8
BLACK
6
CONTINUOUS
10
0.7164172834645669
20
1.7917322834645668
11
0.7164173228346457
21
1.7917323228346456
0
LINE
8
BLACK
6
CONTINUOUS
10
0.7164173228346457
20
1.7917323228346456
11
0.7164173228346457
21
1.8148276771653542
0
LINE
8
BLACK
6
CONTINUOUS
10
0.7164173228346457
20
1.8148276771653542
11
0.7164172834645669
21
1.8148277559055117
0
LINE
8
BLACK
6
CONTINUOUS
10
0.7164172834645669
20
1.8148277559055117
11
0.7163876771653543
21
1.8149767322834645
0
LINE
8
BLACK
6
CONTINUOUS
10
0.7163876771653543
20
1.8149767322834645
11
0.7162587401574803
21
1.8156248031496063
0
LINE
8
BLACK
6
CONTINUOUS
10
0.7162587401574803
20
1.8156248031496063
11
0.7158461811023622
21
1.8176987007874015
0
LINE
8
BLACK
6
CONTINUOUS
10
0.6367323228346456
20
1.7759842519685038
11
0.6367322834645669
21
1.7759842125984251
0
LINE
8
BLACK
6
CONTINUOUS
10
0.6367322834645669
20
1.7759842125984251
11
0.6367322834645669
21
1.7528888188976377
0
LINE
8
BLACK
6
CONTINUOUS
10
0.6367322834645669
20
1.7528888188976377
11
0.6373033858267716
21
1.7500178740157479
0
LINE
8
BLACK
6
CONTINUOUS
10
0.6373033858267716
20
1.7500178740157479
11
0.6373034251968503
21
1.7500177952755904
0
LINE
8
BLACK
6
CONTINUOUS
10
0.6373034251968503
20
1.7500177952755904
11
0.6394786614173228
21
1.7467623228346456
0
LINE
8
BLACK
6
CONTINUOUS
10
0.6394786614173228
20
1.7467623228346456
11
0.6394788188976378
21
1.7467621653543306
0
LINE
8
BLACK
6
CONTINUOUS
10
0.6394788188976378
20
1.7467621653543306
11
0.6427342913385826
21
1.7445869291338583
0
LINE
8
BLACK
6
CONTINUOUS
10
0.6427342913385826
20
1.7445869291338583
11
0.6427343700787401
21
1.7445868897637795
0
LINE
8
BLACK
6
CONTINUOUS
10
0.6427343700787401
20
1.7445868897637795
11
0.6456053149606299
21
1.7440157874015747
0
LINE
8
BLACK
6
CONTINUOUS
10
0.6456053149606299
20
1.7440157874015747
11
0.6456053937007874
21
1.7440157480314959
0
LINE
8
BLACK
6
CONTINUOUS
10
0.6456053937007874
20
1.7440157480314959
11
0.668700748031496
21
1.7440157480314959
0
LINE
8
BLACK
6
CONTINUOUS
10
0.668700748031496
20
1.7440157480314959
11
0.6687007874015748
21
1.7440157874015747
0
LINE
8
BLACK
6
CONTINUOUS
10
0.6687007874015748
20
1.7440157874015747
11
0.6687007874015748
21
1.7538582677165353
0
LINE
8
BLACK
6
CONTINUOUS
10
0.6687007874015748
20
1.7538582677165353
11
0.6465748031496062
21
1.7538582677165353
0
LINE
8
BLACK
6
CONTINUOUS
10
0.6465748031496062
20
1.7538582677165353
11
0.6465748031496062
21
1.7759842519685038
0
LINE
8
BLACK
6
CONTINUOUS
10
0.6465748031496062
20
1.7759842519685038
11
0.6367323228346456
21
1.7759842519685038
0
LINE
8
BLACK
6
CONTINUOUS
10
0.7065748031496063
20
1.7538582677165353
11
0.6844488188976378
21
1.7538582677165353
0
LINE
8
BLACK
6
CONTINUOUS
10
0.6844488188976378
20
1.7538582677165353
11
0.6844488188976378
21
1.7440157874015747
0
LINE
8
BLACK
6
CONTINUOUS
10
0.6844488188976378
20
1.7440157874015747
11
0.6844488582677165
21
1.7440157480314959
0
LINE
8
BLACK
6
CONTINUOUS
10
0.6844488582677165
20
1.7440157480314959
11
0.7075442125984251
21
1.7440157480314959
0
LINE
8
BLACK
6
CONTINUOUS
10
0.7075442125984251
20
1.7440157480314959
11
0.7075442519685039
21
1.7440157874015747
0
LINE
8
BLACK
6
CONTINUOUS
10
0.7075442519685039
20
1.7440157874015747
11
0.7104151968503937
21
1.7445868897637795
0
LINE
8
BLACK
6
CONTINUOUS
10
0.7104151968503937
20
1.7445868897637795
11
0.7104152755905512
21
1.7445869291338583
0
LINE
8
BLACK
6
CONTINUOUS
10
0.7104152755905512
20
1.7445869291338583
11
0.713670748031496
21
1.7467621653543306
0
LINE
8
BLACK
6
CONTINUOUS
10
0.713670748031496
20
1.7467621653543306
11
0.713670905511811
21
1.7467623228346456
0
LINE
8
BLACK
6
CONTINUOUS
10
0.713670905511811
20
1.7467623228346456
11
0.7158461417322834
21
1.7500177952755904
0
LINE
8
BLACK
6
CONTINUOUS
10
0.7158461417322834
20
1.7500177952755904
11
0.7158461811023622
21
1.7500178740157479
0
LINE
8
BLACK
6
CONTINUOUS
10
0.7158461811023622
20
1.7500178740157479
11
0.7164172834645669
21
1.7528888188976377
0
LINE
8
BLACK
6
CONTINUOUS
10
0.7164172834645669
20
1.7528888188976377
11
0.7164173228346457
21
1.7528888976377952
0
LINE
8
BLACK
6
CONTINUOUS
10
0.7164173228346457
20
1.7528888976377952
11
0.7164173228346457
21
1.7759842125984251
0
LINE
8
BLACK
6
CONTINUOUS
10
0.7164173228346457
20
1.7759842125984251
11
0.7164172834645669
21
1.7759842519685038
0
LINE
8
BLACK
6
CONTINUOUS
10
0.7164172834645669
20
1.7759842519685038
11
0.7065748031496063
21
1.7759842519685038
0
LINE
8
BLACK
6
CONTINUOUS
10
0.7065748031496063
20
1.7759842519685038
11
0.7065748031496063
21
1.7538582677165353
0
LINE
8
BLACK
6
CONTINUOUS
10
1.7367323228346456
20
1.7759842519685038
11
1.7367322834645669
21
1.7759842125984251
0
LINE
8
BLACK
6
CONTINUOUS
10
1.7367322834645669
20
1.7759842125984251
11
1.7367322834645669
21
1.7528888188976377
0
LINE
8
BLACK
6
CONTINUOUS
10
1.7367322834645669
20
1.7528888188976377
11
1.7373033858267717
21
1.7500178740157479
0
LINE
8
BLACK
6
CONTINUOUS
10
1.7373033858267717
20
1.7500178740157479
11
1.7373034251968504
21
1.7500177952755904
0
LINE
8
BLACK
6
CONTINUOUS
10
1.7373034251968504
20
1.7500177952755904
11
1.7394786614173228
21
1.7467623228346456
0
LINE
8
BLACK
6
CONTINUOUS
10
1.7394786614173228
20
1.7467623228346456
11
1.7394788188976378
21
1.7467621653543306
0
LINE
8
BLACK
6
CONTINUOUS
10
1.7394788188976378
20
1.7467621653543306
11
1.7427342913385826
21
1.7445869291338583
0
LINE
8
BLACK
6
CONTINUOUS
10
1.7427342913385826
20
1.7445869291338583
11
1.7427343700787401
21
1.7445868897637795
0
LINE
8
BLACK
6
CONTINUOUS
10
1.7427343700787401
20
1.7445868897637795
11
1.7456053149606299
21
1.7440157874015747
0
LINE
8
BLACK
6
CONTINUOUS
10
1.7456053149606299
20
1.7440157874015747
11
1.7456053937007874
21
1.7440157480314959
0
LINE
8
BLACK
6
CONTINUOUS
10
1.7456053937007874
20
1.7440157480314959
11
1.768700748031496
21
1.7440157480314959
0
LINE
8
BLACK
6
CONTINUOUS
10
1.768700748031496
20
1.7440157480314959
11
1.7687007874015748
21
1.7440157874015747
0
LINE
8
BLACK
6
CONTINUOUS
10
1.7687007874015748
20
1.7440157874015747
11
1.7687007874015748
21
1.7538582677165353
0
LINE
8
BLACK
6
CONTINUOUS
10
1.7687007874015748
20
1.7538582677165353
11
1.7465748031496062
21
1.7538582677165353
0
LINE
8
BLACK
6
CONTINUOUS
10
1.7465748031496062
20
1.7538582677165353
11
1.7465748031496062
21
1.7759842519685038
0
LINE
8
BLACK
6
CONTINUOUS
10
1.7465748031496062
20
1.7759842519685038
11
1.7367323228346456
21
1.7759842519685038
0
LINE
8
BLACK
6
CONTINUOUS
10
1.8065748031496063
20
1.7538582677165353
11
1.7844488188976377
21
1.7538582677165353
0
LINE
8
BLACK
6
CONTINUOUS
10
1.7844488188976377
20
1.7538582677165353
11
1.7844488188976377
21
1.7440157874015747
0
LINE
8
BLACK
6
CONTINUOUS
10
1.7844488188976377
20
1.7440157874015747
11
1.7844488582677165
21
1.7440157480314959
0
LINE
8
BLACK
6
CONTINUOUS
10
1.7844488582677165
20
1.7440157480314959
11
1.8075442125984251
21
1.7440157480314959
0
LINE
8
BLACK
6
CONTINUOUS
10
1.8075442125984251
20
1.7440157480314959
11
1.8075442519685039
21
1.7440157874015747
0
LINE
8
BLACK
6
CONTINUOUS
10
1.8075442519685039
20
1.7440157874015747
11
1.8104151968503936
21
1.7445868897637795
0
LINE
8
BLACK
6
CONTINUOUS
10
1.8104151968503936
20
1.7445868897637795
11
1.8104152755905512
21
1.7445869291338583
0
LINE
8
BLACK
6
CONTINUOUS
10
1.8104152755905512
20
1.7445869291338583
11
1.813670748031496
21
1.7467621653543306
0
LINE
8
BLACK
6
CONTINUOUS
10
1.813670748031496
20
1.7467621653543306
11
1.813670905511811
21
1.7467623228346456
0
LINE
8
BLACK
6
CONTINUOUS
10
1.813670905511811
20
1.7467623228346456
11
1.8158461417322833
21
1.7500177952755904
0
LINE
8
BLACK
6
CONTINUOUS
10
1.8158461417322833
20
1.7500177952755904
11
1.8158461811023621
21
1.7500178740157479
0
LINE
8
BLACK
6
CONTINUOUS
10
1.8158461811023621
20
1.7500178740157479
11
1.8164172834645669
21
1.7528888188976377
0
LINE
8
BLACK
6
CONTINUOUS
10
1.8164172834645669
20
1.7528888188976377
11
1.8164173228346456
21
1.7528888976377952
0
LINE
8
BLACK
6
CONTINUOUS
10
1.8164173228346456
20
1.7528888976377952
11
1.8164173228346456
21
1.7759842125984251
0
LINE
8
BLACK
6
CONTINUOUS
10
1.8164173228346456
20
1.7759842125984251
11
1.8164172834645669
21
1.7759842519685038
0
LINE
8
BLACK
6
CONTINUOUS
10
1.8164172834645669
20
1.7759842519685038
11
1.8065748031496063
21
1.7759842519685038
0
LINE
8
BLACK
6
CONTINUOUS
10
1.8065748031496063
20
1.7759842519685038
11
1.8065748031496063
21
1.7538582677165353
0
LINE
8
BLACK
6
CONTINUOUS
10
0.2928149606299212
20
1.7477614173228346
11
0.292815
21
1.7477612992125984
0
LINE
8
BLACK
6
CONTINUOUS
10
0.292815
20
1.7477612992125984
11
0.2929296850393701
21
1.7467720472440944
0
LINE
8
BLACK
6
CONTINUOUS
10
0.2929296850393701
20
1.7467720472440944
11
0.2929340551181102
21
1.7467621653543306
0
LINE
8
BLACK
6
CONTINUOUS
10
0.2929340551181102
20
1.7467621653543306
11
0.2947162992125984
21
1.7427257874015747
0
LINE
8
BLACK
6
CONTINUOUS
10
0.2947162992125984
20
1.7427257874015747
11
0.2978438976377953
21
1.7395981889763779
0
LINE
8
BLACK
6
CONTINUOUS
10
0.2978438976377953
20
1.7395981889763779
11
0.3018901181102362
21
1.7378116141732283
0
LINE
8
BLACK
6
CONTINUOUS
10
0.3018901181102362
20
1.7378116141732283
11
0.3028793307086614
21
1.7376968503937007
0
LINE
8
BLACK
6
CONTINUOUS
10
0.3028793307086614
20
1.7376968503937007
11
0.366411968503937
21
1.7376968897637795
0
LINE
8
BLACK
6
CONTINUOUS
10
0.366411968503937
20
1.7376968897637795
11
0.3674012204724409
21
1.7378116141732283
0
LINE
8
BLACK
6
CONTINUOUS
10
0.3674012204724409
20
1.7378116141732283
11
0.3714474409448819
21
1.7395981889763779
0
LINE
8
BLACK
6
CONTINUOUS
10
0.3714474409448819
20
1.7395981889763779
11
0.3745750393700787
21
1.7427257874015747
0
LINE
8
BLACK
6
CONTINUOUS
10
0.3745750393700787
20
1.7427257874015747
11
0.3763616141732283
21
1.7467720078740157
0
LINE
8
BLACK
6
CONTINUOUS
10
0.3763616141732283
20
1.7467720078740157
11
0.3764763779527559
21
1.7477612204724409
0
LINE
8
BLACK
6
CONTINUOUS
10
0.3764763779527559
20
1.7477612204724409
11
0.3764763385826772
21
1.8112938582677165
0
LINE
8
BLACK
6
CONTINUOUS
10
0.3764763385826772
20
1.8112938582677165
11
0.3764762992125984
21
1.811294094488189
0
LINE
8
BLACK
6
CONTINUOUS
10
0.3764762992125984
20
1.811294094488189
11
0.3763616141732283
21
1.8122831102362205
0
LINE
8
BLACK
6
CONTINUOUS
10
0.3763616141732283
20
1.8122831102362205
11
0.3745750393700787
21
1.8163293307086614
0
LINE
8
BLACK
6
CONTINUOUS
10
0.3745750393700787
20
1.8163293307086614
11
0.3714474409448819
21
1.8194569291338583
0
LINE
8
BLACK
6
CONTINUOUS
10
0.3714474409448819
20
1.8194569291338583
11
0.3674012204724409
21
1.8212435039370078
0
LINE
8
BLACK
6
CONTINUOUS
10
0.3674012204724409
20
1.8212435039370078
11
0.3674011811023622
21
1.8212435433070866
0
LINE
8
BLACK
6
CONTINUOUS
10
0.3674011811023622
20
1.8212435433070866
11
0.3674011023622047
21
1.8212435433070866
0
LINE
8
BLACK
6
CONTINUOUS
10
0.3674011023622047
20
1.8212435433070866
11
0.3664121259842519
21
1.8213582677165354
0
LINE
8
BLACK
6
CONTINUOUS
10
0.3664121259842519
20
1.8213582677165354
11
0.3028794881889764
21
1.8213582677165354
0
LINE
8
BLACK
6
CONTINUOUS
10
0.3028794881889764
20
1.8213582677165354
11
0.3028793700787402
21
1.8213582283464567
0
LINE
8
BLACK
6
CONTINUOUS
10
0.3028793700787402
20
1.8213582283464567
11
0.3018901181102362
21
1.8212435433070866
0
LINE
8
BLACK
6
CONTINUOUS
10
0.3018901181102362
20
1.8212435433070866
11
0.2978438976377953
21
1.8194569291338583
0
LINE
8
BLACK
6
CONTINUOUS
10
0.2978438976377953
20
1.8194569291338583
11
0.2947162992125984
21
1.8163293307086614
0
LINE
8
BLACK
6
CONTINUOUS
10
0.2947162992125984
20
1.8163293307086614
11
0.2929296850393701
21
1.812283031496063
0
LINE
8
BLACK
6
CONTINUOUS
10
0.2929296850393701
20
1.812283031496063
11
0.2928149606299212
21
1.811294094488189
0
LINE
8
BLACK
6
CONTINUOUS
10
0.2928149606299212
20
1.811294094488189
11
0.2928149606299212
21
1.7477614173228346
0
LINE
8
BLACK
6
CONTINUOUS
10
0.3928149606299213
20
1.7477614173228346
11
0.392815
21
1.7477612992125984
0
LINE
8
BLACK
6
CONTINUOUS
10
0.392815
20
1.7477612992125984
11
0.3929296850393701
21
1.7467720472440944
0
LINE
8
BLACK
6
CONTINUOUS
10
0.3929296850393701
20
1.7467720472440944
11
0.3929340551181102
21
1.7467621653543306
0
LINE
8
BLACK
6
CONTINUOUS
10
0.3929340551181102
20
1.7467621653543306
11
0.3947162992125984
21
1.7427257874015747
0
LINE
8
BLACK
6
CONTINUOUS
10
0.3947162992125984
20
1.7427257874015747
11
0.3978438976377953
21
1.7395981889763779
0
LINE
8
BLACK
6
CONTINUOUS
10
0.3978438976377953
20
1.7395981889763779
11
0.4018901181102362
21
1.7378116141732283
0
LINE
8
BLACK
6
CONTINUOUS
10
0.4018901181102362
20
1.7378116141732283
11
0.4028793307086614
21
1.7376968503937007
0
LINE
8
BLACK
6
CONTINUOUS
10
0.4028793307086614
20
1.7376968503937007
11
0.466411968503937
21
1.7376968897637795
0
LINE
8
BLACK
6
CONTINUOUS
10
0.466411968503937
20
1.7376968897637795
11
0.4674012204724409
21
1.7378116141732283
0
LINE
8
BLACK
6
CONTINUOUS
10
0.4674012204724409
20
1.7378116141732283
11
0.4714474409448819
21
1.7395981889763779
0
LINE
8
BLACK
6
CONTINUOUS
10
0.4714474409448819
20
1.7395981889763779
11
0.4745750393700787
21
1.7427257874015747
0
LINE
8
BLACK
6
CONTINUOUS
10
0.4745750393700787
20
1.7427257874015747
11
0.4763616141732283
21
1.7467720078740157
0
LINE
8
BLACK
6
CONTINUOUS
10
0.4763616141732283
20
1.7467720078740157
11
0.4764763779527559
21
1.7477612204724409
0
LINE
8
BLACK
6
CONTINUOUS
10
0.4764763779527559
20
1.7477612204724409
11
0.4764763385826771
21
1.7815543307086614
0
LINE
8
BLACK
6
CONTINUOUS
10
0.4764763385826771
20
1.7815543307086614
11
0.4764763385826771
21
1.8112937401574802
0
LINE
8
BLACK
6
CONTINUOUS
10
0.4764763385826771
20
1.8112937401574802
11
0.4764763385826771
21
1.8112938582677165
0
LINE
8
BLACK
6
CONTINUOUS
10
0.4764763385826771
20
1.8112938582677165
11
0.4763616141732283
21
1.8122831102362205
0
LINE
8
BLACK
6
CONTINUOUS
10
0.4763616141732283
20
1.8122831102362205
11
0.475238031496063
21
1.8148277559055117
0
LINE
8
BLACK
6
CONTINUOUS
10
0.475238031496063
20
1.8148277559055117
11
0.4745750393700787
21
1.8163293307086614
0
LINE
8
BLACK
6
CONTINUOUS
10
0.4745750393700787
20
1.8163293307086614
11
0.4714474409448819
21
1.8194569291338583
0
LINE
8
BLACK
6
CONTINUOUS
10
0.4714474409448819
20
1.8194569291338583
11
0.4674012204724409
21
1.8212435039370078
0
LINE
8
BLACK
6
CONTINUOUS
10
0.4674012204724409
20
1.8212435039370078
11
0.4674011811023622
21
1.8212435433070866
0
LINE
8
BLACK
6
CONTINUOUS
10
0.4674011811023622
20
1.8212435433070866
11
0.4674011023622047
21
1.8212435433070866
0
LINE
8
BLACK
6
CONTINUOUS
10
0.4674011023622047
20
1.8212435433070866
11
0.466412125984252
21
1.8213582677165354
0
LINE
8
BLACK
6
CONTINUOUS
10
0.466412125984252
20
1.8213582677165354
11
0.4028794881889763
21
1.8213582677165354
0
LINE
8
BLACK
6
CONTINUOUS
10
0.4028794881889763
20
1.8213582677165354
11
0.4028793700787401
21
1.8213582283464567
0
LINE
8
BLACK
6
CONTINUOUS
10
0.4028793700787401
20
1.8213582283464567
11
0.4018901181102362
21
1.8212435433070866
0
LINE
8
BLACK
6
CONTINUOUS
10
0.4018901181102362
20
1.8212435433070866
11
0.3978438976377953
21
1.8194569291338583
0
LINE
8
BLACK
6
CONTINUOUS
10
0.3978438976377953
20
1.8194569291338583
11
0.3947162992125984
21
1.8163293307086614
0
LINE
8
BLACK
6
CONTINUOUS
10
0.3947162992125984
20
1.8163293307086614
11
0.3929296850393701
21
1.812283031496063
0
LINE
8
BLACK
6
CONTINUOUS
10
0.3929296850393701
20
1.812283031496063
11
0.3928149606299213
21
1.811294094488189
0
LINE
8
BLACK
6
CONTINUOUS
10
0.3928149606299213
20
1.811294094488189
11
0.3928149606299213
21
1.7477614173228346
0
LINE
8
BLACK
6
CONTINUOUS
10
1.9250984251968504
20
1.749336220472441
11
1.9250984645669291
21
1.7493361023622047
0
LINE
8
BLACK
6
CONTINUOUS
10
1.9250984645669291
20
1.7493361023622047
11
1.9252131496062992
21
1.7483468503937007
0
LINE
8
BLACK
6
CONTINUOUS
10
1.9252131496062992
20
1.7483468503937007
11
1.9259127952755906
21
1.7467623228346456
0
LINE
8
BLACK
6
CONTINUOUS
10
1.9259127952755906
20
1.7467623228346456
11
1.9269997637795275
21
1.744300590551181
0
LINE
8
BLACK
6
CONTINUOUS
10
1.9269997637795275
20
1.744300590551181
11
1.9301273622047244
21
1.7411729921259842
0
LINE
8
BLACK
6
CONTINUOUS
10
1.9301273622047244
20
1.7411729921259842
11
1.9341735826771653
21
1.7393864173228346
0
LINE
8
BLACK
6
CONTINUOUS
10
1.9341735826771653
20
1.7393864173228346
11
1.9351627952755905
21
1.739271653543307
0
LINE
8
BLACK
6
CONTINUOUS
10
1.9351627952755905
20
1.739271653543307
11
1.9986954330708662
21
1.7392716929133858
0
LINE
8
BLACK
6
CONTINUOUS
10
1.9986954330708662
20
1.7392716929133858
11
1.9996846850393701
21
1.7393864173228346
0
LINE
8
BLACK
6
CONTINUOUS
10
1.9996846850393701
20
1.7393864173228346
11
2.0037309055118109
21
1.7411729921259842
0
LINE
8
BLACK
6
CONTINUOUS
10
2.0037309055118109
20
1.7411729921259842
11
2.0068585039370079
21
1.744300590551181
0
LINE
8
BLACK
6
CONTINUOUS
10
2.0068585039370079
20
1.744300590551181
11
2.0086450787401575
21
1.748346811023622
0
LINE
8
BLACK
6
CONTINUOUS
10
2.0086450787401575
20
1.748346811023622
11
2.0087598425196851
21
1.7493360236220472
0
LINE
8
BLACK
6
CONTINUOUS
10
2.0087598425196851
20
1.7493360236220472
11
2.0087598031496063
21
1.8128686614173228
0
LINE
8
BLACK
6
CONTINUOUS
10
2.0087598031496063
20
1.8128686614173228
11
2.0087597637795276
21
1.8128688976377951
0
LINE
8
BLACK
6
CONTINUOUS
10
2.0087597637795276
20
1.8128688976377951
11
2.0086450787401575
21
1.8138579133858268
0
LINE
8
BLACK
6
CONTINUOUS
10
2.0086450787401575
20
1.8138579133858268
11
2.0068585039370079
21
1.8179041338582678
0
LINE
8
BLACK
6
CONTINUOUS
10
2.0068585039370079
20
1.8179041338582678
11
2.0037309055118109
21
1.8210317322834646
0
LINE
8
BLACK
6
CONTINUOUS
10
2.0037309055118109
20
1.8210317322834646
11
1.9996846850393701
21
1.8228183070866142
0
LINE
8
BLACK
6
CONTINUOUS
10
1.9996846850393701
20
1.8228183070866142
11
1.9996846456692914
21
1.8228183464566929
0
LINE
8
BLACK
6
CONTINUOUS
10
1.9996846456692914
20
1.8228183464566929
11
1.9996845669291339
21
1.8228183464566929
0
LINE
8
BLACK
6
CONTINUOUS
10
1.9996845669291339
20
1.8228183464566929
11
1.998695590551181
21
1.8229330708661418
0
LINE
8
BLACK
6
CONTINUOUS
10
1.998695590551181
20
1.8229330708661418
11
1.9351629527559056
21
1.8229330708661418
0
LINE
8
BLACK
6
CONTINUOUS
10
1.9351629527559056
20
1.8229330708661418
11
1.9351628346456693
21
1.822933031496063
0
LINE
8
BLACK
6
CONTINUOUS
10
1.9351628346456693
20
1.822933031496063
11
1.9341735826771653
21
1.8228183464566929
0
LINE
8
BLACK
6
CONTINUOUS
10
1.9341735826771653
20
1.8228183464566929
11
1.9301273622047244
21
1.8210317322834646
0
LINE
8
BLACK
6
CONTINUOUS
10
1.9301273622047244
20
1.8210317322834646
11
1.9269997637795275
21
1.8179041338582678
0
LINE
8
BLACK
6
CONTINUOUS
10
1.9269997637795275
20
1.8179041338582678
11
1.9252131496062992
21
1.8138578346456693
0
LINE
8
BLACK
6
CONTINUOUS
10
1.9252131496062992
20
1.8138578346456693
11
1.9250984251968504
21
1.8128688976377951
0
LINE
8
BLACK
6
CONTINUOUS
10
1.9250984251968504
20
1.8128688976377951
11
1.9250984251968504
21
1.749336220472441
0
LINE
8
BLACK
6
CONTINUOUS
10
2.0250984251968505
20
1.749336220472441
11
2.0250984645669292
21
1.7493361023622047
0
LINE
8
BLACK
6
CONTINUOUS
10
2.0250984645669292
20
1.7493361023622047
11
2.0252131496062993
21
1.7483468503937007
0
LINE
8
BLACK
6
CONTINUOUS
10
2.0252131496062993
20
1.7483468503937007
11
2.0259127952755906
21
1.7467623228346456
0
LINE
8
BLACK
6
CONTINUOUS
10
2.0259127952755906
20
1.7467623228346456
11
2.0269997637795276
21
1.744300590551181
0
LINE
8
BLACK
6
CONTINUOUS
10
2.0269997637795276
20
1.744300590551181
11
2.0301273622047242
21
1.7411729921259842
0
LINE
8
BLACK
6
CONTINUOUS
10
2.0301273622047242
20
1.7411729921259842
11
2.0341735826771652
21
1.7393864173228346
0
LINE
8
BLACK
6
CONTINUOUS
10
2.0341735826771652
20
1.7393864173228346
11
2.0351627952755904
21
1.739271653543307
0
LINE
8
BLACK
6
CONTINUOUS
10
2.0351627952755904
20
1.739271653543307
11
2.098695433070866
21
1.7392716929133858
0
LINE
8
BLACK
6
CONTINUOUS
10
2.098695433070866
20
1.7392716929133858
11
2.09968468503937
21
1.7393864173228346
0
LINE
8
BLACK
6
CONTINUOUS
10
2.09968468503937
20
1.7393864173228346
11
2.103730905511811
21
1.7411729921259842
0
LINE
8
BLACK
6
CONTINUOUS
10
2.103730905511811
20
1.7411729921259842
11
2.106858503937008
21
1.744300590551181
0
LINE
8
BLACK
6
CONTINUOUS
10
2.106858503937008
20
1.744300590551181
11
2.1086450787401576
21
1.748346811023622
0
LINE
8
BLACK
6
CONTINUOUS
10
2.1086450787401576
20
1.748346811023622
11
2.1087598425196852
21
1.7493360236220472
0
LINE
8
BLACK
6
CONTINUOUS
10
2.1087598425196852
20
1.7493360236220472
11
2.1087598031496064
21
1.8128686614173228
0
LINE
8
BLACK
6
CONTINUOUS
10
2.1087598031496064
20
1.8128686614173228
11
2.1086450787401576
21
1.8138579133858268
0
LINE
8
BLACK
6
CONTINUOUS
10
2.1086450787401576
20
1.8138579133858268
11
2.106858503937008
21
1.8179041338582678
0
LINE
8
BLACK
6
CONTINUOUS
10
2.106858503937008
20
1.8179041338582678
11
2.103730905511811
21
1.8210317322834646
0
LINE
8
BLACK
6
CONTINUOUS
10
2.103730905511811
20
1.8210317322834646
11
2.09968468503937
21
1.8228183070866142
0
LINE
8
BLACK
6
CONTINUOUS
10
2.09968468503937
20
1.8228183070866142
11
2.0996846456692912
21
1.8228183464566929
0
LINE
8
BLACK
6
CONTINUOUS
10
2.0996846456692912
20
1.8228183464566929
11
2.0996845669291337
21
1.8228183464566929
0
LINE
8
BLACK
6
CONTINUOUS
10
2.0996845669291337
20
1.8228183464566929
11
2.098695590551181
21
1.8229330708661418
0
LINE
8
BLACK
6
CONTINUOUS
10
2.098695590551181
20
1.8229330708661418
11
2.0351629527559054
21
1.8229330708661418
0
LINE
8
BLACK
6
CONTINUOUS
10
2.0351629527559054
20
1.8229330708661418
11
2.0351628346456692
21
1.822933031496063
0
LINE
8
BLACK
6
CONTINUOUS
10
2.0351628346456692
20
1.822933031496063
11
2.0341735826771652
21
1.8228183464566929
0
LINE
8
BLACK
6
CONTINUOUS
10
2.0341735826771652
20
1.8228183464566929
11
2.0301273622047242
21
1.8210317322834646
0
LINE
8
BLACK
6
CONTINUOUS
10
2.0301273622047242
20
1.8210317322834646
11
2.0269997637795276
21
1.8179041338582678
0
LINE
8
BLACK
6
CONTINUOUS
10
2.0269997637795276
20
1.8179041338582678
11
2.0252131496062993
21
1.8138578346456693
0
LINE
8
BLACK
6
CONTINUOUS
10
2.0252131496062993
20
1.8138578346456693
11
2.0250984251968505
21
1.8128688976377951
0
LINE
8
BLACK
6
CONTINUOUS
10
2.0250984251968505
20
1.8128688976377951
11
2.0250984251968505
21
1.749336220472441
0
LINE
8
BLACK
6
CONTINUOUS
10
0.734744094488189
20
1.7520921259842519
11
0.7347441338582676
21
1.7520920078740156
0
LINE
8
BLACK
6
CONTINUOUS
10
0.7347441338582676
20
1.7520920078740156
11
0.7348588188976378
21
1.7511027559055117
0
LINE
8
BLACK
6
CONTINUOUS
10
0.7348588188976378
20
1.7511027559055117
11
0.7358565354330708
21
1.7488431102362205
0
LINE
8
BLACK
6
CONTINUOUS
10
0.7358565354330708
20
1.7488431102362205
11
0.7366454330708662
21
1.7470564960629922
0
LINE
8
BLACK
6
CONTINUOUS
10
0.7366454330708662
20
1.7470564960629922
11
0.739773031496063
21
1.7439288976377951
0
LINE
8
BLACK
6
CONTINUOUS
10
0.739773031496063
20
1.7439288976377951
11
0.743819251968504
21
1.7421423228346455
0
LINE
8
BLACK
6
CONTINUOUS
10
0.743819251968504
20
1.7421423228346455
11
0.7448084645669291
21
1.742027559055118
0
LINE
8
BLACK
6
CONTINUOUS
10
0.7448084645669291
20
1.742027559055118
11
0.8083411023622047
21
1.7420275984251967
0
LINE
8
BLACK
6
CONTINUOUS
10
0.8083411023622047
20
1.7420275984251967
11
0.8093303543307087
21
1.7421423228346455
0
LINE
8
BLACK
6
CONTINUOUS
10
0.8093303543307087
20
1.7421423228346455
11
0.8133765748031496
21
1.7439288976377951
0
LINE
8
BLACK
6
CONTINUOUS
10
0.8133765748031496
20
1.7439288976377951
11
0.8165041732283465
21
1.7470564960629922
0
LINE
8
BLACK
6
CONTINUOUS
10
0.8165041732283465
20
1.7470564960629922
11
0.818290748031496
21
1.7511027165354329
0
LINE
8
BLACK
6
CONTINUOUS
10
0.818290748031496
20
1.7511027165354329
11
0.8184055118110236
21
1.7520919291338581
0
LINE
8
BLACK
6
CONTINUOUS
10
0.8184055118110236
20
1.7520919291338581
11
0.8184054724409449
21
1.8156245669291338
0
LINE
8
BLACK
6
CONTINUOUS
10
0.8184054724409449
20
1.8156245669291338
11
0.8184054330708661
21
1.8156248031496063
0
LINE
8
BLACK
6
CONTINUOUS
10
0.8184054330708661
20
1.8156248031496063
11
0.818290748031496
21
1.8166138188976377
0
LINE
8
BLACK
6
CONTINUOUS
10
0.818290748031496
20
1.8166138188976377
11
0.8165041732283465
21
1.8206600393700787
0
LINE
8
BLACK
6
CONTINUOUS
10
0.8165041732283465
20
1.8206600393700787
11
0.8133765748031496
21
1.8237876377952755
0
LINE
8
BLACK
6
CONTINUOUS
10
0.8133765748031496
20
1.8237876377952755
11
0.8093303543307087
21
1.8255742125984251
0
LINE
8
BLACK
6
CONTINUOUS
10
0.8093303543307087
20
1.8255742125984251
11
0.8093303149606299
21
1.8255742519685039
0
LINE
8
BLACK
6
CONTINUOUS
10
0.8093303149606299
20
1.8255742519685039
11
0.8093302362204724
21
1.8255742519685039
0
LINE
8
BLACK
6
CONTINUOUS
10
0.8093302362204724
20
1.8255742519685039
11
0.8083412598425197
21
1.8256889763779527
0
LINE
8
BLACK
6
CONTINUOUS
10
0.8083412598425197
20
1.8256889763779527
11
0.7448086220472441
21
1.8256889763779527
0
LINE
8
BLACK
6
CONTINUOUS
10
0.7448086220472441
20
1.8256889763779527
11
0.7448085039370078
21
1.8256889370078739
0
LINE
8
BLACK
6
CONTINUOUS
10
0.7448085039370078
20
1.8256889370078739
11
0.743819251968504
21
1.8255742519685039
0
LINE
8
BLACK
6
CONTINUOUS
10
0.743819251968504
20
1.8255742519685039
11
0.739773031496063
21
1.8237876377952755
0
LINE
8
BLACK
6
CONTINUOUS
10
0.739773031496063
20
1.8237876377952755
11
0.7366454330708662
21
1.8206600393700787
0
LINE
8
BLACK
6
CONTINUOUS
10
0.7366454330708662
20
1.8206600393700787
11
0.7348588188976378
21
1.8166137401574802
0
LINE
8
BLACK
6
CONTINUOUS
10
0.7348588188976378
20
1.8166137401574802
11
0.734744094488189
21
1.8156248031496063
0
LINE
8
BLACK
6
CONTINUOUS
10
0.734744094488189
20
1.8156248031496063
11
0.734744094488189
21
1.7520921259842519
0
LINE
8
BLACK
6
CONTINUOUS
10
0.834744094488189
20
1.7520921259842519
11
0.8347441338582677
21
1.7520920078740156
0
LINE
8
BLACK
6
CONTINUOUS
10
0.8347441338582677
20
1.7520920078740156
11
0.8348588188976378
21
1.7511027559055117
0
LINE
8
BLACK
6
CONTINUOUS
10
0.8348588188976378
20
1.7511027559055117
11
0.8358565354330708
21
1.7488431102362205
0
LINE
8
BLACK
6
CONTINUOUS
10
0.8358565354330708
20
1.7488431102362205
11
0.8366454330708661
21
1.7470564960629922
0
LINE
8
BLACK
6
CONTINUOUS
10
0.8366454330708661
20
1.7470564960629922
11
0.839773031496063
21
1.7439288976377951
0
LINE
8
BLACK
6
CONTINUOUS
10
0.839773031496063
20
1.7439288976377951
11
0.8438192519685039
21
1.7421423228346455
0
LINE
8
BLACK
6
CONTINUOUS
10
0.8438192519685039
20
1.7421423228346455
11
0.8448084645669292
21
1.742027559055118
0
LINE
8
BLACK
6
CONTINUOUS
10
0.8448084645669292
20
1.742027559055118
11
0.9083411023622047
21
1.7420275984251967
0
LINE
8
BLACK
6
CONTINUOUS
10
0.9083411023622047
20
1.7420275984251967
11
0.9093303543307086
21
1.7421423228346455
0
LINE
8
BLACK
6
CONTINUOUS
10
0.9093303543307086
20
1.7421423228346455
11
0.9133765748031496
21
1.7439288976377951
0
LINE
8
BLACK
6
CONTINUOUS
10
0.9133765748031496
20
1.7439288976377951
11
0.9165041732283464
21
1.7470564960629922
0
LINE
8
BLACK
6
CONTINUOUS
10
0.9165041732283464
20
1.7470564960629922
11
0.918290748031496
21
1.7511027165354329
0
LINE
8
BLACK
6
CONTINUOUS
10
0.918290748031496
20
1.7511027165354329
11
0.9184055118110236
21
1.7520919291338581
0
LINE
8
BLACK
6
CONTINUOUS
10
0.9184055118110236
20
1.7520919291338581
11
0.9184054724409448
21
1.8156245669291338
0
LINE
8
BLACK
6
CONTINUOUS
10
0.9184054724409448
20
1.8156245669291338
11
0.918290748031496
21
1.8166138188976377
0
LINE
8
BLACK
6
CONTINUOUS
10
0.918290748031496
20
1.8166138188976377
11
0.9165041732283464
21
1.8206600393700787
0
LINE
8
BLACK
6
CONTINUOUS
10
0.9165041732283464
20
1.8206600393700787
11
0.9133765748031496
21
1.8237876377952755
0
LINE
8
BLACK
6
CONTINUOUS
10
0.9133765748031496
20
1.8237876377952755
11
0.9093303543307086
21
1.8255742125984251
0
LINE
8
BLACK
6
CONTINUOUS
10
0.9093303543307086
20
1.8255742125984251
11
0.9093303149606299
21
1.8255742519685039
0
LINE
8
BLACK
6
CONTINUOUS
10
0.9093303149606299
20
1.8255742519685039
11
0.9093302362204724
21
1.8255742519685039
0
LINE
8
BLACK
6
CONTINUOUS
10
0.9093302362204724
20
1.8255742519685039
11
0.9083412598425197
21
1.8256889763779527
0
LINE
8
BLACK
6
CONTINUOUS
10
0.9083412598425197
20
1.8256889763779527
11
0.8448086220472441
21
1.8256889763779527
0
LINE
8
BLACK
6
CONTINUOUS
10
0.8448086220472441
20
1.8256889763779527
11
0.8448085039370079
21
1.8256889370078739
0
LINE
8
BLACK
6
CONTINUOUS
10
0.8448085039370079
20
1.8256889370078739
11
0.8438192519685039
21
1.8255742519685039
0
LINE
8
BLACK
6
CONTINUOUS
10
0.8438192519685039
20
1.8255742519685039
11
0.839773031496063
21
1.8237876377952755
0
LINE
8
BLACK
6
CONTINUOUS
10
0.839773031496063
20
1.8237876377952755
11
0.8366454330708661
21
1.8206600393700787
0
LINE
8
BLACK
6
CONTINUOUS
10
0.8366454330708661
20
1.8206600393700787
11
0.8348588188976378
21
1.8166137401574802
0
LINE
8
BLACK
6
CONTINUOUS
10
0.8348588188976378
20
1.8166137401574802
11
0.834744094488189
21
1.8156248031496063
0
LINE
8
BLACK
6
CONTINUOUS
10
0.834744094488189
20
1.8156248031496063
11
0.834744094488189
21
1.7520921259842519
0
LINE
8
BLACK
6
CONTINUOUS
10
1.134744094488189
20
1.7520921259842519
11
1.1347441338582678
21
1.7520920078740156
0
LINE
8
BLACK
6
CONTINUOUS
10
1.1347441338582678
20
1.7520920078740156
11
1.1348588188976378
21
1.7511027559055117
0
LINE
8
BLACK
6
CONTINUOUS
10
1.1348588188976378
20
1.7511027559055117
11
1.1358565354330707
21
1.7488431102362205
0
LINE
8
BLACK
6
CONTINUOUS
10
1.1358565354330707
20
1.7488431102362205
11
1.1366454330708662
21
1.7470564960629922
0
LINE
8
BLACK
6
CONTINUOUS
10
1.1366454330708662
20
1.7470564960629922
11
1.139773031496063
21
1.7439288976377951
0
LINE
8
BLACK
6
CONTINUOUS
10
1.139773031496063
20
1.7439288976377951
11
1.143819251968504
21
1.7421423228346455
0
LINE
8
BLACK
6
CONTINUOUS
10
1.143819251968504
20
1.7421423228346455
11
1.1448084645669292
21
1.742027559055118
0
LINE
8
BLACK
6
CONTINUOUS
10
1.1448084645669292
20
1.742027559055118
11
1.2083411023622046
21
1.7420275984251967
0
LINE
8
BLACK
6
CONTINUOUS
10
1.2083411023622046
20
1.7420275984251967
11
1.2093303543307086
21
1.7421423228346455
0
LINE
8
BLACK
6
CONTINUOUS
10
1.2093303543307086
20
1.7421423228346455
11
1.2133765748031495
21
1.7439288976377951
0
LINE
8
BLACK
6
CONTINUOUS
10
1.2133765748031495
20
1.7439288976377951
11
1.2165041732283464
21
1.7470564960629922
0
LINE
8
BLACK
6
CONTINUOUS
10
1.2165041732283464
20
1.7470564960629922
11
1.218290748031496
21
1.7511027165354329
0
LINE
8
BLACK
6
CONTINUOUS
10
1.218290748031496
20
1.7511027165354329
11
1.2184055118110235
21
1.7520919291338581
0
LINE
8
BLACK
6
CONTINUOUS
10
1.2184055118110235
20
1.7520919291338581
11
1.2184054724409448
21
1.8156245669291338
0
LINE
8
BLACK
6
CONTINUOUS
10
1.2184054724409448
20
1.8156245669291338
11
1.218405433070866
21
1.8156248031496063
0
LINE
8
BLACK
6
CONTINUOUS
10
1.218405433070866
20
1.8156248031496063
11
1.218290748031496
21
1.8166138188976377
0
LINE
8
BLACK
6
CONTINUOUS
10
1.218290748031496
20
1.8166138188976377
11
1.2165041732283464
21
1.8206600393700787
0
LINE
8
BLACK
6
CONTINUOUS
10
1.2165041732283464
20
1.8206600393700787
11
1.2133765748031495
21
1.8237876377952755
0
LINE
8
BLACK
6
CONTINUOUS
10
1.2133765748031495
20
1.8237876377952755
11
1.2093303543307086
21
1.8255742125984251
0
LINE
8
BLACK
6
CONTINUOUS
10
1.2093303543307086
20
1.8255742125984251
11
1.2093303149606298
21
1.8255742519685039
0
LINE
8
BLACK
6
CONTINUOUS
10
1.2093303149606298
20
1.8255742519685039
11
1.2093302362204723
21
1.8255742519685039
0
LINE
8
BLACK
6
CONTINUOUS
10
1.2093302362204723
20
1.8255742519685039
11
1.2083412598425196
21
1.8256889763779527
0
LINE
8
BLACK
6
CONTINUOUS
10
1.2083412598425196
20
1.8256889763779527
11
1.144808622047244
21
1.8256889763779527
0
LINE
8
BLACK
6
CONTINUOUS
10
1.144808622047244
20
1.8256889763779527
11
1.1448085039370079
21
1.8256889370078739
0
LINE
8
BLACK
6
CONTINUOUS
10
1.1448085039370079
20
1.8256889370078739
11
1.143819251968504
21
1.8255742519685039
0
LINE
8
BLACK
6
CONTINUOUS
10
1.143819251968504
20
1.8255742519685039
11
1.139773031496063
21
1.8237876377952755
0
LINE
8
BLACK
6
CONTINUOUS
10
1.139773031496063
20
1.8237876377952755
11
1.1366454330708662
21
1.8206600393700787
0
LINE
8
BLACK
6
CONTINUOUS
10
1.1366454330708662
20
1.8206600393700787
11
1.1348588188976378
21
1.8166137401574802
0
LINE
8
BLACK
6
CONTINUOUS
10
1.1348588188976378
20
1.8166137401574802
11
1.134744094488189
21
1.8156248031496063
0
LINE
8
BLACK
6
CONTINUOUS
10
1.134744094488189
20
1.8156248031496063
11
1.134744094488189
21
1.7520921259842519
0
LINE
8
BLACK
6
CONTINUOUS
10
1.2347440944881889
20
1.7520921259842519
11
1.2347441338582676
21
1.7520920078740156
0
LINE
8
BLACK
6
CONTINUOUS
10
1.2347441338582676
20
1.7520920078740156
11
1.2348588188976377
21
1.7511027559055117
0
LINE
8
BLACK
6
CONTINUOUS
10
1.2348588188976377
20
1.7511027559055117
11
1.2358565354330708
21
1.7488431102362205
0
LINE
8
BLACK
6
CONTINUOUS
10
1.2358565354330708
20
1.7488431102362205
11
1.2366454330708661
21
1.7470564960629922
0
LINE
8
BLACK
6
CONTINUOUS
10
1.2366454330708661
20
1.7470564960629922
11
1.2397730314960629
21
1.7439288976377951
0
LINE
8
BLACK
6
CONTINUOUS
10
1.2397730314960629
20
1.7439288976377951
11
1.2438192519685038
21
1.7421423228346455
0
LINE
8
BLACK
6
CONTINUOUS
10
1.2438192519685038
20
1.7421423228346455
11
1.2448084645669291
21
1.742027559055118
0
LINE
8
BLACK
6
CONTINUOUS
10
1.2448084645669291
20
1.742027559055118
11
1.3083411023622047
21
1.7420275984251967
0
LINE
8
BLACK
6
CONTINUOUS
10
1.3083411023622047
20
1.7420275984251967
11
1.3093303543307087
21
1.7421423228346455
0
LINE
8
BLACK
6
CONTINUOUS
10
1.3093303543307087
20
1.7421423228346455
11
1.3133765748031496
21
1.7439288976377951
0
LINE
8
BLACK
6
CONTINUOUS
10
1.3133765748031496
20
1.7439288976377951
11
1.3165041732283465
21
1.7470564960629922
0
LINE
8
BLACK
6
CONTINUOUS
10
1.3165041732283465
20
1.7470564960629922
11
1.318290748031496
21
1.7511027165354329
0
LINE
8
BLACK
6
CONTINUOUS
10
1.318290748031496
20
1.7511027165354329
11
1.3184055118110236
21
1.7520919291338581
0
LINE
8
BLACK
6
CONTINUOUS
10
1.3184055118110236
20
1.7520919291338581
11
1.3184054724409449
21
1.8156245669291338
0
LINE
8
BLACK
6
CONTINUOUS
10
1.3184054724409449
20
1.8156245669291338
11
1.3184054330708661
21
1.8156248031496063
0
LINE
8
BLACK
6
CONTINUOUS
10
1.3184054330708661
20
1.8156248031496063
11
1.318290748031496
21
1.8166138188976377
0
LINE
8
BLACK
6
CONTINUOUS
10
1.318290748031496
20
1.8166138188976377
11
1.3165041732283465
21
1.8206600393700787
0
LINE
8
BLACK
6
CONTINUOUS
10
1.3165041732283465
20
1.8206600393700787
11
1.3133765748031496
21
1.8237876377952755
0
LINE
8
BLACK
6
CONTINUOUS
10
1.3133765748031496
20
1.8237876377952755
11
1.3093303543307087
21
1.8255742125984251
0
LINE
8
BLACK
6
CONTINUOUS
10
1.3093303543307087
20
1.8255742125984251
11
1.3093303149606299
21
1.8255742519685039
0
LINE
8
BLACK
6
CONTINUOUS
10
1.3093303149606299
20
1.8255742519685039
11
1.3093302362204724
21
1.8255742519685039
0
LINE
8
BLACK
6
CONTINUOUS
10
1.3093302362204724
20
1.8255742519685039
11
1.3083412598425197
21
1.8256889763779527
0
LINE
8
BLACK
6
CONTINUOUS
10
1.3083412598425197
20
1.8256889763779527
11
1.2448086220472441
21
1.8256889763779527
0
LINE
8
BLACK
6
CONTINUOUS
10
1.2448086220472441
20
1.8256889763779527
11
1.2448085039370078
21
1.8256889370078739
0
LINE
8
BLACK
6
CONTINUOUS
10
1.2448085039370078
20
1.8256889370078739
11
1.2438192519685038
21
1.8255742519685039
0
LINE
8
BLACK
6
CONTINUOUS
10
1.2438192519685038
20
1.8255742519685039
11
1.2397730314960629
21
1.8237876377952755
0
LINE
8
BLACK
6
CONTINUOUS
10
1.2397730314960629
20
1.8237876377952755
11
1.2366454330708661
21
1.8206600393700787
0
LINE
8
BLACK
6
CONTINUOUS
10
1.2366454330708661
20
1.8206600393700787
11
1.2348588188976377
21
1.8166137401574802
0
LINE
8
BLACK
6
CONTINUOUS
10
1.2348588188976377
20
1.8166137401574802
11
1.2347440944881889
21
1.8156248031496063
0
LINE
8
BLACK
6
CONTINUOUS
10
1.2347440944881889
20
1.8156248031496063
11
1.2347440944881889
21
1.7520921259842519
0
LINE
8
BLACK
6
CONTINUOUS
10
1.334744094488189
20
1.7520921259842519
11
1.3347441338582677
21
1.7520920078740156
0
LINE
8
BLACK
6
CONTINUOUS
10
1.3347441338582677
20
1.7520920078740156
11
1.3348588188976378
21
1.7511027559055117
0
LINE
8
BLACK
6
CONTINUOUS
10
1.3348588188976378
20
1.7511027559055117
11
1.3358565354330709
21
1.7488431102362205
0
LINE
8
BLACK
6
CONTINUOUS
10
1.3358565354330709
20
1.7488431102362205
11
1.3366454330708661
21
1.7470564960629922
0
LINE
8
BLACK
6
CONTINUOUS
10
1.3366454330708661
20
1.7470564960629922
11
1.339773031496063
21
1.7439288976377951
0
LINE
8
BLACK
6
CONTINUOUS
10
1.339773031496063
20
1.7439288976377951
11
1.3438192519685039
21
1.7421423228346455
0
LINE
8
BLACK
6
CONTINUOUS
10
1.3438192519685039
20
1.7421423228346455
11
1.3448084645669292
21
1.742027559055118
0
LINE
8
BLACK
6
CONTINUOUS
10
1.3448084645669292
20
1.742027559055118
11
1.4083411023622048
21
1.7420275984251967
0
LINE
8
BLACK
6
CONTINUOUS
10
1.4083411023622048
20
1.7420275984251967
11
1.4093303543307085
21
1.7421423228346455
0
LINE
8
BLACK
6
CONTINUOUS
10
1.4093303543307085
20
1.7421423228346455
11
1.4133765748031495
21
1.7439288976377951
0
LINE
8
BLACK
6
CONTINUOUS
10
1.4133765748031495
20
1.7439288976377951
11
1.4165041732283463
21
1.7470564960629922
0
LINE
8
BLACK
6
CONTINUOUS
10
1.4165041732283463
20
1.7470564960629922
11
1.4182907480314961
21
1.7511027165354329
0
LINE
8
BLACK
6
CONTINUOUS
10
1.4182907480314961
20
1.7511027165354329
11
1.4184055118110237
21
1.7520919291338581
0
LINE
8
BLACK
6
CONTINUOUS
10
1.4184055118110237
20
1.7520919291338581
11
1.4184054724409449
21
1.8156245669291338
0
LINE
8
BLACK
6
CONTINUOUS
10
1.4184054724409449
20
1.8156245669291338
11
1.4184054330708662
21
1.8156248031496063
0
LINE
8
BLACK
6
CONTINUOUS
10
1.4184054330708662
20
1.8156248031496063
11
1.4182907480314961
21
1.8166138188976377
0
LINE
8
BLACK
6
CONTINUOUS
10
1.4182907480314961
20
1.8166138188976377
11
1.4165041732283463
21
1.8206600393700787
0
LINE
8
BLACK
6
CONTINUOUS
10
1.4165041732283463
20
1.8206600393700787
11
1.4133765748031495
21
1.8237876377952755
0
LINE
8
BLACK
6
CONTINUOUS
10
1.4133765748031495
20
1.8237876377952755
11
1.4093303543307085
21
1.8255742125984251
0
LINE
8
BLACK
6
CONTINUOUS
10
1.4093303543307085
20
1.8255742125984251
11
1.40933031496063
21
1.8255742519685039
0
LINE
8
BLACK
6
CONTINUOUS
10
1.40933031496063
20
1.8255742519685039
11
1.4093302362204725
21
1.8255742519685039
0
LINE
8
BLACK
6
CONTINUOUS
10
1.4093302362204725
20
1.8255742519685039
11
1.4083412598425196
21
1.8256889763779527
0
LINE
8
BLACK
6
CONTINUOUS
10
1.4083412598425196
20
1.8256889763779527
11
1.3448086220472442
21
1.8256889763779527
0
LINE
8
BLACK
6
CONTINUOUS
10
1.3448086220472442
20
1.8256889763779527
11
1.3448085039370079
21
1.8256889370078739
0
LINE
8
BLACK
6
CONTINUOUS
10
1.3448085039370079
20
1.8256889370078739
11
1.3438192519685039
21
1.8255742519685039
0
LINE
8
BLACK
6
CONTINUOUS
10
1.3438192519685039
20
1.8255742519685039
11
1.339773031496063
21
1.8237876377952755
0
LINE
8
BLACK
6
CONTINUOUS
10
1.339773031496063
20
1.8237876377952755
11
1.3366454330708661
21
1.8206600393700787
0
LINE
8
BLACK
6
CONTINUOUS
10
1.3366454330708661
20
1.8206600393700787
11
1.3348588188976378
21
1.8166137401574802
0
LINE
8
BLACK
6
CONTINUOUS
10
1.3348588188976378
20
1.8166137401574802
11
1.334744094488189
21
1.8156248031496063
0
LINE
8
BLACK
6
CONTINUOUS
10
1.334744094488189
20
1.8156248031496063
11
1.334744094488189
21
1.7520921259842519
0
LINE
8
BLACK
6
CONTINUOUS
10
1.4347440944881888
20
1.7520921259842519
11
1.4347441338582676
21
1.7520920078740156
0
LINE
8
BLACK
6
CONTINUOUS
10
1.4347441338582676
20
1.7520920078740156
11
1.4348588188976377
21
1.7511027559055117
0
LINE
8
BLACK
6
CONTINUOUS
10
1.4348588188976377
20
1.7511027559055117
11
1.4358565354330708
21
1.7488431102362205
0
LINE
8
BLACK
6
CONTINUOUS
10
1.4358565354330708
20
1.7488431102362205
11
1.436645433070866
21
1.7470564960629922
0
LINE
8
BLACK
6
CONTINUOUS
10
1.436645433070866
20
1.7470564960629922
11
1.4397730314960631
21
1.7439288976377951
0
LINE
8
BLACK
6
CONTINUOUS
10
1.4397730314960631
20
1.7439288976377951
11
1.4438192519685038
21
1.7421423228346455
0
LINE
8
BLACK
6
CONTINUOUS
10
1.4438192519685038
20
1.7421423228346455
11
1.444808464566929
21
1.742027559055118
0
LINE
8
BLACK
6
CONTINUOUS
10
1.444808464566929
20
1.742027559055118
11
1.5083411023622046
21
1.7420275984251967
0
LINE
8
BLACK
6
CONTINUOUS
10
1.5083411023622046
20
1.7420275984251967
11
1.5093303543307086
21
1.7421423228346455
0
LINE
8
BLACK
6
CONTINUOUS
10
1.5093303543307086
20
1.7421423228346455
11
1.5133765748031496
21
1.7439288976377951
0
LINE
8
BLACK
6
CONTINUOUS
10
1.5133765748031496
20
1.7439288976377951
11
1.5165041732283464
21
1.7470564960629922
0
LINE
8
BLACK
6
CONTINUOUS
10
1.5165041732283464
20
1.7470564960629922
11
1.518290748031496
21
1.7511027165354329
0
LINE
8
BLACK
6
CONTINUOUS
10
1.518290748031496
20
1.7511027165354329
11
1.5184055118110236
21
1.7520919291338581
0
LINE
8
BLACK
6
CONTINUOUS
10
1.5184055118110236
20
1.7520919291338581
11
1.5184054724409448
21
1.8156245669291338
0
LINE
8
BLACK
6
CONTINUOUS
10
1.5184054724409448
20
1.8156245669291338
11
1.5184054330708661
21
1.8156248031496063
0
LINE
8
BLACK
6
CONTINUOUS
10
1.5184054330708661
20
1.8156248031496063
11
1.518290748031496
21
1.8166138188976377
0
LINE
8
BLACK
6
CONTINUOUS
10
1.518290748031496
20
1.8166138188976377
11
1.5165041732283464
21
1.8206600393700787
0
LINE
8
BLACK
6
CONTINUOUS
10
1.5165041732283464
20
1.8206600393700787
11
1.5133765748031496
21
1.8237876377952755
0
LINE
8
BLACK
6
CONTINUOUS
10
1.5133765748031496
20
1.8237876377952755
11
1.5093303543307086
21
1.8255742125984251
0
LINE
8
BLACK
6
CONTINUOUS
10
1.5093303543307086
20
1.8255742125984251
11
1.5093303149606299
21
1.8255742519685039
0
LINE
8
BLACK
6
CONTINUOUS
10
1.5093303149606299
20
1.8255742519685039
11
1.5093302362204724
21
1.8255742519685039
0
LINE
8
BLACK
6
CONTINUOUS
10
1.5093302362204724
20
1.8255742519685039
11
1.5083412598425197
21
1.8256889763779527
0
LINE
8
BLACK
6
CONTINUOUS
10
1.5083412598425197
20
1.8256889763779527
11
1.444808622047244
21
1.8256889763779527
0
LINE
8
BLACK
6
CONTINUOUS
10
1.444808622047244
20
1.8256889763779527
11
1.4448085039370078
21
1.8256889370078739
0
LINE
8
BLACK
6
CONTINUOUS
10
1.4448085039370078
20
1.8256889370078739
11
1.4438192519685038
21
1.8255742519685039
0
LINE
8
BLACK
6
CONTINUOUS
10
1.4438192519685038
20
1.8255742519685039
11
1.4397730314960631
21
1.8237876377952755
0
LINE
8
BLACK
6
CONTINUOUS
10
1.4397730314960631
20
1.8237876377952755
11
1.436645433070866
21
1.8206600393700787
0
LINE
8
BLACK
6
CONTINUOUS
10
1.436645433070866
20
1.8206600393700787
11
1.4348588188976377
21
1.8166137401574802
0
LINE
8
BLACK
6
CONTINUOUS
10
1.4348588188976377
20
1.8166137401574802
11
1.4347440944881888
21
1.8156248031496063
0
LINE
8
BLACK
6
CONTINUOUS
10
1.4347440944881888
20
1.8156248031496063
11
1.4347440944881888
21
1.7520921259842519
0
LINE
8
BLACK
6
CONTINUOUS
10
1.5347440944881889
20
1.7520921259842519
11
1.5347441338582677
21
1.7520920078740156
0
LINE
8
BLACK
6
CONTINUOUS
10
1.5347441338582677
20
1.7520920078740156
11
1.5348588188976378
21
1.7511027559055117
0
LINE
8
BLACK
6
CONTINUOUS
10
1.5348588188976378
20
1.7511027559055117
11
1.5358565354330709
21
1.7488431102362205
0
LINE
8
BLACK
6
CONTINUOUS
10
1.5358565354330709
20
1.7488431102362205
11
1.5366454330708661
21
1.7470564960629922
0
LINE
8
BLACK
6
CONTINUOUS
10
1.5366454330708661
20
1.7470564960629922
11
1.5397730314960629
21
1.7439288976377951
0
LINE
8
BLACK
6
CONTINUOUS
10
1.5397730314960629
20
1.7439288976377951
11
1.5438192519685039
21
1.7421423228346455
0
LINE
8
BLACK
6
CONTINUOUS
10
1.5438192519685039
20
1.7421423228346455
11
1.5448084645669291
21
1.742027559055118
0
LINE
8
BLACK
6
CONTINUOUS
10
1.5448084645669291
20
1.742027559055118
11
1.6083411023622047
21
1.7420275984251967
0
LINE
8
BLACK
6
CONTINUOUS
10
1.6083411023622047
20
1.7420275984251967
11
1.6093303543307087
21
1.7421423228346455
0
LINE
8
BLACK
6
CONTINUOUS
10
1.6093303543307087
20
1.7421423228346455
11
1.6133765748031497
21
1.7439288976377951
0
LINE
8
BLACK
6
CONTINUOUS
10
1.6133765748031497
20
1.7439288976377951
11
1.6165041732283465
21
1.7470564960629922
0
LINE
8
BLACK
6
CONTINUOUS
10
1.6165041732283465
20
1.7470564960629922
11
1.6182907480314961
21
1.7511027165354329
0
LINE
8
BLACK
6
CONTINUOUS
10
1.6182907480314961
20
1.7511027165354329
11
1.6184055118110237
21
1.7520919291338581
0
LINE
8
BLACK
6
CONTINUOUS
10
1.6184055118110237
20
1.7520919291338581
11
1.6184054724409449
21
1.8156245669291338
0
LINE
8
BLACK
6
CONTINUOUS
10
1.6184054724409449
20
1.8156245669291338
11
1.6184054330708662
21
1.8156248031496063
0
LINE
8
BLACK
6
CONTINUOUS
10
1.6184054330708662
20
1.8156248031496063
11
1.6182907480314961
21
1.8166138188976377
0
LINE
8
BLACK
6
CONTINUOUS
10
1.6182907480314961
20
1.8166138188976377
11
1.6165041732283465
21
1.8206600393700787
0
LINE
8
BLACK
6
CONTINUOUS
10
1.6165041732283465
20
1.8206600393700787
11
1.6133765748031497
21
1.8237876377952755
0
LINE
8
BLACK
6
CONTINUOUS
10
1.6133765748031497
20
1.8237876377952755
11
1.6093303543307087
21
1.8255742125984251
0
LINE
8
BLACK
6
CONTINUOUS
10
1.6093303543307087
20
1.8255742125984251
11
1.6093303149606299
21
1.8255742519685039
0
LINE
8
BLACK
6
CONTINUOUS
10
1.6093303149606299
20
1.8255742519685039
11
1.6093302362204724
21
1.8255742519685039
0
LINE
8
BLACK
6
CONTINUOUS
10
1.6093302362204724
20
1.8255742519685039
11
1.6083412598425197
21
1.8256889763779527
0
LINE
8
BLACK
6
CONTINUOUS
10
1.6083412598425197
20
1.8256889763779527
11
1.5448086220472441
21
1.8256889763779527
0
LINE
8
BLACK
6
CONTINUOUS
10
1.5448086220472441
20
1.8256889763779527
11
1.5448085039370079
21
1.8256889370078739
0
LINE
8
BLACK
6
CONTINUOUS
10
1.5448085039370079
20
1.8256889370078739
11
1.5438192519685039
21
1.8255742519685039
0
LINE
8
BLACK
6
CONTINUOUS
10
1.5438192519685039
20
1.8255742519685039
11
1.5397730314960629
21
1.8237876377952755
0
LINE
8
BLACK
6
CONTINUOUS
10
1.5397730314960629
20
1.8237876377952755
11
1.5366454330708661
21
1.8206600393700787
0
LINE
8
BLACK
6
CONTINUOUS
10
1.5366454330708661
20
1.8206600393700787
11
1.5348588188976378
21
1.8166137401574802
0
LINE
8
BLACK
6
CONTINUOUS
10
1.5348588188976378
20
1.8166137401574802
11
1.5347440944881889
21
1.8156248031496063
0
LINE
8
BLACK
6
CONTINUOUS
10
1.5347440944881889
20
1.8156248031496063
11
1.5347440944881889
21
1.7520921259842519
0
LINE
8
BLACK
6
CONTINUOUS
10
1.634744094488189
20
1.7520921259842519
11
1.6347441338582678
21
1.7520920078740156
0
LINE
8
BLACK
6
CONTINUOUS
10
1.6347441338582678
20
1.7520920078740156
11
1.6348588188976378
21
1.7511027559055117
0
LINE
8
BLACK
6
CONTINUOUS
10
1.6348588188976378
20
1.7511027559055117
11
1.6358565354330707
21
1.7488431102362205
0
LINE
8
BLACK
6
CONTINUOUS
10
1.6358565354330707
20
1.7488431102362205
11
1.6366454330708662
21
1.7470564960629922
0
LINE
8
BLACK
6
CONTINUOUS
10
1.6366454330708662
20
1.7470564960629922
11
1.639773031496063
21
1.7439288976377951
0
LINE
8
BLACK
6
CONTINUOUS
10
1.639773031496063
20
1.7439288976377951
11
1.643819251968504
21
1.7421423228346455
0
LINE
8
BLACK
6
CONTINUOUS
10
1.643819251968504
20
1.7421423228346455
11
1.6448084645669292
21
1.742027559055118
0
LINE
8
BLACK
6
CONTINUOUS
10
1.6448084645669292
20
1.742027559055118
11
1.7083411023622046
21
1.7420275984251967
0
LINE
8
BLACK
6
CONTINUOUS
10
1.7083411023622046
20
1.7420275984251967
11
1.7093303543307086
21
1.7421423228346455
0
LINE
8
BLACK
6
CONTINUOUS
10
1.7093303543307086
20
1.7421423228346455
11
1.7133765748031495
21
1.7439288976377951
0
LINE
8
BLACK
6
CONTINUOUS
10
1.7133765748031495
20
1.7439288976377951
11
1.7165041732283464
21
1.7470564960629922
0
LINE
8
BLACK
6
CONTINUOUS
10
1.7165041732283464
20
1.7470564960629922
11
1.718290748031496
21
1.7511027165354329
0
LINE
8
BLACK
6
CONTINUOUS
10
1.718290748031496
20
1.7511027165354329
11
1.7184055118110235
21
1.7520919291338581
0
LINE
8
BLACK
6
CONTINUOUS
10
1.7184055118110235
20
1.7520919291338581
11
1.7184054724409448
21
1.7861622047244095
0
LINE
8
BLACK
6
CONTINUOUS
10
1.7184054724409448
20
1.7861622047244095
11
1.7184054724409448
21
1.8148277559055117
0
LINE
8
BLACK
6
CONTINUOUS
10
1.7184054724409448
20
1.8148277559055117
11
1.7184054724409448
21
1.8150192125984252
0
LINE
8
BLACK
6
CONTINUOUS
10
1.7184054724409448
20
1.8150192125984252
11
1.7184054724409448
21
1.8156244488188975
0
LINE
8
BLACK
6
CONTINUOUS
10
1.7184054724409448
20
1.8156244488188975
11
1.7184054724409448
21
1.8156245669291338
0
LINE
8
BLACK
6
CONTINUOUS
10
1.7184054724409448
20
1.8156245669291338
11
1.718290748031496
21
1.8166138188976377
0
LINE
8
BLACK
6
CONTINUOUS
10
1.718290748031496
20
1.8166138188976377
11
1.7165041732283464
21
1.8206600393700787
0
LINE
8
BLACK
6
CONTINUOUS
10
1.7165041732283464
20
1.8206600393700787
11
1.7133765748031495
21
1.8237876377952755
0
LINE
8
BLACK
6
CONTINUOUS
10
1.7133765748031495
20
1.8237876377952755
11
1.7093303543307086
21
1.8255742125984251
0
LINE
8
BLACK
6
CONTINUOUS
10
1.7093303543307086
20
1.8255742125984251
11
1.7093303149606298
21
1.8255742519685039
0
LINE
8
BLACK
6
CONTINUOUS
10
1.7093303149606298
20
1.8255742519685039
11
1.7093302362204723
21
1.8255742519685039
0
LINE
8
BLACK
6
CONTINUOUS
10
1.7093302362204723
20
1.8255742519685039
11
1.7083412598425196
21
1.8256889763779527
0
LINE
8
BLACK
6
CONTINUOUS
10
1.7083412598425196
20
1.8256889763779527
11
1.644808622047244
21
1.8256889763779527
0
LINE
8
BLACK
6
CONTINUOUS
10
1.644808622047244
20
1.8256889763779527
11
1.6448085039370077
21
1.8256889370078739
0
LINE
8
BLACK
6
CONTINUOUS
10
1.6448085039370077
20
1.8256889370078739
11
1.643819251968504
21
1.8255742519685039
0
LINE
8
BLACK
6
CONTINUOUS
10
1.643819251968504
20
1.8255742519685039
11
1.639773031496063
21
1.8237876377952755
0
LINE
8
BLACK
6
CONTINUOUS
10
1.639773031496063
20
1.8237876377952755
11
1.6366454330708662
21
1.8206600393700787
0
LINE
8
BLACK
6
CONTINUOUS
10
1.6366454330708662
20
1.8206600393700787
11
1.6348588188976378
21
1.8166137401574802
0
LINE
8
BLACK
6
CONTINUOUS
10
1.6348588188976378
20
1.8166137401574802
11
1.634744094488189
21
1.8156248031496063
0
LINE
8
BLACK
6
CONTINUOUS
10
1.634744094488189
20
1.8156248031496063
11
1.634744094488189
21
1.7520921259842519
0
LINE
8
BLACK
6
CONTINUOUS
10
0.6367323228346456
20
1.8759842519685039
11
0.6367322834645669
21
1.8759842125984252
0
LINE
8
BLACK
6
CONTINUOUS
10
0.6367322834645669
20
1.8759842125984252
11
0.6367322834645669
21
1.8528888188976378
0
LINE
8
BLACK
6
CONTINUOUS
10
0.6367322834645669
20
1.8528888188976378
11
0.6373033858267716
21
1.850017874015748
0
LINE
8
BLACK
6
CONTINUOUS
10
0.6373033858267716
20
1.850017874015748
11
0.6373034251968503
21
1.8500177952755905
0
LINE
8
BLACK
6
CONTINUOUS
10
0.6373034251968503
20
1.8500177952755905
11
0.6394786614173228
21
1.8467623228346457
0
LINE
8
BLACK
6
CONTINUOUS
10
0.6394786614173228
20
1.8467623228346457
11
0.6394788188976378
21
1.8467621653543307
0
LINE
8
BLACK
6
CONTINUOUS
10
0.6394788188976378
20
1.8467621653543307
11
0.6427342913385826
21
1.8445869291338581
0
LINE
8
BLACK
6
CONTINUOUS
10
0.6427342913385826
20
1.8445869291338581
11
0.6427343700787401
21
1.8445868897637794
0
LINE
8
BLACK
6
CONTINUOUS
10
0.6427343700787401
20
1.8445868897637794
11
0.6456053149606299
21
1.8440157874015748
0
LINE
8
BLACK
6
CONTINUOUS
10
0.6456053149606299
20
1.8440157874015748
11
0.6456053937007874
21
1.844015748031496
0
LINE
8
BLACK
6
CONTINUOUS
10
0.6456053937007874
20
1.844015748031496
11
0.668700748031496
21
1.844015748031496
0
LINE
8
BLACK
6
CONTINUOUS
10
0.668700748031496
20
1.844015748031496
11
0.6687007874015748
21
1.8440157874015748
0
LINE
8
BLACK
6
CONTINUOUS
10
0.6687007874015748
20
1.8440157874015748
11
0.6687007874015748
21
1.8538582677165354
0
LINE
8
BLACK
6
CONTINUOUS
10
0.6687007874015748
20
1.8538582677165354
11
0.6465748031496062
21
1.8538582677165354
0
LINE
8
BLACK
6
CONTINUOUS
10
0.6465748031496062
20
1.8538582677165354
11
0.6465748031496062
21
1.8759842519685039
0
LINE
8
BLACK
6
CONTINUOUS
10
0.6465748031496062
20
1.8759842519685039
11
0.6367323228346456
21
1.8759842519685039
0
LINE
8
BLACK
6
CONTINUOUS
10
0.7065748031496063
20
1.8538582677165354
11
0.6844488188976378
21
1.8538582677165354
0
LINE
8
BLACK
6
CONTINUOUS
10
0.6844488188976378
20
1.8538582677165354
11
0.6844488188976378
21
1.8440157874015748
0
LINE
8
BLACK
6
CONTINUOUS
10
0.6844488188976378
20
1.8440157874015748
11
0.6844488582677165
21
1.844015748031496
0
LINE
8
BLACK
6
CONTINUOUS
10
0.6844488582677165
20
1.844015748031496
11
0.7075442125984251
21
1.844015748031496
0
LINE
8
BLACK
6
CONTINUOUS
10
0.7075442125984251
20
1.844015748031496
11
0.7075442519685039
21
1.8440157874015748
0
LINE
8
BLACK
6
CONTINUOUS
10
0.7075442519685039
20
1.8440157874015748
11
0.7104151968503937
21
1.8445868897637794
0
LINE
8
BLACK
6
CONTINUOUS
10
0.7104151968503937
20
1.8445868897637794
11
0.7104152755905512
21
1.8445869291338581
0
LINE
8
BLACK
6
CONTINUOUS
10
0.7104152755905512
20
1.8445869291338581
11
0.713670748031496
21
1.8467621653543307
0
LINE
8
BLACK
6
CONTINUOUS
10
0.713670748031496
20
1.8467621653543307
11
0.713670905511811
21
1.8467623228346457
0
LINE
8
BLACK
6
CONTINUOUS
10
0.713670905511811
20
1.8467623228346457
11
0.7158461417322834
21
1.8500177952755905
0
LINE
8
BLACK
6
CONTINUOUS
10
0.7158461417322834
20
1.8500177952755905
11
0.7158461811023622
21
1.850017874015748
0
LINE
8
BLACK
6
CONTINUOUS
10
0.7158461811023622
20
1.850017874015748
11
0.7164172834645669
21
1.8528888188976378
0
LINE
8
BLACK
6
CONTINUOUS
10
0.7164172834645669
20
1.8528888188976378
11
0.7164173228346457
21
1.8528888976377953
0
LINE
8
BLACK
6
CONTINUOUS
10
0.7164173228346457
20
1.8528888976377953
11
0.7164173228346457
21
1.8759842125984252
0
LINE
8
BLACK
6
CONTINUOUS
10
0.7164173228346457
20
1.8759842125984252
11
0.7164172834645669
21
1.8759842519685039
0
LINE
8
BLACK
6
CONTINUOUS
10
0.7164172834645669
20
1.8759842519685039
11
0.7065748031496063
21
1.8759842519685039
0
LINE
8
BLACK
6
CONTINUOUS
10
0.7065748031496063
20
1.8759842519685039
11
0.7065748031496063
21
1.8538582677165354
0
LINE
8
BLACK
6
CONTINUOUS
10
1.7367323228346456
20
1.8759842519685039
11
1.7367322834645669
21
1.8759842125984252
0
LINE
8
BLACK
6
CONTINUOUS
10
1.7367322834645669
20
1.8759842125984252
11
1.7367322834645669
21
1.8528888188976378
0
LINE
8
BLACK
6
CONTINUOUS
10
1.7367322834645669
20
1.8528888188976378
11
1.7373033858267717
21
1.850017874015748
0
LINE
8
BLACK
6
CONTINUOUS
10
1.7373033858267717
20
1.850017874015748
11
1.7373034251968504
21
1.8500177952755905
0
LINE
8
BLACK
6
CONTINUOUS
10
1.7373034251968504
20
1.8500177952755905
11
1.7394786614173228
21
1.8467623228346457
0
LINE
8
BLACK
6
CONTINUOUS
10
1.7394786614173228
20
1.8467623228346457
11
1.7394788188976378
21
1.8467621653543307
0
LINE
8
BLACK
6
CONTINUOUS
10
1.7394788188976378
20
1.8467621653543307
11
1.7427342913385826
21
1.8445869291338581
0
LINE
8
BLACK
6
CONTINUOUS
10
1.7427342913385826
20
1.8445869291338581
11
1.7427343700787401
21
1.8445868897637794
0
LINE
8
BLACK
6
CONTINUOUS
10
1.7427343700787401
20
1.8445868897637794
11
1.7456053149606299
21
1.8440157874015748
0
LINE
8
BLACK
6
CONTINUOUS
10
1.7456053149606299
20
1.8440157874015748
11
1.7456053937007874
21
1.844015748031496
0
LINE
8
BLACK
6
CONTINUOUS
10
1.7456053937007874
20
1.844015748031496
11
1.768700748031496
21
1.844015748031496
0
LINE
8
BLACK
6
CONTINUOUS
10
1.768700748031496
20
1.844015748031496
11
1.7687007874015748
21
1.8440157874015748
0
LINE
8
BLACK
6
CONTINUOUS
10
1.7687007874015748
20
1.8440157874015748
11
1.7687007874015748
21
1.8538582677165354
0
LINE
8
BLACK
6
CONTINUOUS
10
1.7687007874015748
20
1.8538582677165354
11
1.7465748031496062
21
1.8538582677165354
0
LINE
8
BLACK
6
CONTINUOUS
10
1.7465748031496062
20
1.8538582677165354
11
1.7465748031496062
21
1.8759842519685039
0
LINE
8
BLACK
6
CONTINUOUS
10
1.7465748031496062
20
1.8759842519685039
11
1.7367323228346456
21
1.8759842519685039
0
LINE
8
BLACK
6
CONTINUOUS
10
1.8065748031496063
20
1.8538582677165354
11
1.7844488188976377
21
1.8538582677165354
0
LINE
8
BLACK
6
CONTINUOUS
10
1.7844488188976377
20
1.8538582677165354
11
1.7844488188976377
21
1.8440157874015748
0
LINE
8
BLACK
6
CONTINUOUS
10
1.7844488188976377
20
1.8440157874015748
11
1.7844488582677165
21
1.844015748031496
0
LINE
8
BLACK
6
CONTINUOUS
10
1.7844488582677165
20
1.844015748031496
11
1.8075442125984251
21
1.844015748031496
0
LINE
8
BLACK
6
CONTINUOUS
10
1.8075442125984251
20
1.844015748031496
11
1.8075442519685039
21
1.8440157874015748
0
LINE
8
BLACK
6
CONTINUOUS
10
1.8075442519685039
20
1.8440157874015748
11
1.8104151968503936
21
1.8445868897637794
0
LINE
8
BLACK
6
CONTINUOUS
10
1.8104151968503936
20
1.8445868897637794
11
1.8104152755905512
21
1.8445869291338581
0
LINE
8
BLACK
6
CONTINUOUS
10
1.8104152755905512
20
1.8445869291338581
11
1.813670748031496
21
1.8467621653543307
0
LINE
8
BLACK
6
CONTINUOUS
10
1.813670748031496
20
1.8467621653543307
11
1.813670905511811
21
1.8467623228346457
0
LINE
8
BLACK
6
CONTINUOUS
10
1.813670905511811
20
1.8467623228346457
11
1.8158461417322833
21
1.8500177952755905
0
LINE
8
BLACK
6
CONTINUOUS
10
1.8158461417322833
20
1.8500177952755905
11
1.8158461811023621
21
1.850017874015748
0
LINE
8
BLACK
6
CONTINUOUS
10
1.8158461811023621
20
1.850017874015748
11
1.8164172834645669
21
1.8528888188976378
0
LINE
8
BLACK
6
CONTINUOUS
10
1.8164172834645669
20
1.8528888188976378
11
1.8164173228346456
21
1.8528888976377953
0
LINE
8
BLACK
6
CONTINUOUS
10
1.8164173228346456
20
1.8528888976377953
11
1.8164173228346456
21
1.8759842125984252
0
LINE
8
BLACK
6
CONTINUOUS
10
1.8164173228346456
20
1.8759842125984252
11
1.8164172834645669
21
1.8759842519685039
0
LINE
8
BLACK
6
CONTINUOUS
10
1.8164172834645669
20
1.8759842519685039
11
1.8065748031496063
21
1.8759842519685039
0
LINE
8
BLACK
6
CONTINUOUS
10
1.8065748031496063
20
1.8759842519685039
11
1.8065748031496063
21
1.8538582677165354
0
LINE
8
BLACK
6
CONTINUOUS
10
0.734744094488189
20
1.852092125984252
11
0.7347441338582676
21
1.8520920078740157
0
LINE
8
BLACK
6
CONTINUOUS
10
0.7347441338582676
20
1.8520920078740157
11
0.7348588188976378
21
1.8511027559055118
0
LINE
8
BLACK
6
CONTINUOUS
10
0.7348588188976378
20
1.8511027559055118
11
0.7358565354330708
21
1.8488431102362204
0
LINE
8
BLACK
6
CONTINUOUS
10
0.7358565354330708
20
1.8488431102362204
11
0.7366454330708662
21
1.847056496062992
0
LINE
8
BLACK
6
CONTINUOUS
10
0.7366454330708662
20
1.847056496062992
11
0.739773031496063
21
1.8439288976377952
0
LINE
8
BLACK
6
CONTINUOUS
10
0.739773031496063
20
1.8439288976377952
11
0.743819251968504
21
1.8421423228346456
0
LINE
8
BLACK
6
CONTINUOUS
10
0.743819251968504
20
1.8421423228346456
11
0.7448084645669291
21
1.8420275590551181
0
LINE
8
BLACK
6
CONTINUOUS
10
0.7448084645669291
20
1.8420275590551181
11
0.8083411023622047
21
1.8420275984251968
0
LINE
8
BLACK
6
CONTINUOUS
10
0.8083411023622047
20
1.8420275984251968
11
0.8093303543307087
21
1.8421423228346456
0
LINE
8
BLACK
6
CONTINUOUS
10
0.8093303543307087
20
1.8421423228346456
11
0.8133765748031496
21
1.8439288976377952
0
LINE
8
BLACK
6
CONTINUOUS
10
0.8133765748031496
20
1.8439288976377952
11
0.8165041732283465
21
1.847056496062992
0
LINE
8
BLACK
6
CONTINUOUS
10
0.8165041732283465
20
1.847056496062992
11
0.818290748031496
21
1.851102716535433
0
LINE
8
BLACK
6
CONTINUOUS
10
0.818290748031496
20
1.851102716535433
11
0.8184055118110236
21
1.8520919291338582
0
LINE
8
BLACK
6
CONTINUOUS
10
0.8184055118110236
20
1.8520919291338582
11
0.8184054724409449
21
1.9156245669291339
0
LINE
8
BLACK
6
CONTINUOUS
10
0.8184054724409449
20
1.9156245669291339
11
0.8184054330708661
21
1.9156248031496061
0
LINE
8
BLACK
6
CONTINUOUS
10
0.8184054330708661
20
1.9156248031496061
11
0.818290748031496
21
1.9166138188976378
0
LINE
8
BLACK
6
CONTINUOUS
10
0.818290748031496
20
1.9166138188976378
11
0.8165041732283465
21
1.9206600393700788
0
LINE
8
BLACK
6
CONTINUOUS
10
0.8165041732283465
20
1.9206600393700788
11
0.8133765748031496
21
1.9237876377952756
0
LINE
8
BLACK
6
CONTINUOUS
10
0.8133765748031496
20
1.9237876377952756
11
0.8093303543307087
21
1.9255742125984252
0
LINE
8
BLACK
6
CONTINUOUS
10
0.8093303543307087
20
1.9255742125984252
11
0.8093303149606299
21
1.925574251968504
0
LINE
8
BLACK
6
CONTINUOUS
10
0.8093303149606299
20
1.925574251968504
11
0.8093302362204724
21
1.925574251968504
0
LINE
8
BLACK
6
CONTINUOUS
10
0.8093302362204724
20
1.925574251968504
11
0.8083412598425197
21
1.9256889763779528
0
LINE
8
BLACK
6
CONTINUOUS
10
0.8083412598425197
20
1.9256889763779528
11
0.7448086220472441
21
1.9256889763779528
0
LINE
8
BLACK
6
CONTINUOUS
10
0.7448086220472441
20
1.9256889763779528
11
0.7448085039370078
21
1.925688937007874
0
LINE
8
BLACK
6
CONTINUOUS
10
0.7448085039370078
20
1.925688937007874
11
0.743819251968504
21
1.925574251968504
0
LINE
8
BLACK
6
CONTINUOUS
10
0.743819251968504
20
1.925574251968504
11
0.739773031496063
21
1.9237876377952756
0
LINE
8
BLACK
6
CONTINUOUS
10
0.739773031496063
20
1.9237876377952756
11
0.7366454330708662
21
1.9206600393700788
0
LINE
8
BLACK
6
CONTINUOUS
10
0.7366454330708662
20
1.9206600393700788
11
0.7348588188976378
21
1.9166137401574803
0
LINE
8
BLACK
6
CONTINUOUS
10
0.7348588188976378
20
1.9166137401574803
11
0.734744094488189
21
1.9156248031496061
0
LINE
8
BLACK
6
CONTINUOUS
10
0.734744094488189
20
1.9156248031496061
11
0.734744094488189
21
1.852092125984252
0
LINE
8
BLACK
6
CONTINUOUS
10
0.834744094488189
20
1.852092125984252
11
0.8347441338582677
21
1.8520920078740157
0
LINE
8
BLACK
6
CONTINUOUS
10
0.8347441338582677
20
1.8520920078740157
11
0.8348588188976378
21
1.8511027559055118
0
LINE
8
BLACK
6
CONTINUOUS
10
0.8348588188976378
20
1.8511027559055118
11
0.8358565354330708
21
1.8488431102362204
0
LINE
8
BLACK
6
CONTINUOUS
10
0.8358565354330708
20
1.8488431102362204
11
0.8366454330708661
21
1.847056496062992
0
LINE
8
BLACK
6
CONTINUOUS
10
0.8366454330708661
20
1.847056496062992
11
0.839773031496063
21
1.8439288976377952
0
LINE
8
BLACK
6
CONTINUOUS
10
0.839773031496063
20
1.8439288976377952
11
0.8438192519685039
21
1.8421423228346456
0
LINE
8
BLACK
6
CONTINUOUS
10
0.8438192519685039
20
1.8421423228346456
11
0.8448084645669292
21
1.8420275590551181
0
LINE
8
BLACK
6
CONTINUOUS
10
0.8448084645669292
20
1.8420275590551181
11
0.9083411023622047
21
1.8420275984251968
0
LINE
8
BLACK
6
CONTINUOUS
10
0.9083411023622047
20
1.8420275984251968
11
0.9093303543307086
21
1.8421423228346456
0
LINE
8
BLACK
6
CONTINUOUS
10
0.9093303543307086
20
1.8421423228346456
11
0.9133765748031496
21
1.8439288976377952
0
LINE
8
BLACK
6
CONTINUOUS
10
0.9133765748031496
20
1.8439288976377952
11
0.9165041732283464
21
1.847056496062992
0
LINE
8
BLACK
6
CONTINUOUS
10
0.9165041732283464
20
1.847056496062992
11
0.918290748031496
21
1.851102716535433
0
LINE
8
BLACK
6
CONTINUOUS
10
0.918290748031496
20
1.851102716535433
11
0.9184055118110236
21
1.8520919291338582
0
LINE
8
BLACK
6
CONTINUOUS
10
0.9184055118110236
20
1.8520919291338582
11
0.9184054724409448
21
1.9156245669291339
0
LINE
8
BLACK
6
CONTINUOUS
10
0.9184054724409448
20
1.9156245669291339
11
0.9184054330708661
21
1.9156248031496061
0
LINE
8
BLACK
6
CONTINUOUS
10
0.9184054330708661
20
1.9156248031496061
11
0.918290748031496
21
1.9166138188976378
0
LINE
8
BLACK
6
CONTINUOUS
10
0.918290748031496
20
1.9166138188976378
11
0.9165041732283464
21
1.9206600393700788
0
LINE
8
BLACK
6
CONTINUOUS
10
0.9165041732283464
20
1.9206600393700788
11
0.9133765748031496
21
1.9237876377952756
0
LINE
8
BLACK
6
CONTINUOUS
10
0.9133765748031496
20
1.9237876377952756
11
0.9093303543307086
21
1.9255742125984252
0
LINE
8
BLACK
6
CONTINUOUS
10
0.9093303543307086
20
1.9255742125984252
11
0.9093303149606299
21
1.925574251968504
0
LINE
8
BLACK
6
CONTINUOUS
10
0.9093303149606299
20
1.925574251968504
11
0.9093302362204724
21
1.925574251968504
0
LINE
8
BLACK
6
CONTINUOUS
10
0.9093302362204724
20
1.925574251968504
11
0.9083412598425197
21
1.9256889763779528
0
LINE
8
BLACK
6
CONTINUOUS
10
0.9083412598425197
20
1.9256889763779528
11
0.8448086220472441
21
1.9256889763779528
0
LINE
8
BLACK
6
CONTINUOUS
10
0.8448086220472441
20
1.9256889763779528
11
0.8448085039370079
21
1.925688937007874
0
LINE
8
BLACK
6
CONTINUOUS
10
0.8448085039370079
20
1.925688937007874
11
0.8438192519685039
21
1.925574251968504
0
LINE
8
BLACK
6
CONTINUOUS
10
0.8438192519685039
20
1.925574251968504
11
0.839773031496063
21
1.9237876377952756
0
LINE
8
BLACK
6
CONTINUOUS
10
0.839773031496063
20
1.9237876377952756
11
0.8366454330708661
21
1.9206600393700788
0
LINE
8
BLACK
6
CONTINUOUS
10
0.8366454330708661
20
1.9206600393700788
11
0.8348588188976378
21
1.9166137401574803
0
LINE
8
BLACK
6
CONTINUOUS
10
0.8348588188976378
20
1.9166137401574803
11
0.834744094488189
21
1.9156248031496061
0
LINE
8
BLACK
6
CONTINUOUS
10
0.834744094488189
20
1.9156248031496061
11
0.834744094488189
21
1.852092125984252
0
LINE
8
BLACK
6
CONTINUOUS
10
1.134744094488189
20
1.852092125984252
11
1.1347441338582678
21
1.8520920078740157
0
LINE
8
BLACK
6
CONTINUOUS
10
1.1347441338582678
20
1.8520920078740157
11
1.1348588188976378
21
1.8511027559055118
0
LINE
8
BLACK
6
CONTINUOUS
10
1.1348588188976378
20
1.8511027559055118
11
1.1358565354330707
21
1.8488431102362204
0
LINE
8
BLACK
6
CONTINUOUS
10
1.1358565354330707
20
1.8488431102362204
11
1.1366454330708662
21
1.847056496062992
0
LINE
8
BLACK
6
CONTINUOUS
10
1.1366454330708662
20
1.847056496062992
11
1.139773031496063
21
1.8439288976377952
0
LINE
8
BLACK
6
CONTINUOUS
10
1.139773031496063
20
1.8439288976377952
11
1.143819251968504
21
1.8421423228346456
0
LINE
8
BLACK
6
CONTINUOUS
10
1.143819251968504
20
1.8421423228346456
11
1.1448084645669292
21
1.8420275590551181
0
LINE
8
BLACK
6
CONTINUOUS
10
1.1448084645669292
20
1.8420275590551181
11
1.2083411023622046
21
1.8420275984251968
0
LINE
8
BLACK
6
CONTINUOUS
10
1.2083411023622046
20
1.8420275984251968
11
1.2093303543307086
21
1.8421423228346456
0
LINE
8
BLACK
6
CONTINUOUS
10
1.2093303543307086
20
1.8421423228346456
11
1.2133765748031495
21
1.8439288976377952
0
LINE
8
BLACK
6
CONTINUOUS
10
1.2133765748031495
20
1.8439288976377952
11
1.2165041732283464
21
1.847056496062992
0
LINE
8
BLACK
6
CONTINUOUS
10
1.2165041732283464
20
1.847056496062992
11
1.218290748031496
21
1.851102716535433
0
LINE
8
BLACK
6
CONTINUOUS
10
1.218290748031496
20
1.851102716535433
11
1.2184055118110235
21
1.8520919291338582
0
LINE
8
BLACK
6
CONTINUOUS
10
1.2184055118110235
20
1.8520919291338582
11
1.2184054724409448
21
1.9156245669291339
0
LINE
8
BLACK
6
CONTINUOUS
10
1.2184054724409448
20
1.9156245669291339
11
1.218405433070866
21
1.9156248031496061
0
LINE
8
BLACK
6
CONTINUOUS
10
1.218405433070866
20
1.9156248031496061
11
1.218290748031496
21
1.9166138188976378
0
LINE
8
BLACK
6
CONTINUOUS
10
1.218290748031496
20
1.9166138188976378
11
1.2165041732283464
21
1.9206600393700788
0
LINE
8
BLACK
6
CONTINUOUS
10
1.2165041732283464
20
1.9206600393700788
11
1.2133765748031495
21
1.9237876377952756
0
LINE
8
BLACK
6
CONTINUOUS
10
1.2133765748031495
20
1.9237876377952756
11
1.2093303543307086
21
1.9255742125984252
0
LINE
8
BLACK
6
CONTINUOUS
10
1.2093303543307086
20
1.9255742125984252
11
1.2093303149606298
21
1.925574251968504
0
LINE
8
BLACK
6
CONTINUOUS
10
1.2093303149606298
20
1.925574251968504
11
1.2093302362204723
21
1.925574251968504
0
LINE
8
BLACK
6
CONTINUOUS
10
1.2093302362204723
20
1.925574251968504
11
1.2083412598425196
21
1.9256889763779528
0
LINE
8
BLACK
6
CONTINUOUS
10
1.2083412598425196
20
1.9256889763779528
11
1.144808622047244
21
1.9256889763779528
0
LINE
8
BLACK
6
CONTINUOUS
10
1.144808622047244
20
1.9256889763779528
11
1.1448085039370079
21
1.925688937007874
0
LINE
8
BLACK
6
CONTINUOUS
10
1.1448085039370079
20
1.925688937007874
11
1.143819251968504
21
1.925574251968504
0
LINE
8
BLACK
6
CONTINUOUS
10
1.143819251968504
20
1.925574251968504
11
1.139773031496063
21
1.9237876377952756
0
LINE
8
BLACK
6
CONTINUOUS
10
1.139773031496063
20
1.9237876377952756
11
1.1366454330708662
21
1.9206600393700788
0
LINE
8
BLACK
6
CONTINUOUS
10
1.1366454330708662
20
1.9206600393700788
11
1.1348588188976378
21
1.9166137401574803
0
LINE
8
BLACK
6
CONTINUOUS
10
1.1348588188976378
20
1.9166137401574803
11
1.134744094488189
21
1.9156248031496061
0
LINE
8
BLACK
6
CONTINUOUS
10
1.134744094488189
20
1.9156248031496061
11
1.134744094488189
21
1.852092125984252
0
LINE
8
BLACK
6
CONTINUOUS
10
1.2347440944881889
20
1.852092125984252
11
1.2347441338582676
21
1.8520920078740157
0
LINE
8
BLACK
6
CONTINUOUS
10
1.2347441338582676
20
1.8520920078740157
11
1.2348588188976377
21
1.8511027559055118
0
LINE
8
BLACK
6
CONTINUOUS
10
1.2348588188976377
20
1.8511027559055118
11
1.2358565354330708
21
1.8488431102362204
0
LINE
8
BLACK
6
CONTINUOUS
10
1.2358565354330708
20
1.8488431102362204
11
1.2366454330708661
21
1.847056496062992
0
LINE
8
BLACK
6
CONTINUOUS
10
1.2366454330708661
20
1.847056496062992
11
1.2397730314960629
21
1.8439288976377952
0
LINE
8
BLACK
6
CONTINUOUS
10
1.2397730314960629
20
1.8439288976377952
11
1.2438192519685038
21
1.8421423228346456
0
LINE
8
BLACK
6
CONTINUOUS
10
1.2438192519685038
20
1.8421423228346456
11
1.2448084645669291
21
1.8420275590551181
0
LINE
8
BLACK
6
CONTINUOUS
10
1.2448084645669291
20
1.8420275590551181
11
1.3083411023622047
21
1.8420275984251968
0
LINE
8
BLACK
6
CONTINUOUS
10
1.3083411023622047
20
1.8420275984251968
11
1.3093303543307087
21
1.8421423228346456
0
LINE
8
BLACK
6
CONTINUOUS
10
1.3093303543307087
20
1.8421423228346456
11
1.3133765748031496
21
1.8439288976377952
0
LINE
8
BLACK
6
CONTINUOUS
10
1.3133765748031496
20
1.8439288976377952
11
1.3165041732283465
21
1.847056496062992
0
LINE
8
BLACK
6
CONTINUOUS
10
1.3165041732283465
20
1.847056496062992
11
1.318290748031496
21
1.851102716535433
0
LINE
8
BLACK
6
CONTINUOUS
10
1.318290748031496
20
1.851102716535433
11
1.3184055118110236
21
1.8520919291338582
0
LINE
8
BLACK
6
CONTINUOUS
10
1.3184055118110236
20
1.8520919291338582
11
1.3184054724409449
21
1.9156245669291339
0
LINE
8
BLACK
6
CONTINUOUS
10
1.3184054724409449
20
1.9156245669291339
11
1.3184054330708661
21
1.9156248031496061
0
LINE
8
BLACK
6
CONTINUOUS
10
1.3184054330708661
20
1.9156248031496061
11
1.318290748031496
21
1.9166138188976378
0
LINE
8
BLACK
6
CONTINUOUS
10
1.318290748031496
20
1.9166138188976378
11
1.3165041732283465
21
1.9206600393700788
0
LINE
8
BLACK
6
CONTINUOUS
10
1.3165041732283465
20
1.9206600393700788
11
1.3133765748031496
21
1.9237876377952756
0
LINE
8
BLACK
6
CONTINUOUS
10
1.3133765748031496
20
1.9237876377952756
11
1.3093303543307087
21
1.9255742125984252
0
LINE
8
BLACK
6
CONTINUOUS
10
1.3093303543307087
20
1.9255742125984252
11
1.3093303149606299
21
1.925574251968504
0
LINE
8
BLACK
6
CONTINUOUS
10
1.3093303149606299
20
1.925574251968504
11
1.3093302362204724
21
1.925574251968504
0
LINE
8
BLACK
6
CONTINUOUS
10
1.3093302362204724
20
1.925574251968504
11
1.3083412598425197
21
1.9256889763779528
0
LINE
8
BLACK
6
CONTINUOUS
10
1.3083412598425197
20
1.9256889763779528
11
1.2448086220472441
21
1.9256889763779528
0
LINE
8
BLACK
6
CONTINUOUS
10
1.2448086220472441
20
1.9256889763779528
11
1.2448085039370078
21
1.925688937007874
0
LINE
8
BLACK
6
CONTINUOUS
10
1.2448085039370078
20
1.925688937007874
11
1.2438192519685038
21
1.925574251968504
0
LINE
8
BLACK
6
CONTINUOUS
10
1.2438192519685038
20
1.925574251968504
11
1.2397730314960629
21
1.9237876377952756
0
LINE
8
BLACK
6
CONTINUOUS
10
1.2397730314960629
20
1.9237876377952756
11
1.2366454330708661
21
1.9206600393700788
0
LINE
8
BLACK
6
CONTINUOUS
10
1.2366454330708661
20
1.9206600393700788
11
1.2348588188976377
21
1.9166137401574803
0
LINE
8
BLACK
6
CONTINUOUS
10
1.2348588188976377
20
1.9166137401574803
11
1.2347440944881889
21
1.9156248031496061
0
LINE
8
BLACK
6
CONTINUOUS
10
1.2347440944881889
20
1.9156248031496061
11
1.2347440944881889
21
1.852092125984252
0
LINE
8
BLACK
6
CONTINUOUS
10
1.334744094488189
20
1.852092125984252
11
1.3347441338582677
21
1.8520920078740157
0
LINE
8
BLACK
6
CONTINUOUS
10
1.3347441338582677
20
1.8520920078740157
11
1.3348588188976378
21
1.8511027559055118
0
LINE
8
BLACK
6
CONTINUOUS
10
1.3348588188976378
20
1.8511027559055118
11
1.3358565354330709
21
1.8488431102362204
0
LINE
8
BLACK
6
CONTINUOUS
10
1.3358565354330709
20
1.8488431102362204
11
1.3366454330708661
21
1.847056496062992
0
LINE
8
BLACK
6
CONTINUOUS
10
1.3366454330708661
20
1.847056496062992
11
1.339773031496063
21
1.8439288976377952
0
LINE
8
BLACK
6
CONTINUOUS
10
1.339773031496063
20
1.8439288976377952
11
1.3438192519685039
21
1.8421423228346456
0
LINE
8
BLACK
6
CONTINUOUS
10
1.3438192519685039
20
1.8421423228346456
11
1.3448084645669292
21
1.8420275590551181
0
LINE
8
BLACK
6
CONTINUOUS
10
1.3448084645669292
20
1.8420275590551181
11
1.4083411023622048
21
1.8420275984251968
0
LINE
8
BLACK
6
CONTINUOUS
10
1.4083411023622048
20
1.8420275984251968
11
1.4093303543307085
21
1.8421423228346456
0
LINE
8
BLACK
6
CONTINUOUS
10
1.4093303543307085
20
1.8421423228346456
11
1.4133765748031495
21
1.8439288976377952
0
LINE
8
BLACK
6
CONTINUOUS
10
1.4133765748031495
20
1.8439288976377952
11
1.4165041732283463
21
1.847056496062992
0
LINE
8
BLACK
6
CONTINUOUS
10
1.4165041732283463
20
1.847056496062992
11
1.4182907480314961
21
1.851102716535433
0
LINE
8
BLACK
6
CONTINUOUS
10
1.4182907480314961
20
1.851102716535433
11
1.4184055118110237
21
1.8520919291338582
0
LINE
8
BLACK
6
CONTINUOUS
10
1.4184055118110237
20
1.8520919291338582
11
1.4184054724409449
21
1.9156245669291339
0
LINE
8
BLACK
6
CONTINUOUS
10
1.4184054724409449
20
1.9156245669291339
11
1.4184054330708662
21
1.9156248031496061
0
LINE
8
BLACK
6
CONTINUOUS
10
1.4184054330708662
20
1.9156248031496061
11
1.4182907480314961
21
1.9166138188976378
0
LINE
8
BLACK
6
CONTINUOUS
10
1.4182907480314961
20
1.9166138188976378
11
1.4165041732283463
21
1.9206600393700788
0
LINE
8
BLACK
6
CONTINUOUS
10
1.4165041732283463
20
1.9206600393700788
11
1.4133765748031495
21
1.9237876377952756
0
LINE
8
BLACK
6
CONTINUOUS
10
1.4133765748031495
20
1.9237876377952756
11
1.4093303543307085
21
1.9255742125984252
0
LINE
8
BLACK
6
CONTINUOUS
10
1.4093303543307085
20
1.9255742125984252
11
1.40933031496063
21
1.925574251968504
0
LINE
8
BLACK
6
CONTINUOUS
10
1.40933031496063
20
1.925574251968504
11
1.4093302362204725
21
1.925574251968504
0
LINE
8
BLACK
6
CONTINUOUS
10
1.4093302362204725
20
1.925574251968504
11
1.4083412598425196
21
1.9256889763779528
0
LINE
8
BLACK
6
CONTINUOUS
10
1.4083412598425196
20
1.9256889763779528
11
1.3448086220472442
21
1.9256889763779528
0
LINE
8
BLACK
6
CONTINUOUS
10
1.3448086220472442
20
1.9256889763779528
11
1.3448085039370079
21
1.925688937007874
0
LINE
8
BLACK
6
CONTINUOUS
10
1.3448085039370079
20
1.925688937007874
11
1.3438192519685039
21
1.925574251968504
0
LINE
8
BLACK
6
CONTINUOUS
10
1.3438192519685039
20
1.925574251968504
11
1.339773031496063
21
1.9237876377952756
0
LINE
8
BLACK
6
CONTINUOUS
10
1.339773031496063
20
1.9237876377952756
11
1.3366454330708661
21
1.9206600393700788
0
LINE
8
BLACK
6
CONTINUOUS
10
1.3366454330708661
20
1.9206600393700788
11
1.3348588188976378
21
1.9166137401574803
0
LINE
8
BLACK
6
CONTINUOUS
10
1.3348588188976378
20
1.9166137401574803
11
1.334744094488189
21
1.9156248031496061
0
LINE
8
BLACK
6
CONTINUOUS
10
1.334744094488189
20
1.9156248031496061
11
1.334744094488189
21
1.852092125984252
0
LINE
8
BLACK
6
CONTINUOUS
10
1.4347440944881888
20
1.852092125984252
11
1.4347441338582676
21
1.8520920078740157
0
LINE
8
BLACK
6
CONTINUOUS
10
1.4347441338582676
20
1.8520920078740157
11
1.4348588188976377
21
1.8511027559055118
0
LINE
8
BLACK
6
CONTINUOUS
10
1.4348588188976377
20
1.8511027559055118
11
1.4358565354330708
21
1.8488431102362204
0
LINE
8
BLACK
6
CONTINUOUS
10
1.4358565354330708
20
1.8488431102362204
11
1.436645433070866
21
1.847056496062992
0
LINE
8
BLACK
6
CONTINUOUS
10
1.436645433070866
20
1.847056496062992
11
1.4397730314960631
21
1.8439288976377952
0
LINE
8
BLACK
6
CONTINUOUS
10
1.4397730314960631
20
1.8439288976377952
11
1.4438192519685038
21
1.8421423228346456
0
LINE
8
BLACK
6
CONTINUOUS
10
1.4438192519685038
20
1.8421423228346456
11
1.444808464566929
21
1.8420275590551181
0
LINE
8
BLACK
6
CONTINUOUS
10
1.444808464566929
20
1.8420275590551181
11
1.5083411023622046
21
1.8420275984251968
0
LINE
8
BLACK
6
CONTINUOUS
10
1.5083411023622046
20
1.8420275984251968
11
1.5093303543307086
21
1.8421423228346456
0
LINE
8
BLACK
6
CONTINUOUS
10
1.5093303543307086
20
1.8421423228346456
11
1.5133765748031496
21
1.8439288976377952
0
LINE
8
BLACK
6
CONTINUOUS
10
1.5133765748031496
20
1.8439288976377952
11
1.5165041732283464
21
1.847056496062992
0
LINE
8
BLACK
6
CONTINUOUS
10
1.5165041732283464
20
1.847056496062992
11
1.518290748031496
21
1.851102716535433
0
LINE
8
BLACK
6
CONTINUOUS
10
1.518290748031496
20
1.851102716535433
11
1.5184055118110236
21
1.8520919291338582
0
LINE
8
BLACK
6
CONTINUOUS
10
1.5184055118110236
20
1.8520919291338582
11
1.5184054724409448
21
1.9156245669291339
0
LINE
8
BLACK
6
CONTINUOUS
10
1.5184054724409448
20
1.9156245669291339
11
1.5184054330708661
21
1.9156248031496061
0
LINE
8
BLACK
6
CONTINUOUS
10
1.5184054330708661
20
1.9156248031496061
11
1.518290748031496
21
1.9166138188976378
0
LINE
8
BLACK
6
CONTINUOUS
10
1.518290748031496
20
1.9166138188976378
11
1.5165041732283464
21
1.9206600393700788
0
LINE
8
BLACK
6
CONTINUOUS
10
1.5165041732283464
20
1.9206600393700788
11
1.5133765748031496
21
1.9237876377952756
0
LINE
8
BLACK
6
CONTINUOUS
10
1.5133765748031496
20
1.9237876377952756
11
1.5093303543307086
21
1.9255742125984252
0
LINE
8
BLACK
6
CONTINUOUS
10
1.5093303543307086
20
1.9255742125984252
11
1.5093303149606299
21
1.925574251968504
0
LINE
8
BLACK
6
CONTINUOUS
10
1.5093303149606299
20
1.925574251968504
11
1.5093302362204724
21
1.925574251968504
0
LINE
8
BLACK
6
CONTINUOUS
10
1.5093302362204724
20
1.925574251968504
11
1.5083412598425197
21
1.9256889763779528
0
LINE
8
BLACK
6
CONTINUOUS
10
1.5083412598425197
20
1.9256889763779528
11
1.444808622047244
21
1.9256889763779528
0
LINE
8
BLACK
6
CONTINUOUS
10
1.444808622047244
20
1.9256889763779528
11
1.4448085039370078
21
1.925688937007874
0
LINE
8
BLACK
6
CONTINUOUS
10
1.4448085039370078
20
1.925688937007874
11
1.4438192519685038
21
1.925574251968504
0
LINE
8
BLACK
6
CONTINUOUS
10
1.4438192519685038
20
1.925574251968504
11
1.4397730314960631
21
1.9237876377952756
0
LINE
8
BLACK
6
CONTINUOUS
10
1.4397730314960631
20
1.9237876377952756
11
1.436645433070866
21
1.9206600393700788
0
LINE
8
BLACK
6
CONTINUOUS
10
1.436645433070866
20
1.9206600393700788
11
1.4348588188976377
21
1.9166137401574803
0
LINE
8
BLACK
6
CONTINUOUS
10
1.4348588188976377
20
1.9166137401574803
11
1.4347440944881888
21
1.9156248031496061
0
LINE
8
BLACK
6
CONTINUOUS
10
1.4347440944881888
20
1.9156248031496061
11
1.4347440944881888
21
1.852092125984252
0
LINE
8
BLACK
6
CONTINUOUS
10
1.5347440944881889
20
1.852092125984252
11
1.5347441338582677
21
1.8520920078740157
0
LINE
8
BLACK
6
CONTINUOUS
10
1.5347441338582677
20
1.8520920078740157
11
1.5348588188976378
21
1.8511027559055118
0
LINE
8
BLACK
6
CONTINUOUS
10
1.5348588188976378
20
1.8511027559055118
11
1.5358565354330709
21
1.8488431102362204
0
LINE
8
BLACK
6
CONTINUOUS
10
1.5358565354330709
20
1.8488431102362204
11
1.5366454330708661
21
1.847056496062992
0
LINE
8
BLACK
6
CONTINUOUS
10
1.5366454330708661
20
1.847056496062992
11
1.5397730314960629
21
1.8439288976377952
0
LINE
8
BLACK
6
CONTINUOUS
10
1.5397730314960629
20
1.8439288976377952
11
1.5438192519685039
21
1.8421423228346456
0
LINE
8
BLACK
6
CONTINUOUS
10
1.5438192519685039
20
1.8421423228346456
11
1.5448084645669291
21
1.8420275590551181
0
LINE
8
BLACK
6
CONTINUOUS
10
1.5448084645669291
20
1.8420275590551181
11
1.6083411023622047
21
1.8420275984251968
0
LINE
8
BLACK
6
CONTINUOUS
10
1.6083411023622047
20
1.8420275984251968
11
1.6093303543307087
21
1.8421423228346456
0
LINE
8
BLACK
6
CONTINUOUS
10
1.6093303543307087
20
1.8421423228346456
11
1.6133765748031497
21
1.8439288976377952
0
LINE
8
BLACK
6
CONTINUOUS
10
1.6133765748031497
20
1.8439288976377952
11
1.6165041732283465
21
1.847056496062992
0
LINE
8
BLACK
6
CONTINUOUS
10
1.6165041732283465
20
1.847056496062992
11
1.6182907480314961
21
1.851102716535433
0
LINE
8
BLACK
6
CONTINUOUS
10
1.6182907480314961
20
1.851102716535433
11
1.6184055118110237
21
1.8520919291338582
0
LINE
8
BLACK
6
CONTINUOUS
10
1.6184055118110237
20
1.8520919291338582
11
1.6184054724409449
21
1.9156245669291339
0
LINE
8
BLACK
6
CONTINUOUS
10
1.6184054724409449
20
1.9156245669291339
11
1.6184054330708662
21
1.9156248031496061
0
LINE
8
BLACK
6
CONTINUOUS
10
1.6184054330708662
20
1.9156248031496061
11
1.6182907480314961
21
1.9166138188976378
0
LINE
8
BLACK
6
CONTINUOUS
10
1.6182907480314961
20
1.9166138188976378
11
1.6165041732283465
21
1.9206600393700788
0
LINE
8
BLACK
6
CONTINUOUS
10
1.6165041732283465
20
1.9206600393700788
11
1.6133765748031497
21
1.9237876377952756
0
LINE
8
BLACK
6
CONTINUOUS
10
1.6133765748031497
20
1.9237876377952756
11
1.6093303543307087
21
1.9255742125984252
0
LINE
8
BLACK
6
CONTINUOUS
10
1.6093303543307087
20
1.9255742125984252
11
1.6093303149606299
21
1.925574251968504
0
LINE
8
BLACK
6
CONTINUOUS
10
1.6093303149606299
20
1.925574251968504
11
1.6093302362204724
21
1.925574251968504
0
LINE
8
BLACK
6
CONTINUOUS
10
1.6093302362204724
20
1.925574251968504
11
1.6083412598425197
21
1.9256889763779528
0
LINE
8
BLACK
6
CONTINUOUS
10
1.6083412598425197
20
1.9256889763779528
11
1.5448086220472441
21
1.9256889763779528
0
LINE
8
BLACK
6
CONTINUOUS
10
1.5448086220472441
20
1.9256889763779528
11
1.5448085039370079
21
1.925688937007874
0
LINE
8
BLACK
6
CONTINUOUS
10
1.5448085039370079
20
1.925688937007874
11
1.5438192519685039
21
1.925574251968504
0
LINE
8
BLACK
6
CONTINUOUS
10
1.5438192519685039
20
1.925574251968504
11
1.5397730314960629
21
1.9237876377952756
0
LINE
8
BLACK
6
CONTINUOUS
10
1.5397730314960629
20
1.9237876377952756
11
1.5366454330708661
21
1.9206600393700788
0
LINE
8
BLACK
6
CONTINUOUS
10
1.5366454330708661
20
1.9206600393700788
11
1.5348588188976378
21
1.9166137401574803
0
LINE
8
BLACK
6
CONTINUOUS
10
1.5348588188976378
20
1.9166137401574803
11
1.5347440944881889
21
1.9156248031496061
0
LINE
8
BLACK
6
CONTINUOUS
10
1.5347440944881889
20
1.9156248031496061
11
1.5347440944881889
21
1.852092125984252
0
LINE
8
BLACK
6
CONTINUOUS
10
1.634744094488189
20
1.852092125984252
11
1.6347441338582678
21
1.8520920078740157
0
LINE
8
BLACK
6
CONTINUOUS
10
1.6347441338582678
20
1.8520920078740157
11
1.6348588188976378
21
1.8511027559055118
0
LINE
8
BLACK
6
CONTINUOUS
10
1.6348588188976378
20
1.8511027559055118
11
1.6358565354330707
21
1.8488431102362204
0
LINE
8
BLACK
6
CONTINUOUS
10
1.6358565354330707
20
1.8488431102362204
11
1.6366454330708662
21
1.847056496062992
0
LINE
8
BLACK
6
CONTINUOUS
10
1.6366454330708662
20
1.847056496062992
11
1.639773031496063
21
1.8439288976377952
0
LINE
8
BLACK
6
CONTINUOUS
10
1.639773031496063
20
1.8439288976377952
11
1.643819251968504
21
1.8421423228346456
0
LINE
8
BLACK
6
CONTINUOUS
10
1.643819251968504
20
1.8421423228346456
11
1.6448084645669292
21
1.8420275590551181
0
LINE
8
BLACK
6
CONTINUOUS
10
1.6448084645669292
20
1.8420275590551181
11
1.7083411023622046
21
1.8420275984251968
0
LINE
8
BLACK
6
CONTINUOUS
10
1.7083411023622046
20
1.8420275984251968
11
1.7093303543307086
21
1.8421423228346456
0
LINE
8
BLACK
6
CONTINUOUS
10
1.7093303543307086
20
1.8421423228346456
11
1.7133765748031495
21
1.8439288976377952
0
LINE
8
BLACK
6
CONTINUOUS
10
1.7133765748031495
20
1.8439288976377952
11
1.7165041732283464
21
1.847056496062992
0
LINE
8
BLACK
6
CONTINUOUS
10
1.7165041732283464
20
1.847056496062992
11
1.718290748031496
21
1.851102716535433
0
LINE
8
BLACK
6
CONTINUOUS
10
1.718290748031496
20
1.851102716535433
11
1.7184055118110235
21
1.8520919291338582
0
LINE
8
BLACK
6
CONTINUOUS
10
1.7184055118110235
20
1.8520919291338582
11
1.7184054724409448
21
1.8861622047244093
0
LINE
8
BLACK
6
CONTINUOUS
10
1.7184054724409448
20
1.8861622047244093
11
1.7184054724409448
21
1.9148277559055118
0
LINE
8
BLACK
6
CONTINUOUS
10
1.7184054724409448
20
1.9148277559055118
11
1.7184054724409448
21
1.9150192125984251
0
LINE
8
BLACK
6
CONTINUOUS
10
1.7184054724409448
20
1.9150192125984251
11
1.7184054724409448
21
1.9156244488188976
0
LINE
8
BLACK
6
CONTINUOUS
10
1.7184054724409448
20
1.9156244488188976
11
1.7184054724409448
21
1.9156245669291339
0
LINE
8
BLACK
6
CONTINUOUS
10
1.7184054724409448
20
1.9156245669291339
11
1.718290748031496
21
1.9166138188976378
0
LINE
8
BLACK
6
CONTINUOUS
10
1.718290748031496
20
1.9166138188976378
11
1.7165041732283464
21
1.9206600393700788
0
LINE
8
BLACK
6
CONTINUOUS
10
1.7165041732283464
20
1.9206600393700788
11
1.7133765748031495
21
1.9237876377952756
0
LINE
8
BLACK
6
CONTINUOUS
10
1.7133765748031495
20
1.9237876377952756
11
1.7093303543307086
21
1.9255742125984252
0
LINE
8
BLACK
6
CONTINUOUS
10
1.7093303543307086
20
1.9255742125984252
11
1.7093303149606298
21
1.925574251968504
0
LINE
8
BLACK
6
CONTINUOUS
10
1.7093303149606298
20
1.925574251968504
11
1.7093302362204723
21
1.925574251968504
0
LINE
8
BLACK
6
CONTINUOUS
10
1.7093302362204723
20
1.925574251968504
11
1.7083412598425196
21
1.9256889763779528
0
LINE
8
BLACK
6
CONTINUOUS
10
1.7083412598425196
20
1.9256889763779528
11
1.644808622047244
21
1.9256889763779528
0
LINE
8
BLACK
6
CONTINUOUS
10
1.644808622047244
20
1.9256889763779528
11
1.6448085039370077
21
1.925688937007874
0
LINE
8
BLACK
6
CONTINUOUS
10
1.6448085039370077
20
1.925688937007874
11
1.643819251968504
21
1.925574251968504
0
LINE
8
BLACK
6
CONTINUOUS
10
1.643819251968504
20
1.925574251968504
11
1.639773031496063
21
1.9237876377952756
0
LINE
8
BLACK
6
CONTINUOUS
10
1.639773031496063
20
1.9237876377952756
11
1.6366454330708662
21
1.9206600393700788
0
LINE
8
BLACK
6
CONTINUOUS
10
1.6366454330708662
20
1.9206600393700788
11
1.6348588188976378
21
1.9166137401574803
0
LINE
8
BLACK
6
CONTINUOUS
10
1.6348588188976378
20
1.9166137401574803
11
1.634744094488189
21
1.9156248031496061
0
LINE
8
BLACK
6
CONTINUOUS
10
1.634744094488189
20
1.9156248031496061
11
1.634744094488189
21
1.852092125984252
0
LINE
8
BLACK
6
CONTINUOUS
10
0.3096074015748032
20
1.8984718897637796
11
0.3189904330708661
21
1.8907714173228347
0
LINE
8
BLACK
6
CONTINUOUS
10
0.3189904330708661
20
1.8907714173228347
11
0.3300869291338583
21
1.8833568897637796
0
LINE
8
BLACK
6
CONTINUOUS
10
0.3300869291338583
20
1.8833568897637796
11
0.3418557874015748
21
1.8770663385826771
0
LINE
8
BLACK
6
CONTINUOUS
10
0.3418557874015748
20
1.8770663385826771
11
0.3418568503937008
21
1.8770658267716536
0
LINE
8
BLACK
6
CONTINUOUS
10
0.3418568503937008
20
1.8770658267716536
11
0.3541864566929134
21
1.8719587401574802
0
LINE
8
BLACK
6
CONTINUOUS
10
0.3541864566929134
20
1.8719587401574802
11
0.3669568503937008
21
1.8680849212598425
0
LINE
8
BLACK
6
CONTINUOUS
10
0.3669568503937008
20
1.8680849212598425
11
0.3800462204724409
21
1.8654812992125984
0
LINE
8
BLACK
6
CONTINUOUS
10
0.3800462204724409
20
1.8654812992125984
11
0.380046062992126
21
1.8654812992125984
0
LINE
8
BLACK
6
CONTINUOUS
10
0.380046062992126
20
1.8654812992125984
11
0.3933269291338582
21
1.8641732283464567
0
LINE
8
BLACK
6
CONTINUOUS
10
0.3933269291338582
20
1.8641732283464567
11
0.4066730708661417
21
1.8641732283464567
0
LINE
8
BLACK
6
CONTINUOUS
10
0.4066730708661417
20
1.8641732283464567
11
0.4199538188976378
21
1.8654812992125984
0
LINE
8
BLACK
6
CONTINUOUS
10
0.4199538188976378
20
1.8654812992125984
11
0.4330431102362204
21
1.8680849212598425
0
LINE
8
BLACK
6
CONTINUOUS
10
0.4330431102362204
20
1.8680849212598425
11
0.4458135039370079
21
1.8719587401574802
0
LINE
8
BLACK
6
CONTINUOUS
10
0.4458135039370079
20
1.8719587401574802
11
0.4581431102362205
21
1.8770658267716536
0
LINE
8
BLACK
6
CONTINUOUS
10
0.4581431102362205
20
1.8770658267716536
11
0.4581441732283464
21
1.8770663385826771
0
LINE
8
BLACK
6
CONTINUOUS
10
0.4581441732283464
20
1.8770663385826771
11
0.4655711811023622
21
1.8810361023622046
0
LINE
8
BLACK
6
CONTINUOUS
10
0.4655711811023622
20
1.8810361023622046
11
0.469913031496063
21
1.8833568897637796
0
LINE
8
BLACK
6
CONTINUOUS
10
0.469913031496063
20
1.8833568897637796
11
0.4810096062992126
21
1.8907714566929132
0
LINE
8
BLACK
6
CONTINUOUS
10
0.4810096062992126
20
1.8907714566929132
11
0.481009842519685
21
1.890771653543307
0
LINE
8
BLACK
6
CONTINUOUS
10
0.481009842519685
20
1.890771653543307
11
0.4903925196850394
21
1.8984718897637796
0
LINE
8
BLACK
6
CONTINUOUS
10
0.4903925196850394
20
1.8984718897637796
11
0.483311811023622
21
1.9055525984251969
0
LINE
8
BLACK
6
CONTINUOUS
10
0.483311811023622
20
1.9055525984251969
11
0.4729034645669291
21
1.8972521653543306
0
LINE
8
BLACK
6
CONTINUOUS
10
0.4729034645669291
20
1.8972521653543306
11
0.4609409448818897
21
1.8897356299212598
0
LINE
8
BLACK
6
CONTINUOUS
10
0.4609409448818897
20
1.8897356299212598
11
0.4482120866141732
21
1.8836057086614173
0
LINE
8
BLACK
6
CONTINUOUS
10
0.4482120866141732
20
1.8836057086614173
11
0.4348769291338583
21
1.8789395669291338
0
LINE
8
BLACK
6
CONTINUOUS
10
0.4348769291338583
20
1.8789395669291338
11
0.4211031496062992
21
1.8757957874015747
0
LINE
8
BLACK
6
CONTINUOUS
10
0.4211031496062992
20
1.8757957874015747
11
0.4070639763779528
21
1.8742139370078739
0
LINE
8
BLACK
6
CONTINUOUS
10
0.4070639763779528
20
1.8742139370078739
11
0.3929360236220472
21
1.8742139370078739
0
LINE
8
BLACK
6
CONTINUOUS
10
0.3929360236220472
20
1.8742139370078739
11
0.3788968503937008
21
1.8757957874015747
0
LINE
8
BLACK
6
CONTINUOUS
10
0.3788968503937008
20
1.8757957874015747
11
0.3651230708661417
21
1.8789395669291338
0
LINE
8
BLACK
6
CONTINUOUS
10
0.3651230708661417
20
1.8789395669291338
11
0.3517879133858268
21
1.8836057086614173
0
LINE
8
BLACK
6
CONTINUOUS
10
0.3517879133858268
20
1.8836057086614173
11
0.3390590551181102
21
1.8897356299212598
0
LINE
8
BLACK
6
CONTINUOUS
10
0.3390590551181102
20
1.8897356299212598
11
0.3270965354330709
21
1.8972521653543306
0
LINE
8
BLACK
6
CONTINUOUS
10
0.3270965354330709
20
1.8972521653543306
11
0.3166881102362205
21
1.9055526377952756
0
LINE
8
BLACK
6
CONTINUOUS
10
0.3166881102362205
20
1.9055526377952756
11
0.3096074015748032
21
1.8984718897637796
0
LINE
8
BLACK
6
CONTINUOUS
10
1.909607401574803
20
1.8984718897637796
11
1.918990433070866
21
1.8907714173228347
0
LINE
8
BLACK
6
CONTINUOUS
10
1.918990433070866
20
1.8907714173228347
11
1.9300869291338583
21
1.8833568897637796
0
LINE
8
BLACK
6
CONTINUOUS
10
1.9300869291338583
20
1.8833568897637796
11
1.9418557874015747
21
1.8770663385826771
0
LINE
8
BLACK
6
CONTINUOUS
10
1.9418557874015747
20
1.8770663385826771
11
1.9418568503937008
21
1.8770658267716536
0
LINE
8
BLACK
6
CONTINUOUS
10
1.9418568503937008
20
1.8770658267716536
11
1.9541864566929132
21
1.8719587401574802
0
LINE
8
BLACK
6
CONTINUOUS
10
1.9541864566929132
20
1.8719587401574802
11
1.9669568503937007
21
1.8680849212598425
0
LINE
8
BLACK
6
CONTINUOUS
10
1.9669568503937007
20
1.8680849212598425
11
1.9800462204724409
21
1.8654812992125984
0
LINE
8
BLACK
6
CONTINUOUS
10
1.9800462204724409
20
1.8654812992125984
11
1.9800460629921259
21
1.8654812992125984
0
LINE
8
BLACK
6
CONTINUOUS
10
1.9800460629921259
20
1.8654812992125984
11
1.9933269291338582
21
1.8641732283464567
0
LINE
8
BLACK
6
CONTINUOUS
10
1.9933269291338582
20
1.8641732283464567
11
2.0066730708661416
21
1.8641732283464567
0
LINE
8
BLACK
6
CONTINUOUS
10
2.0066730708661416
20
1.8641732283464567
11
2.0199538188976378
21
1.8654812992125984
0
LINE
8
BLACK
6
CONTINUOUS
10
2.0199538188976378
20
1.8654812992125984
11
2.0330431102362203
21
1.8680849212598425
0
LINE
8
BLACK
6
CONTINUOUS
10
2.0330431102362203
20
1.8680849212598425
11
2.045813503937008
21
1.8719587401574802
0
LINE
8
BLACK
6
CONTINUOUS
10
2.045813503937008
20
1.8719587401574802
11
2.0581431102362204
21
1.8770658267716536
0
LINE
8
BLACK
6
CONTINUOUS
10
2.0581431102362204
20
1.8770658267716536
11
2.0581441732283463
21
1.8770663385826771
0
LINE
8
BLACK
6
CONTINUOUS
10
2.0581441732283463
20
1.8770663385826771
11
2.0699130314960628
21
1.8833568897637796
0
LINE
8
BLACK
6
CONTINUOUS
10
2.0699130314960628
20
1.8833568897637796
11
2.0810096062992125
21
1.8907714566929132
0
LINE
8
BLACK
6
CONTINUOUS
10
2.0810096062992125
20
1.8907714566929132
11
2.081009842519685
21
1.890771653543307
0
LINE
8
BLACK
6
CONTINUOUS
10
2.081009842519685
20
1.890771653543307
11
2.0903925196850395
21
1.8984718897637796
0
LINE
8
BLACK
6
CONTINUOUS
10
2.0903925196850395
20
1.8984718897637796
11
2.0833118110236222
21
1.9055525984251969
0
LINE
8
BLACK
6
CONTINUOUS
10
2.0833118110236222
20
1.9055525984251969
11
2.0729034645669291
21
1.8972521653543306
0
LINE
8
BLACK
6
CONTINUOUS
10
2.0729034645669291
20
1.8972521653543306
11
2.0609409448818896
21
1.8897356299212598
0
LINE
8
BLACK
6
CONTINUOUS
10
2.0609409448818896
20
1.8897356299212598
11
2.0482120866141731
21
1.8836057086614173
0
LINE
8
BLACK
6
CONTINUOUS
10
2.0482120866141731
20
1.8836057086614173
11
2.0348769291338584
21
1.8789395669291338
0
LINE
8
BLACK
6
CONTINUOUS
10
2.0348769291338584
20
1.8789395669291338
11
2.021103149606299
21
1.8757957874015747
0
LINE
8
BLACK
6
CONTINUOUS
10
2.021103149606299
20
1.8757957874015747
11
2.0070639763779528
21
1.8742139370078739
0
LINE
8
BLACK
6
CONTINUOUS
10
2.0070639763779528
20
1.8742139370078739
11
1.9929360236220472
21
1.8742139370078739
0
LINE
8
BLACK
6
CONTINUOUS
10
1.9929360236220472
20
1.8742139370078739
11
1.9788968503937008
21
1.8757957874015747
0
LINE
8
BLACK
6
CONTINUOUS
10
1.9788968503937008
20
1.8757957874015747
11
1.9651230708661418
21
1.8789395669291338
0
LINE
8
BLACK
6
CONTINUOUS
10
1.9651230708661418
20
1.8789395669291338
11
1.9517879133858267
21
1.8836057086614173
0
LINE
8
BLACK
6
CONTINUOUS
10
1.9517879133858267
20
1.8836057086614173
11
1.9390590551181102
21
1.8897356299212598
0
LINE
8
BLACK
6
CONTINUOUS
10
1.9390590551181102
20
1.8897356299212598
11
1.9270965354330709
21
1.8972521653543306
0
LINE
8
BLACK
6
CONTINUOUS
10
1.9270965354330709
20
1.8972521653543306
11
1.9166881102362203
21
1.9055526377952756
0
LINE
8
BLACK
6
CONTINUOUS
10
1.9166881102362203
20
1.9055526377952756
11
1.909607401574803
21
1.8984718897637796
0
LINE
8
BLACK
6
CONTINUOUS
10
1.7844488188976377
20
1.923700748031496
11
1.7844488188976377
21
1.9138582677165354
0
LINE
8
BLACK
6
CONTINUOUS
10
1.7844488188976377
20
1.9138582677165354
11
1.8065748031496063
21
1.9138582677165354
0
LINE
8
BLACK
6
CONTINUOUS
10
1.8065748031496063
20
1.9138582677165354
11
1.8065748031496063
21
1.8917322834645669
0
LINE
8
BLACK
6
CONTINUOUS
10
1.8065748031496063
20
1.8917322834645669
11
1.8164172834645669
21
1.8917322834645669
0
LINE
8
BLACK
6
CONTINUOUS
10
1.8164172834645669
20
1.8917322834645669
11
1.8164173228346456
21
1.8917323228346457
0
LINE
8
BLACK
6
CONTINUOUS
10
1.8164173228346456
20
1.8917323228346457
11
1.8164173228346456
21
1.9148276771653543
0
LINE
8
BLACK
6
CONTINUOUS
10
1.8164173228346456
20
1.9148276771653543
11
1.8164172834645669
21
1.9148277559055118
0
LINE
8
BLACK
6
CONTINUOUS
10
1.8164172834645669
20
1.9148277559055118
11
1.8158461811023621
21
1.9176987007874016
0
LINE
8
BLACK
6
CONTINUOUS
10
1.8158461811023621
20
1.9176987007874016
11
1.8158461417322833
21
1.9176987795275591
0
LINE
8
BLACK
6
CONTINUOUS
10
1.8158461417322833
20
1.9176987795275591
11
1.813670905511811
21
1.9209542519685039
0
LINE
8
BLACK
6
CONTINUOUS
10
1.813670905511811
20
1.9209542519685039
11
1.813670748031496
21
1.9209544094488189
0
LINE
8
BLACK
6
CONTINUOUS
10
1.813670748031496
20
1.9209544094488189
11
1.8104152755905512
21
1.9231296456692912
0
LINE
8
BLACK
6
CONTINUOUS
10
1.8104152755905512
20
1.9231296456692912
11
1.8104151968503936
21
1.92312968503937
0
LINE
8
BLACK
6
CONTINUOUS
10
1.8104151968503936
20
1.92312968503937
11
1.8075442519685039
21
1.9237007874015748
0
LINE
8
BLACK
6
CONTINUOUS
10
1.8075442519685039
20
1.9237007874015748
11
1.7844488582677165
21
1.9237007874015748
0
LINE
8
BLACK
6
CONTINUOUS
10
1.7844488582677165
20
1.9237007874015748
11
1.7844488188976377
21
1.923700748031496
0
LINE
8
BLACK
6
CONTINUOUS
10
0.4944473622047244
20
2.0833118897637797
11
0.5027478346456693
21
2.0729034645669291
0
LINE
8
BLACK
6
CONTINUOUS
10
0.5027478346456693
20
2.0729034645669291
11
0.5102643700787401
21
2.0609409448818896
0
LINE
8
BLACK
6
CONTINUOUS
10
0.5102643700787401
20
2.0609409448818896
11
0.5163942913385826
21
2.0482120866141731
0
LINE
8
BLACK
6
CONTINUOUS
10
0.5163942913385826
20
2.0482120866141731
11
0.5210604330708661
21
2.0348769291338584
0
LINE
8
BLACK
6
CONTINUOUS
10
0.5210604330708661
20
2.0348769291338584
11
0.5242042125984252
21
2.021103149606299
0
LINE
8
BLACK
6
CONTINUOUS
10
0.5242042125984252
20
2.021103149606299
11
0.5257860629921259
21
2.0070639763779528
0
LINE
8
BLACK
6
CONTINUOUS
10
0.5257860629921259
20
2.0070639763779528
11
0.5257860629921259
21
1.9929360236220472
0
LINE
8
BLACK
6
CONTINUOUS
10
0.5257860629921259
20
1.9929360236220472
11
0.5242042125984252
21
1.9788968503937008
0
LINE
8
BLACK
6
CONTINUOUS
10
0.5242042125984252
20
1.9788968503937008
11
0.5210604330708661
21
1.9651230708661418
0
LINE
8
BLACK
6
CONTINUOUS
10
0.5210604330708661
20
1.9651230708661418
11
0.5163942913385826
21
1.9517879133858267
0
LINE
8
BLACK
6
CONTINUOUS
10
0.5163942913385826
20
1.9517879133858267
11
0.5102643700787401
21
1.9390590551181102
0
LINE
8
BLACK
6
CONTINUOUS
10
0.5102643700787401
20
1.9390590551181102
11
0.5027478346456693
21
1.9270965354330709
0
LINE
8
BLACK
6
CONTINUOUS
10
0.5027478346456693
20
1.9270965354330709
11
0.4944474015748032
21
1.9166881889763778
0
LINE
8
BLACK
6
CONTINUOUS
10
0.4944474015748032
20
1.9166881889763778
11
0.5015281102362205
21
1.9096074803149605
0
LINE
8
BLACK
6
CONTINUOUS
10
0.5015281102362205
20
1.9096074803149605
11
0.5058123228346456
21
1.9148277559055118
0
LINE
8
BLACK
6
CONTINUOUS
10
0.5058123228346456
20
1.9148277559055118
11
0.5079987401574803
21
1.9174918503937008
0
LINE
8
BLACK
6
CONTINUOUS
10
0.5079987401574803
20
1.9174918503937008
11
0.5079987401574803
21
1.9174918897637794
0
LINE
8
BLACK
6
CONTINUOUS
10
0.5079987401574803
20
1.9174918897637794
11
0.507998779527559
21
1.9174918897637794
0
LINE
8
BLACK
6
CONTINUOUS
10
0.507998779527559
20
1.9174918897637794
11
0.5092283070866142
21
1.9189900787401575
0
LINE
8
BLACK
6
CONTINUOUS
10
0.5092283070866142
20
1.9189900787401575
11
0.5092285433070866
21
1.9189903937007873
0
LINE
8
BLACK
6
CONTINUOUS
10
0.5092285433070866
20
1.9189903937007873
11
0.5166431102362204
21
1.930086968503937
0
LINE
8
BLACK
6
CONTINUOUS
10
0.5166431102362204
20
1.930086968503937
11
0.5229336614173228
21
1.9418558267716535
0
LINE
8
BLACK
6
CONTINUOUS
10
0.5229336614173228
20
1.9418558267716535
11
0.5229341732283465
21
1.9418568897637796
0
LINE
8
BLACK
6
CONTINUOUS
10
0.5229341732283465
20
1.9418568897637796
11
0.5280412598425197
21
1.954186496062992
0
LINE
8
BLACK
6
CONTINUOUS
10
0.5280412598425197
20
1.954186496062992
11
0.5319150787401574
21
1.9669568897637795
0
LINE
8
BLACK
6
CONTINUOUS
10
0.5319150787401574
20
1.9669568897637795
11
0.5345187007874016
21
1.9800461811023622
0
LINE
8
BLACK
6
CONTINUOUS
10
0.5345187007874016
20
1.9800461811023622
11
0.5357112598425197
21
1.9921539763779528
0
LINE
8
BLACK
6
CONTINUOUS
10
0.5357112598425197
20
1.9921539763779528
11
0.5357112598425197
21
1.9921540157480315
0
LINE
8
BLACK
6
CONTINUOUS
10
0.5357112598425197
20
1.9921540157480315
11
0.5358267716535433
21
1.9933269291338582
0
LINE
8
BLACK
6
CONTINUOUS
10
0.5358267716535433
20
1.9933269291338582
11
0.5358267716535433
21
2.0066730708661416
0
LINE
8
BLACK
6
CONTINUOUS
10
0.5358267716535433
20
2.0066730708661416
11
0.5345187007874016
21
2.0199538582677166
0
LINE
8
BLACK
6
CONTINUOUS
10
0.5345187007874016
20
2.0199538582677166
11
0.5328323228346457
21
2.0284320472440944
0
LINE
8
BLACK
6
CONTINUOUS
10
0.5328323228346457
20
2.0284320472440944
11
0.5327191338582677
21
2.0290009842519683
0
LINE
8
BLACK
6
CONTINUOUS
10
0.5327191338582677
20
2.0290009842519683
11
0.5319150787401574
21
2.0330431102362203
0
LINE
8
BLACK
6
CONTINUOUS
10
0.5319150787401574
20
2.0330431102362203
11
0.5280412598425197
21
2.0458135433070868
0
LINE
8
BLACK
6
CONTINUOUS
10
0.5280412598425197
20
2.0458135433070868
11
0.5229341732283465
21
2.0581431496062992
0
LINE
8
BLACK
6
CONTINUOUS
10
0.5229341732283465
20
2.0581431496062992
11
0.5229336614173228
21
2.0581442125984251
0
LINE
8
BLACK
6
CONTINUOUS
10
0.5229336614173228
20
2.0581442125984251
11
0.5166431102362204
21
2.0699130708661415
0
LINE
8
BLACK
6
CONTINUOUS
10
0.5166431102362204
20
2.0699130708661415
11
0.5092285826771653
21
2.0810095669291337
0
LINE
8
BLACK
6
CONTINUOUS
10
0.5092285826771653
20
2.0810095669291337
11
0.5024253543307087
21
2.0892992913385826
0
LINE
8
BLACK
6
CONTINUOUS
10
0.5024253543307087
20
2.0892992913385826
11
0.5015281102362205
21
2.090392598425197
0
LINE
8
BLACK
6
CONTINUOUS
10
0.5015281102362205
20
2.090392598425197
11
0.4944473622047244
21
2.0833118897637797
0
LINE
8
BLACK
6
CONTINUOUS
10
1.2695669291338583
20
2.0290009055118108
11
1.2695668897637795
21
2.0290009842519683
0
LINE
8
BLACK
6
CONTINUOUS
10
1.2695668897637795
20
2.0290009842519683
11
1.2689957874015747
21
2.0318719291338581
0
LINE
8
BLACK
6
CONTINUOUS
10
1.2689957874015747
20
2.0318719291338581
11
1.268995748031496
21
2.0318720078740156
0
LINE
8
BLACK
6
CONTINUOUS
10
1.268995748031496
20
2.0318720078740156
11
1.2668205118110236
21
2.0351274803149604
0
LINE
8
BLACK
6
CONTINUOUS
10
1.2668205118110236
20
2.0351274803149604
11
1.2668203543307086
21
2.0351276377952754
0
LINE
8
BLACK
6
CONTINUOUS
10
1.2668203543307086
20
2.0351276377952754
11
1.2635648818897638
21
2.0373028740157482
0
LINE
8
BLACK
6
CONTINUOUS
10
1.2635648818897638
20
2.0373028740157482
11
1.2635648031496063
21
2.0373029133858269
0
LINE
8
BLACK
6
CONTINUOUS
10
1.2635648031496063
20
2.0373029133858269
11
1.2606938582677165
21
2.0378740157480313
0
LINE
8
BLACK
6
CONTINUOUS
10
1.2606938582677165
20
2.0378740157480313
11
1.2375984645669291
21
2.0378740157480313
0
LINE
8
BLACK
6
CONTINUOUS
10
1.2375984645669291
20
2.0378740157480313
11
1.2375984251968504
21
2.0378739763779525
0
LINE
8
BLACK
6
CONTINUOUS
10
1.2375984251968504
20
2.0378739763779525
11
1.2375984251968504
21
2.0280314960629919
0
LINE
8
BLACK
6
CONTINUOUS
10
1.2375984251968504
20
2.0280314960629919
11
1.2597244094488189
21
2.0280314960629919
0
LINE
8
BLACK
6
CONTINUOUS
10
1.2597244094488189
20
2.0280314960629919
11
1.2597244094488189
21
2.0059055118110236
0
LINE
8
BLACK
6
CONTINUOUS
10
1.2597244094488189
20
2.0059055118110236
11
1.2695668897637795
21
2.0059055118110236
0
LINE
8
BLACK
6
CONTINUOUS
10
1.2695668897637795
20
2.0059055118110236
11
1.2695669291338583
21
2.0059055511811024
0
LINE
8
BLACK
6
CONTINUOUS
10
1.2695669291338583
20
2.0059055511811024
11
1.2695669291338583
21
2.0066730708661416
0
LINE
8
BLACK
6
CONTINUOUS
10
1.2695669291338583
20
2.0066730708661416
11
1.2695669291338583
21
2.0290009055118108
0
LINE
8
BLACK
6
CONTINUOUS
10
2.0944473622047242
20
2.0833118897637797
11
2.1027478346456694
21
2.0729034645669291
0
LINE
8
BLACK
6
CONTINUOUS
10
2.1027478346456694
20
2.0729034645669291
11
2.11026437007874
21
2.0609409448818896
0
LINE
8
BLACK
6
CONTINUOUS
10
2.11026437007874
20
2.0609409448818896
11
2.1163942913385827
21
2.0482120866141731
0
LINE
8
BLACK
6
CONTINUOUS
10
2.1163942913385827
20
2.0482120866141731
11
2.1210604330708662
21
2.0348769291338584
0
LINE
8
BLACK
6
CONTINUOUS
10
2.1210604330708662
20
2.0348769291338584
11
2.1242042125984253
21
2.021103149606299
0
LINE
8
BLACK
6
CONTINUOUS
10
2.1242042125984253
20
2.021103149606299
11
2.1257860629921259
21
2.0070639763779528
0
LINE
8
BLACK
6
CONTINUOUS
10
2.1257860629921259
20
2.0070639763779528
11
2.1257860629921259
21
1.9929360236220472
0
LINE
8
BLACK
6
CONTINUOUS
10
2.1257860629921259
20
1.9929360236220472
11
2.1242042125984253
21
1.9788968503937008
0
LINE
8
BLACK
6
CONTINUOUS
10
2.1242042125984253
20
1.9788968503937008
11
2.1210604330708662
21
1.9651230708661418
0
LINE
8
BLACK
6
CONTINUOUS
10
2.1210604330708662
20
1.9651230708661418
11
2.1163942913385827
21
1.9517879133858267
0
LINE
8
BLACK
6
CONTINUOUS
10
2.1163942913385827
20
1.9517879133858267
11
2.11026437007874
21
1.9390590551181102
0
LINE
8
BLACK
6
CONTINUOUS
10
2.11026437007874
20
1.9390590551181102
11
2.1027478346456694
21
1.9270965354330709
0
LINE
8
BLACK
6
CONTINUOUS
10
2.1027478346456694
20
1.9270965354330709
11
2.0944474015748029
21
1.9166881889763778
0
LINE
8
BLACK
6
CONTINUOUS
10
2.0944474015748029
20
1.9166881889763778
11
2.1015281102362202
21
1.9096074803149605
0
LINE
8
BLACK
6
CONTINUOUS
10
2.1015281102362202
20
1.9096074803149605
11
2.109228346456693
21
1.918990157480315
0
LINE
8
BLACK
6
CONTINUOUS
10
2.109228346456693
20
1.918990157480315
11
2.1092285433070868
21
1.9189903937007873
0
LINE
8
BLACK
6
CONTINUOUS
10
2.1092285433070868
20
1.9189903937007873
11
2.1166431102362204
21
1.930086968503937
0
LINE
8
BLACK
6
CONTINUOUS
10
2.1166431102362204
20
1.930086968503937
11
2.1229336614173229
21
1.9418558267716535
0
LINE
8
BLACK
6
CONTINUOUS
10
2.1229336614173229
20
1.9418558267716535
11
2.1229341732283462
21
1.9418568897637796
0
LINE
8
BLACK
6
CONTINUOUS
10
2.1229341732283462
20
1.9418568897637796
11
2.1280412598425196
21
1.954186496062992
0
LINE
8
BLACK
6
CONTINUOUS
10
2.1280412598425196
20
1.954186496062992
11
2.1319150787401573
21
1.9669568897637795
0
LINE
8
BLACK
6
CONTINUOUS
10
2.1319150787401573
20
1.9669568897637795
11
2.1345187007874014
21
1.9800461811023622
0
LINE
8
BLACK
6
CONTINUOUS
10
2.1345187007874014
20
1.9800461811023622
11
2.1358267716535431
21
1.993326968503937
0
LINE
8
BLACK
6
CONTINUOUS
10
2.1358267716535431
20
1.993326968503937
11
2.1358267716535431
21
2.0066730708661416
0
LINE
8
BLACK
6
CONTINUOUS
10
2.1358267716535431
20
2.0066730708661416
11
2.1345187007874014
21
2.0199538582677166
0
LINE
8
BLACK
6
CONTINUOUS
10
2.1345187007874014
20
2.0199538582677166
11
2.1319150787401573
21
2.0330431496062991
0
LINE
8
BLACK
6
CONTINUOUS
10
2.1319150787401573
20
2.0330431496062991
11
2.1280412598425196
21
2.0458135433070868
0
LINE
8
BLACK
6
CONTINUOUS
10
2.1280412598425196
20
2.0458135433070868
11
2.1229341732283462
21
2.0581431496062992
0
LINE
8
BLACK
6
CONTINUOUS
10
2.1229341732283462
20
2.0581431496062992
11
2.1229336614173229
21
2.0581442125984251
0
LINE
8
BLACK
6
CONTINUOUS
10
2.1229336614173229
20
2.0581442125984251
11
2.1166431102362204
21
2.0699130708661415
0
LINE
8
BLACK
6
CONTINUOUS
10
2.1166431102362204
20
2.0699130708661415
11
2.1092285826771655
21
2.0810095669291337
0
LINE
8
BLACK
6
CONTINUOUS
10
2.1092285826771655
20
2.0810095669291337
11
2.1015281102362202
21
2.090392598425197
0
LINE
8
BLACK
6
CONTINUOUS
10
2.1015281102362202
20
2.090392598425197
11
2.0944473622047242
21
2.0833118897637797
0
LINE
8
BLACK
6
CONTINUOUS
10
0.8689957874015748
20
2.0318719291338581
11
0.868995748031496
21
2.0318720078740156
0
LINE
8
BLACK
6
CONTINUOUS
10
0.868995748031496
20
2.0318720078740156
11
0.8668205118110236
21
2.0351274803149604
0
LINE
8
BLACK
6
CONTINUOUS
10
0.8668205118110236
20
2.0351274803149604
11
0.8668203543307086
21
2.0351276377952754
0
LINE
8
BLACK
6
CONTINUOUS
10
0.8668203543307086
20
2.0351276377952754
11
0.8635648818897638
21
2.0373028740157482
0
LINE
8
BLACK
6
CONTINUOUS
10
0.8635648818897638
20
2.0373028740157482
11
0.8635648031496063
21
2.0373029133858269
0
LINE
8
BLACK
6
CONTINUOUS
10
0.8635648031496063
20
2.0373029133858269
11
0.8606938582677165
21
2.0378740157480313
0
LINE
8
BLACK
6
CONTINUOUS
10
0.8606938582677165
20
2.0378740157480313
11
0.8375984645669291
21
2.0378740157480313
0
LINE
8
BLACK
6
CONTINUOUS
10
0.8375984645669291
20
2.0378740157480313
11
0.8375984251968503
21
2.0378739763779525
0
LINE
8
BLACK
6
CONTINUOUS
10
0.8375984251968503
20
2.0378739763779525
11
0.8375984251968503
21
2.0280314960629919
0
LINE
8
BLACK
6
CONTINUOUS
10
0.8375984251968503
20
2.0280314960629919
11
0.8597244094488189
21
2.0280314960629919
0
LINE
8
BLACK
6
CONTINUOUS
10
0.8597244094488189
20
2.0280314960629919
11
0.8597244094488189
21
2.0059055118110236
0
LINE
8
BLACK
6
CONTINUOUS
10
0.8597244094488189
20
2.0059055118110236
11
0.8695668897637795
21
2.0059055118110236
0
LINE
8
BLACK
6
CONTINUOUS
10
0.8695668897637795
20
2.0059055118110236
11
0.8695669291338582
21
2.0059055511811024
0
LINE
8
BLACK
6
CONTINUOUS
10
0.8695669291338582
20
2.0059055511811024
11
0.8695669291338582
21
2.0290009055118108
0
LINE
8
BLACK
6
CONTINUOUS
10
0.8695669291338582
20
2.0290009055118108
11
0.8695668897637795
21
2.0290009842519683
0
LINE
8
BLACK
6
CONTINUOUS
10
0.8695668897637795
20
2.0290009842519683
11
0.8695372834645669
21
2.0291499606299213
0
LINE
8
BLACK
6
CONTINUOUS
10
0.8695372834645669
20
2.0291499606299213
11
0.8694083464566928
21
2.0297980314960631
0
LINE
8
BLACK
6
CONTINUOUS
10
0.8694083464566928
20
2.0297980314960631
11
0.8689957874015748
21
2.0318719291338581
0
LINE
8
BLACK
6
CONTINUOUS
10
0.7898819291338582
20
1.9901574803149606
11
0.7898818897637795
21
1.9901574409448819
0
LINE
8
BLACK
6
CONTINUOUS
10
0.7898818897637795
20
1.9901574409448819
11
0.7898818897637795
21
1.9670620472440945
0
LINE
8
BLACK
6
CONTINUOUS
10
0.7898818897637795
20
1.9670620472440945
11
0.7904529921259842
21
1.9641911023622047
0
LINE
8
BLACK
6
CONTINUOUS
10
0.7904529921259842
20
1.9641911023622047
11
0.7904530314960629
21
1.9641910236220472
0
LINE
8
BLACK
6
CONTINUOUS
10
0.7904530314960629
20
1.9641910236220472
11
0.7926282677165354
21
1.9609355511811024
0
LINE
8
BLACK
6
CONTINUOUS
10
0.7926282677165354
20
1.9609355511811024
11
0.7926284251968504
21
1.9609353937007874
0
LINE
8
BLACK
6
CONTINUOUS
10
0.7926284251968504
20
1.9609353937007874
11
0.7958838976377952
21
1.9587601574803148
0
LINE
8
BLACK
6
CONTINUOUS
10
0.7958838976377952
20
1.9587601574803148
11
0.7958839763779527
21
1.9587601181102361
0
LINE
8
BLACK
6
CONTINUOUS
10
0.7958839763779527
20
1.9587601181102361
11
0.7987549212598425
21
1.9581890157480315
0
LINE
8
BLACK
6
CONTINUOUS
10
0.7987549212598425
20
1.9581890157480315
11
0.798755
21
1.9581889763779528
0
LINE
8
BLACK
6
CONTINUOUS
10
0.798755
20
1.9581889763779528
11
0.8218503543307086
21
1.9581889763779528
0
LINE
8
BLACK
6
CONTINUOUS
10
0.8218503543307086
20
1.9581889763779528
11
0.8218503937007874
21
1.9581890157480315
0
LINE
8
BLACK
6
CONTINUOUS
10
0.8218503937007874
20
1.9581890157480315
11
0.8218503937007874
21
1.9680314960629921
0
LINE
8
BLACK
6
CONTINUOUS
10
0.8218503937007874
20
1.9680314960629921
11
0.7997244094488188
21
1.9680314960629921
0
LINE
8
BLACK
6
CONTINUOUS
10
0.7997244094488188
20
1.9680314960629921
11
0.7997244094488188
21
1.9901574803149606
0
LINE
8
BLACK
6
CONTINUOUS
10
0.7997244094488188
20
1.9901574803149606
11
0.7898819291338582
21
1.9901574803149606
0
LINE
8
BLACK
6
CONTINUOUS
10
0.8597244094488189
20
1.9680314960629921
11
0.8375984251968503
21
1.9680314960629921
0
LINE
8
BLACK
6
CONTINUOUS
10
0.8375984251968503
20
1.9680314960629921
11
0.8375984251968503
21
1.9581890157480315
0
LINE
8
BLACK
6
CONTINUOUS
10
0.8375984251968503
20
1.9581890157480315
11
0.8375984645669291
21
1.9581889763779528
0
LINE
8
BLACK
6
CONTINUOUS
10
0.8375984645669291
20
1.9581889763779528
11
0.8606938188976377
21
1.9581889763779528
0
LINE
8
BLACK
6
CONTINUOUS
10
0.8606938188976377
20
1.9581889763779528
11
0.8606938582677165
21
1.9581890157480315
0
LINE
8
BLACK
6
CONTINUOUS
10
0.8606938582677165
20
1.9581890157480315
11
0.8635648031496063
21
1.9587601181102361
0
LINE
8
BLACK
6
CONTINUOUS
10
0.8635648031496063
20
1.9587601181102361
11
0.8635648818897638
21
1.9587601574803148
0
LINE
8
BLACK
6
CONTINUOUS
10
0.8635648818897638
20
1.9587601574803148
11
0.8668203543307086
21
1.9609353937007874
0
LINE
8
BLACK
6
CONTINUOUS
10
0.8668203543307086
20
1.9609353937007874
11
0.8668205118110236
21
1.9609355511811024
0
LINE
8
BLACK
6
CONTINUOUS
10
0.8668205118110236
20
1.9609355511811024
11
0.868995748031496
21
1.9641910236220472
0
LINE
8
BLACK
6
CONTINUOUS
10
0.868995748031496
20
1.9641910236220472
11
0.8689957874015748
21
1.9641911023622047
0
LINE
8
BLACK
6
CONTINUOUS
10
0.8689957874015748
20
1.9641911023622047
11
0.8695668897637795
21
1.9670620472440945
0
LINE
8
BLACK
6
CONTINUOUS
10
0.8695668897637795
20
1.9670620472440945
11
0.8695669291338582
21
1.967062125984252
0
LINE
8
BLACK
6
CONTINUOUS
10
0.8695669291338582
20
1.967062125984252
11
0.8695669291338582
21
1.9901574409448819
0
LINE
8
BLACK
6
CONTINUOUS
10
0.8695669291338582
20
1.9901574409448819
11
0.8695668897637795
21
1.9901574803149606
0
LINE
8
BLACK
6
CONTINUOUS
10
0.8695668897637795
20
1.9901574803149606
11
0.8597244094488189
21
1.9901574803149606
0
LINE
8
BLACK
6
CONTINUOUS
10
0.8597244094488189
20
1.9901574803149606
11
0.8597244094488189
21
1.9680314960629921
0
LINE
8
BLACK
6
CONTINUOUS
10
1.1898819291338583
20
1.9901574803149606
11
1.1898818897637795
21
1.9901574409448819
0
LINE
8
BLACK
6
CONTINUOUS
10
1.1898818897637795
20
1.9901574409448819
11
1.1898818897637795
21
1.9670620472440945
0
LINE
8
BLACK
6
CONTINUOUS
10
1.1898818897637795
20
1.9670620472440945
11
1.1904529921259843
21
1.9641911023622047
0
LINE
8
BLACK
6
CONTINUOUS
10
1.1904529921259843
20
1.9641911023622047
11
1.1904530314960631
21
1.9641910236220472
0
LINE
8
BLACK
6
CONTINUOUS
10
1.1904530314960631
20
1.9641910236220472
11
1.1926282677165354
21
1.9609355511811024
0
LINE
8
BLACK
6
CONTINUOUS
10
1.1926282677165354
20
1.9609355511811024
11
1.1926284251968504
21
1.9609353937007874
0
LINE
8
BLACK
6
CONTINUOUS
10
1.1926284251968504
20
1.9609353937007874
11
1.1958838976377952
21
1.9587601574803148
0
LINE
8
BLACK
6
CONTINUOUS
10
1.1958838976377952
20
1.9587601574803148
11
1.1958839763779527
21
1.9587601181102361
0
LINE
8
BLACK
6
CONTINUOUS
10
1.1958839763779527
20
1.9587601181102361
11
1.1987549212598425
21
1.9581890157480315
0
LINE
8
BLACK
6
CONTINUOUS
10
1.1987549212598425
20
1.9581890157480315
11
1.198755
21
1.9581889763779528
0
LINE
8
BLACK
6
CONTINUOUS
10
1.198755
20
1.9581889763779528
11
1.2218503543307087
21
1.9581889763779528
0
LINE
8
BLACK
6
CONTINUOUS
10
1.2218503543307087
20
1.9581889763779528
11
1.2218503937007874
21
1.9581890157480315
0
LINE
8
BLACK
6
CONTINUOUS
10
1.2218503937007874
20
1.9581890157480315
11
1.2218503937007874
21
1.9680314960629921
0
LINE
8
BLACK
6
CONTINUOUS
10
1.2218503937007874
20
1.9680314960629921
11
1.1997244094488189
21
1.9680314960629921
0
LINE
8
BLACK
6
CONTINUOUS
10
1.1997244094488189
20
1.9680314960629921
11
1.1997244094488189
21
1.9901574803149606
0
LINE
8
BLACK
6
CONTINUOUS
10
1.1997244094488189
20
1.9901574803149606
11
1.1898819291338583
21
1.9901574803149606
0
LINE
8
BLACK
6
CONTINUOUS
10
1.2597244094488189
20
1.9680314960629921
11
1.2375984251968504
21
1.9680314960629921
0
LINE
8
BLACK
6
CONTINUOUS
10
1.2375984251968504
20
1.9680314960629921
11
1.2375984251968504
21
1.9581890157480315
0
LINE
8
BLACK
6
CONTINUOUS
10
1.2375984251968504
20
1.9581890157480315
11
1.2375984645669291
21
1.9581889763779528
0
LINE
8
BLACK
6
CONTINUOUS
10
1.2375984645669291
20
1.9581889763779528
11
1.2606938188976378
21
1.9581889763779528
0
LINE
8
BLACK
6
CONTINUOUS
10
1.2606938188976378
20
1.9581889763779528
11
1.2606938582677165
21
1.9581890157480315
0
LINE
8
BLACK
6
CONTINUOUS
10
1.2606938582677165
20
1.9581890157480315
11
1.2635648031496063
21
1.9587601181102361
0
LINE
8
BLACK
6
CONTINUOUS
10
1.2635648031496063
20
1.9587601181102361
11
1.2635648818897638
21
1.9587601574803148
0
LINE
8
BLACK
6
CONTINUOUS
10
1.2635648818897638
20
1.9587601574803148
11
1.2668203543307086
21
1.9609353937007874
0
LINE
8
BLACK
6
CONTINUOUS
10
1.2668203543307086
20
1.9609353937007874
11
1.2668205118110236
21
1.9609355511811024
0
LINE
8
BLACK
6
CONTINUOUS
10
1.2668205118110236
20
1.9609355511811024
11
1.268995748031496
21
1.9641910236220472
0
LINE
8
BLACK
6
CONTINUOUS
10
1.268995748031496
20
1.9641910236220472
11
1.2689957874015747
21
1.9641911023622047
0
LINE
8
BLACK
6
CONTINUOUS
10
1.2689957874015747
20
1.9641911023622047
11
1.2695668897637795
21
1.9670620472440945
0
LINE
8
BLACK
6
CONTINUOUS
10
1.2695668897637795
20
1.9670620472440945
11
1.2695669291338583
21
1.967062125984252
0
LINE
8
BLACK
6
CONTINUOUS
10
1.2695669291338583
20
1.967062125984252
11
1.2695669291338583
21
1.9901574409448819
0
LINE
8
BLACK
6
CONTINUOUS
10
1.2695669291338583
20
1.9901574409448819
11
1.2695668897637795
21
1.9901574803149606
0
LINE
8
BLACK
6
CONTINUOUS
10
1.2695668897637795
20
1.9901574803149606
11
1.2597244094488189
21
1.9901574803149606
0
LINE
8
BLACK
6
CONTINUOUS
10
1.2597244094488189
20
1.9901574803149606
11
1.2597244094488189
21
1.9680314960629921
0
LINE
8
BLACK
6
CONTINUOUS
10
0.8878937007874016
20
1.9662653543307087
11
0.8878937401574803
21
1.9662652362204724
0
LINE
8
BLACK
6
CONTINUOUS
10
0.8878937401574803
20
1.9662652362204724
11
0.8880084251968504
21
1.9652759842519685
0
LINE
8
BLACK
6
CONTINUOUS
10
0.8880084251968504
20
1.9652759842519685
11
0.8890061417322834
21
1.9630163385826771
0
LINE
8
BLACK
6
CONTINUOUS
10
0.8890061417322834
20
1.9630163385826771
11
0.8897950393700788
21
1.9612297244094488
0
LINE
8
BLACK
6
CONTINUOUS
10
0.8897950393700788
20
1.9612297244094488
11
0.8929226377952756
21
1.9581021259842519
0
LINE
8
BLACK
6
CONTINUOUS
10
0.8929226377952756
20
1.9581021259842519
11
0.8969688582677166
21
1.9563155511811023
0
LINE
8
BLACK
6
CONTINUOUS
10
0.8969688582677166
20
1.9563155511811023
11
0.8979580708661418
21
1.9562007874015748
0
LINE
8
BLACK
6
CONTINUOUS
10
0.8979580708661418
20
1.9562007874015748
11
0.9614907086614173
21
1.9562008267716535
0
LINE
8
BLACK
6
CONTINUOUS
10
0.9614907086614173
20
1.9562008267716535
11
0.9624799606299212
21
1.9563155511811023
0
LINE
8
BLACK
6
CONTINUOUS
10
0.9624799606299212
20
1.9563155511811023
11
0.9665261811023622
21
1.9581021259842519
0
LINE
8
BLACK
6
CONTINUOUS
10
0.9665261811023622
20
1.9581021259842519
11
0.969653779527559
21
1.9612297244094488
0
LINE
8
BLACK
6
CONTINUOUS
10
0.969653779527559
20
1.9612297244094488
11
0.9714403543307086
21
1.9652759448818897
0
LINE
8
BLACK
6
CONTINUOUS
10
0.9714403543307086
20
1.9652759448818897
11
0.9715551181102362
21
1.9662651574803149
0
LINE
8
BLACK
6
CONTINUOUS
10
0.9715551181102362
20
1.9662651574803149
11
0.9715550787401575
21
2.0297977952755906
0
LINE
8
BLACK
6
CONTINUOUS
10
0.9715550787401575
20
2.0297977952755906
11
0.9714403543307086
21
2.0307870472440945
0
LINE
8
BLACK
6
CONTINUOUS
10
0.9714403543307086
20
2.0307870472440945
11
0.969653779527559
21
2.0348332677165355
0
LINE
8
BLACK
6
CONTINUOUS
10
0.969653779527559
20
2.0348332677165355
11
0.9665261811023622
21
2.0379608661417321
0
LINE
8
BLACK
6
CONTINUOUS
10
0.9665261811023622
20
2.0379608661417321
11
0.9624799606299212
21
2.0397474409448817
0
LINE
8
BLACK
6
CONTINUOUS
10
0.9624799606299212
20
2.0397474409448817
11
0.9624799212598425
21
2.0397474803149604
0
LINE
8
BLACK
6
CONTINUOUS
10
0.9624799212598425
20
2.0397474803149604
11
0.962479842519685
21
2.0397474803149604
0
LINE
8
BLACK
6
CONTINUOUS
10
0.962479842519685
20
2.0397474803149604
11
0.9614908661417323
21
2.0398622047244093
0
LINE
8
BLACK
6
CONTINUOUS
10
0.9614908661417323
20
2.0398622047244093
11
0.8979582283464567
21
2.0398622047244093
0
LINE
8
BLACK
6
CONTINUOUS
10
0.8979582283464567
20
2.0398622047244093
11
0.8979581102362204
21
2.0398621653543305
0
LINE
8
BLACK
6
CONTINUOUS
10
0.8979581102362204
20
2.0398621653543305
11
0.8969688582677166
21
2.0397474803149604
0
LINE
8
BLACK
6
CONTINUOUS
10
0.8969688582677166
20
2.0397474803149604
11
0.8929226377952756
21
2.0379608661417321
0
LINE
8
BLACK
6
CONTINUOUS
10
0.8929226377952756
20
2.0379608661417321
11
0.8897950393700788
21
2.0348332677165355
0
LINE
8
BLACK
6
CONTINUOUS
10
0.8897950393700788
20
2.0348332677165355
11
0.8880084251968504
21
2.030786968503937
0
LINE
8
BLACK
6
CONTINUOUS
10
0.8880084251968504
20
2.030786968503937
11
0.8878937007874016
21
2.0297980314960631
0
LINE
8
BLACK
6
CONTINUOUS
10
0.8878937007874016
20
2.0297980314960631
11
0.8878937007874016
21
1.9662653543307087
0
LINE
8
BLACK
6
CONTINUOUS
10
1.0878937007874014
20
1.9662653543307087
11
1.0878937401574802
21
1.9662652362204724
0
LINE
8
BLACK
6
CONTINUOUS
10
1.0878937401574802
20
1.9662652362204724
11
1.0880084251968503
21
1.9652759842519685
0
LINE
8
BLACK
6
CONTINUOUS
10
1.0880084251968503
20
1.9652759842519685
11
1.0890061417322834
21
1.9630163385826771
0
LINE
8
BLACK
6
CONTINUOUS
10
1.0890061417322834
20
1.9630163385826771
11
1.0897950393700788
21
1.9612297244094488
0
LINE
8
BLACK
6
CONTINUOUS
10
1.0897950393700788
20
1.9612297244094488
11
1.0929226377952757
21
1.9581021259842519
0
LINE
8
BLACK
6
CONTINUOUS
10
1.0929226377952757
20
1.9581021259842519
11
1.0969688582677166
21
1.9563155511811023
0
LINE
8
BLACK
6
CONTINUOUS
10
1.0969688582677166
20
1.9563155511811023
11
1.0979580708661416
21
1.9562007874015748
0
LINE
8
BLACK
6
CONTINUOUS
10
1.0979580708661416
20
1.9562007874015748
11
1.1614907086614172
21
1.9562008267716535
0
LINE
8
BLACK
6
CONTINUOUS
10
1.1614907086614172
20
1.9562008267716535
11
1.1624799606299212
21
1.9563155511811023
0
LINE
8
BLACK
6
CONTINUOUS
10
1.1624799606299212
20
1.9563155511811023
11
1.1665261811023622
21
1.9581021259842519
0
LINE
8
BLACK
6
CONTINUOUS
10
1.1665261811023622
20
1.9581021259842519
11
1.169653779527559
21
1.9612297244094488
0
LINE
8
BLACK
6
CONTINUOUS
10
1.169653779527559
20
1.9612297244094488
11
1.1714403543307086
21
1.9652759448818897
0
LINE
8
BLACK
6
CONTINUOUS
10
1.1714403543307086
20
1.9652759448818897
11
1.1715551181102362
21
1.9662651574803149
0
LINE
8
BLACK
6
CONTINUOUS
10
1.1715551181102362
20
1.9662651574803149
11
1.1715550787401574
21
2.0000000393700788
0
LINE
8
BLACK
6
CONTINUOUS
10
1.1715550787401574
20
2.0000000393700788
11
1.1715550787401574
21
2.0290009842519683
0
LINE
8
BLACK
6
CONTINUOUS
10
1.1715550787401574
20
2.0290009842519683
11
1.1715550787401574
21
2.029192440944882
0
LINE
8
BLACK
6
CONTINUOUS
10
1.1715550787401574
20
2.029192440944882
11
1.1715550787401574
21
2.0297976771653543
0
LINE
8
BLACK
6
CONTINUOUS
10
1.1715550787401574
20
2.0297976771653543
11
1.1715550787401574
21
2.0297977952755906
0
LINE
8
BLACK
6
CONTINUOUS
10
1.1715550787401574
20
2.0297977952755906
11
1.1714403543307086
21
2.0307870472440945
0
LINE
8
BLACK
6
CONTINUOUS
10
1.1714403543307086
20
2.0307870472440945
11
1.169653779527559
21
2.0348332677165355
0
LINE
8
BLACK
6
CONTINUOUS
10
1.169653779527559
20
2.0348332677165355
11
1.1665261811023622
21
2.0379608661417321
0
LINE
8
BLACK
6
CONTINUOUS
10
1.1665261811023622
20
2.0379608661417321
11
1.1624799606299212
21
2.0397474409448817
0
LINE
8
BLACK
6
CONTINUOUS
10
1.1624799606299212
20
2.0397474409448817
11
1.1624799212598425
21
2.0397474803149604
0
LINE
8
BLACK
6
CONTINUOUS
10
1.1624799212598425
20
2.0397474803149604
11
1.1624798425196849
21
2.0397474803149604
0
LINE
8
BLACK
6
CONTINUOUS
10
1.1624798425196849
20
2.0397474803149604
11
1.1614908661417322
21
2.0398622047244093
0
LINE
8
BLACK
6
CONTINUOUS
10
1.1614908661417322
20
2.0398622047244093
11
1.0979582283464566
21
2.0398622047244093
0
LINE
8
BLACK
6
CONTINUOUS
10
1.0979582283464566
20
2.0398622047244093
11
1.0979581102362204
21
2.0398621653543305
0
LINE
8
BLACK
6
CONTINUOUS
10
1.0979581102362204
20
2.0398621653543305
11
1.0969688582677166
21
2.0397474803149604
0
LINE
8
BLACK
6
CONTINUOUS
10
1.0969688582677166
20
2.0397474803149604
11
1.0929226377952757
21
2.0379608661417321
0
LINE
8
BLACK
6
CONTINUOUS
10
1.0929226377952757
20
2.0379608661417321
11
1.0897950393700788
21
2.0348332677165355
0
LINE
8
BLACK
6
CONTINUOUS
10
1.0897950393700788
20
2.0348332677165355
11
1.0880084251968503
21
2.030786968503937
0
LINE
8
BLACK
6
CONTINUOUS
10
1.0880084251968503
20
2.030786968503937
11
1.0878937007874014
21
2.0297980314960631
0
LINE
8
BLACK
6
CONTINUOUS
10
1.0878937007874014
20
2.0297980314960631
11
1.0878937007874014
21
1.9662653543307087
0
LINE
8
BLACK
6
CONTINUOUS
10
0.8689957874015748
20
2.1318719291338581
11
0.868995748031496
21
2.1318720078740157
0
LINE
8
BLACK
6
CONTINUOUS
10
0.868995748031496
20
2.1318720078740157
11
0.8668205118110236
21
2.1351274803149605
0
LINE
8
BLACK
6
CONTINUOUS
10
0.8668205118110236
20
2.1351274803149605
11
0.8668203543307086
21
2.1351276377952755
0
LINE
8
BLACK
6
CONTINUOUS
10
0.8668203543307086
20
2.1351276377952755
11
0.8635648818897638
21
2.1373028740157478
0
LINE
8
BLACK
6
CONTINUOUS
10
0.8635648818897638
20
2.1373028740157478
11
0.8635648031496063
21
2.1373029133858266
0
LINE
8
BLACK
6
CONTINUOUS
10
0.8635648031496063
20
2.1373029133858266
11
0.8606938582677165
21
2.1378740157480314
0
LINE
8
BLACK
6
CONTINUOUS
10
0.8606938582677165
20
2.1378740157480314
11
0.8375984645669291
21
2.1378740157480314
0
LINE
8
BLACK
6
CONTINUOUS
10
0.8375984645669291
20
2.1378740157480314
11
0.8375984251968503
21
2.1378739763779526
0
LINE
8
BLACK
6
CONTINUOUS
10
0.8375984251968503
20
2.1378739763779526
11
0.8375984251968503
21
2.128031496062992
0
LINE
8
BLACK
6
CONTINUOUS
10
0.8375984251968503
20
2.128031496062992
11
0.8597244094488189
21
2.128031496062992
0
LINE
8
BLACK
6
CONTINUOUS
10
0.8597244094488189
20
2.128031496062992
11
0.8597244094488189
21
2.1059055118110237
0
LINE
8
BLACK
6
CONTINUOUS
10
0.8597244094488189
20
2.1059055118110237
11
0.8695668897637795
21
2.1059055118110237
0
LINE
8
BLACK
6
CONTINUOUS
10
0.8695668897637795
20
2.1059055118110237
11
0.8695669291338582
21
2.1059055511811025
0
LINE
8
BLACK
6
CONTINUOUS
10
0.8695669291338582
20
2.1059055511811025
11
0.8695669291338582
21
2.1290009055118109
0
LINE
8
BLACK
6
CONTINUOUS
10
0.8695669291338582
20
2.1290009055118109
11
0.8695668897637795
21
2.1290009842519684
0
LINE
8
BLACK
6
CONTINUOUS
10
0.8695668897637795
20
2.1290009842519684
11
0.8695372834645669
21
2.1291499606299213
0
LINE
8
BLACK
6
CONTINUOUS
10
0.8695372834645669
20
2.1291499606299213
11
0.8694083464566928
21
2.1297980314960627
0
LINE
8
BLACK
6
CONTINUOUS
10
0.8694083464566928
20
2.1297980314960627
11
0.8689957874015748
21
2.1318719291338581
0
LINE
8
BLACK
6
CONTINUOUS
10
0.7898819291338582
20
2.0901574803149607
11
0.7898818897637795
21
2.090157440944882
0
LINE
8
BLACK
6
CONTINUOUS
10
0.7898818897637795
20
2.090157440944882
11
0.7898818897637795
21
2.0670620472440944
0
LINE
8
BLACK
6
CONTINUOUS
10
0.7898818897637795
20
2.0670620472440944
11
0.7904529921259842
21
2.0641911023622046
0
LINE
8
BLACK
6
CONTINUOUS
10
0.7904529921259842
20
2.0641911023622046
11
0.7904530314960629
21
2.0641910236220471
0
LINE
8
BLACK
6
CONTINUOUS
10
0.7904530314960629
20
2.0641910236220471
11
0.7926282677165354
21
2.0609355511811023
0
LINE
8
BLACK
6
CONTINUOUS
10
0.7926282677165354
20
2.0609355511811023
11
0.7926284251968504
21
2.0609353937007873
0
LINE
8
BLACK
6
CONTINUOUS
10
0.7926284251968504
20
2.0609353937007873
11
0.7958838976377952
21
2.0587601574803149
0
LINE
8
BLACK
6
CONTINUOUS
10
0.7958838976377952
20
2.0587601574803149
11
0.7958839763779527
21
2.0587601181102362
0
LINE
8
BLACK
6
CONTINUOUS
10
0.7958839763779527
20
2.0587601181102362
11
0.7987549212598425
21
2.0581890157480314
0
LINE
8
BLACK
6
CONTINUOUS
10
0.7987549212598425
20
2.0581890157480314
11
0.798755
21
2.0581889763779526
0
LINE
8
BLACK
6
CONTINUOUS
10
0.798755
20
2.0581889763779526
11
0.8218503543307086
21
2.0581889763779526
0
LINE
8
BLACK
6
CONTINUOUS
10
0.8218503543307086
20
2.0581889763779526
11
0.8218503937007874
21
2.0581890157480314
0
LINE
8
BLACK
6
CONTINUOUS
10
0.8218503937007874
20
2.0581890157480314
11
0.8218503937007874
21
2.068031496062992
0
LINE
8
BLACK
6
CONTINUOUS
10
0.8218503937007874
20
2.068031496062992
11
0.7997244094488188
21
2.068031496062992
0
LINE
8
BLACK
6
CONTINUOUS
10
0.7997244094488188
20
2.068031496062992
11
0.7997244094488188
21
2.0901574803149607
0
LINE
8
BLACK
6
CONTINUOUS
10
0.7997244094488188
20
2.0901574803149607
11
0.7898819291338582
21
2.0901574803149607
0
LINE
8
BLACK
6
CONTINUOUS
10
0.8597244094488189
20
2.068031496062992
11
0.8375984251968503
21
2.068031496062992
0
LINE
8
BLACK
6
CONTINUOUS
10
0.8375984251968503
20
2.068031496062992
11
0.8375984251968503
21
2.0581890157480314
0
LINE
8
BLACK
6
CONTINUOUS
10
0.8375984251968503
20
2.0581890157480314
11
0.8375984645669291
21
2.0581889763779526
0
LINE
8
BLACK
6
CONTINUOUS
10
0.8375984645669291
20
2.0581889763779526
11
0.8606938188976377
21
2.0581889763779526
0
LINE
8
BLACK
6
CONTINUOUS
10
0.8606938188976377
20
2.0581889763779526
11
0.8606938582677165
21
2.0581890157480314
0
LINE
8
BLACK
6
CONTINUOUS
10
0.8606938582677165
20
2.0581890157480314
11
0.8635648031496063
21
2.0587601181102362
0
LINE
8
BLACK
6
CONTINUOUS
10
0.8635648031496063
20
2.0587601181102362
11
0.8635648818897638
21
2.0587601574803149
0
LINE
8
BLACK
6
CONTINUOUS
10
0.8635648818897638
20
2.0587601574803149
11
0.8668203543307086
21
2.0609353937007873
0
LINE
8
BLACK
6
CONTINUOUS
10
0.8668203543307086
20
2.0609353937007873
11
0.8668205118110236
21
2.0609355511811023
0
LINE
8
BLACK
6
CONTINUOUS
10
0.8668205118110236
20
2.0609355511811023
11
0.868995748031496
21
2.0641910236220471
0
LINE
8
BLACK
6
CONTINUOUS
10
0.868995748031496
20
2.0641910236220471
11
0.8689957874015748
21
2.0641911023622046
0
LINE
8
BLACK
6
CONTINUOUS
10
0.8689957874015748
20
2.0641911023622046
11
0.8695668897637795
21
2.0670620472440944
0
LINE
8
BLACK
6
CONTINUOUS
10
0.8695668897637795
20
2.0670620472440944
11
0.8695669291338582
21
2.0670621259842519
0
LINE
8
BLACK
6
CONTINUOUS
10
0.8695669291338582
20
2.0670621259842519
11
0.8695669291338582
21
2.090157440944882
0
LINE
8
BLACK
6
CONTINUOUS
10
0.8695669291338582
20
2.090157440944882
11
0.8695668897637795
21
2.0901574803149607
0
LINE
8
BLACK
6
CONTINUOUS
10
0.8695668897637795
20
2.0901574803149607
11
0.8597244094488189
21
2.0901574803149607
0
LINE
8
BLACK
6
CONTINUOUS
10
0.8597244094488189
20
2.0901574803149607
11
0.8597244094488189
21
2.068031496062992
0
LINE
8
BLACK
6
CONTINUOUS
10
1.1898819291338583
20
2.0901574803149607
11
1.1898818897637795
21
2.090157440944882
0
LINE
8
BLACK
6
CONTINUOUS
10
1.1898818897637795
20
2.090157440944882
11
1.1898818897637795
21
2.0670620472440944
0
LINE
8
BLACK
6
CONTINUOUS
10
1.1898818897637795
20
2.0670620472440944
11
1.1904529921259843
21
2.0641911023622046
0
LINE
8
BLACK
6
CONTINUOUS
10
1.1904529921259843
20
2.0641911023622046
11
1.1904530314960631
21
2.0641910236220471
0
LINE
8
BLACK
6
CONTINUOUS
10
1.1904530314960631
20
2.0641910236220471
11
1.1926282677165354
21
2.0609355511811023
0
LINE
8
BLACK
6
CONTINUOUS
10
1.1926282677165354
20
2.0609355511811023
11
1.1926284251968504
21
2.0609353937007873
0
LINE
8
BLACK
6
CONTINUOUS
10
1.1926284251968504
20
2.0609353937007873
11
1.1958838976377952
21
2.0587601574803149
0
LINE
8
BLACK
6
CONTINUOUS
10
1.1958838976377952
20
2.0587601574803149
11
1.1958839763779527
21
2.0587601181102362
0
LINE
8
BLACK
6
CONTINUOUS
10
1.1958839763779527
20
2.0587601181102362
11
1.1987549212598425
21
2.0581890157480314
0
LINE
8
BLACK
6
CONTINUOUS
10
1.1987549212598425
20
2.0581890157480314
11
1.198755
21
2.0581889763779526
0
LINE
8
BLACK
6
CONTINUOUS
10
1.198755
20
2.0581889763779526
11
1.2218503543307087
21
2.0581889763779526
0
LINE
8
BLACK
6
CONTINUOUS
10
1.2218503543307087
20
2.0581889763779526
11
1.2218503937007874
21
2.0581890157480314
0
LINE
8
BLACK
6
CONTINUOUS
10
1.2218503937007874
20
2.0581890157480314
11
1.2218503937007874
21
2.068031496062992
0
LINE
8
BLACK
6
CONTINUOUS
10
1.2218503937007874
20
2.068031496062992
11
1.1997244094488189
21
2.068031496062992
0
LINE
8
BLACK
6
CONTINUOUS
10
1.1997244094488189
20
2.068031496062992
11
1.1997244094488189
21
2.0901574803149607
0
LINE
8
BLACK
6
CONTINUOUS
10
1.1997244094488189
20
2.0901574803149607
11
1.1898819291338583
21
2.0901574803149607
0
LINE
8
BLACK
6
CONTINUOUS
10
1.2597244094488189
20
2.068031496062992
11
1.2375984251968504
21
2.068031496062992
0
LINE
8
BLACK
6
CONTINUOUS
10
1.2375984251968504
20
2.068031496062992
11
1.2375984251968504
21
2.0581890157480314
0
LINE
8
BLACK
6
CONTINUOUS
10
1.2375984251968504
20
2.0581890157480314
11
1.2375984645669291
21
2.0581889763779526
0
LINE
8
BLACK
6
CONTINUOUS
10
1.2375984645669291
20
2.0581889763779526
11
1.2606938188976378
21
2.0581889763779526
0
LINE
8
BLACK
6
CONTINUOUS
10
1.2606938188976378
20
2.0581889763779526
11
1.2606938582677165
21
2.0581890157480314
0
LINE
8
BLACK
6
CONTINUOUS
10
1.2606938582677165
20
2.0581890157480314
11
1.2635648031496063
21
2.0587601181102362
0
LINE
8
BLACK
6
CONTINUOUS
10
1.2635648031496063
20
2.0587601181102362
11
1.2635648818897638
21
2.0587601574803149
0
LINE
8
BLACK
6
CONTINUOUS
10
1.2635648818897638
20
2.0587601574803149
11
1.2668203543307086
21
2.0609353937007873
0
LINE
8
BLACK
6
CONTINUOUS
10
1.2668203543307086
20
2.0609353937007873
11
1.2668205118110236
21
2.0609355511811023
0
LINE
8
BLACK
6
CONTINUOUS
10
1.2668205118110236
20
2.0609355511811023
11
1.268995748031496
21
2.0641910236220471
0
LINE
8
BLACK
6
CONTINUOUS
10
1.268995748031496
20
2.0641910236220471
11
1.2689957874015747
21
2.0641911023622046
0
LINE
8
BLACK
6
CONTINUOUS
10
1.2689957874015747
20
2.0641911023622046
11
1.2695668897637795
21
2.0670620472440944
0
LINE
8
BLACK
6
CONTINUOUS
10
1.2695668897637795
20
2.0670620472440944
11
1.2695669291338583
21
2.0670621259842519
0
LINE
8
BLACK
6
CONTINUOUS
10
1.2695669291338583
20
2.0670621259842519
11
1.2695669291338583
21
2.090157440944882
0
LINE
8
BLACK
6
CONTINUOUS
10
1.2695669291338583
20
2.090157440944882
11
1.2695668897637795
21
2.0901574803149607
0
LINE
8
BLACK
6
CONTINUOUS
10
1.2695668897637795
20
2.0901574803149607
11
1.2597244094488189
21
2.0901574803149607
0
LINE
8
BLACK
6
CONTINUOUS
10
1.2597244094488189
20
2.0901574803149607
11
1.2597244094488189
21
2.068031496062992
0
LINE
8
BLACK
6
CONTINUOUS
10
0.8878937007874016
20
2.0662653543307088
11
0.8878937401574803
21
2.0662652362204725
0
LINE
8
BLACK
6
CONTINUOUS
10
0.8878937401574803
20
2.0662652362204725
11
0.8880084251968504
21
2.0652759842519686
0
LINE
8
BLACK
6
CONTINUOUS
10
0.8880084251968504
20
2.0652759842519686
11
0.8890061417322834
21
2.0630163385826772
0
LINE
8
BLACK
6
CONTINUOUS
10
0.8890061417322834
20
2.0630163385826772
11
0.8897950393700788
21
2.0612297244094488
0
LINE
8
BLACK
6
CONTINUOUS
10
0.8897950393700788
20
2.0612297244094488
11
0.8929226377952756
21
2.0581021259842518
0
LINE
8
BLACK
6
CONTINUOUS
10
0.8929226377952756
20
2.0581021259842518
11
0.8969688582677166
21
2.0563155511811022
0
LINE
8
BLACK
6
CONTINUOUS
10
0.8969688582677166
20
2.0563155511811022
11
0.8979580708661418
21
2.0562007874015746
0
LINE
8
BLACK
6
CONTINUOUS
10
0.8979580708661418
20
2.0562007874015746
11
0.9614907086614173
21
2.0562008267716534
0
LINE
8
BLACK
6
CONTINUOUS
10
0.9614907086614173
20
2.0562008267716534
11
0.9624799606299212
21
2.0563155511811022
0
LINE
8
BLACK
6
CONTINUOUS
10
0.9624799606299212
20
2.0563155511811022
11
0.9665261811023622
21
2.0581021259842518
0
LINE
8
BLACK
6
CONTINUOUS
10
0.9665261811023622
20
2.0581021259842518
11
0.969653779527559
21
2.0612297244094488
0
LINE
8
BLACK
6
CONTINUOUS
10
0.969653779527559
20
2.0612297244094488
11
0.9714403543307086
21
2.0652759448818898
0
LINE
8
BLACK
6
CONTINUOUS
10
0.9714403543307086
20
2.0652759448818898
11
0.9715551181102362
21
2.066265157480315
0
LINE
8
BLACK
6
CONTINUOUS
10
0.9715551181102362
20
2.066265157480315
11
0.9715550787401575
21
2.1297977952755907
0
LINE
8
BLACK
6
CONTINUOUS
10
0.9715550787401575
20
2.1297977952755907
11
0.9714403543307086
21
2.1307870472440946
0
LINE
8
BLACK
6
CONTINUOUS
10
0.9714403543307086
20
2.1307870472440946
11
0.969653779527559
21
2.1348332677165356
0
LINE
8
BLACK
6
CONTINUOUS
10
0.969653779527559
20
2.1348332677165356
11
0.9665261811023622
21
2.1379608661417322
0
LINE
8
BLACK
6
CONTINUOUS
10
0.9665261811023622
20
2.1379608661417322
11
0.9624799606299212
21
2.1397474409448818
0
LINE
8
BLACK
6
CONTINUOUS
10
0.9624799606299212
20
2.1397474409448818
11
0.9624799212598425
21
2.1397474803149605
0
LINE
8
BLACK
6
CONTINUOUS
10
0.9624799212598425
20
2.1397474803149605
11
0.962479842519685
21
2.1397474803149605
0
LINE
8
BLACK
6
CONTINUOUS
10
0.962479842519685
20
2.1397474803149605
11
0.9614908661417323
21
2.1398622047244094
0
LINE
8
BLACK
6
CONTINUOUS
10
0.9614908661417323
20
2.1398622047244094
11
0.8979582283464567
21
2.1398622047244094
0
LINE
8
BLACK
6
CONTINUOUS
10
0.8979582283464567
20
2.1398622047244094
11
0.8979581102362204
21
2.1398621653543306
0
LINE
8
BLACK
6
CONTINUOUS
10
0.8979581102362204
20
2.1398621653543306
11
0.8969688582677166
21
2.1397474803149605
0
LINE
8
BLACK
6
CONTINUOUS
10
0.8969688582677166
20
2.1397474803149605
11
0.8929226377952756
21
2.1379608661417322
0
LINE
8
BLACK
6
CONTINUOUS
10
0.8929226377952756
20
2.1379608661417322
11
0.8897950393700788
21
2.1348332677165356
0
LINE
8
BLACK
6
CONTINUOUS
10
0.8897950393700788
20
2.1348332677165356
11
0.8880084251968504
21
2.1307869685039371
0
LINE
8
BLACK
6
CONTINUOUS
10
0.8880084251968504
20
2.1307869685039371
11
0.8878937007874016
21
2.1297980314960627
0
LINE
8
BLACK
6
CONTINUOUS
10
0.8878937007874016
20
2.1297980314960627
11
0.8878937007874016
21
2.0662653543307088
0
LINE
8
BLACK
6
CONTINUOUS
10
1.0878937007874014
20
2.0662653543307088
11
1.0878937401574802
21
2.0662652362204725
0
LINE
8
BLACK
6
CONTINUOUS
10
1.0878937401574802
20
2.0662652362204725
11
1.0880084251968503
21
2.0652759842519686
0
LINE
8
BLACK
6
CONTINUOUS
10
1.0880084251968503
20
2.0652759842519686
11
1.0890061417322834
21
2.0630163385826772
0
LINE
8
BLACK
6
CONTINUOUS
10
1.0890061417322834
20
2.0630163385826772
11
1.0897950393700788
21
2.0612297244094488
0
LINE
8
BLACK
6
CONTINUOUS
10
1.0897950393700788
20
2.0612297244094488
11
1.0929226377952757
21
2.0581021259842518
0
LINE
8
BLACK
6
CONTINUOUS
10
1.0929226377952757
20
2.0581021259842518
11
1.0969688582677166
21
2.0563155511811022
0
LINE
8
BLACK
6
CONTINUOUS
10
1.0969688582677166
20
2.0563155511811022
11
1.0979580708661416
21
2.0562007874015746
0
LINE
8
BLACK
6
CONTINUOUS
10
1.0979580708661416
20
2.0562007874015746
11
1.1614907086614172
21
2.0562008267716534
0
LINE
8
BLACK
6
CONTINUOUS
10
1.1614907086614172
20
2.0562008267716534
11
1.1624799606299212
21
2.0563155511811022
0
LINE
8
BLACK
6
CONTINUOUS
10
1.1624799606299212
20
2.0563155511811022
11
1.1665261811023622
21
2.0581021259842518
0
LINE
8
BLACK
6
CONTINUOUS
10
1.1665261811023622
20
2.0581021259842518
11
1.169653779527559
21
2.0612297244094488
0
LINE
8
BLACK
6
CONTINUOUS
10
1.169653779527559
20
2.0612297244094488
11
1.1714403543307086
21
2.0652759448818898
0
LINE
8
BLACK
6
CONTINUOUS
10
1.1714403543307086
20
2.0652759448818898
11
1.1715551181102362
21
2.066265157480315
0
LINE
8
BLACK
6
CONTINUOUS
10
1.1715551181102362
20
2.066265157480315
11
1.1715551181102362
21
2.0957275590551179
0
LINE
8
BLACK
6
CONTINUOUS
10
1.1715551181102362
20
2.0957275590551179
11
1.1715551181102362
21
2.0999937795275589
0
LINE
8
BLACK
6
CONTINUOUS
10
1.1715551181102362
20
2.0999937795275589
11
1.1715550787401574
21
2.1290009842519684
0
LINE
8
BLACK
6
CONTINUOUS
10
1.1715550787401574
20
2.1290009842519684
11
1.1715550787401574
21
2.1291924409448817
0
LINE
8
BLACK
6
CONTINUOUS
10
1.1715550787401574
20
2.1291924409448817
11
1.1715550787401574
21
2.1297976771653544
0
LINE
8
BLACK
6
CONTINUOUS
10
1.1715550787401574
20
2.1297976771653544
11
1.1715550787401574
21
2.1297977952755907
0
LINE
8
BLACK
6
CONTINUOUS
10
1.1715550787401574
20
2.1297977952755907
11
1.1714403543307086
21
2.1307870472440946
0
LINE
8
BLACK
6
CONTINUOUS
10
1.1714403543307086
20
2.1307870472440946
11
1.169653779527559
21
2.1348332677165356
0
LINE
8
BLACK
6
CONTINUOUS
10
1.169653779527559
20
2.1348332677165356
11
1.1665261811023622
21
2.1379608661417322
0
LINE
8
BLACK
6
CONTINUOUS
10
1.1665261811023622
20
2.1379608661417322
11
1.1624799606299212
21
2.1397474409448818
0
LINE
8
BLACK
6
CONTINUOUS
10
1.1624799606299212
20
2.1397474409448818
11
1.1624799212598425
21
2.1397474803149605
0
LINE
8
BLACK
6
CONTINUOUS
10
1.1624799212598425
20
2.1397474803149605
11
1.1624798425196849
21
2.1397474803149605
0
LINE
8
BLACK
6
CONTINUOUS
10
1.1624798425196849
20
2.1397474803149605
11
1.1614908661417322
21
2.1398622047244094
0
LINE
8
BLACK
6
CONTINUOUS
10
1.1614908661417322
20
2.1398622047244094
11
1.0979582283464566
21
2.1398622047244094
0
LINE
8
BLACK
6
CONTINUOUS
10
1.0979582283464566
20
2.1398622047244094
11
1.0979581102362204
21
2.1398621653543306
0
LINE
8
BLACK
6
CONTINUOUS
10
1.0979581102362204
20
2.1398621653543306
11
1.0969688582677166
21
2.1397474803149605
0
LINE
8
BLACK
6
CONTINUOUS
10
1.0969688582677166
20
2.1397474803149605
11
1.0929226377952757
21
2.1379608661417322
0
LINE
8
BLACK
6
CONTINUOUS
10
1.0929226377952757
20
2.1379608661417322
11
1.0897950393700788
21
2.1348332677165356
0
LINE
8
BLACK
6
CONTINUOUS
10
1.0897950393700788
20
2.1348332677165356
11
1.0880084251968503
21
2.1307869685039371
0
LINE
8
BLACK
6
CONTINUOUS
10
1.0880084251968503
20
2.1307869685039371
11
1.0878937007874014
21
2.1297980314960627
0
LINE
8
BLACK
6
CONTINUOUS
10
1.0878937007874014
20
2.1297980314960627
11
1.0878937007874014
21
2.0662653543307088
0
LINE
8
BLACK
6
CONTINUOUS
10
0.4330431102362204
20
2.131915118110236
11
0.4199537401574803
21
2.1345187401574801
0
LINE
8
BLACK
6
CONTINUOUS
10
0.4199537401574803
20
2.1345187401574801
11
0.4199538976377953
21
2.1345187401574801
0
LINE
8
BLACK
6
CONTINUOUS
10
0.4199538976377953
20
2.1345187401574801
11
0.4066730708661417
21
2.1358267716535431
0
LINE
8
BLACK
6
CONTINUOUS
10
0.4066730708661417
20
2.1358267716535431
11
0.3933269291338582
21
2.1358267716535431
0
LINE
8
BLACK
6
CONTINUOUS
10
0.3933269291338582
20
2.1358267716535431
11
0.3800461417322835
21
2.1345187401574801
0
LINE
8
BLACK
6
CONTINUOUS
10
0.3800461417322835
20
2.1345187401574801
11
0.3669568503937008
21
2.131915118110236
0
LINE
8
BLACK
6
CONTINUOUS
10
0.3669568503937008
20
2.131915118110236
11
0.3541864566929134
21
2.1280412992125983
0
LINE
8
BLACK
6
CONTINUOUS
10
0.3541864566929134
20
2.1280412992125983
11
0.3418568503937008
21
2.122934212598425
0
LINE
8
BLACK
6
CONTINUOUS
10
0.3418568503937008
20
2.122934212598425
11
0.3418557874015748
21
2.1229337007874016
0
LINE
8
BLACK
6
CONTINUOUS
10
0.3418557874015748
20
2.1229337007874016
11
0.3300869291338583
21
2.1166431496062992
0
LINE
8
BLACK
6
CONTINUOUS
10
0.3300869291338583
20
2.1166431496062992
11
0.3189904330708661
21
2.1092286220472443
0
LINE
8
BLACK
6
CONTINUOUS
10
0.3189904330708661
20
2.1092286220472443
11
0.3096074015748032
21
2.1015281889763777
0
LINE
8
BLACK
6
CONTINUOUS
10
0.3096074015748032
20
2.1015281889763777
11
0.3166881496062992
21
2.0944474409448817
0
LINE
8
BLACK
6
CONTINUOUS
10
0.3166881496062992
20
2.0944474409448817
11
0.3270965354330709
21
2.1027478346456694
0
LINE
8
BLACK
6
CONTINUOUS
10
0.3270965354330709
20
2.1027478346456694
11
0.3390590551181102
21
2.11026437007874
0
LINE
8
BLACK
6
CONTINUOUS
10
0.3390590551181102
20
2.11026437007874
11
0.3517879133858268
21
2.1163942913385827
0
LINE
8
BLACK
6
CONTINUOUS
10
0.3517879133858268
20
2.1163942913385827
11
0.3651230708661417
21
2.1210604330708662
0
LINE
8
BLACK
6
CONTINUOUS
10
0.3651230708661417
20
2.1210604330708662
11
0.3788968503937008
21
2.1242042125984253
0
LINE
8
BLACK
6
CONTINUOUS
10
0.3788968503937008
20
2.1242042125984253
11
0.3929360236220472
21
2.1257860629921259
0
LINE
8
BLACK
6
CONTINUOUS
10
0.3929360236220472
20
2.1257860629921259
11
0.4070639763779528
21
2.1257860629921259
0
LINE
8
BLACK
6
CONTINUOUS
10
0.4070639763779528
20
2.1257860629921259
11
0.4211031496062992
21
2.1242042125984253
0
LINE
8
BLACK
6
CONTINUOUS
10
0.4211031496062992
20
2.1242042125984253
11
0.4348769291338583
21
2.1210604330708662
0
LINE
8
BLACK
6
CONTINUOUS
10
0.4348769291338583
20
2.1210604330708662
11
0.4482120866141732
21
2.1163942913385827
0
LINE
8
BLACK
6
CONTINUOUS
10
0.4482120866141732
20
2.1163942913385827
11
0.4609409448818897
21
2.11026437007874
0
LINE
8
BLACK
6
CONTINUOUS
10
0.4609409448818897
20
2.11026437007874
11
0.4729034645669291
21
2.1027478346456694
0
LINE
8
BLACK
6
CONTINUOUS
10
0.4729034645669291
20
2.1027478346456694
11
0.4833117716535433
21
2.0944474803149604
0
LINE
8
BLACK
6
CONTINUOUS
10
0.4833117716535433
20
2.0944474803149604
11
0.4903925196850394
21
2.1015281889763777
0
LINE
8
BLACK
6
CONTINUOUS
10
0.4903925196850394
20
2.1015281889763777
11
0.4810095275590551
21
2.1092286220472443
0
LINE
8
BLACK
6
CONTINUOUS
10
0.4810095275590551
20
2.1092286220472443
11
0.469913031496063
21
2.1166431496062992
0
LINE
8
BLACK
6
CONTINUOUS
10
0.469913031496063
20
2.1166431496062992
11
0.4581441732283464
21
2.1229337007874016
0
LINE
8
BLACK
6
CONTINUOUS
10
0.4581441732283464
20
2.1229337007874016
11
0.4581431102362205
21
2.122934212598425
0
LINE
8
BLACK
6
CONTINUOUS
10
0.4581431102362205
20
2.122934212598425
11
0.4517277952755905
21
2.125591496062992
0
LINE
8
BLACK
6
CONTINUOUS
10
0.4517277952755905
20
2.125591496062992
11
0.4458135039370079
21
2.1280412992125983
0
LINE
8
BLACK
6
CONTINUOUS
10
0.4458135039370079
20
2.1280412992125983
11
0.4426498031496063
21
2.1290009842519684
0
LINE
8
BLACK
6
CONTINUOUS
10
0.4426498031496063
20
2.1290009842519684
11
0.4330431102362204
21
2.131915118110236
0
LINE
8
BLACK
6
CONTINUOUS
10
1.9800461417322834
20
2.1345187401574801
11
1.9669568503937007
21
2.131915118110236
0
LINE
8
BLACK
6
CONTINUOUS
10
1.9669568503937007
20
2.131915118110236
11
1.9541864566929132
21
2.1280412992125983
0
LINE
8
BLACK
6
CONTINUOUS
10
1.9541864566929132
20
2.1280412992125983
11
1.9418568503937008
21
2.122934212598425
0
LINE
8
BLACK
6
CONTINUOUS
10
1.9418568503937008
20
2.122934212598425
11
1.9418557874015747
21
2.1229337007874016
0
LINE
8
BLACK
6
CONTINUOUS
10
1.9418557874015747
20
2.1229337007874016
11
1.9300869291338583
21
2.1166431496062992
0
LINE
8
BLACK
6
CONTINUOUS
10
1.9300869291338583
20
2.1166431496062992
11
1.918990433070866
21
2.1092286220472443
0
LINE
8
BLACK
6
CONTINUOUS
10
1.918990433070866
20
2.1092286220472443
11
1.909607401574803
21
2.1015281889763777
0
LINE
8
BLACK
6
CONTINUOUS
10
1.909607401574803
20
2.1015281889763777
11
1.9166881496062991
21
2.0944474409448817
0
LINE
8
BLACK
6
CONTINUOUS
10
1.9166881496062991
20
2.0944474409448817
11
1.9270965354330709
21
2.1027478346456694
0
LINE
8
BLACK
6
CONTINUOUS
10
1.9270965354330709
20
2.1027478346456694
11
1.9390590551181102
21
2.11026437007874
0
LINE
8
BLACK
6
CONTINUOUS
10
1.9390590551181102
20
2.11026437007874
11
1.9517879133858267
21
2.1163942913385827
0
LINE
8
BLACK
6
CONTINUOUS
10
1.9517879133858267
20
2.1163942913385827
11
1.9651230708661418
21
2.1210604330708662
0
LINE
8
BLACK
6
CONTINUOUS
10
1.9651230708661418
20
2.1210604330708662
11
1.9788968503937008
21
2.1242042125984253
0
LINE
8
BLACK
6
CONTINUOUS
10
1.9788968503937008
20
2.1242042125984253
11
1.9929360236220472
21
2.1257860629921259
0
LINE
8
BLACK
6
CONTINUOUS
10
1.9929360236220472
20
2.1257860629921259
11
2.0070639763779528
21
2.1257860629921259
0
LINE
8
BLACK
6
CONTINUOUS
10
2.0070639763779528
20
2.1257860629921259
11
2.021103149606299
21
2.1242042125984253
0
LINE
8
BLACK
6
CONTINUOUS
10
2.021103149606299
20
2.1242042125984253
11
2.0348769291338584
21
2.1210604330708662
0
LINE
8
BLACK
6
CONTINUOUS
10
2.0348769291338584
20
2.1210604330708662
11
2.0482120866141731
21
2.1163942913385827
0
LINE
8
BLACK
6
CONTINUOUS
10
2.0482120866141731
20
2.1163942913385827
11
2.0609409448818896
21
2.11026437007874
0
LINE
8
BLACK
6
CONTINUOUS
10
2.0609409448818896
20
2.11026437007874
11
2.0729034645669291
21
2.1027478346456694
0
LINE
8
BLACK
6
CONTINUOUS
10
2.0729034645669291
20
2.1027478346456694
11
2.0833117716535434
21
2.0944474803149604
0
LINE
8
BLACK
6
CONTINUOUS
10
2.0833117716535434
20
2.0944474803149604
11
2.0903925196850395
21
2.1015281889763777
0
LINE
8
BLACK
6
CONTINUOUS
10
2.0903925196850395
20
2.1015281889763777
11
2.081009527559055
21
2.1092286220472443
0
LINE
8
BLACK
6
CONTINUOUS
10
2.081009527559055
20
2.1092286220472443
11
2.0699130314960628
21
2.1166431496062992
0
LINE
8
BLACK
6
CONTINUOUS
10
2.0699130314960628
20
2.1166431496062992
11
2.0581441732283463
21
2.1229337007874016
0
LINE
8
BLACK
6
CONTINUOUS
10
2.0581441732283463
20
2.1229337007874016
11
2.0581431102362204
21
2.122934212598425
0
LINE
8
BLACK
6
CONTINUOUS
10
2.0581431102362204
20
2.122934212598425
11
2.045813503937008
21
2.1280412992125983
0
LINE
8
BLACK
6
CONTINUOUS
10
2.045813503937008
20
2.1280412992125983
11
2.0330431102362203
21
2.131915118110236
0
LINE
8
BLACK
6
CONTINUOUS
10
2.0330431102362203
20
2.131915118110236
11
2.0199537401574803
21
2.1345187401574801
0
LINE
8
BLACK
6
CONTINUOUS
10
2.0199537401574803
20
2.1345187401574801
11
2.0199538976377953
21
2.1345187401574801
0
LINE
8
BLACK
6
CONTINUOUS
10
2.0199538976377953
20
2.1345187401574801
11
2.0066730708661416
21
2.1358267716535431
0
LINE
8
BLACK
6
CONTINUOUS
10
2.0066730708661416
20
2.1358267716535431
11
1.9933269291338582
21
2.1358267716535431
0
LINE
8
BLACK
6
CONTINUOUS
10
1.9933269291338582
20
2.1358267716535431
11
1.9800461417322834
21
2.1345187401574801
0
LINE
8
BLACK
6
CONTINUOUS
10
1.2375984251968504
20
2.1378739763779526
11
1.2375984251968504
21
2.128031496062992
0
LINE
8
BLACK
6
CONTINUOUS
10
1.2375984251968504
20
2.128031496062992
11
1.2597244094488189
21
2.128031496062992
0
LINE
8
BLACK
6
CONTINUOUS
10
1.2597244094488189
20
2.128031496062992
11
1.2597244094488189
21
2.1059055118110237
0
LINE
8
BLACK
6
CONTINUOUS
10
1.2597244094488189
20
2.1059055118110237
11
1.2695668897637795
21
2.1059055118110237
0
LINE
8
BLACK
6
CONTINUOUS
10
1.2695668897637795
20
2.1059055118110237
11
1.2695669291338583
21
2.1059055511811025
0
LINE
8
BLACK
6
CONTINUOUS
10
1.2695669291338583
20
2.1059055511811025
11
1.2695669291338583
21
2.1290009055118109
0
LINE
8
BLACK
6
CONTINUOUS
10
1.2695669291338583
20
2.1290009055118109
11
1.2695668897637795
21
2.1290009842519684
0
LINE
8
BLACK
6
CONTINUOUS
10
1.2695668897637795
20
2.1290009842519684
11
1.2689957874015747
21
2.1318719291338581
0
LINE
8
BLACK
6
CONTINUOUS
10
1.2689957874015747
20
2.1318719291338581
11
1.268995748031496
21
2.1318720078740157
0
LINE
8
BLACK
6
CONTINUOUS
10
1.268995748031496
20
2.1318720078740157
11
1.2668205118110236
21
2.1351274803149605
0
LINE
8
BLACK
6
CONTINUOUS
10
1.2668205118110236
20
2.1351274803149605
11
1.2668203543307086
21
2.1351276377952755
0
LINE
8
BLACK
6
CONTINUOUS
10
1.2668203543307086
20
2.1351276377952755
11
1.2635648818897638
21
2.1373028740157478
0
LINE
8
BLACK
6
CONTINUOUS
10
1.2635648818897638
20
2.1373028740157478
11
1.2635648031496063
21
2.1373029133858266
0
LINE
8
BLACK
6
CONTINUOUS
10
1.2635648031496063
20
2.1373029133858266
11
1.2606938582677165
21
2.1378740157480314
0
LINE
8
BLACK
6
CONTINUOUS
10
1.2606938582677165
20
2.1378740157480314
11
1.2375984645669291
21
2.1378740157480314
0
LINE
8
BLACK
6
CONTINUOUS
10
1.2375984645669291
20
2.1378740157480314
11
1.2375984251968504
21
2.1378739763779526
0
LINE
8
BLACK
6
CONTINUOUS
10
1.0125196850393701
20
0.2897638188976378
11
1.0125197244094488
21
0.2897637795275591
0
LINE
8
BLACK
6
CONTINUOUS
10
1.0125197244094488
20
0.2897637795275591
11
1.0223622047244094
21
0.2897637795275591
0
LINE
8
BLACK
6
CONTINUOUS
10
1.0223622047244094
20
0.2897637795275591
11
1.0223622047244094
21
0.3118897637795275
0
LINE
8
BLACK
6
CONTINUOUS
10
1.0223622047244094
20
0.3118897637795275
11
1.044488188976378
21
0.3118897637795275
0
LINE
8
BLACK
6
CONTINUOUS
10
1.044488188976378
20
0.3118897637795275
11
1.044488188976378
21
0.3217322440944882
0
LINE
8
BLACK
6
CONTINUOUS
10
1.044488188976378
20
0.3217322440944882
11
1.0444881496062992
21
0.3217322834645669
0
LINE
8
BLACK
6
CONTINUOUS
10
1.0444881496062992
20
0.3217322834645669
11
1.0213927165354331
21
0.3217322834645669
0
LINE
8
BLACK
6
CONTINUOUS
10
1.0213927165354331
20
0.3217322834645669
11
1.0185217716535433
21
0.3211611811023622
0
LINE
8
BLACK
6
CONTINUOUS
10
1.0185217716535433
20
0.3211611811023622
11
1.0185216929133858
21
0.3211611417322834
0
LINE
8
BLACK
6
CONTINUOUS
10
1.0185216929133858
20
0.3211611417322834
11
1.015266220472441
21
0.318985905511811
0
LINE
8
BLACK
6
CONTINUOUS
10
1.015266220472441
20
0.318985905511811
11
1.015266062992126
21
0.318985748031496
0
LINE
8
BLACK
6
CONTINUOUS
10
1.015266062992126
20
0.318985748031496
11
1.0130908267716536
21
0.3157302755905512
0
LINE
8
BLACK
6
CONTINUOUS
10
1.0130908267716536
20
0.3157302755905512
11
1.0130907874015749
21
0.3157301968503937
0
LINE
8
BLACK
6
CONTINUOUS
10
1.0130907874015749
20
0.3157301968503937
11
1.0125196850393701
21
0.3128592519685039
0
LINE
8
BLACK
6
CONTINUOUS
10
1.0125196850393701
20
0.3128592519685039
11
1.0125196850393701
21
0.2897638188976378
0
LINE
8
BLACK
6
CONTINUOUS
10
1.1125196850393702
20
0.2897638188976378
11
1.1125197244094487
21
0.2897637795275591
0
LINE
8
BLACK
6
CONTINUOUS
10
1.1125197244094487
20
0.2897637795275591
11
1.1223622047244095
21
0.2897637795275591
0
LINE
8
BLACK
6
CONTINUOUS
10
1.1223622047244095
20
0.2897637795275591
11
1.1223622047244095
21
0.3118897637795275
0
LINE
8
BLACK
6
CONTINUOUS
10
1.1223622047244095
20
0.3118897637795275
11
1.1444881889763778
21
0.3118897637795275
0
LINE
8
BLACK
6
CONTINUOUS
10
1.1444881889763778
20
0.3118897637795275
11
1.1444881889763778
21
0.3217322440944882
0
LINE
8
BLACK
6
CONTINUOUS
10
1.1444881889763778
20
0.3217322440944882
11
1.1444881496062991
21
0.3217322834645669
0
LINE
8
BLACK
6
CONTINUOUS
10
1.1444881496062991
20
0.3217322834645669
11
1.1213927165354332
21
0.3217322834645669
0
LINE
8
BLACK
6
CONTINUOUS
10
1.1213927165354332
20
0.3217322834645669
11
1.1185217716535434
21
0.3211611811023622
0
LINE
8
BLACK
6
CONTINUOUS
10
1.1185217716535434
20
0.3211611811023622
11
1.1185216929133859
21
0.3211611417322834
0
LINE
8
BLACK
6
CONTINUOUS
10
1.1185216929133859
20
0.3211611417322834
11
1.1152662204724408
21
0.318985905511811
0
LINE
8
BLACK
6
CONTINUOUS
10
1.1152662204724408
20
0.318985905511811
11
1.1152660629921261
21
0.318985748031496
0
LINE
8
BLACK
6
CONTINUOUS
10
1.1152660629921261
20
0.318985748031496
11
1.1130908267716535
21
0.3157302755905512
0
LINE
8
BLACK
6
CONTINUOUS
10
1.1130908267716535
20
0.3157302755905512
11
1.1130907874015747
21
0.3157301968503937
0
LINE
8
BLACK
6
CONTINUOUS
10
1.1130907874015747
20
0.3157301968503937
11
1.1125196850393702
21
0.3128592519685039
0
LINE
8
BLACK
6
CONTINUOUS
10
1.1125196850393702
20
0.3128592519685039
11
1.1125196850393702
21
0.2897638188976378
0
LINE
8
BLACK
6
CONTINUOUS
10
1.5125196850393701
20
0.2937008267716535
11
1.5125197244094488
21
0.2937007874015748
0
LINE
8
BLACK
6
CONTINUOUS
10
1.5125197244094488
20
0.2937007874015748
11
1.5223622047244094
21
0.2937007874015748
0
LINE
8
BLACK
6
CONTINUOUS
10
1.5223622047244094
20
0.2937007874015748
11
1.5223622047244094
21
0.3158267716535433
0
LINE
8
BLACK
6
CONTINUOUS
10
1.5223622047244094
20
0.3158267716535433
11
1.544488188976378
21
0.3158267716535433
0
LINE
8
BLACK
6
CONTINUOUS
10
1.544488188976378
20
0.3158267716535433
11
1.544488188976378
21
0.3256692519685039
0
LINE
8
BLACK
6
CONTINUOUS
10
1.544488188976378
20
0.3256692519685039
11
1.5444881496062992
21
0.3256692913385827
0
LINE
8
BLACK
6
CONTINUOUS
10
1.5444881496062992
20
0.3256692913385827
11
1.5213927165354331
21
0.3256692913385827
0
LINE
8
BLACK
6
CONTINUOUS
10
1.5213927165354331
20
0.3256692913385827
11
1.5185217716535433
21
0.3250981889763779
0
LINE
8
BLACK
6
CONTINUOUS
10
1.5185217716535433
20
0.3250981889763779
11
1.5185216929133858
21
0.3250981496062992
0
LINE
8
BLACK
6
CONTINUOUS
10
1.5185216929133858
20
0.3250981496062992
11
1.515266220472441
21
0.3229229133858267
0
LINE
8
BLACK
6
CONTINUOUS
10
1.515266220472441
20
0.3229229133858267
11
1.515266062992126
21
0.3229227559055118
0
LINE
8
BLACK
6
CONTINUOUS
10
1.515266062992126
20
0.3229227559055118
11
1.5130908267716534
21
0.3196672834645669
0
LINE
8
BLACK
6
CONTINUOUS
10
1.5130908267716534
20
0.3196672834645669
11
1.5130907874015749
21
0.3196672047244095
0
LINE
8
BLACK
6
CONTINUOUS
10
1.5130907874015749
20
0.3196672047244095
11
1.5125196850393701
21
0.3167962598425197
0
LINE
8
BLACK
6
CONTINUOUS
10
1.5125196850393701
20
0.3167962598425197
11
1.5125196850393701
21
0.2937008267716535
0
LINE
8
BLACK
6
CONTINUOUS
10
1.6125196850393699
20
0.2937008267716535
11
1.6125197244094487
21
0.2937007874015748
0
LINE
8
BLACK
6
CONTINUOUS
10
1.6125197244094487
20
0.2937007874015748
11
1.6223622047244095
21
0.2937007874015748
0
LINE
8
BLACK
6
CONTINUOUS
10
1.6223622047244095
20
0.2937007874015748
11
1.6223622047244095
21
0.3158267716535433
0
LINE
8
BLACK
6
CONTINUOUS
10
1.6223622047244095
20
0.3158267716535433
11
1.6444881889763778
21
0.3158267716535433
0
LINE
8
BLACK
6
CONTINUOUS
10
1.6444881889763778
20
0.3158267716535433
11
1.6444881889763778
21
0.3256692519685039
0
LINE
8
BLACK
6
CONTINUOUS
10
1.6444881889763778
20
0.3256692519685039
11
1.6444881496062991
21
0.3256692913385827
0
LINE
8
BLACK
6
CONTINUOUS
10
1.6444881496062991
20
0.3256692913385827
11
1.6213927165354329
21
0.3256692913385827
0
LINE
8
BLACK
6
CONTINUOUS
10
1.6213927165354329
20
0.3256692913385827
11
1.6185217716535432
21
0.3250981889763779
0
LINE
8
BLACK
6
CONTINUOUS
10
1.6185217716535432
20
0.3250981889763779
11
1.6185216929133859
21
0.3250981496062992
0
LINE
8
BLACK
6
CONTINUOUS
10
1.6185216929133859
20
0.3250981496062992
11
1.6152662204724408
21
0.3229229133858267
0
LINE
8
BLACK
6
CONTINUOUS
10
1.6152662204724408
20
0.3229229133858267
11
1.6152660629921261
21
0.3229227559055118
0
LINE
8
BLACK
6
CONTINUOUS
10
1.6152660629921261
20
0.3229227559055118
11
1.6130908267716535
21
0.3196672834645669
0
LINE
8
BLACK
6
CONTINUOUS
10
1.6130908267716535
20
0.3196672834645669
11
1.6130907874015747
21
0.3196672047244095
0
LINE
8
BLACK
6
CONTINUOUS
10
1.6130907874015747
20
0.3196672047244095
11
1.6125196850393699
21
0.3167962598425197
0
LINE
8
BLACK
6
CONTINUOUS
10
1.6125196850393699
20
0.3167962598425197
11
1.6125196850393699
21
0.2937008267716535
0
LINE
8
BLACK
6
CONTINUOUS
10
0.5720472440944881
20
0.3084646062992126
11
0.5720472834645669
21
0.3084645669291339
0
LINE
8
BLACK
6
CONTINUOUS
10
0.5720472834645669
20
0.3084645669291339
11
0.5818897637795275
21
0.3084645669291339
0
LINE
8
BLACK
6
CONTINUOUS
10
0.5818897637795275
20
0.3084645669291339
11
0.5818897637795275
21
0.3202755905511811
0
LINE
8
BLACK
6
CONTINUOUS
10
0.5818897637795275
20
0.3202755905511811
11
0.582058188976378
21
0.322845
0
LINE
8
BLACK
6
CONTINUOUS
10
0.582058188976378
20
0.322845
11
0.5833881889763779
21
0.3278087401574803
0
LINE
8
BLACK
6
CONTINUOUS
10
0.5833881889763779
20
0.3278087401574803
11
0.5859575984251968
21
0.332259094488189
0
LINE
8
BLACK
6
CONTINUOUS
10
0.5859575984251968
20
0.332259094488189
11
0.5895912992125985
21
0.3358927952755905
0
LINE
8
BLACK
6
CONTINUOUS
10
0.5895912992125985
20
0.3358927952755905
11
0.5937007874015748
21
0.3382654330708662
0
LINE
8
BLACK
6
CONTINUOUS
10
0.5937007874015748
20
0.3382654330708662
11
0.5937007874015748
21
0.3488153937007874
0
LINE
8
BLACK
6
CONTINUOUS
10
0.5937007874015748
20
0.3488153937007874
11
0.5929620078740158
21
0.3486684645669291
0
LINE
8
BLACK
6
CONTINUOUS
10
0.5929620078740158
20
0.3486684645669291
11
0.5929617716535432
21
0.3486683858267716
0
LINE
8
BLACK
6
CONTINUOUS
10
0.5929617716535432
20
0.3486683858267716
11
0.5875882677165354
21
0.3464425984251969
0
LINE
8
BLACK
6
CONTINUOUS
10
0.5875882677165354
20
0.3464425984251969
11
0.5827522047244095
21
0.3432112598425197
0
LINE
8
BLACK
6
CONTINUOUS
10
0.5827522047244095
20
0.3432112598425197
11
0.5786391338582677
21
0.3390981889763779
0
LINE
8
BLACK
6
CONTINUOUS
10
0.5786391338582677
20
0.3390981889763779
11
0.5754077952755905
21
0.334262125984252
0
LINE
8
BLACK
6
CONTINUOUS
10
0.5754077952755905
20
0.334262125984252
11
0.5731820078740157
21
0.3288886220472441
0
LINE
8
BLACK
6
CONTINUOUS
10
0.5731820078740157
20
0.3288886220472441
11
0.5731819291338582
21
0.3288883858267717
0
LINE
8
BLACK
6
CONTINUOUS
10
0.5731819291338582
20
0.3288883858267717
11
0.5720472440944881
21
0.323183937007874
0
LINE
8
BLACK
6
CONTINUOUS
10
0.5720472440944881
20
0.323183937007874
11
0.5720472440944881
21
0.3084646062992126
0
LINE
8
BLACK
6
CONTINUOUS
10
0.9122047244094488
20
0.3084646062992126
11
0.9122047637795275
21
0.3084645669291339
0
LINE
8
BLACK
6
CONTINUOUS
10
0.9122047637795275
20
0.3084645669291339
11
0.9220472440944881
21
0.3084645669291339
0
LINE
8
BLACK
6
CONTINUOUS
10
0.9220472440944881
20
0.3084645669291339
11
0.9220472440944881
21
0.3202755905511811
0
LINE
8
BLACK
6
CONTINUOUS
10
0.9220472440944881
20
0.3202755905511811
11
0.9222156692913386
21
0.322845
0
LINE
8
BLACK
6
CONTINUOUS
10
0.9222156692913386
20
0.322845
11
0.9235456692913385
21
0.3278087401574803
0
LINE
8
BLACK
6
CONTINUOUS
10
0.9235456692913385
20
0.3278087401574803
11
0.9261150787401574
21
0.332259094488189
0
LINE
8
BLACK
6
CONTINUOUS
10
0.9261150787401574
20
0.332259094488189
11
0.9297487795275591
21
0.3358927952755905
0
LINE
8
BLACK
6
CONTINUOUS
10
0.9297487795275591
20
0.3358927952755905
11
0.9338582677165355
21
0.3382654330708662
0
LINE
8
BLACK
6
CONTINUOUS
10
0.9338582677165355
20
0.3382654330708662
11
0.9338582677165355
21
0.3488153937007874
0
LINE
8
BLACK
6
CONTINUOUS
10
0.9338582677165355
20
0.3488153937007874
11
0.9331194881889764
21
0.3486684645669291
0
LINE
8
BLACK
6
CONTINUOUS
10
0.9331194881889764
20
0.3486684645669291
11
0.9331192519685039
21
0.3486683858267716
0
LINE
8
BLACK
6
CONTINUOUS
10
0.9331192519685039
20
0.3486683858267716
11
0.927745748031496
21
0.3464425984251969
0
LINE
8
BLACK
6
CONTINUOUS
10
0.927745748031496
20
0.3464425984251969
11
0.9229096850393701
21
0.3432112598425197
0
LINE
8
BLACK
6
CONTINUOUS
10
0.9229096850393701
20
0.3432112598425197
11
0.9187966141732283
21
0.3390981889763779
0
LINE
8
BLACK
6
CONTINUOUS
10
0.9187966141732283
20
0.3390981889763779
11
0.9155652755905511
21
0.334262125984252
0
LINE
8
BLACK
6
CONTINUOUS
10
0.9155652755905511
20
0.334262125984252
11
0.9133394881889764
21
0.3288886220472441
0
LINE
8
BLACK
6
CONTINUOUS
10
0.9133394881889764
20
0.3288886220472441
11
0.9133394094488189
21
0.3288883858267717
0
LINE
8
BLACK
6
CONTINUOUS
10
0.9133394094488189
20
0.3288883858267717
11
0.9122047244094488
21
0.323183937007874
0
LINE
8
BLACK
6
CONTINUOUS
10
0.9122047244094488
20
0.323183937007874
11
0.9122047244094488
21
0.3084646062992126
0
LINE
8
BLACK
6
CONTINUOUS
10
0.2641732283464567
20
0.393326968503937
11
0.2654812598425197
21
0.3800461811023622
0
LINE
8
BLACK
6
CONTINUOUS
10
0.2654812598425197
20
0.3800461811023622
11
0.2680848818897638
21
0.3669568897637795
0
LINE
8
BLACK
6
CONTINUOUS
10
0.2680848818897638
20
0.3669568897637795
11
0.2719587007874016
21
0.3541864960629921
0
LINE
8
BLACK
6
CONTINUOUS
10
0.2719587007874016
20
0.3541864960629921
11
0.2770657874015748
21
0.3418568897637795
0
LINE
8
BLACK
6
CONTINUOUS
10
0.2770657874015748
20
0.3418568897637795
11
0.2770662992125984
21
0.3418558267716535
0
LINE
8
BLACK
6
CONTINUOUS
10
0.2770662992125984
20
0.3418558267716535
11
0.2833568503937008
21
0.330086968503937
0
LINE
8
BLACK
6
CONTINUOUS
10
0.2833568503937008
20
0.330086968503937
11
0.2907713779527559
21
0.3189904724409449
0
LINE
8
BLACK
6
CONTINUOUS
10
0.2907713779527559
20
0.3189904724409449
11
0.298471811023622
21
0.3096074803149606
0
LINE
8
BLACK
6
CONTINUOUS
10
0.298471811023622
20
0.3096074803149606
11
0.3055525196850394
21
0.3166882283464567
0
LINE
8
BLACK
6
CONTINUOUS
10
0.3055525196850394
20
0.3166882283464567
11
0.2972521653543307
21
0.3270965354330709
0
LINE
8
BLACK
6
CONTINUOUS
10
0.2972521653543307
20
0.3270965354330709
11
0.2897356299212598
21
0.3390590551181102
0
LINE
8
BLACK
6
CONTINUOUS
10
0.2897356299212598
20
0.3390590551181102
11
0.2836057086614173
21
0.3517879133858268
0
LINE
8
BLACK
6
CONTINUOUS
10
0.2836057086614173
20
0.3517879133858268
11
0.2789395669291339
21
0.3651230708661417
0
LINE
8
BLACK
6
CONTINUOUS
10
0.2789395669291339
20
0.3651230708661417
11
0.2757957874015748
21
0.3788968503937008
0
LINE
8
BLACK
6
CONTINUOUS
10
0.2757957874015748
20
0.3788968503937008
11
0.274213937007874
21
0.3929360236220472
0
LINE
8
BLACK
6
CONTINUOUS
10
0.274213937007874
20
0.3929360236220472
11
0.274213937007874
21
0.4070639763779528
0
LINE
8
BLACK
6
CONTINUOUS
10
0.274213937007874
20
0.4070639763779528
11
0.2757957874015748
21
0.4211031496062992
0
LINE
8
BLACK
6
CONTINUOUS
10
0.2757957874015748
20
0.4211031496062992
11
0.2789395669291339
21
0.4348769291338583
0
LINE
8
BLACK
6
CONTINUOUS
10
0.2789395669291339
20
0.4348769291338583
11
0.2836057086614173
21
0.4482120866141732
0
LINE
8
BLACK
6
CONTINUOUS
10
0.2836057086614173
20
0.4482120866141732
11
0.2897356299212598
21
0.4609409448818897
0
LINE
8
BLACK
6
CONTINUOUS
10
0.2897356299212598
20
0.4609409448818897
11
0.2972521653543307
21
0.4729034645669291
0
LINE
8
BLACK
6
CONTINUOUS
10
0.2972521653543307
20
0.4729034645669291
11
0.3055525590551181
21
0.4833118503937008
0
LINE
8
BLACK
6
CONTINUOUS
10
0.3055525590551181
20
0.4833118503937008
11
0.298471811023622
21
0.4903925984251968
0
LINE
8
BLACK
6
CONTINUOUS
10
0.298471811023622
20
0.4903925984251968
11
0.2907713779527559
21
0.4810095669291338
0
LINE
8
BLACK
6
CONTINUOUS
10
0.2907713779527559
20
0.4810095669291338
11
0.2833568503937008
21
0.4699130708661417
0
LINE
8
BLACK
6
CONTINUOUS
10
0.2833568503937008
20
0.4699130708661417
11
0.2770662992125984
21
0.4581442125984252
0
LINE
8
BLACK
6
CONTINUOUS
10
0.2770662992125984
20
0.4581442125984252
11
0.2770657874015748
21
0.4581431496062992
0
LINE
8
BLACK
6
CONTINUOUS
10
0.2770657874015748
20
0.4581431496062992
11
0.2719587007874016
21
0.4458135433070866
0
LINE
8
BLACK
6
CONTINUOUS
10
0.2719587007874016
20
0.4458135433070866
11
0.2680848818897638
21
0.4330431496062992
0
LINE
8
BLACK
6
CONTINUOUS
10
0.2680848818897638
20
0.4330431496062992
11
0.2654812598425197
21
0.4199538582677165
0
LINE
8
BLACK
6
CONTINUOUS
10
0.2654812598425197
20
0.4199538582677165
11
0.2641732283464567
21
0.4066730708661417
0
LINE
8
BLACK
6
CONTINUOUS
10
0.2641732283464567
20
0.4066730708661417
11
0.2641732283464567
21
0.393326968503937
0
LINE
8
BLACK
6
CONTINUOUS
10
1.8641732283464567
20
0.393326968503937
11
1.8654812598425197
21
0.3800461811023622
0
LINE
8
BLACK
6
CONTINUOUS
10
1.8654812598425197
20
0.3800461811023622
11
1.8680848818897637
21
0.3669568897637795
0
LINE
8
BLACK
6
CONTINUOUS
10
1.8680848818897637
20
0.3669568897637795
11
1.8719587007874015
21
0.3541864960629921
0
LINE
8
BLACK
6
CONTINUOUS
10
1.8719587007874015
20
0.3541864960629921
11
1.8770657874015748
21
0.3418568897637795
0
LINE
8
BLACK
6
CONTINUOUS
10
1.8770657874015748
20
0.3418568897637795
11
1.8770662992125984
21
0.3418558267716535
0
LINE
8
BLACK
6
CONTINUOUS
10
1.8770662992125984
20
0.3418558267716535
11
1.8833568503937008
21
0.330086968503937
0
LINE
8
BLACK
6
CONTINUOUS
10
1.8833568503937008
20
0.330086968503937
11
1.890771377952756
21
0.3189904724409449
0
LINE
8
BLACK
6
CONTINUOUS
10
1.890771377952756
20
0.3189904724409449
11
1.8984718110236221
21
0.3096074803149606
0
LINE
8
BLACK
6
CONTINUOUS
10
1.8984718110236221
20
0.3096074803149606
11
1.9055525196850394
21
0.3166882283464567
0
LINE
8
BLACK
6
CONTINUOUS
10
1.9055525196850394
20
0.3166882283464567
11
1.8972521653543306
21
0.3270965354330709
0
LINE
8
BLACK
6
CONTINUOUS
10
1.8972521653543306
20
0.3270965354330709
11
1.8897356299212598
21
0.3390590551181102
0
LINE
8
BLACK
6
CONTINUOUS
10
1.8897356299212598
20
0.3390590551181102
11
1.8836057086614173
21
0.3517879133858268
0
LINE
8
BLACK
6
CONTINUOUS
10
1.8836057086614173
20
0.3517879133858268
11
1.8789395669291338
21
0.3651230708661417
0
LINE
8
BLACK
6
CONTINUOUS
10
1.8789395669291338
20
0.3651230708661417
11
1.8757957874015747
21
0.3788968503937008
0
LINE
8
BLACK
6
CONTINUOUS
10
1.8757957874015747
20
0.3788968503937008
11
1.8742139370078739
21
0.3929360236220472
0
LINE
8
BLACK
6
CONTINUOUS
10
1.8742139370078739
20
0.3929360236220472
11
1.8742139370078739
21
0.4070639763779528
0
LINE
8
BLACK
6
CONTINUOUS
10
1.8742139370078739
20
0.4070639763779528
11
1.8757957874015747
21
0.4211031496062992
0
LINE
8
BLACK
6
CONTINUOUS
10
1.8757957874015747
20
0.4211031496062992
11
1.8789395669291338
21
0.4348769291338583
0
LINE
8
BLACK
6
CONTINUOUS
10
1.8789395669291338
20
0.4348769291338583
11
1.8836057086614173
21
0.4482120866141732
0
LINE
8
BLACK
6
CONTINUOUS
10
1.8836057086614173
20
0.4482120866141732
11
1.8897356299212598
21
0.4609409448818897
0
LINE
8
BLACK
6
CONTINUOUS
10
1.8897356299212598
20
0.4609409448818897
11
1.8972521653543306
21
0.4729034645669291
0
LINE
8
BLACK
6
CONTINUOUS
10
1.8972521653543306
20
0.4729034645669291
11
1.9055525590551181
21
0.4833118503937008
0
LINE
8
BLACK
6
CONTINUOUS
10
1.9055525590551181
20
0.4833118503937008
11
1.8984718110236221
21
0.4903925984251968
0
LINE
8
BLACK
6
CONTINUOUS
10
1.8984718110236221
20
0.4903925984251968
11
1.890771377952756
21
0.4810095669291338
0
LINE
8
BLACK
6
CONTINUOUS
10
1.890771377952756
20
0.4810095669291338
11
1.8833568503937008
21
0.4699130708661417
0
LINE
8
BLACK
6
CONTINUOUS
10
1.8833568503937008
20
0.4699130708661417
11
1.8770662992125984
21
0.4581442125984252
0
LINE
8
BLACK
6
CONTINUOUS
10
1.8770662992125984
20
0.4581442125984252
11
1.8770657874015748
21
0.4581431496062992
0
LINE
8
BLACK
6
CONTINUOUS
10
1.8770657874015748
20
0.4581431496062992
11
1.8719587007874015
21
0.4458135433070866
0
LINE
8
BLACK
6
CONTINUOUS
10
1.8719587007874015
20
0.4458135433070866
11
1.8680848818897637
21
0.4330431496062992
0
LINE
8
BLACK
6
CONTINUOUS
10
1.8680848818897637
20
0.4330431496062992
11
1.8654812598425197
21
0.4199538582677165
0
LINE
8
BLACK
6
CONTINUOUS
10
1.8654812598425197
20
0.4199538582677165
11
1.8641732283464567
21
0.4066730708661417
0
LINE
8
BLACK
6
CONTINUOUS
10
1.8641732283464567
20
0.4066730708661417
11
1.8641732283464567
21
0.393326968503937
0
LINE
8
BLACK
6
CONTINUOUS
10
0.8627755905511811
20
0.4424895275590551
11
0.8637253149606299
21
0.4389450393700787
0
LINE
8
BLACK
6
CONTINUOUS
10
0.8637253149606299
20
0.4389450393700787
11
0.8643196850393701
21
0.436726811023622
0
LINE
8
BLACK
6
CONTINUOUS
10
0.8643196850393701
20
0.436726811023622
11
0.8673024015748031
21
0.4315606299212598
0
LINE
8
BLACK
6
CONTINUOUS
10
0.8673024015748031
20
0.4315606299212598
11
0.8673024803149606
21
0.4315605511811024
0
LINE
8
BLACK
6
CONTINUOUS
10
0.8673024803149606
20
0.4315605511811024
11
0.8673025590551181
21
0.4315604330708661
0
LINE
8
BLACK
6
CONTINUOUS
10
0.8673025590551181
20
0.4315604330708661
11
0.8715210629921259
21
0.4273419291338583
0
LINE
8
BLACK
6
CONTINUOUS
10
0.8715210629921259
20
0.4273419291338583
11
0.8715211417322835
21
0.4273418897637795
0
LINE
8
BLACK
6
CONTINUOUS
10
0.8715211417322835
20
0.4273418897637795
11
0.871521220472441
21
0.4273418110236221
0
LINE
8
BLACK
6
CONTINUOUS
10
0.871521220472441
20
0.4273418110236221
11
0.8766874409448818
21
0.424359094488189
0
LINE
8
BLACK
6
CONTINUOUS
10
0.8766874409448818
20
0.424359094488189
11
0.8766873622047244
21
0.424359094488189
0
LINE
8
BLACK
6
CONTINUOUS
10
0.8766873622047244
20
0.424359094488189
11
0.8766875196850393
21
0.4243590551181102
0
LINE
8
BLACK
6
CONTINUOUS
10
0.8766875196850393
20
0.4243590551181102
11
0.8766875984251968
21
0.4243590157480315
0
LINE
8
BLACK
6
CONTINUOUS
10
0.8766875984251968
20
0.4243590157480315
11
0.882450157480315
21
0.4228149606299212
0
LINE
8
BLACK
6
CONTINUOUS
10
0.882450157480315
20
0.4228149606299212
11
0.8824502362204725
21
0.4228149606299212
0
LINE
8
BLACK
6
CONTINUOUS
10
0.8824502362204725
20
0.4228149606299212
11
0.888415905511811
21
0.4228149606299212
0
LINE
8
BLACK
6
CONTINUOUS
10
0.888415905511811
20
0.4228149606299212
11
0.8884159842519684
21
0.4228149606299212
0
LINE
8
BLACK
6
CONTINUOUS
10
0.8884159842519684
20
0.4228149606299212
11
0.8941785433070866
21
0.4243590157480315
0
LINE
8
BLACK
6
CONTINUOUS
10
0.8941785433070866
20
0.4243590157480315
11
0.8941786220472441
21
0.424359094488189
0
LINE
8
BLACK
6
CONTINUOUS
10
0.8941786220472441
20
0.424359094488189
11
0.8941787007874016
21
0.424359094488189
0
LINE
8
BLACK
6
CONTINUOUS
10
0.8941787007874016
20
0.424359094488189
11
0.8993448818897638
21
0.4273418110236221
0
LINE
8
BLACK
6
CONTINUOUS
10
0.8993448818897638
20
0.4273418110236221
11
0.8993448818897638
21
0.4273418503937008
0
LINE
8
BLACK
6
CONTINUOUS
10
0.8993448818897638
20
0.4273418503937008
11
0.8993450787401575
21
0.4273419291338583
0
LINE
8
BLACK
6
CONTINUOUS
10
0.8993450787401575
20
0.4273419291338583
11
0.9035635826771653
21
0.4315604330708661
0
LINE
8
BLACK
6
CONTINUOUS
10
0.9035635826771653
20
0.4315604330708661
11
0.9044196456692913
21
0.4330431496062992
0
LINE
8
BLACK
6
CONTINUOUS
10
0.9044196456692913
20
0.4330431496062992
11
0.9065464173228346
21
0.436726811023622
0
LINE
8
BLACK
6
CONTINUOUS
10
0.9065464173228346
20
0.436726811023622
11
0.9065464173228346
21
0.4367268897637795
0
LINE
8
BLACK
6
CONTINUOUS
10
0.9065464173228346
20
0.4367268897637795
11
0.9065464960629921
21
0.436726968503937
0
LINE
8
BLACK
6
CONTINUOUS
10
0.9065464960629921
20
0.436726968503937
11
0.9080905511811024
21
0.4424895275590551
0
LINE
8
BLACK
6
CONTINUOUS
10
0.9080905511811024
20
0.4424895275590551
11
0.9080905511811024
21
0.4468121653543307
0
LINE
8
BLACK
6
CONTINUOUS
10
0.9080905511811024
20
0.4468121653543307
11
0.9088349212598426
21
0.4491031496062992
0
LINE
8
BLACK
6
CONTINUOUS
10
0.9088349212598426
20
0.4491031496062992
11
0.9107837401574803
21
0.4505190551181102
0
LINE
8
BLACK
6
CONTINUOUS
10
0.9107837401574803
20
0.4505190551181102
11
0.9131744488188976
21
0.4505190551181102
0
LINE
8
BLACK
6
CONTINUOUS
10
0.9131744488188976
20
0.4505190551181102
11
0.9210629921259842
21
0.4584075984251968
0
LINE
8
BLACK
6
CONTINUOUS
10
0.9210629921259842
20
0.4584075984251968
11
0.9210629921259842
21
0.4719073622047244
0
LINE
8
BLACK
6
CONTINUOUS
10
0.9210629921259842
20
0.4719073622047244
11
0.9131889763779527
21
0.4797813779527559
0
LINE
8
BLACK
6
CONTINUOUS
10
0.9131889763779527
20
0.4797813779527559
11
0.9131889763779527
21
0.4572590157480315
0
LINE
8
BLACK
6
CONTINUOUS
10
0.9131889763779527
20
0.4572590157480315
11
0.9124446062992125
21
0.454968031496063
0
LINE
8
BLACK
6
CONTINUOUS
10
0.9124446062992125
20
0.454968031496063
11
0.9104957874015748
21
0.453552125984252
0
LINE
8
BLACK
6
CONTINUOUS
10
0.9104957874015748
20
0.453552125984252
11
0.9080868897637795
21
0.453552125984252
0
LINE
8
BLACK
6
CONTINUOUS
10
0.9080868897637795
20
0.453552125984252
11
0.9061380708661417
21
0.454968031496063
0
LINE
8
BLACK
6
CONTINUOUS
10
0.9061380708661417
20
0.454968031496063
11
0.905915905511811
21
0.4553101968503937
0
LINE
8
BLACK
6
CONTINUOUS
10
0.905915905511811
20
0.4553101968503937
11
0.9035637007874016
21
0.4593842913385827
0
LINE
8
BLACK
6
CONTINUOUS
10
0.9035637007874016
20
0.4593842913385827
11
0.9035636220472441
21
0.4593843700787402
0
LINE
8
BLACK
6
CONTINUOUS
10
0.9035636220472441
20
0.4593843700787402
11
0.9035635826771653
21
0.4593844488188976
0
LINE
8
BLACK
6
CONTINUOUS
10
0.9035635826771653
20
0.4593844488188976
11
0.8993450787401575
21
0.4636029527559055
0
LINE
8
BLACK
6
CONTINUOUS
10
0.8993450787401575
20
0.4636029527559055
11
0.8993449606299212
21
0.463603031496063
0
LINE
8
BLACK
6
CONTINUOUS
10
0.8993449606299212
20
0.463603031496063
11
0.8993448818897638
21
0.4636031102362205
0
LINE
8
BLACK
6
CONTINUOUS
10
0.8993448818897638
20
0.4636031102362205
11
0.8941786614173228
21
0.4665858267716536
0
LINE
8
BLACK
6
CONTINUOUS
10
0.8941786614173228
20
0.4665858267716536
11
0.8941787401574803
21
0.4665858267716536
0
LINE
8
BLACK
6
CONTINUOUS
10
0.8941787401574803
20
0.4665858267716536
11
0.8919427952755905
21
0.4671849212598425
0
LINE
8
BLACK
6
CONTINUOUS
10
0.8919427952755905
20
0.4671849212598425
11
0.8884159842519684
21
0.4681299212598425
0
LINE
8
BLACK
6
CONTINUOUS
10
0.8884159842519684
20
0.4681299212598425
11
0.882450157480315
21
0.4681299212598425
0
LINE
8
BLACK
6
CONTINUOUS
10
0.882450157480315
20
0.4681299212598425
11
0.8789233070866141
21
0.4671849212598425
0
LINE
8
BLACK
6
CONTINUOUS
10
0.8789233070866141
20
0.4671849212598425
11
0.8766874015748032
21
0.4665858267716536
0
LINE
8
BLACK
6
CONTINUOUS
10
0.8766874015748032
20
0.4665858267716536
11
0.871521220472441
21
0.4636031102362205
0
LINE
8
BLACK
6
CONTINUOUS
10
0.871521220472441
20
0.4636031102362205
11
0.8673024015748031
21
0.4593842913385827
0
LINE
8
BLACK
6
CONTINUOUS
10
0.8673024015748031
20
0.4593842913385827
11
0.8643196850393701
21
0.4542181102362204
0
LINE
8
BLACK
6
CONTINUOUS
10
0.8643196850393701
20
0.4542181102362204
11
0.8637216929133859
21
0.4519862992125984
0
LINE
8
BLACK
6
CONTINUOUS
10
0.8637216929133859
20
0.4519862992125984
11
0.8627755905511811
21
0.4484553543307087
0
LINE
8
BLACK
6
CONTINUOUS
10
0.8627755905511811
20
0.4484553543307087
11
0.8627755905511811
21
0.4424895275590551
0
LINE
8
BLACK
6
CONTINUOUS
10
0.5809055118110236
20
0.4584075984251968
11
0.5809055118110236
21
0.4719073622047244
0
LINE
8
BLACK
6
CONTINUOUS
10
0.5809055118110236
20
0.4719073622047244
11
0.5730314960629921
21
0.4797813779527559
0
LINE
8
BLACK
6
CONTINUOUS
10
0.5730314960629921
20
0.4797813779527559
11
0.5730314960629921
21
0.4505335826771654
0
LINE
8
BLACK
6
CONTINUOUS
10
0.5730314960629921
20
0.4505335826771654
11
0.5809055118110236
21
0.4584075984251968
0
LINE
8
BLACK
6
CONTINUOUS
10
0.5841025984251969
20
0.4965490551181102
11
0.5851767322834646
21
0.4984094488188976
0
LINE
8
BLACK
6
CONTINUOUS
10
0.5851767322834646
20
0.4984094488188976
11
0.588992125984252
21
0.502224842519685
0
LINE
8
BLACK
6
CONTINUOUS
10
0.588992125984252
20
0.502224842519685
11
0.593665
21
0.5049227165354331
0
LINE
8
BLACK
6
CONTINUOUS
10
0.593665
20
0.5049227165354331
11
0.5988769291338583
21
0.5063192519685039
0
LINE
8
BLACK
6
CONTINUOUS
10
0.5988769291338583
20
0.5063192519685039
11
0.6042726771653543
21
0.5063192519685039
0
LINE
8
BLACK
6
CONTINUOUS
10
0.6042726771653543
20
0.5063192519685039
11
0.6094846062992126
21
0.5049227165354331
0
LINE
8
BLACK
6
CONTINUOUS
10
0.6094846062992126
20
0.5049227165354331
11
0.6141574803149606
21
0.502224842519685
0
LINE
8
BLACK
6
CONTINUOUS
10
0.6141574803149606
20
0.502224842519685
11
0.617972874015748
21
0.4984094488188976
0
LINE
8
BLACK
6
CONTINUOUS
10
0.617972874015748
20
0.4984094488188976
11
0.6190469291338583
21
0.4965491338582677
0
LINE
8
BLACK
6
CONTINUOUS
10
0.6190469291338583
20
0.4965491338582677
11
0.624856968503937
21
0.5023591338582677
0
LINE
8
BLACK
6
CONTINUOUS
10
0.624856968503937
20
0.5023591338582677
11
0.6237457874015748
21
0.5040220866141732
0
LINE
8
BLACK
6
CONTINUOUS
10
0.6237457874015748
20
0.5040220866141732
11
0.6237456692913386
21
0.5040222440944881
0
LINE
8
BLACK
6
CONTINUOUS
10
0.6237456692913386
20
0.5040222440944881
11
0.6197702362204724
21
0.5079976771653543
0
LINE
8
BLACK
6
CONTINUOUS
10
0.6197702362204724
20
0.5079976771653543
11
0.6197700787401574
21
0.5079977952755905
0
LINE
8
BLACK
6
CONTINUOUS
10
0.6197700787401574
20
0.5079977952755905
11
0.6150949999999999
21
0.5111216141732283
0
LINE
8
BLACK
6
CONTINUOUS
10
0.6150949999999999
20
0.5111216141732283
11
0.6099005905511811
21
0.513273188976378
0
LINE
8
BLACK
6
CONTINUOUS
10
0.6099005905511811
20
0.513273188976378
11
0.6043861417322834
21
0.5143700787401575
0
LINE
8
BLACK
6
CONTINUOUS
10
0.6043861417322834
20
0.5143700787401575
11
0.5987634251968503
21
0.5143700787401575
0
LINE
8
BLACK
6
CONTINUOUS
10
0.5987634251968503
20
0.5143700787401575
11
0.5932490157480315
21
0.513273188976378
0
LINE
8
BLACK
6
CONTINUOUS
10
0.5932490157480315
20
0.513273188976378
11
0.593248937007874
21
0.513273188976378
0
LINE
8
BLACK
6
CONTINUOUS
10
0.593248937007874
20
0.513273188976378
11
0.5880545669291338
21
0.5111216141732283
0
LINE
8
BLACK
6
CONTINUOUS
10
0.5880545669291338
20
0.5111216141732283
11
0.5880545275590551
21
0.5111216141732283
0
LINE
8
BLACK
6
CONTINUOUS
10
0.5880545275590551
20
0.5111216141732283
11
0.5833794881889763
21
0.5079977952755905
0
LINE
8
BLACK
6
CONTINUOUS
10
0.5833794881889763
20
0.5079977952755905
11
0.5833791338582677
21
0.5079975196850394
0
LINE
8
BLACK
6
CONTINUOUS
10
0.5833791338582677
20
0.5079975196850394
11
0.5794038188976378
21
0.5040221653543306
0
LINE
8
BLACK
6
CONTINUOUS
10
0.5794038188976378
20
0.5040221653543306
11
0.5782925590551181
21
0.5023590944881889
0
LINE
8
BLACK
6
CONTINUOUS
10
0.5782925590551181
20
0.5023590944881889
11
0.5841025984251969
21
0.4965490551181102
0
LINE
8
BLACK
6
CONTINUOUS
10
0.9242600787401575
20
0.4965490551181102
11
0.9253342125984252
21
0.4984094488188976
0
LINE
8
BLACK
6
CONTINUOUS
10
0.9253342125984252
20
0.4984094488188976
11
0.9291496062992126
21
0.502224842519685
0
LINE
8
BLACK
6
CONTINUOUS
10
0.9291496062992126
20
0.502224842519685
11
0.9338224803149606
21
0.5049227165354331
0
LINE
8
BLACK
6
CONTINUOUS
10
0.9338224803149606
20
0.5049227165354331
11
0.9390344094488189
21
0.5063192519685039
0
LINE
8
BLACK
6
CONTINUOUS
10
0.9390344094488189
20
0.5063192519685039
11
0.9444301574803149
21
0.5063192519685039
0
LINE
8
BLACK
6
CONTINUOUS
10
0.9444301574803149
20
0.5063192519685039
11
0.9496420866141732
21
0.5049227165354331
0
LINE
8
BLACK
6
CONTINUOUS
10
0.9496420866141732
20
0.5049227165354331
11
0.9543149606299213
21
0.502224842519685
0
LINE
8
BLACK
6
CONTINUOUS
10
0.9543149606299213
20
0.502224842519685
11
0.9581303543307086
21
0.4984094488188976
0
LINE
8
BLACK
6
CONTINUOUS
10
0.9581303543307086
20
0.4984094488188976
11
0.9592044094488189
21
0.4965491338582677
0
LINE
8
BLACK
6
CONTINUOUS
10
0.9592044094488189
20
0.4965491338582677
11
0.9650144488188976
21
0.5023591338582677
0
LINE
8
BLACK
6
CONTINUOUS
10
0.9650144488188976
20
0.5023591338582677
11
0.9639032677165355
21
0.5040220866141732
0
LINE
8
BLACK
6
CONTINUOUS
10
0.9639032677165355
20
0.5040220866141732
11
0.9639031496062992
21
0.5040222440944881
0
LINE
8
BLACK
6
CONTINUOUS
10
0.9639031496062992
20
0.5040222440944881
11
0.9599277165354331
21
0.5079976771653543
0
LINE
8
BLACK
6
CONTINUOUS
10
0.9599277165354331
20
0.5079976771653543
11
0.9599275590551181
21
0.5079977952755905
0
LINE
8
BLACK
6
CONTINUOUS
10
0.9599275590551181
20
0.5079977952755905
11
0.9572154724409448
21
0.5098099606299212
0
LINE
8
BLACK
6
CONTINUOUS
10
0.9572154724409448
20
0.5098099606299212
11
0.9552524803149606
21
0.5111216141732283
0
LINE
8
BLACK
6
CONTINUOUS
10
0.9552524803149606
20
0.5111216141732283
11
0.9510574015748031
21
0.5128592519685039
0
LINE
8
BLACK
6
CONTINUOUS
10
0.9510574015748031
20
0.5128592519685039
11
0.9500580708661417
21
0.513273188976378
0
LINE
8
BLACK
6
CONTINUOUS
10
0.9500580708661417
20
0.513273188976378
11
0.9445436220472441
21
0.5143700787401575
0
LINE
8
BLACK
6
CONTINUOUS
10
0.9445436220472441
20
0.5143700787401575
11
0.938920905511811
21
0.5143700787401575
0
LINE
8
BLACK
6
CONTINUOUS
10
0.938920905511811
20
0.5143700787401575
11
0.9334064960629921
21
0.513273188976378
0
LINE
8
BLACK
6
CONTINUOUS
10
0.9334064960629921
20
0.513273188976378
11
0.9334064173228346
21
0.513273188976378
0
LINE
8
BLACK
6
CONTINUOUS
10
0.9334064173228346
20
0.513273188976378
11
0.9282120472440945
21
0.5111216141732283
0
LINE
8
BLACK
6
CONTINUOUS
10
0.9282120472440945
20
0.5111216141732283
11
0.9282120078740157
21
0.5111216141732283
0
LINE
8
BLACK
6
CONTINUOUS
10
0.9282120078740157
20
0.5111216141732283
11
0.923536968503937
21
0.5079977952755905
0
LINE
8
BLACK
6
CONTINUOUS
10
0.923536968503937
20
0.5079977952755905
11
0.9235366141732283
21
0.5079975196850394
0
LINE
8
BLACK
6
CONTINUOUS
10
0.9235366141732283
20
0.5079975196850394
11
0.9195612992125984
21
0.5040221653543306
0
LINE
8
BLACK
6
CONTINUOUS
10
0.9195612992125984
20
0.5040221653543306
11
0.9184500393700787
21
0.5023590944881889
0
LINE
8
BLACK
6
CONTINUOUS
10
0.9184500393700787
20
0.5023590944881889
11
0.9242600787401575
21
0.4965490551181102
0
LINE
8
BLACK
6
CONTINUOUS
10
1.0125196850393701
20
0.4897638188976378
11
1.0125197244094488
21
0.4897637795275591
0
LINE
8
BLACK
6
CONTINUOUS
10
1.0125197244094488
20
0.4897637795275591
11
1.0223622047244094
21
0.4897637795275591
0
LINE
8
BLACK
6
CONTINUOUS
10
1.0223622047244094
20
0.4897637795275591
11
1.0223622047244094
21
0.5118897637795276
0
LINE
8
BLACK
6
CONTINUOUS
10
1.0223622047244094
20
0.5118897637795276
11
1.044488188976378
21
0.5118897637795276
0
LINE
8
BLACK
6
CONTINUOUS
10
1.044488188976378
20
0.5118897637795276
11
1.044488188976378
21
0.5217322440944882
0
LINE
8
BLACK
6
CONTINUOUS
10
1.044488188976378
20
0.5217322440944882
11
1.0444881496062992
21
0.5217322834645669
0
LINE
8
BLACK
6
CONTINUOUS
10
1.0444881496062992
20
0.5217322834645669
11
1.0213927165354331
21
0.5217322834645669
0
LINE
8
BLACK
6
CONTINUOUS
10
1.0213927165354331
20
0.5217322834645669
11
1.0185217716535433
21
0.5211611811023622
0
LINE
8
BLACK
6
CONTINUOUS
10
1.0185217716535433
20
0.5211611811023622
11
1.0185216929133858
21
0.5211611417322835
0
LINE
8
BLACK
6
CONTINUOUS
10
1.0185216929133858
20
0.5211611417322835
11
1.015266220472441
21
0.518985905511811
0
LINE
8
BLACK
6
CONTINUOUS
10
1.015266220472441
20
0.518985905511811
11
1.015266062992126
21
0.518985748031496
0
LINE
8
BLACK
6
CONTINUOUS
10
1.015266062992126
20
0.518985748031496
11
1.0130908267716536
21
0.5157302755905512
0
LINE
8
BLACK
6
CONTINUOUS
10
1.0130908267716536
20
0.5157302755905512
11
1.0130907874015749
21
0.5157301968503937
0
LINE
8
BLACK
6
CONTINUOUS
10
1.0130907874015749
20
0.5157301968503937
11
1.0125196850393701
21
0.5128592519685039
0
LINE
8
BLACK
6
CONTINUOUS
10
1.0125196850393701
20
0.5128592519685039
11
1.0125196850393701
21
0.4897638188976378
0
LINE
8
BLACK
6
CONTINUOUS
10
1.1125196850393702
20
0.4897638188976378
11
1.1125197244094487
21
0.4897637795275591
0
LINE
8
BLACK
6
CONTINUOUS
10
1.1125197244094487
20
0.4897637795275591
11
1.1223622047244095
21
0.4897637795275591
0
LINE
8
BLACK
6
CONTINUOUS
10
1.1223622047244095
20
0.4897637795275591
11
1.1223622047244095
21
0.5118897637795276
0
LINE
8
BLACK
6
CONTINUOUS
10
1.1223622047244095
20
0.5118897637795276
11
1.1444881889763778
21
0.5118897637795276
0
LINE
8
BLACK
6
CONTINUOUS
10
1.1444881889763778
20
0.5118897637795276
11
1.1444881889763778
21
0.5217322440944882
0
LINE
8
BLACK
6
CONTINUOUS
10
1.1444881889763778
20
0.5217322440944882
11
1.1444881496062991
21
0.5217322834645669
0
LINE
8
BLACK
6
CONTINUOUS
10
1.1444881496062991
20
0.5217322834645669
11
1.1213927165354332
21
0.5217322834645669
0
LINE
8
BLACK
6
CONTINUOUS
10
1.1213927165354332
20
0.5217322834645669
11
1.1185217716535434
21
0.5211611811023622
0
LINE
8
BLACK
6
CONTINUOUS
10
1.1185217716535434
20
0.5211611811023622
11
1.1185216929133859
21
0.5211611417322835
0
LINE
8
BLACK
6
CONTINUOUS
10
1.1185216929133859
20
0.5211611417322835
11
1.1152662204724408
21
0.518985905511811
0
LINE
8
BLACK
6
CONTINUOUS
10
1.1152662204724408
20
0.518985905511811
11
1.1152660629921261
21
0.518985748031496
0
LINE
8
BLACK
6
CONTINUOUS
10
1.1152660629921261
20
0.518985748031496
11
1.1130908267716535
21
0.5157302755905512
0
LINE
8
BLACK
6
CONTINUOUS
10
1.1130908267716535
20
0.5157302755905512
11
1.1130907874015747
21
0.5157301968503937
0
LINE
8
BLACK
6
CONTINUOUS
10
1.1130907874015747
20
0.5157301968503937
11
1.1125196850393702
21
0.5128592519685039
0
LINE
8
BLACK
6
CONTINUOUS
10
1.1125196850393702
20
0.5128592519685039
11
1.1125196850393702
21
0.4897638188976378
0
LINE
8
BLACK
6
CONTINUOUS
10
1.5125196850393701
20
0.4937008267716536
11
1.5125197244094488
21
0.4937007874015748
0
LINE
8
BLACK
6
CONTINUOUS
10
1.5125197244094488
20
0.4937007874015748
11
1.5223622047244094
21
0.4937007874015748
0
LINE
8
BLACK
6
CONTINUOUS
10
1.5223622047244094
20
0.4937007874015748
11
1.5223622047244094
21
0.5158267716535433
0
LINE
8
BLACK
6
CONTINUOUS
10
1.5223622047244094
20
0.5158267716535433
11
1.544488188976378
21
0.5158267716535433
0
LINE
8
BLACK
6
CONTINUOUS
10
1.544488188976378
20
0.5158267716535433
11
1.544488188976378
21
0.5256692519685039
0
LINE
8
BLACK
6
CONTINUOUS
10
1.544488188976378
20
0.5256692519685039
11
1.5444881496062992
21
0.5256692913385826
0
LINE
8
BLACK
6
CONTINUOUS
10
1.5444881496062992
20
0.5256692913385826
11
1.5213927165354331
21
0.5256692913385826
0
LINE
8
BLACK
6
CONTINUOUS
10
1.5213927165354331
20
0.5256692913385826
11
1.5185217716535433
21
0.5250981889763779
0
LINE
8
BLACK
6
CONTINUOUS
10
1.5185217716535433
20
0.5250981889763779
11
1.5185216929133858
21
0.5250981496062992
0
LINE
8
BLACK
6
CONTINUOUS
10
1.5185216929133858
20
0.5250981496062992
11
1.515266220472441
21
0.5229229133858267
0
LINE
8
BLACK
6
CONTINUOUS
10
1.515266220472441
20
0.5229229133858267
11
1.515266062992126
21
0.5229227559055118
0
LINE
8
BLACK
6
CONTINUOUS
10
1.515266062992126
20
0.5229227559055118
11
1.5130908267716534
21
0.5196672834645669
0
LINE
8
BLACK
6
CONTINUOUS
10
1.5130908267716534
20
0.5196672834645669
11
1.5130907874015749
21
0.5196672047244094
0
LINE
8
BLACK
6
CONTINUOUS
10
1.5130907874015749
20
0.5196672047244094
11
1.5125196850393701
21
0.5167962598425196
0
LINE
8
BLACK
6
CONTINUOUS
10
1.5125196850393701
20
0.5167962598425196
11
1.5125196850393701
21
0.4937008267716536
0
LINE
8
BLACK
6
CONTINUOUS
10
1.6125196850393699
20
0.4937008267716536
11
1.6125197244094487
21
0.4937007874015748
0
LINE
8
BLACK
6
CONTINUOUS
10
1.6125197244094487
20
0.4937007874015748
11
1.6223622047244095
21
0.4937007874015748
0
LINE
8
BLACK
6
CONTINUOUS
10
1.6223622047244095
20
0.4937007874015748
11
1.6223622047244095
21
0.5158267716535433
0
LINE
8
BLACK
6
CONTINUOUS
10
1.6223622047244095
20
0.5158267716535433
11
1.6444881889763778
21
0.5158267716535433
0
LINE
8
BLACK
6
CONTINUOUS
10
1.6444881889763778
20
0.5158267716535433
11
1.6444881889763778
21
0.5256692519685039
0
LINE
8
BLACK
6
CONTINUOUS
10
1.6444881889763778
20
0.5256692519685039
11
1.6444881496062991
21
0.5256692913385826
0
LINE
8
BLACK
6
CONTINUOUS
10
1.6444881496062991
20
0.5256692913385826
11
1.6213927165354329
21
0.5256692913385826
0
LINE
8
BLACK
6
CONTINUOUS
10
1.6213927165354329
20
0.5256692913385826
11
1.6185217716535432
21
0.5250981889763779
0
LINE
8
BLACK
6
CONTINUOUS
10
1.6185217716535432
20
0.5250981889763779
11
1.6185216929133859
21
0.5250981496062992
0
LINE
8
BLACK
6
CONTINUOUS
10
1.6185216929133859
20
0.5250981496062992
11
1.6152662204724408
21
0.5229229133858267
0
LINE
8
BLACK
6
CONTINUOUS
10
1.6152662204724408
20
0.5229229133858267
11
1.6152660629921261
21
0.5229227559055118
0
LINE
8
BLACK
6
CONTINUOUS
10
1.6152660629921261
20
0.5229227559055118
11
1.6130908267716535
21
0.5196672834645669
0
LINE
8
BLACK
6
CONTINUOUS
10
1.6130908267716535
20
0.5196672834645669
11
1.6130907874015747
21
0.5196672047244094
0
LINE
8
BLACK
6
CONTINUOUS
10
1.6130907874015747
20
0.5196672047244094
11
1.6125196850393699
21
0.5167962598425196
0
LINE
8
BLACK
6
CONTINUOUS
10
1.6125196850393699
20
0.5167962598425196
11
1.6125196850393699
21
0.4937008267716536
0
LINE
8
BLACK
6
CONTINUOUS
10
1.4054921259842519
20
0.6399809448818897
11
1.4066558267716536
21
0.6326333464566929
0
LINE
8
BLACK
6
CONTINUOUS
10
1.4066558267716536
20
0.6326333464566929
11
1.4089548425196849
21
0.6255577952755905
0
LINE
8
BLACK
6
CONTINUOUS
10
1.4089548425196849
20
0.6255577952755905
11
1.4117207086614172
21
0.6201294094488189
0
LINE
8
BLACK
6
CONTINUOUS
10
1.4117207086614172
20
0.6201294094488189
11
1.4123322834645669
21
0.6189291732283464
0
LINE
8
BLACK
6
CONTINUOUS
10
1.4123322834645669
20
0.6189291732283464
11
1.4167051181102361
21
0.6129105118110236
0
LINE
8
BLACK
6
CONTINUOUS
10
1.4167051181102361
20
0.6129105118110236
11
1.4219656299212597
21
0.60765
0
LINE
8
BLACK
6
CONTINUOUS
10
1.4219656299212597
20
0.60765
11
1.4279842913385827
21
0.6032771653543307
0
LINE
8
BLACK
6
CONTINUOUS
10
1.4279842913385827
20
0.6032771653543307
11
1.4346129133858267
21
0.5998997244094488
0
LINE
8
BLACK
6
CONTINUOUS
10
1.4346129133858267
20
0.5998997244094488
11
1.4416882677165355
21
0.5976007874015747
0
LINE
8
BLACK
6
CONTINUOUS
10
1.4416882677165355
20
0.5976007874015747
11
1.4416883070866142
21
0.5976007874015747
0
LINE
8
BLACK
6
CONTINUOUS
10
1.4416883070866142
20
0.5976007874015747
11
1.4416884251968503
21
0.5976007480314961
0
LINE
8
BLACK
6
CONTINUOUS
10
1.4416884251968503
20
0.5976007480314961
11
1.449036062992126
21
0.5964370078740158
0
LINE
8
BLACK
6
CONTINUOUS
10
1.449036062992126
20
0.5964370078740158
11
1.4490361811023622
21
0.5964370078740158
0
LINE
8
BLACK
6
CONTINUOUS
10
1.4490361811023622
20
0.5964370078740158
11
1.456475748031496
21
0.5964370078740158
0
LINE
8
BLACK
6
CONTINUOUS
10
1.456475748031496
20
0.5964370078740158
11
1.463823346456693
21
0.5976007480314961
0
LINE
8
BLACK
6
CONTINUOUS
10
1.463823346456693
20
0.5976007480314961
11
1.4638233858267715
21
0.5976007874015747
0
LINE
8
BLACK
6
CONTINUOUS
10
1.4638233858267715
20
0.5976007874015747
11
1.4638235433070865
21
0.5976007874015747
0
LINE
8
BLACK
6
CONTINUOUS
10
1.4638235433070865
20
0.5976007874015747
11
1.4708988976377952
21
0.5998997244094488
0
LINE
8
BLACK
6
CONTINUOUS
10
1.4708988976377952
20
0.5998997244094488
11
1.4775275196850393
21
0.6032771653543307
0
LINE
8
BLACK
6
CONTINUOUS
10
1.4775275196850393
20
0.6032771653543307
11
1.4835461811023622
21
0.60765
0
LINE
8
BLACK
6
CONTINUOUS
10
1.4835461811023622
20
0.60765
11
1.4888066929133859
21
0.6129105118110236
0
LINE
8
BLACK
6
CONTINUOUS
10
1.4888066929133859
20
0.6129105118110236
11
1.4931795275590551
21
0.6189291732283464
0
LINE
8
BLACK
6
CONTINUOUS
10
1.4931795275590551
20
0.6189291732283464
11
1.496556968503937
21
0.6255577952755905
0
LINE
8
BLACK
6
CONTINUOUS
10
1.496556968503937
20
0.6255577952755905
11
1.4988559055118109
21
0.6326331496062992
0
LINE
8
BLACK
6
CONTINUOUS
10
1.4988559055118109
20
0.6326331496062992
11
1.4988559448818897
21
0.6326333464566929
0
LINE
8
BLACK
6
CONTINUOUS
10
1.4988559448818897
20
0.6326333464566929
11
1.5000196850393701
21
0.6399809448818897
0
LINE
8
BLACK
6
CONTINUOUS
10
1.5000196850393701
20
0.6399809448818897
11
1.5000196850393701
21
0.6671057086614173
0
LINE
8
BLACK
6
CONTINUOUS
10
1.5000196850393701
20
0.6671057086614173
11
1.4988559448818897
21
0.6744533070866141
0
LINE
8
BLACK
6
CONTINUOUS
10
1.4988559448818897
20
0.6744533070866141
11
1.496761220472441
21
0.680900157480315
0
LINE
8
BLACK
6
CONTINUOUS
10
1.496761220472441
20
0.680900157480315
11
1.496556968503937
21
0.6815288188976378
0
LINE
8
BLACK
6
CONTINUOUS
10
1.496556968503937
20
0.6815288188976378
11
1.4931795275590551
21
0.6881574409448818
0
LINE
8
BLACK
6
CONTINUOUS
10
1.4931795275590551
20
0.6881574409448818
11
1.4888066929133859
21
0.6941761023622047
0
LINE
8
BLACK
6
CONTINUOUS
10
1.4888066929133859
20
0.6941761023622047
11
1.4835461811023622
21
0.6994366141732283
0
LINE
8
BLACK
6
CONTINUOUS
10
1.4835461811023622
20
0.6994366141732283
11
1.4775275196850393
21
0.7038094488188976
0
LINE
8
BLACK
6
CONTINUOUS
10
1.4775275196850393
20
0.7038094488188976
11
1.4775274803149605
21
0.7038094881889764
0
LINE
8
BLACK
6
CONTINUOUS
10
1.4775274803149605
20
0.7038094881889764
11
1.4775274015748032
21
0.7038095275590551
0
LINE
8
BLACK
6
CONTINUOUS
10
1.4775274015748032
20
0.7038095275590551
11
1.4708988976377952
21
0.7071868897637795
0
LINE
8
BLACK
6
CONTINUOUS
10
1.4708988976377952
20
0.7071868897637795
11
1.463823346456693
21
0.709485905511811
0
LINE
8
BLACK
6
CONTINUOUS
10
1.463823346456693
20
0.709485905511811
11
1.456475748031496
21
0.7106496062992126
0
LINE
8
BLACK
6
CONTINUOUS
10
1.456475748031496
20
0.7106496062992126
11
1.4564756299212598
21
0.7106496062992126
0
LINE
8
BLACK
6
CONTINUOUS
10
1.4564756299212598
20
0.7106496062992126
11
1.4490361811023622
21
0.7106496062992126
0
LINE
8
BLACK
6
CONTINUOUS
10
1.4490361811023622
20
0.7106496062992126
11
1.449036062992126
21
0.7106496062992126
0
LINE
8
BLACK
6
CONTINUOUS
10
1.449036062992126
20
0.7106496062992126
11
1.4416884251968503
21
0.709485905511811
0
LINE
8
BLACK
6
CONTINUOUS
10
1.4416884251968503
20
0.709485905511811
11
1.434612874015748
21
0.7071868897637795
0
LINE
8
BLACK
6
CONTINUOUS
10
1.434612874015748
20
0.7071868897637795
11
1.42798437007874
21
0.7038095275590551
0
LINE
8
BLACK
6
CONTINUOUS
10
1.42798437007874
20
0.7038095275590551
11
1.4219656692913385
21
0.6994366535433071
0
LINE
8
BLACK
6
CONTINUOUS
10
1.4219656692913385
20
0.6994366535433071
11
1.4167050787401574
21
0.694176062992126
0
LINE
8
BLACK
6
CONTINUOUS
10
1.4167050787401574
20
0.694176062992126
11
1.4123322047244093
21
0.6881573622047243
0
LINE
8
BLACK
6
CONTINUOUS
10
1.4123322047244093
20
0.6881573622047243
11
1.4089548425196849
21
0.6815288582677165
0
LINE
8
BLACK
6
CONTINUOUS
10
1.4089548425196849
20
0.6815288582677165
11
1.4066558267716536
21
0.6744533070866141
0
LINE
8
BLACK
6
CONTINUOUS
10
1.4066558267716536
20
0.6744533070866141
11
1.4054921259842519
21
0.6671057086614173
0
LINE
8
BLACK
6
CONTINUOUS
10
1.4054921259842519
20
0.6671057086614173
11
1.4054921259842519
21
0.6399809448818897
0
LINE
8
BLACK
6
CONTINUOUS
10
1.6102165354330709
20
0.6399809448818897
11
1.6113802362204723
21
0.6326333464566929
0
LINE
8
BLACK
6
CONTINUOUS
10
1.6113802362204723
20
0.6326333464566929
11
1.6136792519685039
21
0.6255577952755905
0
LINE
8
BLACK
6
CONTINUOUS
10
1.6136792519685039
20
0.6255577952755905
11
1.6164451181102362
21
0.6201294094488189
0
LINE
8
BLACK
6
CONTINUOUS
10
1.6164451181102362
20
0.6201294094488189
11
1.6170566929133858
21
0.6189291732283464
0
LINE
8
BLACK
6
CONTINUOUS
10
1.6170566929133858
20
0.6189291732283464
11
1.6214295275590551
21
0.6129105118110236
0
LINE
8
BLACK
6
CONTINUOUS
10
1.6214295275590551
20
0.6129105118110236
11
1.6266900393700787
21
0.60765
0
LINE
8
BLACK
6
CONTINUOUS
10
1.6266900393700787
20
0.60765
11
1.6327087007874015
21
0.6032771653543307
0
LINE
8
BLACK
6
CONTINUOUS
10
1.6327087007874015
20
0.6032771653543307
11
1.6393373228346457
21
0.5998997244094488
0
LINE
8
BLACK
6
CONTINUOUS
10
1.6393373228346457
20
0.5998997244094488
11
1.6464126771653542
21
0.5976007874015747
0
LINE
8
BLACK
6
CONTINUOUS
10
1.6464126771653542
20
0.5976007874015747
11
1.646412716535433
21
0.5976007874015747
0
LINE
8
BLACK
6
CONTINUOUS
10
1.646412716535433
20
0.5976007874015747
11
1.6464128346456692
21
0.5976007480314961
0
LINE
8
BLACK
6
CONTINUOUS
10
1.6464128346456692
20
0.5976007480314961
11
1.6537604724409449
21
0.5964370078740158
0
LINE
8
BLACK
6
CONTINUOUS
10
1.6537604724409449
20
0.5964370078740158
11
1.653760590551181
21
0.5964370078740158
0
LINE
8
BLACK
6
CONTINUOUS
10
1.653760590551181
20
0.5964370078740158
11
1.661200157480315
21
0.5964370078740158
0
LINE
8
BLACK
6
CONTINUOUS
10
1.661200157480315
20
0.5964370078740158
11
1.6685477559055117
21
0.5976007480314961
0
LINE
8
BLACK
6
CONTINUOUS
10
1.6685477559055117
20
0.5976007480314961
11
1.6685477952755905
21
0.5976007874015747
0
LINE
8
BLACK
6
CONTINUOUS
10
1.6685477952755905
20
0.5976007874015747
11
1.6685479527559055
21
0.5976007874015747
0
LINE
8
BLACK
6
CONTINUOUS
10
1.6685479527559055
20
0.5976007874015747
11
1.6756233070866142
21
0.5998997244094488
0
LINE
8
BLACK
6
CONTINUOUS
10
1.6756233070866142
20
0.5998997244094488
11
1.6822519291338582
21
0.6032771653543307
0
LINE
8
BLACK
6
CONTINUOUS
10
1.6822519291338582
20
0.6032771653543307
11
1.688270590551181
21
0.60765
0
LINE
8
BLACK
6
CONTINUOUS
10
1.688270590551181
20
0.60765
11
1.6935311023622046
21
0.6129105118110236
0
LINE
8
BLACK
6
CONTINUOUS
10
1.6935311023622046
20
0.6129105118110236
11
1.6979039370078739
21
0.6189291732283464
0
LINE
8
BLACK
6
CONTINUOUS
10
1.6979039370078739
20
0.6189291732283464
11
1.7012813779527558
21
0.6255577952755905
0
LINE
8
BLACK
6
CONTINUOUS
10
1.7012813779527558
20
0.6255577952755905
11
1.7035803149606299
21
0.6326331496062992
0
LINE
8
BLACK
6
CONTINUOUS
10
1.7035803149606299
20
0.6326331496062992
11
1.7035803543307086
21
0.6326333464566929
0
LINE
8
BLACK
6
CONTINUOUS
10
1.7035803543307086
20
0.6326333464566929
11
1.7047440944881889
21
0.6399809448818897
0
LINE
8
BLACK
6
CONTINUOUS
10
1.7047440944881889
20
0.6399809448818897
11
1.7047440944881889
21
0.6671057086614173
0
LINE
8
BLACK
6
CONTINUOUS
10
1.7047440944881889
20
0.6671057086614173
11
1.7035803543307086
21
0.6744533070866141
0
LINE
8
BLACK
6
CONTINUOUS
10
1.7035803543307086
20
0.6744533070866141
11
1.7014856299212597
21
0.680900157480315
0
LINE
8
BLACK
6
CONTINUOUS
10
1.7014856299212597
20
0.680900157480315
11
1.7012813779527558
21
0.6815288188976378
0
LINE
8
BLACK
6
CONTINUOUS
10
1.7012813779527558
20
0.6815288188976378
11
1.6979039370078739
21
0.6881574409448818
0
LINE
8
BLACK
6
CONTINUOUS
10
1.6979039370078739
20
0.6881574409448818
11
1.6935311023622046
21
0.6941761023622047
0
LINE
8
BLACK
6
CONTINUOUS
10
1.6935311023622046
20
0.6941761023622047
11
1.688270590551181
21
0.6994366141732283
0
LINE
8
BLACK
6
CONTINUOUS
10
1.688270590551181
20
0.6994366141732283
11
1.6822519291338582
21
0.7038094488188976
0
LINE
8
BLACK
6
CONTINUOUS
10
1.6822519291338582
20
0.7038094488188976
11
1.6822518897637795
21
0.7038094881889764
0
LINE
8
BLACK
6
CONTINUOUS
10
1.6822518897637795
20
0.7038094881889764
11
1.682251811023622
21
0.7038095275590551
0
LINE
8
BLACK
6
CONTINUOUS
10
1.682251811023622
20
0.7038095275590551
11
1.6756233070866142
21
0.7071868897637795
0
LINE
8
BLACK
6
CONTINUOUS
10
1.6756233070866142
20
0.7071868897637795
11
1.6685477559055117
21
0.709485905511811
0
LINE
8
BLACK
6
CONTINUOUS
10
1.6685477559055117
20
0.709485905511811
11
1.661200157480315
21
0.7106496062992126
0
LINE
8
BLACK
6
CONTINUOUS
10
1.661200157480315
20
0.7106496062992126
11
1.6612000393700788
21
0.7106496062992126
0
LINE
8
BLACK
6
CONTINUOUS
10
1.6612000393700788
20
0.7106496062992126
11
1.653760590551181
21
0.7106496062992126
0
LINE
8
BLACK
6
CONTINUOUS
10
1.653760590551181
20
0.7106496062992126
11
1.6537604724409449
21
0.7106496062992126
0
LINE
8
BLACK
6
CONTINUOUS
10
1.6537604724409449
20
0.7106496062992126
11
1.6464128346456692
21
0.709485905511811
0
LINE
8
BLACK
6
CONTINUOUS
10
1.6464128346456692
20
0.709485905511811
11
1.639337283464567
21
0.7071868897637795
0
LINE
8
BLACK
6
CONTINUOUS
10
1.639337283464567
20
0.7071868897637795
11
1.632708779527559
21
0.7038095275590551
0
LINE
8
BLACK
6
CONTINUOUS
10
1.632708779527559
20
0.7038095275590551
11
1.6266900787401575
21
0.6994366535433071
0
LINE
8
BLACK
6
CONTINUOUS
10
1.6266900787401575
20
0.6994366535433071
11
1.6214294881889764
21
0.694176062992126
0
LINE
8
BLACK
6
CONTINUOUS
10
1.6214294881889764
20
0.694176062992126
11
1.6170566141732283
21
0.6881573622047243
0
LINE
8
BLACK
6
CONTINUOUS
10
1.6170566141732283
20
0.6881573622047243
11
1.6136792519685039
21
0.6815288582677165
0
LINE
8
BLACK
6
CONTINUOUS
10
1.6136792519685039
20
0.6815288582677165
11
1.6113802362204723
21
0.6744533070866141
0
LINE
8
BLACK
6
CONTINUOUS
10
1.6113802362204723
20
0.6744533070866141
11
1.6102165354330709
21
0.6671057086614173
0
LINE
8
BLACK
6
CONTINUOUS
10
1.6102165354330709
20
0.6671057086614173
11
1.6102165354330709
21
0.6399809448818897
0
LINE
8
BLACK
6
CONTINUOUS
10
1.9035433070866141
20
0.7372195275590551
11
1.9041144094488189
21
0.7343485826771653
0
LINE
8
BLACK
6
CONTINUOUS
10
1.9041144094488189
20
0.7343485826771653
11
1.9041144488188977
21
0.7343485039370079
0
LINE
8
BLACK
6
CONTINUOUS
10
1.9041144488188977
20
0.7343485039370079
11
1.90628968503937
21
0.731093031496063
0
LINE
8
BLACK
6
CONTINUOUS
10
1.90628968503937
20
0.731093031496063
11
1.906289842519685
21
0.731092874015748
0
LINE
8
BLACK
6
CONTINUOUS
10
1.906289842519685
20
0.731092874015748
11
1.9095453149606298
21
0.7289176377952755
0
LINE
8
BLACK
6
CONTINUOUS
10
1.9095453149606298
20
0.7289176377952755
11
1.9095453937007874
21
0.7289175984251969
0
LINE
8
BLACK
6
CONTINUOUS
10
1.9095453937007874
20
0.7289175984251969
11
1.9124163385826771
21
0.7283464960629921
0
LINE
8
BLACK
6
CONTINUOUS
10
1.9124163385826771
20
0.7283464960629921
11
1.9124164173228346
21
0.7283464566929134
0
LINE
8
BLACK
6
CONTINUOUS
10
1.9124164173228346
20
0.7283464566929134
11
1.9261810629921259
21
0.7283464566929134
0
LINE
8
BLACK
6
CONTINUOUS
10
1.9261810629921259
20
0.7283464566929134
11
1.9261811023622046
21
0.7283464960629921
0
LINE
8
BLACK
6
CONTINUOUS
10
1.9261811023622046
20
0.7283464960629921
11
1.9261811023622046
21
0.7381889763779528
0
LINE
8
BLACK
6
CONTINUOUS
10
1.9261811023622046
20
0.7381889763779528
11
1.9133858267716535
21
0.7381889763779528
0
LINE
8
BLACK
6
CONTINUOUS
10
1.9133858267716535
20
0.7381889763779528
11
1.9133858267716535
21
0.7431102362204725
0
LINE
8
BLACK
6
CONTINUOUS
10
1.9133858267716535
20
0.7431102362204725
11
1.9035433464566929
21
0.7431102362204725
0
LINE
8
BLACK
6
CONTINUOUS
10
1.9035433464566929
20
0.7431102362204725
11
1.9035433070866141
21
0.7431101968503937
0
LINE
8
BLACK
6
CONTINUOUS
10
1.9035433070866141
20
0.7431101968503937
11
1.9035433070866141
21
0.7372195275590551
0
LINE
8
BLACK
6
CONTINUOUS
10
2.0669291338582676
20
0.7372195275590551
11
2.0675002362204724
21
0.7343485826771653
0
LINE
8
BLACK
6
CONTINUOUS
10
2.0675002362204724
20
0.7343485826771653
11
2.0675002755905512
21
0.7343485039370079
0
LINE
8
BLACK
6
CONTINUOUS
10
2.0675002755905512
20
0.7343485039370079
11
2.0696755118110235
21
0.731093031496063
0
LINE
8
BLACK
6
CONTINUOUS
10
2.0696755118110235
20
0.731093031496063
11
2.0696756692913385
21
0.731092874015748
0
LINE
8
BLACK
6
CONTINUOUS
10
2.0696756692913385
20
0.731092874015748
11
2.0729311417322833
21
0.7289176377952755
0
LINE
8
BLACK
6
CONTINUOUS
10
2.0729311417322833
20
0.7289176377952755
11
2.0729312204724408
21
0.7289175984251969
0
LINE
8
BLACK
6
CONTINUOUS
10
2.0729312204724408
20
0.7289175984251969
11
2.0758021653543306
21
0.7283464960629921
0
LINE
8
BLACK
6
CONTINUOUS
10
2.0758021653543306
20
0.7283464960629921
11
2.0758022440944881
21
0.7283464566929134
0
LINE
8
BLACK
6
CONTINUOUS
10
2.0758022440944881
20
0.7283464566929134
11
2.0895668897637796
21
0.7283464566929134
0
LINE
8
BLACK
6
CONTINUOUS
10
2.0895668897637796
20
0.7283464566929134
11
2.0895669291338583
21
0.7283464960629921
0
LINE
8
BLACK
6
CONTINUOUS
10
2.0895669291338583
20
0.7283464960629921
11
2.0895669291338583
21
0.7381889763779528
0
LINE
8
BLACK
6
CONTINUOUS
10
2.0895669291338583
20
0.7381889763779528
11
2.076771653543307
21
0.7381889763779528
0
LINE
8
BLACK
6
CONTINUOUS
10
2.076771653543307
20
0.7381889763779528
11
2.076771653543307
21
0.7431102362204725
0
LINE
8
BLACK
6
CONTINUOUS
10
2.076771653543307
20
0.7431102362204725
11
2.0669291732283464
21
0.7431102362204725
0
LINE
8
BLACK
6
CONTINUOUS
10
2.0669291732283464
20
0.7431102362204725
11
2.0669291338582676
21
0.7431101968503937
0
LINE
8
BLACK
6
CONTINUOUS
10
2.0669291338582676
20
0.7431101968503937
11
2.0669291338582676
21
0.7372195275590551
0
LINE
8
BLACK
6
CONTINUOUS
10
1.9035433070866141
20
0.7588583070866142
11
1.9035433464566929
21
0.7588582677165354
0
LINE
8
BLACK
6
CONTINUOUS
10
1.9035433464566929
20
0.7588582677165354
11
1.9133858267716535
21
0.7588582677165354
0
LINE
8
BLACK
6
CONTINUOUS
10
1.9133858267716535
20
0.7588582677165354
11
1.9133858267716535
21
0.7637795275590551
0
LINE
8
BLACK
6
CONTINUOUS
10
1.9133858267716535
20
0.7637795275590551
11
1.9261811023622046
21
0.7637795275590551
0
LINE
8
BLACK
6
CONTINUOUS
10
1.9261811023622046
20
0.7637795275590551
11
1.9261811023622046
21
0.7736220078740157
0
LINE
8
BLACK
6
CONTINUOUS
10
1.9261811023622046
20
0.7736220078740157
11
1.9261810629921259
21
0.7736220472440944
0
LINE
8
BLACK
6
CONTINUOUS
10
1.9261810629921259
20
0.7736220472440944
11
1.9124163385826771
21
0.7736220472440944
0
LINE
8
BLACK
6
CONTINUOUS
10
1.9124163385826771
20
0.7736220472440944
11
1.9095453937007874
21
0.7730509448818897
0
LINE
8
BLACK
6
CONTINUOUS
10
1.9095453937007874
20
0.7730509448818897
11
1.9095453149606298
21
0.773050905511811
0
LINE
8
BLACK
6
CONTINUOUS
10
1.9095453149606298
20
0.773050905511811
11
1.906289842519685
21
0.7708756692913385
0
LINE
8
BLACK
6
CONTINUOUS
10
1.906289842519685
20
0.7708756692913385
11
1.90628968503937
21
0.7708755118110237
0
LINE
8
BLACK
6
CONTINUOUS
10
1.90628968503937
20
0.7708755118110237
11
1.9041144488188977
21
0.7676200393700787
0
LINE
8
BLACK
6
CONTINUOUS
10
1.9041144488188977
20
0.7676200393700787
11
1.9041144094488189
21
0.7676199606299212
0
LINE
8
BLACK
6
CONTINUOUS
10
1.9041144094488189
20
0.7676199606299212
11
1.9035433070866141
21
0.7647490157480314
0
LINE
8
BLACK
6
CONTINUOUS
10
1.9035433070866141
20
0.7647490157480314
11
1.9035433070866141
21
0.7588583070866142
0
LINE
8
BLACK
6
CONTINUOUS
10
2.0669291338582676
20
0.7588583070866142
11
2.0669291732283464
21
0.7588582677165354
0
LINE
8
BLACK
6
CONTINUOUS
10
2.0669291732283464
20
0.7588582677165354
11
2.076771653543307
21
0.7588582677165354
0
LINE
8
BLACK
6
CONTINUOUS
10
2.076771653543307
20
0.7588582677165354
11
2.076771653543307
21
0.7637795275590551
0
LINE
8
BLACK
6
CONTINUOUS
10
2.076771653543307
20
0.7637795275590551
11
2.0895669291338583
21
0.7637795275590551
0
LINE
8
BLACK
6
CONTINUOUS
10
2.0895669291338583
20
0.7637795275590551
11
2.0895669291338583
21
0.7736220078740157
0
LINE
8
BLACK
6
CONTINUOUS
10
2.0895669291338583
20
0.7736220078740157
11
2.0895668897637796
21
0.7736220472440944
0
LINE
8
BLACK
6
CONTINUOUS
10
2.0895668897637796
20
0.7736220472440944
11
2.0758021653543306
21
0.7736220472440944
0
LINE
8
BLACK
6
CONTINUOUS
10
2.0758021653543306
20
0.7736220472440944
11
2.0729312204724408
21
0.7730509448818897
0
LINE
8
BLACK
6
CONTINUOUS
10
2.0729312204724408
20
0.7730509448818897
11
2.0729311417322833
21
0.773050905511811
0
LINE
8
BLACK
6
CONTINUOUS
10
2.0729311417322833
20
0.773050905511811
11
2.0696756692913385
21
0.7708756692913385
0
LINE
8
BLACK
6
CONTINUOUS
10
2.0696756692913385
20
0.7708756692913385
11
2.0696755118110235
21
0.7708755118110237
0
LINE
8
BLACK
6
CONTINUOUS
10
2.0696755118110235
20
0.7708755118110237
11
2.0675002755905512
21
0.7676200393700787
0
LINE
8
BLACK
6
CONTINUOUS
10
2.0675002755905512
20
0.7676200393700787
11
2.0675002362204724
21
0.7676199606299212
0
LINE
8
BLACK
6
CONTINUOUS
10
2.0675002362204724
20
0.7676199606299212
11
2.0669291338582676
21
0.7647490157480314
0
LINE
8
BLACK
6
CONTINUOUS
10
2.0669291338582676
20
0.7647490157480314
11
2.0669291338582676
21
0.7588583070866142
0
LINE
8
BLACK
6
CONTINUOUS
10
1.9419291338582676
20
0.7637795275590551
11
1.9547244094488188
21
0.7637795275590551
0
LINE
8
BLACK
6
CONTINUOUS
10
1.9547244094488188
20
0.7637795275590551
11
1.9547244094488188
21
0.7588582677165354
0
LINE
8
BLACK
6
CONTINUOUS
10
1.9547244094488188
20
0.7588582677165354
11
1.9645668897637796
21
0.7588582677165354
0
LINE
8
BLACK
6
CONTINUOUS
10
1.9645668897637796
20
0.7588582677165354
11
1.9645669291338583
21
0.7588583070866142
0
LINE
8
BLACK
6
CONTINUOUS
10
1.9645669291338583
20
0.7588583070866142
11
1.9645669291338583
21
0.7647489370078741
0
LINE
8
BLACK
6
CONTINUOUS
10
1.9645669291338583
20
0.7647489370078741
11
1.9645668897637796
21
0.7647490157480314
0
LINE
8
BLACK
6
CONTINUOUS
10
1.9645668897637796
20
0.7647490157480314
11
1.9639957874015748
21
0.7676199606299212
0
LINE
8
BLACK
6
CONTINUOUS
10
1.9639957874015748
20
0.7676199606299212
11
1.963995748031496
21
0.7676200393700787
0
LINE
8
BLACK
6
CONTINUOUS
10
1.963995748031496
20
0.7676200393700787
11
1.9618205118110237
21
0.7708755118110237
0
LINE
8
BLACK
6
CONTINUOUS
10
1.9618205118110237
20
0.7708755118110237
11
1.9618203543307087
21
0.7708756692913385
0
LINE
8
BLACK
6
CONTINUOUS
10
1.9618203543307087
20
0.7708756692913385
11
1.9585648818897636
21
0.773050905511811
0
LINE
8
BLACK
6
CONTINUOUS
10
1.9585648818897636
20
0.773050905511811
11
1.9585648031496063
21
0.7730509448818897
0
LINE
8
BLACK
6
CONTINUOUS
10
1.9585648031496063
20
0.7730509448818897
11
1.9556938582677166
21
0.7736220472440944
0
LINE
8
BLACK
6
CONTINUOUS
10
1.9556938582677166
20
0.7736220472440944
11
1.9419291732283464
21
0.7736220472440944
0
LINE
8
BLACK
6
CONTINUOUS
10
1.9419291732283464
20
0.7736220472440944
11
1.9419291338582676
21
0.7736220078740157
0
LINE
8
BLACK
6
CONTINUOUS
10
1.9419291338582676
20
0.7736220078740157
11
1.9419291338582676
21
0.7637795275590551
0
LINE
8
BLACK
6
CONTINUOUS
10
2.1053149606299213
20
0.7637795275590551
11
2.1181102362204722
21
0.7637795275590551
0
LINE
8
BLACK
6
CONTINUOUS
10
2.1181102362204722
20
0.7637795275590551
11
2.1181102362204722
21
0.7588582677165354
0
LINE
8
BLACK
6
CONTINUOUS
10
2.1181102362204722
20
0.7588582677165354
11
2.1279527165354328
21
0.7588582677165354
0
LINE
8
BLACK
6
CONTINUOUS
10
2.1279527165354328
20
0.7588582677165354
11
2.1279527559055116
21
0.7588583070866142
0
LINE
8
BLACK
6
CONTINUOUS
10
2.1279527559055116
20
0.7588583070866142
11
2.1279527559055116
21
0.7647489370078741
0
LINE
8
BLACK
6
CONTINUOUS
10
2.1279527559055116
20
0.7647489370078741
11
2.1279527165354328
21
0.7647490157480314
0
LINE
8
BLACK
6
CONTINUOUS
10
2.1279527165354328
20
0.7647490157480314
11
2.1273816141732285
21
0.7676199606299212
0
LINE
8
BLACK
6
CONTINUOUS
10
2.1273816141732285
20
0.7676199606299212
11
2.1273815748031497
21
0.7676200393700787
0
LINE
8
BLACK
6
CONTINUOUS
10
2.1273815748031497
20
0.7676200393700787
11
2.1252063385826769
21
0.7708755118110237
0
LINE
8
BLACK
6
CONTINUOUS
10
2.1252063385826769
20
0.7708755118110237
11
2.1252061811023624
21
0.7708756692913385
0
LINE
8
BLACK
6
CONTINUOUS
10
2.1252061811023624
20
0.7708756692913385
11
2.1219507086614171
21
0.773050905511811
0
LINE
8
BLACK
6
CONTINUOUS
10
2.1219507086614171
20
0.773050905511811
11
2.1219506299212596
21
0.7730509448818897
0
LINE
8
BLACK
6
CONTINUOUS
10
2.1219506299212596
20
0.7730509448818897
11
2.1190796850393698
21
0.7736220472440944
0
LINE
8
BLACK
6
CONTINUOUS
10
2.1190796850393698
20
0.7736220472440944
11
2.105315
21
0.7736220472440944
0
LINE
8
BLACK
6
CONTINUOUS
10
2.105315
20
0.7736220472440944
11
2.1053149606299213
21
0.7736220078740157
0
LINE
8
BLACK
6
CONTINUOUS
10
2.1053149606299213
20
0.7736220078740157
11
2.1053149606299213
21
0.7637795275590551
0
LINE
8
BLACK
6
CONTINUOUS
10
0.6367322834645669
20
1.7917323228346456
11
0.6367323228346456
21
1.7917322834645668
0
LINE
8
BLACK
6
CONTINUOUS
10
0.6367323228346456
20
1.7917322834645668
11
0.6465748031496062
21
1.7917322834645668
0
LINE
8
BLACK
6
CONTINUOUS
10
0.6465748031496062
20
1.7917322834645668
11
0.6465748031496062
21
1.8138582677165354
0
LINE
8
BLACK
6
CONTINUOUS
10
0.6465748031496062
20
1.8138582677165354
11
0.6687007874015748
21
1.8138582677165354
0
LINE
8
BLACK
6
CONTINUOUS
10
0.6687007874015748
20
1.8138582677165354
11
0.6687007874015748
21
1.823700748031496
0
LINE
8
BLACK
6
CONTINUOUS
10
0.6687007874015748
20
1.823700748031496
11
0.668700748031496
21
1.8237007874015747
0
LINE
8
BLACK
6
CONTINUOUS
10
0.668700748031496
20
1.8237007874015747
11
0.6456053149606299
21
1.8237007874015747
0
LINE
8
BLACK
6
CONTINUOUS
10
0.6456053149606299
20
1.8237007874015747
11
0.6427343700787401
21
1.8231296850393701
0
LINE
8
BLACK
6
CONTINUOUS
10
0.6427343700787401
20
1.8231296850393701
11
0.6427342913385826
21
1.8231296456692914
0
LINE
8
BLACK
6
CONTINUOUS
10
0.6427342913385826
20
1.8231296456692914
11
0.6394788188976378
21
1.8209544094488188
0
LINE
8
BLACK
6
CONTINUOUS
10
0.6394788188976378
20
1.8209544094488188
11
0.6394786614173228
21
1.8209542519685038
0
LINE
8
BLACK
6
CONTINUOUS
10
0.6394786614173228
20
1.8209542519685038
11
0.6373034251968503
21
1.817698779527559
0
LINE
8
BLACK
6
CONTINUOUS
10
0.6373034251968503
20
1.817698779527559
11
0.6373033858267716
21
1.8176987007874015
0
LINE
8
BLACK
6
CONTINUOUS
10
0.6373033858267716
20
1.8176987007874015
11
0.6367322834645669
21
1.8148277559055117
0
LINE
8
BLACK
6
CONTINUOUS
10
0.6367322834645669
20
1.8148277559055117
11
0.6367322834645669
21
1.7917323228346456
0
LINE
8
BLACK
6
CONTINUOUS
10
1.7367322834645669
20
1.7917323228346456
11
1.7367323228346456
21
1.7917322834645668
0
LINE
8
BLACK
6
CONTINUOUS
10
1.7367323228346456
20
1.7917322834645668
11
1.7465748031496062
21
1.7917322834645668
0
LINE
8
BLACK
6
CONTINUOUS
10
1.7465748031496062
20
1.7917322834645668
11
1.7465748031496062
21
1.8138582677165354
0
LINE
8
BLACK
6
CONTINUOUS
10
1.7465748031496062
20
1.8138582677165354
11
1.7687007874015748
21
1.8138582677165354
0
LINE
8
BLACK
6
CONTINUOUS
10
1.7687007874015748
20
1.8138582677165354
11
1.7687007874015748
21
1.823700748031496
0
LINE
8
BLACK
6
CONTINUOUS
10
1.7687007874015748
20
1.823700748031496
11
1.768700748031496
21
1.8237007874015747
0
LINE
8
BLACK
6
CONTINUOUS
10
1.768700748031496
20
1.8237007874015747
11
1.7456053149606299
21
1.8237007874015747
0
LINE
8
BLACK
6
CONTINUOUS
10
1.7456053149606299
20
1.8237007874015747
11
1.7427343700787401
21
1.8231296850393701
0
LINE
8
BLACK
6
CONTINUOUS
10
1.7427343700787401
20
1.8231296850393701
11
1.7427342913385826
21
1.8231296456692914
0
LINE
8
BLACK
6
CONTINUOUS
10
1.7427342913385826
20
1.8231296456692914
11
1.7394788188976378
21
1.8209544094488188
0
LINE
8
BLACK
6
CONTINUOUS
10
1.7394788188976378
20
1.8209544094488188
11
1.7394786614173228
21
1.8209542519685038
0
LINE
8
BLACK
6
CONTINUOUS
10
1.7394786614173228
20
1.8209542519685038
11
1.7373034251968504
21
1.817698779527559
0
LINE
8
BLACK
6
CONTINUOUS
10
1.7373034251968504
20
1.817698779527559
11
1.7373033858267717
21
1.8176987007874015
0
LINE
8
BLACK
6
CONTINUOUS
10
1.7373033858267717
20
1.8176987007874015
11
1.7367322834645669
21
1.8148277559055117
0
LINE
8
BLACK
6
CONTINUOUS
10
1.7367322834645669
20
1.8148277559055117
11
1.7367322834645669
21
1.7917323228346456
0
LINE
8
BLACK
6
CONTINUOUS
10
0.6367322834645669
20
1.8917323228346457
11
0.6367323228346456
21
1.8917322834645669
0
LINE
8
BLACK
6
CONTINUOUS
10
0.6367323228346456
20
1.8917322834645669
11
0.6465748031496062
21
1.8917322834645669
0
LINE
8
BLACK
6
CONTINUOUS
10
0.6465748031496062
20
1.8917322834645669
11
0.6465748031496062
21
1.9138582677165354
0
LINE
8
BLACK
6
CONTINUOUS
10
0.6465748031496062
20
1.9138582677165354
11
0.6687007874015748
21
1.9138582677165354
0
LINE
8
BLACK
6
CONTINUOUS
10
0.6687007874015748
20
1.9138582677165354
11
0.6687007874015748
21
1.923700748031496
0
LINE
8
BLACK
6
CONTINUOUS
10
0.6687007874015748
20
1.923700748031496
11
0.668700748031496
21
1.9237007874015748
0
LINE
8
BLACK
6
CONTINUOUS
10
0.668700748031496
20
1.9237007874015748
11
0.6456053149606299
21
1.9237007874015748
0
LINE
8
BLACK
6
CONTINUOUS
10
0.6456053149606299
20
1.9237007874015748
11
0.6427343700787401
21
1.92312968503937
0
LINE
8
BLACK
6
CONTINUOUS
10
0.6427343700787401
20
1.92312968503937
11
0.6427342913385826
21
1.9231296456692912
0
LINE
8
BLACK
6
CONTINUOUS
10
0.6427342913385826
20
1.9231296456692912
11
0.6394788188976378
21
1.9209544094488189
0
LINE
8
BLACK
6
CONTINUOUS
10
0.6394788188976378
20
1.9209544094488189
11
0.6394786614173228
21
1.9209542519685039
0
LINE
8
BLACK
6
CONTINUOUS
10
0.6394786614173228
20
1.9209542519685039
11
0.6373034251968503
21
1.9176987795275591
0
LINE
8
BLACK
6
CONTINUOUS
10
0.6373034251968503
20
1.9176987795275591
11
0.6373033858267716
21
1.9176987007874016
0
LINE
8
BLACK
6
CONTINUOUS
10
0.6373033858267716
20
1.9176987007874016
11
0.6367322834645669
21
1.9148277559055118
0
LINE
8
BLACK
6
CONTINUOUS
10
0.6367322834645669
20
1.9148277559055118
11
0.6367322834645669
21
1.8917323228346457
0
LINE
8
BLACK
6
CONTINUOUS
10
1.7367322834645669
20
1.8917323228346457
11
1.7367323228346456
21
1.8917322834645669
0
LINE
8
BLACK
6
CONTINUOUS
10
1.7367323228346456
20
1.8917322834645669
11
1.7465748031496062
21
1.8917322834645669
0
LINE
8
BLACK
6
CONTINUOUS
10
1.7465748031496062
20
1.8917322834645669
11
1.7465748031496062
21
1.9138582677165354
0
LINE
8
BLACK
6
CONTINUOUS
10
1.7465748031496062
20
1.9138582677165354
11
1.7687007874015748
21
1.9138582677165354
0
LINE
8
BLACK
6
CONTINUOUS
10
1.7687007874015748
20
1.9138582677165354
11
1.7687007874015748
21
1.923700748031496
0
LINE
8
BLACK
6
CONTINUOUS
10
1.7687007874015748
20
1.923700748031496
11
1.768700748031496
21
1.9237007874015748
0
LINE
8
BLACK
6
CONTINUOUS
10
1.768700748031496
20
1.9237007874015748
11
1.7456053149606299
21
1.9237007874015748
0
LINE
8
BLACK
6
CONTINUOUS
10
1.7456053149606299
20
1.9237007874015748
11
1.7427343700787401
21
1.92312968503937
0
LINE
8
BLACK
6
CONTINUOUS
10
1.7427343700787401
20
1.92312968503937
11
1.7427342913385826
21
1.9231296456692912
0
LINE
8
BLACK
6
CONTINUOUS
10
1.7427342913385826
20
1.9231296456692912
11
1.7394788188976378
21
1.9209544094488189
0
LINE
8
BLACK
6
CONTINUOUS
10
1.7394788188976378
20
1.9209544094488189
11
1.7394786614173228
21
1.9209542519685039
0
LINE
8
BLACK
6
CONTINUOUS
10
1.7394786614173228
20
1.9209542519685039
11
1.7373034251968504
21
1.9176987795275591
0
LINE
8
BLACK
6
CONTINUOUS
10
1.7373034251968504
20
1.9176987795275591
11
1.7373033858267717
21
1.9176987007874016
0
LINE
8
BLACK
6
CONTINUOUS
10
1.7373033858267717
20
1.9176987007874016
11
1.7367322834645669
21
1.9148277559055118
0
LINE
8
BLACK
6
CONTINUOUS
10
1.7367322834645669
20
1.9148277559055118
11
1.7367322834645669
21
1.8917323228346457
0
LINE
8
BLACK
6
CONTINUOUS
10
0.2641732283464567
20
1.993326968503937
11
0.2654812598425197
21
1.9800461811023622
0
LINE
8
BLACK
6
CONTINUOUS
10
0.2654812598425197
20
1.9800461811023622
11
0.2680848818897638
21
1.9669568897637795
0
LINE
8
BLACK
6
CONTINUOUS
10
0.2680848818897638
20
1.9669568897637795
11
0.2719587007874016
21
1.954186496062992
0
LINE
8
BLACK
6
CONTINUOUS
10
0.2719587007874016
20
1.954186496062992
11
0.2770657874015748
21
1.9418568897637796
0
LINE
8
BLACK
6
CONTINUOUS
10
0.2770657874015748
20
1.9418568897637796
11
0.2770662992125984
21
1.9418558267716535
0
LINE
8
BLACK
6
CONTINUOUS
10
0.2770662992125984
20
1.9418558267716535
11
0.2833568503937008
21
1.930086968503937
0
LINE
8
BLACK
6
CONTINUOUS
10
0.2833568503937008
20
1.930086968503937
11
0.2907713779527559
21
1.9189904724409448
0
LINE
8
BLACK
6
CONTINUOUS
10
0.2907713779527559
20
1.9189904724409448
11
0.298471811023622
21
1.9096074803149605
0
LINE
8
BLACK
6
CONTINUOUS
10
0.298471811023622
20
1.9096074803149605
11
0.3055525196850394
21
1.9166882283464566
0
LINE
8
BLACK
6
CONTINUOUS
10
0.3055525196850394
20
1.9166882283464566
11
0.2972521653543307
21
1.9270965354330709
0
LINE
8
BLACK
6
CONTINUOUS
10
0.2972521653543307
20
1.9270965354330709
11
0.2897356299212598
21
1.9390590551181102
0
LINE
8
BLACK
6
CONTINUOUS
10
0.2897356299212598
20
1.9390590551181102
11
0.2836057086614173
21
1.9517879133858267
0
LINE
8
BLACK
6
CONTINUOUS
10
0.2836057086614173
20
1.9517879133858267
11
0.2789395669291339
21
1.9651230708661418
0
LINE
8
BLACK
6
CONTINUOUS
10
0.2789395669291339
20
1.9651230708661418
11
0.2757957874015748
21
1.9788968503937008
0
LINE
8
BLACK
6
CONTINUOUS
10
0.2757957874015748
20
1.9788968503937008
11
0.274213937007874
21
1.9929360236220472
0
LINE
8
BLACK
6
CONTINUOUS
10
0.274213937007874
20
1.9929360236220472
11
0.274213937007874
21
2.0070639763779528
0
LINE
8
BLACK
6
CONTINUOUS
10
0.274213937007874
20
2.0070639763779528
11
0.2757957874015748
21
2.021103149606299
0
LINE
8
BLACK
6
CONTINUOUS
10
0.2757957874015748
20
2.021103149606299
11
0.2789395669291339
21
2.0348769291338584
0
LINE
8
BLACK
6
CONTINUOUS
10
0.2789395669291339
20
2.0348769291338584
11
0.2836057086614173
21
2.0482120866141731
0
LINE
8
BLACK
6
CONTINUOUS
10
0.2836057086614173
20
2.0482120866141731
11
0.2897356299212598
21
2.0609409448818896
0
LINE
8
BLACK
6
CONTINUOUS
10
0.2897356299212598
20
2.0609409448818896
11
0.2972521653543307
21
2.0729034645669291
0
LINE
8
BLACK
6
CONTINUOUS
10
0.2972521653543307
20
2.0729034645669291
11
0.3055525590551181
21
2.0833118503937009
0
LINE
8
BLACK
6
CONTINUOUS
10
0.3055525590551181
20
2.0833118503937009
11
0.298471811023622
21
2.090392598425197
0
LINE
8
BLACK
6
CONTINUOUS
10
0.298471811023622
20
2.090392598425197
11
0.2907713779527559
21
2.0810095669291337
0
LINE
8
BLACK
6
CONTINUOUS
10
0.2907713779527559
20
2.0810095669291337
11
0.2833568503937008
21
2.0699130708661415
0
LINE
8
BLACK
6
CONTINUOUS
10
0.2833568503937008
20
2.0699130708661415
11
0.2770662992125984
21
2.0581442125984251
0
LINE
8
BLACK
6
CONTINUOUS
10
0.2770662992125984
20
2.0581442125984251
11
0.2770657874015748
21
2.0581431496062992
0
LINE
8
BLACK
6
CONTINUOUS
10
0.2770657874015748
20
2.0581431496062992
11
0.2719587007874016
21
2.0458135433070868
0
LINE
8
BLACK
6
CONTINUOUS
10
0.2719587007874016
20
2.0458135433070868
11
0.2680848818897638
21
2.0330431496062991
0
LINE
8
BLACK
6
CONTINUOUS
10
0.2680848818897638
20
2.0330431496062991
11
0.2654812598425197
21
2.0199538582677166
0
LINE
8
BLACK
6
CONTINUOUS
10
0.2654812598425197
20
2.0199538582677166
11
0.2641732283464567
21
2.0066730708661416
0
LINE
8
BLACK
6
CONTINUOUS
10
0.2641732283464567
20
2.0066730708661416
11
0.2641732283464567
21
1.993326968503937
0
LINE
8
BLACK
6
CONTINUOUS
10
1.8641732283464567
20
1.993326968503937
11
1.8654812598425197
21
1.9800461811023622
0
LINE
8
BLACK
6
CONTINUOUS
10
1.8654812598425197
20
1.9800461811023622
11
1.8680848818897637
21
1.9669568897637795
0
LINE
8
BLACK
6
CONTINUOUS
10
1.8680848818897637
20
1.9669568897637795
11
1.8719587007874015
21
1.954186496062992
0
LINE
8
BLACK
6
CONTINUOUS
10
1.8719587007874015
20
1.954186496062992
11
1.8770657874015748
21
1.9418568897637796
0
LINE
8
BLACK
6
CONTINUOUS
10
1.8770657874015748
20
1.9418568897637796
11
1.8770662992125984
21
1.9418558267716535
0
LINE
8
BLACK
6
CONTINUOUS
10
1.8770662992125984
20
1.9418558267716535
11
1.8833568503937008
21
1.930086968503937
0
LINE
8
BLACK
6
CONTINUOUS
10
1.8833568503937008
20
1.930086968503937
11
1.890771377952756
21
1.9189904724409448
0
LINE
8
BLACK
6
CONTINUOUS
10
1.890771377952756
20
1.9189904724409448
11
1.8984718110236221
21
1.9096074803149605
0
LINE
8
BLACK
6
CONTINUOUS
10
1.8984718110236221
20
1.9096074803149605
11
1.9055525196850394
21
1.9166882283464566
0
LINE
8
BLACK
6
CONTINUOUS
10
1.9055525196850394
20
1.9166882283464566
11
1.8972521653543306
21
1.9270965354330709
0
LINE
8
BLACK
6
CONTINUOUS
10
1.8972521653543306
20
1.9270965354330709
11
1.8897356299212598
21
1.9390590551181102
0
LINE
8
BLACK
6
CONTINUOUS
10
1.8897356299212598
20
1.9390590551181102
11
1.8836057086614173
21
1.9517879133858267
0
LINE
8
BLACK
6
CONTINUOUS
10
1.8836057086614173
20
1.9517879133858267
11
1.8789395669291338
21
1.9651230708661418
0
LINE
8
BLACK
6
CONTINUOUS
10
1.8789395669291338
20
1.9651230708661418
11
1.8757957874015747
21
1.9788968503937008
0
LINE
8
BLACK
6
CONTINUOUS
10
1.8757957874015747
20
1.9788968503937008
11
1.8742139370078739
21
1.9929360236220472
0
LINE
8
BLACK
6
CONTINUOUS
10
1.8742139370078739
20
1.9929360236220472
11
1.8742139370078739
21
2.0070639763779528
0
LINE
8
BLACK
6
CONTINUOUS
10
1.8742139370078739
20
2.0070639763779528
11
1.8757957874015747
21
2.021103149606299
0
LINE
8
BLACK
6
CONTINUOUS
10
1.8757957874015747
20
2.021103149606299
11
1.8789395669291338
21
2.0348769291338584
0
LINE
8
BLACK
6
CONTINUOUS
10
1.8789395669291338
20
2.0348769291338584
11
1.8836057086614173
21
2.0482120866141731
0
LINE
8
BLACK
6
CONTINUOUS
10
1.8836057086614173
20
2.0482120866141731
11
1.8897356299212598
21
2.0609409448818896
0
LINE
8
BLACK
6
CONTINUOUS
10
1.8897356299212598
20
2.0609409448818896
11
1.8972521653543306
21
2.0729034645669291
0
LINE
8
BLACK
6
CONTINUOUS
10
1.8972521653543306
20
2.0729034645669291
11
1.9055525590551181
21
2.0833118503937009
0
LINE
8
BLACK
6
CONTINUOUS
10
1.9055525590551181
20
2.0833118503937009
11
1.8984718110236221
21
2.090392598425197
0
LINE
8
BLACK
6
CONTINUOUS
10
1.8984718110236221
20
2.090392598425197
11
1.890771377952756
21
2.0810095669291337
0
LINE
8
BLACK
6
CONTINUOUS
10
1.890771377952756
20
2.0810095669291337
11
1.8833568503937008
21
2.0699130708661415
0
LINE
8
BLACK
6
CONTINUOUS
10
1.8833568503937008
20
2.0699130708661415
11
1.8770662992125984
21
2.0581442125984251
0
LINE
8
BLACK
6
CONTINUOUS
10
1.8770662992125984
20
2.0581442125984251
11
1.8770657874015748
21
2.0581431496062992
0
LINE
8
BLACK
6
CONTINUOUS
10
1.8770657874015748
20
2.0581431496062992
11
1.8719587007874015
21
2.0458135433070868
0
LINE
8
BLACK
6
CONTINUOUS
10
1.8719587007874015
20
2.0458135433070868
11
1.8680848818897637
21
2.0330431496062991
0
LINE
8
BLACK
6
CONTINUOUS
10
1.8680848818897637
20
2.0330431496062991
11
1.8654812598425197
21
2.0199538582677166
0
LINE
8
BLACK
6
CONTINUOUS
10
1.8654812598425197
20
2.0199538582677166
11
1.8641732283464567
21
2.0066730708661416
0
LINE
8
BLACK
6
CONTINUOUS
10
1.8641732283464567
20
2.0066730708661416
11
1.8641732283464567
21
1.993326968503937
0
LINE
8
BLACK
6
CONTINUOUS
10
0.7898818897637795
20
2.0059055511811024
11
0.7898819291338582
21
2.0059055118110236
0
LINE
8
BLACK
6
CONTINUOUS
10
0.7898819291338582
20
2.0059055118110236
11
0.7997244094488188
21
2.0059055118110236
0
LINE
8
BLACK
6
CONTINUOUS
10
0.7997244094488188
20
2.0059055118110236
11
0.7997244094488188
21
2.0280314960629919
0
LINE
8
BLACK
6
CONTINUOUS
10
0.7997244094488188
20
2.0280314960629919
11
0.8218503937007874
21
2.0280314960629919
0
LINE
8
BLACK
6
CONTINUOUS
10
0.8218503937007874
20
2.0280314960629919
11
0.8218503937007874
21
2.0378739763779525
0
LINE
8
BLACK
6
CONTINUOUS
10
0.8218503937007874
20
2.0378739763779525
11
0.8218503543307086
21
2.0378740157480313
0
LINE
8
BLACK
6
CONTINUOUS
10
0.8218503543307086
20
2.0378740157480313
11
0.7987549212598425
21
2.0378740157480313
0
LINE
8
BLACK
6
CONTINUOUS
10
0.7987549212598425
20
2.0378740157480313
11
0.7958839763779527
21
2.0373029133858269
0
LINE
8
BLACK
6
CONTINUOUS
10
0.7958839763779527
20
2.0373029133858269
11
0.7958838976377952
21
2.0373028740157482
0
LINE
8
BLACK
6
CONTINUOUS
10
0.7958838976377952
20
2.0373028740157482
11
0.7926284251968504
21
2.0351276377952754
0
LINE
8
BLACK
6
CONTINUOUS
10
0.7926284251968504
20
2.0351276377952754
11
0.7926282677165354
21
2.0351274803149604
0
LINE
8
BLACK
6
CONTINUOUS
10
0.7926282677165354
20
2.0351274803149604
11
0.7904530314960629
21
2.0318720078740156
0
LINE
8
BLACK
6
CONTINUOUS
10
0.7904530314960629
20
2.0318720078740156
11
0.7904529921259842
21
2.0318719291338581
0
LINE
8
BLACK
6
CONTINUOUS
10
0.7904529921259842
20
2.0318719291338581
11
0.7898818897637795
21
2.0290009842519683
0
LINE
8
BLACK
6
CONTINUOUS
10
0.7898818897637795
20
2.0290009842519683
11
0.7898818897637795
21
2.0059055511811024
0
LINE
8
BLACK
6
CONTINUOUS
10
1.1898818897637795
20
2.0059055511811024
11
1.1898819291338583
21
2.0059055118110236
0
LINE
8
BLACK
6
CONTINUOUS
10
1.1898819291338583
20
2.0059055118110236
11
1.1997244094488189
21
2.0059055118110236
0
LINE
8
BLACK
6
CONTINUOUS
10
1.1997244094488189
20
2.0059055118110236
11
1.1997244094488189
21
2.0280314960629919
0
LINE
8
BLACK
6
CONTINUOUS
10
1.1997244094488189
20
2.0280314960629919
11
1.2218503937007874
21
2.0280314960629919
0
LINE
8
BLACK
6
CONTINUOUS
10
1.2218503937007874
20
2.0280314960629919
11
1.2218503937007874
21
2.0378739763779525
0
LINE
8
BLACK
6
CONTINUOUS
10
1.2218503937007874
20
2.0378739763779525
11
1.2218503543307087
21
2.0378740157480313
0
LINE
8
BLACK
6
CONTINUOUS
10
1.2218503543307087
20
2.0378740157480313
11
1.1987549212598425
21
2.0378740157480313
0
LINE
8
BLACK
6
CONTINUOUS
10
1.1987549212598425
20
2.0378740157480313
11
1.1958839763779527
21
2.0373029133858269
0
LINE
8
BLACK
6
CONTINUOUS
10
1.1958839763779527
20
2.0373029133858269
11
1.1958838976377952
21
2.0373028740157482
0
LINE
8
BLACK
6
CONTINUOUS
10
1.1958838976377952
20
2.0373028740157482
11
1.1926284251968504
21
2.0351276377952754
0
LINE
8
BLACK
6
CONTINUOUS
10
1.1926284251968504
20
2.0351276377952754
11
1.1926282677165354
21
2.0351274803149604
0
LINE
8
BLACK
6
CONTINUOUS
10
1.1926282677165354
20
2.0351274803149604
11
1.1904530314960631
21
2.0318720078740156
0
LINE
8
BLACK
6
CONTINUOUS
10
1.1904530314960631
20
2.0318720078740156
11
1.1904529921259843
21
2.0318719291338581
0
LINE
8
BLACK
6
CONTINUOUS
10
1.1904529921259843
20
2.0318719291338581
11
1.1898818897637795
21
2.0290009842519683
0
LINE
8
BLACK
6
CONTINUOUS
10
1.1898818897637795
20
2.0290009842519683
11
1.1898818897637795
21
2.0059055511811024
0
LINE
8
BLACK
6
CONTINUOUS
10
0.7898818897637795
20
2.1059055511811025
11
0.7898819291338582
21
2.1059055118110237
0
LINE
8
BLACK
6
CONTINUOUS
10
0.7898819291338582
20
2.1059055118110237
11
0.7997244094488188
21
2.1059055118110237
0
LINE
8
BLACK
6
CONTINUOUS
10
0.7997244094488188
20
2.1059055118110237
11
0.7997244094488188
21
2.128031496062992
0
LINE
8
BLACK
6
CONTINUOUS
10
0.7997244094488188
20
2.128031496062992
11
0.8218503937007874
21
2.128031496062992
0
LINE
8
BLACK
6
CONTINUOUS
10
0.8218503937007874
20
2.128031496062992
11
0.8218503937007874
21
2.1378739763779526
0
LINE
8
BLACK
6
CONTINUOUS
10
0.8218503937007874
20
2.1378739763779526
11
0.8218503543307086
21
2.1378740157480314
0
LINE
8
BLACK
6
CONTINUOUS
10
0.8218503543307086
20
2.1378740157480314
11
0.7987549212598425
21
2.1378740157480314
0
LINE
8
BLACK
6
CONTINUOUS
10
0.7987549212598425
20
2.1378740157480314
11
0.7958839763779527
21
2.1373029133858266
0
LINE
8
BLACK
6
CONTINUOUS
10
0.7958839763779527
20
2.1373029133858266
11
0.7958838976377952
21
2.1373028740157478
0
LINE
8
BLACK
6
CONTINUOUS
10
0.7958838976377952
20
2.1373028740157478
11
0.7926284251968504
21
2.1351276377952755
0
LINE
8
BLACK
6
CONTINUOUS
10
0.7926284251968504
20
2.1351276377952755
11
0.7926282677165354
21
2.1351274803149605
0
LINE
8
BLACK
6
CONTINUOUS
10
0.7926282677165354
20
2.1351274803149605
11
0.7904530314960629
21
2.1318720078740157
0
LINE
8
BLACK
6
CONTINUOUS
10
0.7904530314960629
20
2.1318720078740157
11
0.7904529921259842
21
2.1318719291338581
0
LINE
8
BLACK
6
CONTINUOUS
10
0.7904529921259842
20
2.1318719291338581
11
0.7898818897637795
21
2.1290009842519684
0
LINE
8
BLACK
6
CONTINUOUS
10
0.7898818897637795
20
2.1290009842519684
11
0.7898818897637795
21
2.1059055511811025
0
LINE
8
BLACK
6
CONTINUOUS
10
1.1898818897637795
20
2.1059055511811025
11
1.1898819291338583
21
2.1059055118110237
0
LINE
8
BLACK
6
CONTINUOUS
10
1.1898819291338583
20
2.1059055118110237
11
1.1997244094488189
21
2.1059055118110237
0
LINE
8
BLACK
6
CONTINUOUS
10
1.1997244094488189
20
2.1059055118110237
11
1.1997244094488189
21
2.128031496062992
0
LINE
8
BLACK
6
CONTINUOUS
10
1.1997244094488189
20
2.128031496062992
11
1.2218503937007874
21
2.128031496062992
0
LINE
8
BLACK
6
CONTINUOUS
10
1.2218503937007874
20
2.128031496062992
11
1.2218503937007874
21
2.1378739763779526
0
LINE
8
BLACK
6
CONTINUOUS
10
1.2218503937007874
20
2.1378739763779526
11
1.2218503543307087
21
2.1378740157480314
0
LINE
8
BLACK
6
CONTINUOUS
10
1.2218503543307087
20
2.1378740157480314
11
1.1987549212598425
21
2.1378740157480314
0
LINE
8
BLACK
6
CONTINUOUS
10
1.1987549212598425
20
2.1378740157480314
11
1.1958839763779527
21
2.1373029133858266
0
LINE
8
BLACK
6
CONTINUOUS
10
1.1958839763779527
20
2.1373029133858266
11
1.1958838976377952
21
2.1373028740157478
0
LINE
8
BLACK
6
CONTINUOUS
10
1.1958838976377952
20
2.1373028740157478
11
1.1926284251968504
21
2.1351276377952755
0
LINE
8
BLACK
6
CONTINUOUS
10
1.1926284251968504
20
2.1351276377952755
11
1.1926282677165354
21
2.1351274803149605
0
LINE
8
BLACK
6
CONTINUOUS
10
1.1926282677165354
20
2.1351274803149605
11
1.1904530314960631
21
2.1318720078740157
0
LINE
8
BLACK
6
CONTINUOUS
10
1.1904530314960631
20
2.1318720078740157
11
1.1904529921259843
21
2.1318719291338581
0
LINE
8
BLACK
6
CONTINUOUS
10
1.1904529921259843
20
2.1318719291338581
11
1.1898818897637795
21
2.1290009842519684
0
LINE
8
BLACK
6
CONTINUOUS
10
1.1898818897637795
20
2.1290009842519684
11
1.1898818897637795
21
2.1059055511811025
0
CIRCLE
8
BLACK
10
0.305511811023622
20
0.4
40
0.0068897637795276
0
CIRCLE
8
BLACK
10
0.3331867716535433
20
0.4668132283464567
40
0.0068897637795276
0
CIRCLE
8
BLACK
10
0.3331867716535433
20
0.3331867716535433
40
0.0068897637795276
0
CIRCLE
8
BLACK
10
0.4
20
0.4944881889763779
40
0.0068897637795276
0
CIRCLE
8
BLACK
10
0.4
20
0.4
40
0.0068897637795276
0
CIRCLE
8
BLACK
10
0.4
20
0.305511811023622
40
0.0068897637795276
0
CIRCLE
8
BLACK
10
0.4668132283464567
20
0.4668132283464567
40
0.0068897637795276
0
CIRCLE
8
BLACK
10
0.4668132283464567
20
0.3331867716535433
40
0.0068897637795276
0
CIRCLE
8
BLACK
10
0.4944881889763779
20
0.4
40
0.0068897637795276
0
CIRCLE
8
BLACK
10
1.905511811023622
20
0.4
40
0.0068897637795276
0
CIRCLE
8
BLACK
10
1.9331867716535434
20
0.4668132283464567
40
0.0068897637795276
0
CIRCLE
8
BLACK
10
1.9331867716535434
20
0.3331867716535433
40
0.0068897637795276
0
CIRCLE
8
BLACK
10
2.
20
0.4944881889763779
40
0.0068897637795276
0
CIRCLE
8
BLACK
10
2.
20
0.4
40
0.0068897637795276
0
CIRCLE
8
BLACK
10
2.
20
0.305511811023622
40
0.0068897637795276
0
CIRCLE
8
BLACK
10
2.0668132283464566
20
0.4668132283464567
40
0.0068897637795276
0
CIRCLE
8
BLACK
10
2.0668132283464566
20
0.3331867716535433
40
0.0068897637795276
0
CIRCLE
8
BLACK
10
2.0944881889763778
20
0.4
40
0.0068897637795276
0
CIRCLE
8
BLACK
10
1.5523622047244094
20
0.4858267716535433
40
0.0068897637795276
0
CIRCLE
8
BLACK
10
1.6523622047244093
20
0.4858267716535433
40
0.0068897637795276
0
CIRCLE
8
BLACK
10
1.5523622047244094
20
0.3858267716535433
40
0.0068897637795276
0
CIRCLE
8
BLACK
10
1.6523622047244093
20
0.3858267716535433
40
0.0068897637795276
0
CIRCLE
8
BLACK
10
1.5523622047244094
20
0.2858267716535433
40
0.0068897637795276
0
CIRCLE
8
BLACK
10
1.6523622047244093
20
0.2858267716535433
40
0.0068897637795276
0
CIRCLE
8
BLACK
10
1.2297244094488189
20
2.0980314960629922
40
0.0068897637795276
0
CIRCLE
8
BLACK
10
1.2297244094488189
20
1.9980314960629921
40
0.0068897637795276
0
CIRCLE
8
BLACK
10
1.1297244094488188
20
2.0980314960629922
40
0.0068897637795276
0
CIRCLE
8
BLACK
10
1.1297244094488188
20
1.9980314960629921
40
0.0068897637795276
0
CIRCLE
8
BLACK
10
1.0297244094488189
20
2.0980314960629922
40
0.0068897637795276
0
CIRCLE
8
BLACK
10
1.0297244094488189
20
1.9980314960629921
40
0.0068897637795276
0
CIRCLE
8
BLACK
10
0.9297244094488188
20
2.0980314960629922
40
0.0068897637795276
0
CIRCLE
8
BLACK
10
0.9297244094488188
20
1.9980314960629921
40
0.0068897637795276
0
CIRCLE
8
BLACK
10
0.8297244094488189
20
2.0980314960629922
40
0.0068897637795276
0
CIRCLE
8
BLACK
10
0.8297244094488189
20
1.9980314960629921
40
0.0068897637795276
0
CIRCLE
8
BLACK
10
1.9669291338582677
20
1.7811023622047244
40
0.0068897637795276
0
CIRCLE
8
BLACK
10
2.0669291338582676
20
1.7811023622047244
40
0.0068897637795276
0
CIRCLE
8
BLACK
10
1.9669291338582677
20
1.6811023622047243
40
0.0068897637795276
0
CIRCLE
8
BLACK
10
2.0669291338582676
20
1.6811023622047243
40
0.0068897637795276
0
CIRCLE
8
BLACK
10
1.9669291338582677
20
1.5811023622047244
40
0.0068897637795276
0
CIRCLE
8
BLACK
10
2.0669291338582676
20
1.5811023622047244
40
0.0068897637795276
0
CIRCLE
8
BLACK
10
1.9669291338582677
20
1.4811023622047244
40
0.0068897637795276
0
CIRCLE
8
BLACK
10
2.0669291338582676
20
1.4811023622047244
40
0.0068897637795276
0
CIRCLE
8
BLACK
10
1.9669291338582677
20
1.3811023622047245
40
0.0068897637795276
0
CIRCLE
8
BLACK
10
2.0669291338582676
20
1.3811023622047245
40
0.0068897637795276
0
CIRCLE
8
BLACK
10
1.9669291338582677
20
1.2811023622047244
40
0.0068897637795276
0
CIRCLE
8
BLACK
10
2.0669291338582676
20
1.2811023622047244
40
0.0068897637795276
0
CIRCLE
8
BLACK
10
1.9669291338582677
20
1.1811023622047243
40
0.0068897637795276
0
CIRCLE
8
BLACK
10
2.0669291338582676
20
1.1811023622047243
40
0.0068897637795276
0
CIRCLE
8
BLACK
10
1.9669291338582677
20
1.0811023622047244
40
0.0068897637795276
0
CIRCLE
8
BLACK
10
2.0669291338582676
20
1.0811023622047244
40
0.0068897637795276
0
CIRCLE
8
BLACK
10
1.9669291338582677
20
0.9811023622047244
40
0.0068897637795276
0
CIRCLE
8
BLACK
10
2.0669291338582676
20
0.9811023622047244
40
0.0068897637795276
0
CIRCLE
8
BLACK
10
1.9669291338582677
20
0.8811023622047244
40
0.0068897637795276
0
CIRCLE
8
BLACK
10
2.0669291338582676
20
0.8811023622047244
40
0.0068897637795276
0
CIRCLE
8
BLACK
10
1.905511811023622
20
2.
40
0.0068897637795276
0
CIRCLE
8
BLACK
10
1.9331867716535434
20
2.0668132283464566
40
0.0068897637795276
0
CIRCLE
8
BLACK
10
1.9331867716535434
20
1.9331867716535434
40
0.0068897637795276
0
CIRCLE
8
BLACK
10
2.
20
2.0944881889763778
40
0.0068897637795276
0
CIRCLE
8
BLACK
10
2.
20
2.
40
0.0068897637795276
0
CIRCLE
8
BLACK
10
2.
20
1.905511811023622
40
0.0068897637795276
0
CIRCLE
8
BLACK
10
2.0668132283464566
20
2.0668132283464566
40
0.0068897637795276
0
CIRCLE
8
BLACK
10
2.0668132283464566
20
1.9331867716535434
40
0.0068897637795276
0
CIRCLE
8
BLACK
10
2.0944881889763778
20
2.
40
0.0068897637795276
0
CIRCLE
8
BLACK
10
1.0523622047244094
20
0.4818897637795275
40
0.0068897637795276
0
CIRCLE
8
BLACK
10
1.1523622047244095
20
0.4818897637795275
40
0.0068897637795276
0
CIRCLE
8
BLACK
10
1.0523622047244094
20
0.3818897637795275
40
0.0068897637795276
0
CIRCLE
8
BLACK
10
1.1523622047244095
20
0.3818897637795275
40
0.0068897637795276
0
CIRCLE
8
BLACK
10
1.0523622047244094
20
0.2818897637795276
40
0.0068897637795276
0
CIRCLE
8
BLACK
10
1.1523622047244095
20
0.2818897637795276
40
0.0068897637795276
0
CIRCLE
8
BLACK
10
0.4346456692913386
20
0.879527559055118
40
0.0068897637795276
0
CIRCLE
8
BLACK
10
0.3346456692913386
20
0.879527559055118
40
0.0068897637795276
0
CIRCLE
8
BLACK
10
0.4346456692913386
20
0.9795275590551181
40
0.0068897637795276
0
CIRCLE
8
BLACK
10
0.3346456692913386
20
0.9795275590551181
40
0.0068897637795276
0
CIRCLE
8
BLACK
10
0.4346456692913386
20
1.0795275590551181
40
0.0068897637795276
0
CIRCLE
8
BLACK
10
0.3346456692913386
20
1.0795275590551181
40
0.0068897637795276
0
CIRCLE
8
BLACK
10
0.4346456692913386
20
1.1795275590551182
40
0.0068897637795276
0
CIRCLE
8
BLACK
10
0.3346456692913386
20
1.1795275590551182
40
0.0068897637795276
0
CIRCLE
8
BLACK
10
0.4346456692913386
20
1.2795275590551181
40
0.0068897637795276
0
CIRCLE
8
BLACK
10
0.3346456692913386
20
1.2795275590551181
40
0.0068897637795276
0
CIRCLE
8
BLACK
10
0.4346456692913386
20
1.3795275590551181
40
0.0068897637795276
0
CIRCLE
8
BLACK
10
0.3346456692913386
20
1.3795275590551181
40
0.0068897637795276
0
CIRCLE
8
BLACK
10
0.4346456692913386
20
1.479527559055118
40
0.0068897637795276
0
CIRCLE
8
BLACK
10
0.3346456692913386
20
1.479527559055118
40
0.0068897637795276
0
CIRCLE
8
BLACK
10
0.4346456692913386
20
1.5795275590551181
40
0.0068897637795276
0
CIRCLE
8
BLACK
10
0.3346456692913386
20
1.5795275590551181
40
0.0068897637795276
0
CIRCLE
8
BLACK
10
0.4346456692913386
20
1.679527559055118
40
0.0068897637795276
0
CIRCLE
8
BLACK
10
0.3346456692913386
20
1.679527559055118
40
0.0068897637795276
0
CIRCLE
8
BLACK
10
0.4346456692913386
20
1.7795275590551181
40
0.0068897637795276
0
CIRCLE
8
BLACK
10
0.3346456692913386
20
1.7795275590551181
40
0.0068897637795276
0
CIRCLE
8
BLACK
10
1.5816929133858266
20
1.5383858267716535
40
0.0068897637795276
0
CIRCLE
8
BLACK
10
1.4816929133858268
20
1.5383858267716535
40
0.0068897637795276
0
CIRCLE
8
BLACK
10
0.305511811023622
20
2.
40
0.0068897637795276
0
CIRCLE
8
BLACK
10
0.3331867716535433
20
2.0668132283464566
40
0.0068897637795276
0
CIRCLE
8
BLACK
10
0.3331867716535433
20
1.9331867716535434
40
0.0068897637795276
0
CIRCLE
8
BLACK
10
0.4
20
2.0944881889763778
40
0.0068897637795276
0
CIRCLE
8
BLACK
10
0.4
20
2.
40
0.0068897637795276
0
CIRCLE
8
BLACK
10
0.4
20
1.905511811023622
40
0.0068897637795276
0
CIRCLE
8
BLACK
10
0.4668132283464567
20
2.0668132283464566
40
0.0068897637795276
0
CIRCLE
8
BLACK
10
0.4668132283464567
20
1.9331867716535434
40
0.0068897637795276
0
CIRCLE
8
BLACK
10
0.4944881889763779
20
2.
40
0.0068897637795276
0
CIRCLE
8
BLACK
10
0.6765748031496063
20
1.7838582677165353
40
0.0068897637795276
0
CIRCLE
8
BLACK
10
0.6765748031496063
20
1.8838582677165354
40
0.0068897637795276
0
CIRCLE
8
BLACK
10
0.7765748031496063
20
1.7838582677165353
40
0.0068897637795276
0
CIRCLE
8
BLACK
10
0.7765748031496063
20
1.8838582677165354
40
0.0068897637795276
0
CIRCLE
8
BLACK
10
0.8765748031496062
20
1.7838582677165353
40
0.0068897637795276
0
CIRCLE
8
BLACK
10
0.8765748031496062
20
1.8838582677165354
40
0.0068897637795276
0
CIRCLE
8
BLACK
10
0.9765748031496063
20
1.7838582677165353
40
0.0068897637795276
0
CIRCLE
8
BLACK
10
0.9765748031496063
20
1.8838582677165354
40
0.0068897637795276
0
CIRCLE
8
BLACK
10
1.0765748031496063
20
1.7838582677165353
40
0.0068897637795276
0
CIRCLE
8
BLACK
10
1.0765748031496063
20
1.8838582677165354
40
0.0068897637795276
0
CIRCLE
8
BLACK
10
1.1765748031496062
20
1.7838582677165353
40
0.0068897637795276
0
CIRCLE
8
BLACK
10
1.1765748031496062
20
1.8838582677165354
40
0.0068897637795276
0
CIRCLE
8
BLACK
10
1.2765748031496063
20
1.7838582677165353
40
0.0068897637795276
0
CIRCLE
8
BLACK
10
1.2765748031496063
20
1.8838582677165354
40
0.0068897637795276
0
CIRCLE
8
BLACK
10
1.3765748031496063
20
1.7838582677165353
40
0.0068897637795276
0
CIRCLE
8
BLACK
10
1.3765748031496063
20
1.8838582677165354
40
0.0068897637795276
0
CIRCLE
8
BLACK
10
1.4765748031496062
20
1.7838582677165353
40
0.0068897637795276
0
CIRCLE
8
BLACK
10
1.4765748031496062
20
1.8838582677165354
40
0.0068897637795276
0
CIRCLE
8
BLACK
10
1.5765748031496063
20
1.7838582677165353
40
0.0068897637795276
0
CIRCLE
8
BLACK
10
1.5765748031496063
20
1.8838582677165354
40
0.0068897637795276
0
CIRCLE
8
BLACK
10
1.6765748031496062
20
1.7838582677165353
40
0.0068897637795276
0
CIRCLE
8
BLACK
10
1.6765748031496062
20
1.8838582677165354
40
0.0068897637795276
0
CIRCLE
8
BLACK
10
1.7765748031496063
20
1.7838582677165353
40
0.0068897637795276
0
CIRCLE
8
BLACK
10
1.7765748031496063
20
1.8838582677165354
40
0.0068897637795276
0
CIRCLE
8
BLACK
10
0.8854330708661418
20
0.4454724409448819
40
0.0068897637795276
0
CIRCLE
8
BLACK
10
0.6578740157480315
20
0.4454724409448819
40
0.0068897637795276
0
LINE
8
BLACK
6
CONTINUOUS
10
0.9300223228346457
20
0.3178802362204725
11
0.9308203149606299
21
0.3208584645669291
0
LINE
8
BLACK
6
CONTINUOUS
10
0.9308203149606299
20
0.3208584645669291
11
0.9323619685039369
21
0.3235286614173228
0
LINE
8
BLACK
6
CONTINUOUS
10
0.9323619685039369
20
0.3235286614173228
11
0.9345422047244094
21
0.3257088976377953
0
LINE
8
BLACK
6
CONTINUOUS
10
0.9345422047244094
20
0.3257088976377953
11
0.9372124015748031
21
0.3272505511811024
0
LINE
8
BLACK
6
CONTINUOUS
10
0.9372124015748031
20
0.3272505511811024
11
0.9401906299212598
21
0.3280485433070866
0
LINE
8
BLACK
6
CONTINUOUS
10
0.9401906299212598
20
0.3280485433070866
11
0.943273937007874
21
0.3280485433070866
0
LINE
8
BLACK
6
CONTINUOUS
10
0.943273937007874
20
0.3280485433070866
11
0.9462521653543307
21
0.3272505511811024
0
LINE
8
BLACK
6
CONTINUOUS
10
0.9462521653543307
20
0.3272505511811024
11
0.9489223622047244
21
0.3257088976377953
0
LINE
8
BLACK
6
CONTINUOUS
10
0.9489223622047244
20
0.3257088976377953
11
0.9511025984251968
21
0.3235286614173228
0
LINE
8
BLACK
6
CONTINUOUS
10
0.9511025984251968
20
0.3235286614173228
11
0.9526442519685039
21
0.3208584645669291
0
LINE
8
BLACK
6
CONTINUOUS
10
0.9526442519685039
20
0.3208584645669291
11
0.9534422440944882
21
0.3178802362204725
0
LINE
8
BLACK
6
CONTINUOUS
10
0.9534422440944882
20
0.3178802362204725
11
0.9535433070866142
21
0.3163385826771654
0
LINE
8
BLACK
6
CONTINUOUS
10
0.9535433070866142
20
0.3163385826771654
11
0.9535433070866142
21
0.2848425196850394
0
LINE
8
BLACK
6
CONTINUOUS
10
0.9535433070866142
20
0.2848425196850394
11
0.9534422440944882
21
0.2833008661417323
0
LINE
8
BLACK
6
CONTINUOUS
10
0.9534422440944882
20
0.2833008661417323
11
0.9526442519685039
21
0.2803226377952756
0
LINE
8
BLACK
6
CONTINUOUS
10
0.9526442519685039
20
0.2803226377952756
11
0.9511025984251968
21
0.2776524409448819
0
LINE
8
BLACK
6
CONTINUOUS
10
0.9511025984251968
20
0.2776524409448819
11
0.9489223622047244
21
0.2754722047244094
0
LINE
8
BLACK
6
CONTINUOUS
10
0.9489223622047244
20
0.2754722047244094
11
0.9462521653543307
21
0.2739305511811024
0
LINE
8
BLACK
6
CONTINUOUS
10
0.9462521653543307
20
0.2739305511811024
11
0.943273937007874
21
0.2731325590551181
0
LINE
8
BLACK
6
CONTINUOUS
10
0.943273937007874
20
0.2731325590551181
11
0.9401906299212598
21
0.2731325590551181
0
LINE
8
BLACK
6
CONTINUOUS
10
0.9401906299212598
20
0.2731325590551181
11
0.9372124015748031
21
0.2739305511811024
0
LINE
8
BLACK
6
CONTINUOUS
10
0.9372124015748031
20
0.2739305511811024
11
0.9345422047244094
21
0.2754722047244094
0
LINE
8
BLACK
6
CONTINUOUS
10
0.9345422047244094
20
0.2754722047244094
11
0.9323619685039369
21
0.2776524409448819
0
LINE
8
BLACK
6
CONTINUOUS
10
0.9323619685039369
20
0.2776524409448819
11
0.9308203149606299
21
0.2803226377952756
0
LINE
8
BLACK
6
CONTINUOUS
10
0.9308203149606299
20
0.2803226377952756
11
0.9300223228346457
21
0.2833008661417323
0
LINE
8
BLACK
6
CONTINUOUS
10
0.9300223228346457
20
0.2833008661417323
11
0.9299212598425196
21
0.2848425196850394
0
LINE
8
BLACK
6
CONTINUOUS
10
0.9299212598425196
20
0.2848425196850394
11
0.9299212598425196
21
0.3163385826771654
0
LINE
8
BLACK
6
CONTINUOUS
10
0.9299212598425196
20
0.3163385826771654
11
0.9300223228346457
21
0.3178802362204725
0
LINE
8
BLACK
6
CONTINUOUS
10
0.5898648425196851
20
0.3178802362204725
11
0.5906628346456693
21
0.3208584645669291
0
LINE
8
BLACK
6
CONTINUOUS
10
0.5906628346456693
20
0.3208584645669291
11
0.5922044881889764
21
0.3235286614173228
0
LINE
8
BLACK
6
CONTINUOUS
10
0.5922044881889764
20
0.3235286614173228
11
0.5943847244094488
21
0.3257088976377953
0
LINE
8
BLACK
6
CONTINUOUS
10
0.5943847244094488
20
0.3257088976377953
11
0.5970549212598425
21
0.3272505511811024
0
LINE
8
BLACK
6
CONTINUOUS
10
0.5970549212598425
20
0.3272505511811024
11
0.6000331496062992
21
0.3280485433070866
0
LINE
8
BLACK
6
CONTINUOUS
10
0.6000331496062992
20
0.3280485433070866
11
0.6031164566929134
21
0.3280485433070866
0
LINE
8
BLACK
6
CONTINUOUS
10
0.6031164566929134
20
0.3280485433070866
11
0.60609468503937
21
0.3272505511811024
0
LINE
8
BLACK
6
CONTINUOUS
10
0.60609468503937
20
0.3272505511811024
11
0.6087648818897637
21
0.3257088976377953
0
LINE
8
BLACK
6
CONTINUOUS
10
0.6087648818897637
20
0.3257088976377953
11
0.6109451181102362
21
0.3235286614173228
0
LINE
8
BLACK
6
CONTINUOUS
10
0.6109451181102362
20
0.3235286614173228
11
0.6124867716535433
21
0.3208584645669291
0
LINE
8
BLACK
6
CONTINUOUS
10
0.6124867716535433
20
0.3208584645669291
11
0.6132847637795276
21
0.3178802362204725
0
LINE
8
BLACK
6
CONTINUOUS
10
0.6132847637795276
20
0.3178802362204725
11
0.6133858267716535
21
0.3163385826771654
0
LINE
8
BLACK
6
CONTINUOUS
10
0.6133858267716535
20
0.3163385826771654
11
0.6133858267716535
21
0.2848425196850394
0
LINE
8
BLACK
6
CONTINUOUS
10
0.6133858267716535
20
0.2848425196850394
11
0.6132847637795276
21
0.2833008661417323
0
LINE
8
BLACK
6
CONTINUOUS
10
0.6132847637795276
20
0.2833008661417323
11
0.6124867716535433
21
0.2803226377952756
0
LINE
8
BLACK
6
CONTINUOUS
10
0.6124867716535433
20
0.2803226377952756
11
0.6109451181102362
21
0.2776524409448819
0
LINE
8
BLACK
6
CONTINUOUS
10
0.6109451181102362
20
0.2776524409448819
11
0.6087648818897637
21
0.2754722047244094
0
LINE
8
BLACK
6
CONTINUOUS
10
0.6087648818897637
20
0.2754722047244094
11
0.60609468503937
21
0.2739305511811024
0
LINE
8
BLACK
6
CONTINUOUS
10
0.60609468503937
20
0.2739305511811024
11
0.6031164566929134
21
0.2731325590551181
0
LINE
8
BLACK
6
CONTINUOUS
10
0.6031164566929134
20
0.2731325590551181
11
0.6000331496062992
21
0.2731325590551181
0
LINE
8
BLACK
6
CONTINUOUS
10
0.6000331496062992
20
0.2731325590551181
11
0.5970549212598425
21
0.2739305511811024
0
LINE
8
BLACK
6
CONTINUOUS
10
0.5970549212598425
20
0.2739305511811024
11
0.5943847244094488
21
0.2754722047244094
0
LINE
8
BLACK
6
CONTINUOUS
10
0.5943847244094488
20
0.2754722047244094
11
0.5922044881889764
21
0.2776524409448819
0
LINE
8
BLACK
6
CONTINUOUS
10
0.5922044881889764
20
0.2776524409448819
11
0.5906628346456693
21
0.2803226377952756
0
LINE
8
BLACK
6
CONTINUOUS
10
0.5906628346456693
20
0.2803226377952756
11
0.5898648425196851
21
0.2833008661417323
0
LINE
8
BLACK
6
CONTINUOUS
10
0.5898648425196851
20
0.2833008661417323
11
0.5897637795275591
21
0.2848425196850394
0
LINE
8
BLACK
6
CONTINUOUS
10
0.5897637795275591
20
0.2848425196850394
11
0.5897637795275591
21
0.3163385826771654
0
LINE
8
BLACK
6
CONTINUOUS
10
0.5897637795275591
20
0.3163385826771654
11
0.5898648425196851
21
0.3178802362204725
0
LINE
8
BLACK
6
CONTINUOUS
10
0.9300223228346457
20
0.4883526771653543
11
0.9308203149606299
21
0.491330905511811
0
LINE
8
BLACK
6
CONTINUOUS
10
0.9308203149606299
20
0.491330905511811
11
0.9323619685039369
21
0.4940011023622047
0
LINE
8
BLACK
6
CONTINUOUS
10
0.9323619685039369
20
0.4940011023622047
11
0.9345422047244094
21
0.4961813385826772
0
LINE
8
BLACK
6
CONTINUOUS
10
0.9345422047244094
20
0.4961813385826772
11
0.9372124015748031
21
0.4977229921259843
0
LINE
8
BLACK
6
CONTINUOUS
10
0.9372124015748031
20
0.4977229921259843
11
0.9401906299212598
21
0.4985209842519685
0
LINE
8
BLACK
6
CONTINUOUS
10
0.9401906299212598
20
0.4985209842519685
11
0.943273937007874
21
0.4985209842519685
0
LINE
8
BLACK
6
CONTINUOUS
10
0.943273937007874
20
0.4985209842519685
11
0.9462521653543307
21
0.4977229921259843
0
LINE
8
BLACK
6
CONTINUOUS
10
0.9462521653543307
20
0.4977229921259843
11
0.9489223622047244
21
0.4961813385826772
0
LINE
8
BLACK
6
CONTINUOUS
10
0.9489223622047244
20
0.4961813385826772
11
0.9511025984251968
21
0.4940011023622047
0
LINE
8
BLACK
6
CONTINUOUS
10
0.9511025984251968
20
0.4940011023622047
11
0.9526442519685039
21
0.491330905511811
0
LINE
8
BLACK
6
CONTINUOUS
10
0.9526442519685039
20
0.491330905511811
11
0.9534422440944882
21
0.4883526771653543
0
LINE
8
BLACK
6
CONTINUOUS
10
0.9534422440944882
20
0.4883526771653543
11
0.9535433070866142
21
0.4868110236220473
0
LINE
8
BLACK
6
CONTINUOUS
10
0.9535433070866142
20
0.4868110236220473
11
0.9535433070866142
21
0.443503937007874
0
LINE
8
BLACK
6
CONTINUOUS
10
0.9535433070866142
20
0.443503937007874
11
0.9534422440944882
21
0.4419622834645669
0
LINE
8
BLACK
6
CONTINUOUS
10
0.9534422440944882
20
0.4419622834645669
11
0.9526442519685039
21
0.4389840551181102
0
LINE
8
BLACK
6
CONTINUOUS
10
0.9526442519685039
20
0.4389840551181102
11
0.9511025984251968
21
0.4363138582677165
0
LINE
8
BLACK
6
CONTINUOUS
10
0.9511025984251968
20
0.4363138582677165
11
0.9489223622047244
21
0.4341336220472441
0
LINE
8
BLACK
6
CONTINUOUS
10
0.9489223622047244
20
0.4341336220472441
11
0.9462521653543307
21
0.432591968503937
0
LINE
8
BLACK
6
CONTINUOUS
10
0.9462521653543307
20
0.432591968503937
11
0.943273937007874
21
0.4317939763779527
0
LINE
8
BLACK
6
CONTINUOUS
10
0.943273937007874
20
0.4317939763779527
11
0.9401906299212598
21
0.4317939763779527
0
LINE
8
BLACK
6
CONTINUOUS
10
0.9401906299212598
20
0.4317939763779527
11
0.9372124015748031
21
0.432591968503937
0
LINE
8
BLACK
6
CONTINUOUS
10
0.9372124015748031
20
0.432591968503937
11
0.9345422047244094
21
0.4341336220472441
0
LINE
8
BLACK
6
CONTINUOUS
10
0.9345422047244094
20
0.4341336220472441
11
0.9323619685039369
21
0.4363138582677165
0
LINE
8
BLACK
6
CONTINUOUS
10
0.9323619685039369
20
0.4363138582677165
11
0.9308203149606299
21
0.4389840551181102
0
LINE
8
BLACK
6
CONTINUOUS
10
0.9308203149606299
20
0.4389840551181102
11
0.9300223228346457
21
0.4419622834645669
0
LINE
8
BLACK
6
CONTINUOUS
10
0.9300223228346457
20
0.4419622834645669
11
0.9299212598425196
21
0.443503937007874
0
LINE
8
BLACK
6
CONTINUOUS
10
0.9299212598425196
20
0.443503937007874
11
0.9299212598425196
21
0.4868110236220473
0
LINE
8
BLACK
6
CONTINUOUS
10
0.9299212598425196
20
0.4868110236220473
11
0.9300223228346457
21
0.4883526771653543
0
LINE
8
BLACK
6
CONTINUOUS
10
0.5898648425196851
20
0.4883526771653543
11
0.5906628346456693
21
0.491330905511811
0
LINE
8
BLACK
6
CONTINUOUS
10
0.5906628346456693
20
0.491330905511811
11
0.5922044881889764
21
0.4940011023622047
0
LINE
8
BLACK
6
CONTINUOUS
10
0.5922044881889764
20
0.4940011023622047
11
0.5943847244094488
21
0.4961813385826772
0
LINE
8
BLACK
6
CONTINUOUS
10
0.5943847244094488
20
0.4961813385826772
11
0.5970549212598425
21
0.4977229921259843
0
LINE
8
BLACK
6
CONTINUOUS
10
0.5970549212598425
20
0.4977229921259843
11
0.6000331496062992
21
0.4985209842519685
0
LINE
8
BLACK
6
CONTINUOUS
10
0.6000331496062992
20
0.4985209842519685
11
0.6031164566929134
21
0.4985209842519685
0
LINE
8
BLACK
6
CONTINUOUS
10
0.6031164566929134
20
0.4985209842519685
11
0.60609468503937
21
0.4977229921259843
0
LINE
8
BLACK
6
CONTINUOUS
10
0.60609468503937
20
0.4977229921259843
11
0.6087648818897637
21
0.4961813385826772
0
LINE
8
BLACK
6
CONTINUOUS
10
0.6087648818897637
20
0.4961813385826772
11
0.6109451181102362
21
0.4940011023622047
0
LINE
8
BLACK
6
CONTINUOUS
10
0.6109451181102362
20
0.4940011023622047
11
0.6124867716535433
21
0.491330905511811
0
LINE
8
BLACK
6
CONTINUOUS
10
0.6124867716535433
20
0.491330905511811
11
0.6132847637795276
21
0.4883526771653543
0
LINE
8
BLACK
6
CONTINUOUS
10
0.6132847637795276
20
0.4883526771653543
11
0.6133858267716535
21
0.4868110236220473
0
LINE
8
BLACK
6
CONTINUOUS
10
0.6133858267716535
20
0.4868110236220473
11
0.6133858267716535
21
0.443503937007874
0
LINE
8
BLACK
6
CONTINUOUS
10
0.6133858267716535
20
0.443503937007874
11
0.6132847637795276
21
0.4419622834645669
0
LINE
8
BLACK
6
CONTINUOUS
10
0.6132847637795276
20
0.4419622834645669
11
0.6124867716535433
21
0.4389840551181102
0
LINE
8
BLACK
6
CONTINUOUS
10
0.6124867716535433
20
0.4389840551181102
11
0.6109451181102362
21
0.4363138582677165
0
LINE
8
BLACK
6
CONTINUOUS
10
0.6109451181102362
20
0.4363138582677165
11
0.6087648818897637
21
0.4341336220472441
0
LINE
8
BLACK
6
CONTINUOUS
10
0.6087648818897637
20
0.4341336220472441
11
0.60609468503937
21
0.432591968503937
0
LINE
8
BLACK
6
CONTINUOUS
10
0.60609468503937
20
0.432591968503937
11
0.6031164566929134
21
0.4317939763779527
0
LINE
8
BLACK
6
CONTINUOUS
10
0.6031164566929134
20
0.4317939763779527
11
0.6000331496062992
21
0.4317939763779527
0
LINE
8
BLACK
6
CONTINUOUS
10
0.6000331496062992
20
0.4317939763779527
11
0.5970549212598425
21
0.432591968503937
0
LINE
8
BLACK
6
CONTINUOUS
10
0.5970549212598425
20
0.432591968503937
11
0.5943847244094488
21
0.4341336220472441
0
LINE
8
BLACK
6
CONTINUOUS
10
0.5943847244094488
20
0.4341336220472441
11
0.5922044881889764
21
0.4363138582677165
0
LINE
8
BLACK
6
CONTINUOUS
10
0.5922044881889764
20
0.4363138582677165
11
0.5906628346456693
21
0.4389840551181102
0
LINE
8
BLACK
6
CONTINUOUS
10
0.5906628346456693
20
0.4389840551181102
11
0.5898648425196851
21
0.4419622834645669
0
LINE
8
BLACK
6
CONTINUOUS
10
0.5898648425196851
20
0.4419622834645669
11
0.5897637795275591
21
0.443503937007874
0
LINE
8
BLACK
6
CONTINUOUS
10
0.5897637795275591
20
0.443503937007874
11
0.5897637795275591
21
0.4868110236220473
0
LINE
8
BLACK
6
CONTINUOUS
10
0.5897637795275591
20
0.4868110236220473
11
0.5898648425196851
21
0.4883526771653543
0
LINE
8
BLACK
6
CONTINUOUS
10
1.4899773622047243
20
0.6400348031496063
11
1.488546968503937
21
0.6328437007874016
0
LINE
8
BLACK
6
CONTINUOUS
10
1.488546968503937
20
0.6328437007874016
11
1.4857411417322834
21
0.6260698031496063
0
LINE
8
BLACK
6
CONTINUOUS
10
1.4857411417322834
20
0.6260698031496063
11
1.4816677165354331
21
0.6199734645669291
0
LINE
8
BLACK
6
CONTINUOUS
10
1.4816677165354331
20
0.6199734645669291
11
1.4764832283464566
21
0.6147889763779527
0
LINE
8
BLACK
6
CONTINUOUS
10
1.4764832283464566
20
0.6147889763779527
11
1.4703868897637795
21
0.6107155511811023
0
LINE
8
BLACK
6
CONTINUOUS
10
1.4703868897637795
20
0.6107155511811023
11
1.4636129921259842
21
0.6079097244094488
0
LINE
8
BLACK
6
CONTINUOUS
10
1.4636129921259842
20
0.6079097244094488
11
1.4564218897637795
21
0.6064793307086614
0
LINE
8
BLACK
6
CONTINUOUS
10
1.4564218897637795
20
0.6064793307086614
11
1.4490899212598425
21
0.6064793307086614
0
LINE
8
BLACK
6
CONTINUOUS
10
1.4490899212598425
20
0.6064793307086614
11
1.4418988188976378
21
0.6079097244094488
0
LINE
8
BLACK
6
CONTINUOUS
10
1.4418988188976378
20
0.6079097244094488
11
1.4351249212598425
21
0.6107155511811023
0
LINE
8
BLACK
6
CONTINUOUS
10
1.4351249212598425
20
0.6107155511811023
11
1.4290285826771654
21
0.6147889763779527
0
LINE
8
BLACK
6
CONTINUOUS
10
1.4290285826771654
20
0.6147889763779527
11
1.4238440944881889
21
0.6199734645669291
0
LINE
8
BLACK
6
CONTINUOUS
10
1.4238440944881889
20
0.6199734645669291
11
1.4197706692913385
21
0.6260698031496063
0
LINE
8
BLACK
6
CONTINUOUS
10
1.4197706692913385
20
0.6260698031496063
11
1.416964842519685
21
0.6328437007874016
0
LINE
8
BLACK
6
CONTINUOUS
10
1.416964842519685
20
0.6328437007874016
11
1.4155344488188977
21
0.6400348031496063
0
LINE
8
BLACK
6
CONTINUOUS
10
1.4155344488188977
20
0.6400348031496063
11
1.4153543307086613
21
0.6437007874015748
0
LINE
8
BLACK
6
CONTINUOUS
10
1.4153543307086613
20
0.6437007874015748
11
1.4153543307086613
21
0.6633858267716535
0
LINE
8
BLACK
6
CONTINUOUS
10
1.4153543307086613
20
0.6633858267716535
11
1.4155344488188977
21
0.667051811023622
0
LINE
8
BLACK
6
CONTINUOUS
10
1.4155344488188977
20
0.667051811023622
11
1.416964842519685
21
0.6742429133858268
0
LINE
8
BLACK
6
CONTINUOUS
10
1.416964842519685
20
0.6742429133858268
11
1.4197706692913385
21
0.681016811023622
0
LINE
8
BLACK
6
CONTINUOUS
10
1.4197706692913385
20
0.681016811023622
11
1.4238440944881889
21
0.6871131496062992
0
LINE
8
BLACK
6
CONTINUOUS
10
1.4238440944881889
20
0.6871131496062992
11
1.4290285826771654
21
0.6922976377952755
0
LINE
8
BLACK
6
CONTINUOUS
10
1.4290285826771654
20
0.6922976377952755
11
1.4351249212598425
21
0.6963710629921259
0
LINE
8
BLACK
6
CONTINUOUS
10
1.4351249212598425
20
0.6963710629921259
11
1.4418988188976378
21
0.6991768897637796
0
LINE
8
BLACK
6
CONTINUOUS
10
1.4418988188976378
20
0.6991768897637796
11
1.4490899212598425
21
0.7006072834645669
0
LINE
8
BLACK
6
CONTINUOUS
10
1.4490899212598425
20
0.7006072834645669
11
1.4564218897637795
21
0.7006072834645669
0
LINE
8
BLACK
6
CONTINUOUS
10
1.4564218897637795
20
0.7006072834645669
11
1.4636129921259842
21
0.6991768897637796
0
LINE
8
BLACK
6
CONTINUOUS
10
1.4636129921259842
20
0.6991768897637796
11
1.4703868897637795
21
0.6963710629921259
0
LINE
8
BLACK
6
CONTINUOUS
10
1.4703868897637795
20
0.6963710629921259
11
1.4764832283464566
21
0.6922976377952755
0
LINE
8
BLACK
6
CONTINUOUS
10
1.4764832283464566
20
0.6922976377952755
11
1.4816677165354331
21
0.6871131496062992
0
LINE
8
BLACK
6
CONTINUOUS
10
1.4816677165354331
20
0.6871131496062992
11
1.4857411417322834
21
0.681016811023622
0
LINE
8
BLACK
6
CONTINUOUS
10
1.4857411417322834
20
0.681016811023622
11
1.488546968503937
21
0.6742429133858268
0
LINE
8
BLACK
6
CONTINUOUS
10
1.488546968503937
20
0.6742429133858268
11
1.4899773622047243
21
0.667051811023622
0
LINE
8
BLACK
6
CONTINUOUS
10
1.4899773622047243
20
0.667051811023622
11
1.4901574803149606
21
0.6633858267716535
0
LINE
8
BLACK
6
CONTINUOUS
10
1.4901574803149606
20
0.6633858267716535
11
1.4901574803149606
21
0.6437007874015748
0
LINE
8
BLACK
6
CONTINUOUS
10
1.4901574803149606
20
0.6437007874015748
11
1.4899773622047243
21
0.6400348031496063
0
LINE
8
BLACK
6
CONTINUOUS
10
1.6202588582677164
20
0.667051811023622
11
1.621689251968504
21
0.6742429133858268
0
LINE
8
BLACK
6
CONTINUOUS
10
1.621689251968504
20
0.6742429133858268
11
1.6244950787401575
21
0.681016811023622
0
LINE
8
BLACK
6
CONTINUOUS
10
1.6244950787401575
20
0.681016811023622
11
1.6285685039370079
21
0.6871131496062992
0
LINE
8
BLACK
6
CONTINUOUS
10
1.6285685039370079
20
0.6871131496062992
11
1.6337529921259841
21
0.6922976377952755
0
LINE
8
BLACK
6
CONTINUOUS
10
1.6337529921259841
20
0.6922976377952755
11
1.6398493307086615
21
0.6963710629921259
0
LINE
8
BLACK
6
CONTINUOUS
10
1.6398493307086615
20
0.6963710629921259
11
1.6466232283464566
21
0.6991768897637796
0
LINE
8
BLACK
6
CONTINUOUS
10
1.6466232283464566
20
0.6991768897637796
11
1.6538143307086615
21
0.7006072834645669
0
LINE
8
BLACK
6
CONTINUOUS
10
1.6538143307086615
20
0.7006072834645669
11
1.6611462992125985
21
0.7006072834645669
0
LINE
8
BLACK
6
CONTINUOUS
10
1.6611462992125985
20
0.7006072834645669
11
1.6683374015748031
21
0.6991768897637796
0
LINE
8
BLACK
6
CONTINUOUS
10
1.6683374015748031
20
0.6991768897637796
11
1.6751112992125985
21
0.6963710629921259
0
LINE
8
BLACK
6
CONTINUOUS
10
1.6751112992125985
20
0.6963710629921259
11
1.6812076377952756
21
0.6922976377952755
0
LINE
8
BLACK
6
CONTINUOUS
10
1.6812076377952756
20
0.6922976377952755
11
1.686392125984252
21
0.6871131496062992
0
LINE
8
BLACK
6
CONTINUOUS
10
1.686392125984252
20
0.6871131496062992
11
1.6904655511811024
21
0.681016811023622
0
LINE
8
BLACK
6
CONTINUOUS
10
1.6904655511811024
20
0.681016811023622
11
1.693271377952756
21
0.6742429133858268
0
LINE
8
BLACK
6
CONTINUOUS
10
1.693271377952756
20
0.6742429133858268
11
1.6947017716535433
21
0.667051811023622
0
LINE
8
BLACK
6
CONTINUOUS
10
1.6947017716535433
20
0.667051811023622
11
1.6948818897637794
21
0.6633858267716535
0
LINE
8
BLACK
6
CONTINUOUS
10
1.6948818897637794
20
0.6633858267716535
11
1.6948818897637794
21
0.6437007874015748
0
LINE
8
BLACK
6
CONTINUOUS
10
1.6948818897637794
20
0.6437007874015748
11
1.6947017716535433
21
0.6400348031496063
0
LINE
8
BLACK
6
CONTINUOUS
10
1.6947017716535433
20
0.6400348031496063
11
1.693271377952756
21
0.6328437007874016
0
LINE
8
BLACK
6
CONTINUOUS
10
1.693271377952756
20
0.6328437007874016
11
1.6904655511811024
21
0.6260698031496063
0
LINE
8
BLACK
6
CONTINUOUS
10
1.6904655511811024
20
0.6260698031496063
11
1.686392125984252
21
0.6199734645669291
0
LINE
8
BLACK
6
CONTINUOUS
10
1.686392125984252
20
0.6199734645669291
11
1.6812076377952756
21
0.6147889763779527
0
LINE
8
BLACK
6
CONTINUOUS
10
1.6812076377952756
20
0.6147889763779527
11
1.6751112992125985
21
0.6107155511811023
0
LINE
8
BLACK
6
CONTINUOUS
10
1.6751112992125985
20
0.6107155511811023
11
1.6683374015748031
21
0.6079097244094488
0
LINE
8
BLACK
6
CONTINUOUS
10
1.6683374015748031
20
0.6079097244094488
11
1.6611462992125985
21
0.6064793307086614
0
LINE
8
BLACK
6
CONTINUOUS
10
1.6611462992125985
20
0.6064793307086614
11
1.6538143307086615
21
0.6064793307086614
0
LINE
8
BLACK
6
CONTINUOUS
10
1.6538143307086615
20
0.6064793307086614
11
1.6466232283464566
21
0.6079097244094488
0
LINE
8
BLACK
6
CONTINUOUS
10
1.6466232283464566
20
0.6079097244094488
11
1.6398493307086615
21
0.6107155511811023
0
LINE
8
BLACK
6
CONTINUOUS
10
1.6398493307086615
20
0.6107155511811023
11
1.6337529921259841
21
0.6147889763779527
0
LINE
8
BLACK
6
CONTINUOUS
10
1.6337529921259841
20
0.6147889763779527
11
1.6285685039370079
21
0.6199734645669291
0
LINE
8
BLACK
6
CONTINUOUS
10
1.6285685039370079
20
0.6199734645669291
11
1.6244950787401575
21
0.6260698031496063
0
LINE
8
BLACK
6
CONTINUOUS
10
1.6244950787401575
20
0.6260698031496063
11
1.621689251968504
21
0.6328437007874016
0
LINE
8
BLACK
6
CONTINUOUS
10
1.621689251968504
20
0.6328437007874016
11
1.6202588582677164
21
0.6400348031496063
0
LINE
8
BLACK
6
CONTINUOUS
10
1.6202588582677164
20
0.6400348031496063
11
1.6200787401574803
21
0.6437007874015748
0
LINE
8
BLACK
6
CONTINUOUS
10
1.6200787401574803
20
0.6437007874015748
11
1.6200787401574803
21
0.6633858267716535
0
LINE
8
BLACK
6
CONTINUOUS
10
1.6200787401574803
20
0.6633858267716535
11
1.6202588582677164
21
0.667051811023622
0
CIRCLE
8
BLACK
10
1.546259842519685
20
0.952755905511811
40
0.0059055118110236
0
CIRCLE
8
BLACK
10
0.9921259842519685
20
0.6614173228346456
40
0.0059055118110236
0
CIRCLE
8
BLACK
10
1.1771653543307086
20
1.3937007874015748
40
0.0059055118110236
0
CIRCLE
8
BLACK
10
1.015748031496063
20
0.8188976377952756
40
0.0059055118110236
0
CIRCLE
8
BLACK
10
0.9291338582677166
20
0.5984251968503936
40
0.0059055118110236
0
CIRCLE
8
BLACK
10
1.4291338582677164
20
1.3720472440944882
40
0.0059055118110236
0
CIRCLE
8
BLACK
10
1.0511811023622046
20
0.9606299212598425
40
0.0059055118110236
0
CIRCLE
8
BLACK
10
1.1220472440944882
20
0.6614173228346456
40
0.0059055118110236
0
CIRCLE
8
BLACK
10
1.3031496062992125
20
1.1417322834645669
40
0.0059055118110236
0
CIRCLE
8
BLACK
10
1.4803149606299213
20
1.4261811023622046
40
0.0059055118110236
0
CIRCLE
8
BLACK
10
0.7411417322834646
20
0.6574803149606299
40
0.0059055118110236
0
CIRCLE
8
BLACK
10
1.421259842519685
20
0.84251968503937
40
0.0059055118110236
0
CIRCLE
8
BLACK
10
1.1309055118110236
20
1.4793307086614174
40
0.0059055118110236
0
CIRCLE
8
BLACK
10
1.204724409448819
20
1.1112204724409449
40
0.0059055118110236
0
CIRCLE
8
BLACK
10
1.2343503937007874
20
1.466240157480315
40
0.0059055118110236
0
CIRCLE
8
BLACK
10
1.4330708661417322
20
1.6328740157480315
40
0.0059055118110236
0
CIRCLE
8
BLACK
10
1.3070866141732282
20
1.0629921259842519
40
0.0059055118110236
0
CIRCLE
8
BLACK
10
1.204724409448819
20
1.1574803149606299
40
0.0059055118110236
0
CIRCLE
8
BLACK
10
0.6072834645669292
20
0.7057086614173228
40
0.0059055118110236
0
CIRCLE
8
BLACK
10
0.9921259842519685
20
1.7106299212598426
40
0.0059055118110236
0
CIRCLE
8
BLACK
10
1.204724409448819
20
1.0669291338582676
40
0.0059055118110236
0
CIRCLE
8
BLACK
10
0.7125984251968503
20
0.5590551181102362
40
0.0059055118110236
0
CIRCLE
8
BLACK
10
0.6968503937007874
20
0.5433070866141733
40
0.0059055118110236
0
CIRCLE
8
BLACK
10
1.1811023622047243
20
0.7992125984251969
40
0.0059055118110236
0
CIRCLE
8
BLACK
10
1.3503937007874016
20
0.6023622047244095
40
0.0059055118110236
0
CIRCLE
8
BLACK
10
1.3503937007874016
20
0.5748031496062992
40
0.0059055118110236
0
CIRCLE
8
BLACK
10
1.171751968503937
20
1.1953740157480315
40
0.0059055118110236
0
CIRCLE
8
BLACK
10
1.1811023622047243
20
0.7716535433070866
40
0.0059055118110236
0
CIRCLE
8
BLACK
10
1.3976377952755905
20
1.5629921259842519
40
0.0059055118110236
0
CIRCLE
8
BLACK
10
1.2480314960629921
20
0.9330708661417323
40
0.0059055118110236
0
CIRCLE
8
BLACK
10
1.3021653543307086
20
1.3400195669291339
40
0.0059055118110236
0
CIRCLE
8
BLACK
10
1.326771653543307
20
0.9251968503937008
40
0.0059055118110236
0
CIRCLE
8
BLACK
10
1.3577261417322835
20
1.3597935039370079
40
0.0059055118110236
0
CIRCLE
8
BLACK
10
1.3829874015748032
20
1.3085629921259843
40
0.0059055118110236
0
CIRCLE
8
BLACK
10
0.3001968503937008
20
0.6663385826771654
40
0.0059055118110236
0
CIRCLE
8
BLACK
10
1.7549212598425197
20
1.075787401574803
40
0.0059055118110236
0
CIRCLE
8
BLACK
10
1.7502460629921259
20
0.8255413385826772
40
0.0059055118110236
0
CIRCLE
8
BLACK
10
0.6781496062992126
20
0.6033464566929134
40
0.0059055118110236
0
CIRCLE
8
BLACK
10
0.8228346456692913
20
0.4330708661417323
40
0.0059055118110236
0
CIRCLE
8
BLACK
10
0.8174212598425197
20
0.6358267716535433
40
0.0059055118110236
0
CIRCLE
8
BLACK
10
0.7667322834645669
20
0.5688976377952756
40
0.0059055118110236
0
CIRCLE
8
BLACK
10
0.5078740157480315
20
0.593503937007874
40
0.0059055118110236
0
CIRCLE
8
BLACK
10
0.71751968503937
20
0.4251968503937008
40
0.0059055118110236
0
CIRCLE
8
BLACK
10
1.1220472440944882
20
0.9645669291338582
40
0.0059055118110236
0
CIRCLE
8
BLACK
10
0.8110236220472441
20
0.7178149606299212
40
0.0059055118110236
0
CIRCLE
8
BLACK
10
0.6633858267716535
20
0.8169291338582677
40
0.0059055118110236
0
CIRCLE
8
BLACK
10
0.4635826771653543
20
0.7509842519685039
40
0.0059055118110236
0
CIRCLE
8
BLACK
10
1.3425196850393701
20
1.2086614173228347
40
0.0059055118110236
0
CIRCLE
8
BLACK
10
1.8228346456692912
20
0.6663385826771654
40
0.0059055118110236
0
CIRCLE
8
BLACK
10
1.0551181102362204
20
0.9212598425196851
40
0.0059055118110236
0
CIRCLE
8
BLACK
10
0.9441437007874015
20
0.8629429133858267
40
0.0059055118110236
0
CIRCLE
8
WHITE
10
1.546259842519685
20
0.952755905511811
40
0.0059055118110236
0
CIRCLE
8
WHITE
10
0.9921259842519685
20
0.6614173228346456
40
0.0059055118110236
0
CIRCLE
8
WHITE
10
1.1771653543307086
20
1.3937007874015748
40
0.0059055118110236
0
CIRCLE
8
WHITE
10
1.015748031496063
20
0.8188976377952756
40
0.0059055118110236
0
CIRCLE
8
WHITE
10
0.9291338582677166
20
0.5984251968503936
40
0.0059055118110236
0
CIRCLE
8
WHITE
10
1.4291338582677164
20
1.3720472440944882
40
0.0059055118110236
0
CIRCLE
8
WHITE
10
1.0511811023622046
20
0.9606299212598425
40
0.0059055118110236
0
CIRCLE
8
WHITE
10
1.1220472440944882
20
0.6614173228346456
40
0.0059055118110236
0
CIRCLE
8
WHITE
10
1.3031496062992125
20
1.1417322834645669
40
0.0059055118110236
0
CIRCLE
8
WHITE
10
1.4803149606299213
20
1.4261811023622046
40
0.0059055118110236
0
CIRCLE
8
WHITE
10
0.7411417322834646
20
0.6574803149606299
40
0.0059055118110236
0
CIRCLE
8
WHITE
10
1.421259842519685
20
0.84251968503937
40
0.0059055118110236
0
CIRCLE
8
WHITE
10
1.1309055118110236
20
1.4793307086614174
40
0.0059055118110236
0
CIRCLE
8
WHITE
10
1.204724409448819
20
1.1112204724409449
40
0.0059055118110236
0
CIRCLE
8
WHITE
10
1.2343503937007874
20
1.466240157480315
40
0.0059055118110236
0
CIRCLE
8
WHITE
10
1.4330708661417322
20
1.6328740157480315
40
0.0059055118110236
0
CIRCLE
8
WHITE
10
1.3070866141732282
20
1.0629921259842519
40
0.0059055118110236
0
CIRCLE
8
WHITE
10
1.204724409448819
20
1.1574803149606299
40
0.0059055118110236
0
CIRCLE
8
WHITE
10
0.6072834645669292
20
0.7057086614173228
40
0.0059055118110236
0
CIRCLE
8
WHITE
10
0.9921259842519685
20
1.7106299212598426
40
0.0059055118110236
0
CIRCLE
8
WHITE
10
1.204724409448819
20
1.0669291338582676
40
0.0059055118110236
0
CIRCLE
8
WHITE
10
0.7125984251968503
20
0.5590551181102362
40
0.0059055118110236
0
CIRCLE
8
WHITE
10
0.6968503937007874
20
0.5433070866141733
40
0.0059055118110236
0
CIRCLE
8
WHITE
10
1.1811023622047243
20
0.7992125984251969
40
0.0059055118110236
0
CIRCLE
8
WHITE
10
1.3503937007874016
20
0.6023622047244095
40
0.0059055118110236
0
CIRCLE
8
WHITE
10
1.3503937007874016
20
0.5748031496062992
40
0.0059055118110236
0
CIRCLE
8
WHITE
10
1.171751968503937
20
1.1953740157480315
40
0.0059055118110236
0
CIRCLE
8
WHITE
10
1.1811023622047243
20
0.7716535433070866
40
0.0059055118110236
0
CIRCLE
8
WHITE
10
1.3976377952755905
20
1.5629921259842519
40
0.0059055118110236
0
CIRCLE
8
WHITE
10
1.2480314960629921
20
0.9330708661417323
40
0.0059055118110236
0
CIRCLE
8
WHITE
10
1.3021653543307086
20
1.3400195669291339
40
0.0059055118110236
0
CIRCLE
8
WHITE
10
1.326771653543307
20
0.9251968503937008
40
0.0059055118110236
0
CIRCLE
8
WHITE
10
1.3577261417322835
20
1.3597935039370079
40
0.0059055118110236
0
CIRCLE
8
WHITE
10
1.3829874015748032
20
1.3085629921259843
40
0.0059055118110236
0
CIRCLE
8
WHITE
10
0.3001968503937008
20
0.6663385826771654
40
0.0059055118110236
0
CIRCLE
8
WHITE
10
1.7549212598425197
20
1.075787401574803
40
0.0059055118110236
0
CIRCLE
8
WHITE
10
1.7502460629921259
20
0.8255413385826772
40
0.0059055118110236
0
CIRCLE
8
WHITE
10
0.6781496062992126
20
0.6033464566929134
40
0.0059055118110236
0
CIRCLE
8
WHITE
10
0.8228346456692913
20
0.4330708661417323
40
0.0059055118110236
0
CIRCLE
8
WHITE
10
0.8174212598425197
20
0.6358267716535433
40
0.0059055118110236
0
CIRCLE
8
WHITE
10
0.7667322834645669
20
0.5688976377952756
40
0.0059055118110236
0
CIRCLE
8
WHITE
10
0.5078740157480315
20
0.593503937007874
40
0.0059055118110236
0
CIRCLE
8
WHITE
10
0.71751968503937
20
0.4251968503937008
40
0.0059055118110236
0
CIRCLE
8
WHITE
10
1.1220472440944882
20
0.9645669291338582
40
0.0059055118110236
0
CIRCLE
8
WHITE
10
0.8110236220472441
20
0.7178149606299212
40
0.0059055118110236
0
CIRCLE
8
WHITE
10
0.6633858267716535
20
0.8169291338582677
40
0.0059055118110236
0
CIRCLE
8
WHITE
10
0.4635826771653543
20
0.7509842519685039
40
0.0059055118110236
0
CIRCLE
8
WHITE
10
1.3425196850393701
20
1.2086614173228347
40
0.0059055118110236
0
CIRCLE
8
WHITE
10
1.8228346456692912
20
0.6663385826771654
40
0.0059055118110236
0
CIRCLE
8
WHITE
10
1.0551181102362204
20
0.9212598425196851
40
0.0059055118110236
0
CIRCLE
8
WHITE
10
0.9441437007874015
20
0.8629429133858267
40
0.0059055118110236
0
CIRCLE
8
WHITE
10
0.305511811023622
20
0.4
40
0.0068897637795276
0
CIRCLE
8
WHITE
10
0.3331867716535433
20
0.4668132283464567
40
0.0068897637795276
0
CIRCLE
8
WHITE
10
0.3331867716535433
20
0.3331867716535433
40
0.0068897637795276
0
CIRCLE
8
WHITE
10
0.4
20
0.4944881889763779
40
0.0068897637795276
0
CIRCLE
8
WHITE
10
0.4
20
0.4
40
0.0068897637795276
0
CIRCLE
8
WHITE
10
0.4
20
0.305511811023622
40
0.0068897637795276
0
CIRCLE
8
WHITE
10
0.4668132283464567
20
0.4668132283464567
40
0.0068897637795276
0
CIRCLE
8
WHITE
10
0.4668132283464567
20
0.3331867716535433
40
0.0068897637795276
0
CIRCLE
8
WHITE
10
0.4944881889763779
20
0.4
40
0.0068897637795276
0
CIRCLE
8
WHITE
10
1.905511811023622
20
0.4
40
0.0068897637795276
0
CIRCLE
8
WHITE
10
1.9331867716535434
20
0.4668132283464567
40
0.0068897637795276
0
CIRCLE
8
WHITE
10
1.9331867716535434
20
0.3331867716535433
40
0.0068897637795276
0
CIRCLE
8
WHITE
10
2.
20
0.4944881889763779
40
0.0068897637795276
0
CIRCLE
8
WHITE
10
2.
20
0.4
40
0.0068897637795276
0
CIRCLE
8
WHITE
10
2.
20
0.305511811023622
40
0.0068897637795276
0
CIRCLE
8
WHITE
10
2.0668132283464566
20
0.4668132283464567
40
0.0068897637795276
0
CIRCLE
8
WHITE
10
2.0668132283464566
20
0.3331867716535433
40
0.0068897637795276
0
CIRCLE
8
WHITE
10
2.0944881889763778
20
0.4
40
0.0068897637795276
0
CIRCLE
8
WHITE
10
1.5523622047244094
20
0.4858267716535433
40
0.0068897637795276
0
CIRCLE
8
WHITE
10
1.6523622047244093
20
0.4858267716535433
40
0.0068897637795276
0
CIRCLE
8
WHITE
10
1.5523622047244094
20
0.3858267716535433
40
0.0068897637795276
0
CIRCLE
8
WHITE
10
1.6523622047244093
20
0.3858267716535433
40
0.0068897637795276
0
CIRCLE
8
WHITE
10
1.5523622047244094
20
0.2858267716535433
40
0.0068897637795276
0
CIRCLE
8
WHITE
10
1.6523622047244093
20
0.2858267716535433
40
0.0068897637795276
0
CIRCLE
8
WHITE
10
1.2297244094488189
20
2.0980314960629922
40
0.0068897637795276
0
CIRCLE
8
WHITE
10
1.2297244094488189
20
1.9980314960629921
40
0.0068897637795276
0
CIRCLE
8
WHITE
10
1.1297244094488188
20
2.0980314960629922
40
0.0068897637795276
0
CIRCLE
8
WHITE
10
1.1297244094488188
20
1.9980314960629921
40
0.0068897637795276
0
CIRCLE
8
WHITE
10
1.0297244094488189
20
2.0980314960629922
40
0.0068897637795276
0
CIRCLE
8
WHITE
10
1.0297244094488189
20
1.9980314960629921
40
0.0068897637795276
0
CIRCLE
8
WHITE
10
0.9297244094488188
20
2.0980314960629922
40
0.0068897637795276
0
CIRCLE
8
WHITE
10
0.9297244094488188
20
1.9980314960629921
40
0.0068897637795276
0
CIRCLE
8
WHITE
10
0.8297244094488189
20
2.0980314960629922
40
0.0068897637795276
0
CIRCLE
8
WHITE
10
0.8297244094488189
20
1.9980314960629921
40
0.0068897637795276
0
CIRCLE
8
WHITE
10
1.9669291338582677
20
1.7811023622047244
40
0.0068897637795276
0
CIRCLE
8
WHITE
10
2.0669291338582676
20
1.7811023622047244
40
0.0068897637795276
0
CIRCLE
8
WHITE
10
1.9669291338582677
20
1.6811023622047243
40
0.0068897637795276
0
CIRCLE
8
WHITE
10
2.0669291338582676
20
1.6811023622047243
40
0.0068897637795276
0
CIRCLE
8
WHITE
10
1.9669291338582677
20
1.5811023622047244
40
0.0068897637795276
0
CIRCLE
8
WHITE
10
2.0669291338582676
20
1.5811023622047244
40
0.0068897637795276
0
CIRCLE
8
WHITE
10
1.9669291338582677
20
1.4811023622047244
40
0.0068897637795276
0
CIRCLE
8
WHITE
10
2.0669291338582676
20
1.4811023622047244
40
0.0068897637795276
0
CIRCLE
8
WHITE
10
1.9669291338582677
20
1.3811023622047245
40
0.0068897637795276
0
CIRCLE
8
WHITE
10
2.0669291338582676
20
1.3811023622047245
40
0.0068897637795276
0
CIRCLE
8
WHITE
10
1.9669291338582677
20
1.2811023622047244
40
0.0068897637795276
0
CIRCLE
8
WHITE
10
2.0669291338582676
20
1.2811023622047244
40
0.0068897637795276
0
CIRCLE
8
WHITE
10
1.9669291338582677
20
1.1811023622047243
40
0.0068897637795276
0
CIRCLE
8
WHITE
10
2.0669291338582676
20
1.1811023622047243
40
0.0068897637795276
0
CIRCLE
8
WHITE
10
1.9669291338582677
20
1.0811023622047244
40
0.0068897637795276
0
CIRCLE
8
WHITE
10
2.0669291338582676
20
1.0811023622047244
40
0.0068897637795276
0
CIRCLE
8
WHITE
10
1.9669291338582677
20
0.9811023622047244
40
0.0068897637795276
0
CIRCLE
8
WHITE
10
2.0669291338582676
20
0.9811023622047244
40
0.0068897637795276
0
CIRCLE
8
WHITE
10
1.9669291338582677
20
0.8811023622047244
40
0.0068897637795276
0
CIRCLE
8
WHITE
10
2.0669291338582676
20
0.8811023622047244
40
0.0068897637795276
0
CIRCLE
8
WHITE
10
1.905511811023622
20
2.
40
0.0068897637795276
0
CIRCLE
8
WHITE
10
1.9331867716535434
20
2.0668132283464566
40
0.0068897637795276
0
CIRCLE
8
WHITE
10
1.9331867716535434
20
1.9331867716535434
40
0.0068897637795276
0
CIRCLE
8
WHITE
10
2.
20
2.0944881889763778
40
0.0068897637795276
0
CIRCLE
8
WHITE
10
2.
20
2.
40
0.0068897637795276
0
CIRCLE
8
WHITE
10
2.
20
1.905511811023622
40
0.0068897637795276
0
CIRCLE
8
WHITE
10
2.0668132283464566
20
2.0668132283464566
40
0.0068897637795276
0
CIRCLE
8
WHITE
10
2.0668132283464566
20
1.9331867716535434
40
0.0068897637795276
0
CIRCLE
8
WHITE
10
2.0944881889763778
20
2.
40
0.0068897637795276
0
CIRCLE
8
WHITE
10
1.0523622047244094
20
0.4818897637795275
40
0.0068897637795276
0
CIRCLE
8
WHITE
10
1.1523622047244095
20
0.4818897637795275
40
0.0068897637795276
0
CIRCLE
8
WHITE
10
1.0523622047244094
20
0.3818897637795275
40
0.0068897637795276
0
CIRCLE
8
WHITE
10
1.1523622047244095
20
0.3818897637795275
40
0.0068897637795276
0
CIRCLE
8
WHITE
10
1.0523622047244094
20
0.2818897637795276
40
0.0068897637795276
0
CIRCLE
8
WHITE
10
1.1523622047244095
20
0.2818897637795276
40
0.0068897637795276
0
CIRCLE
8
WHITE
10
0.4346456692913386
20
0.879527559055118
40
0.0068897637795276
0
CIRCLE
8
WHITE
10
0.3346456692913386
20
0.879527559055118
40
0.0068897637795276
0
CIRCLE
8
WHITE
10
0.4346456692913386
20
0.9795275590551181
40
0.0068897637795276
0
CIRCLE
8
WHITE
10
0.3346456692913386
20
0.9795275590551181
40
0.0068897637795276
0
CIRCLE
8
WHITE
10
0.4346456692913386
20
1.0795275590551181
40
0.0068897637795276
0
CIRCLE
8
WHITE
10
0.3346456692913386
20
1.0795275590551181
40
0.0068897637795276
0
CIRCLE
8
WHITE
10
0.4346456692913386
20
1.1795275590551182
40
0.0068897637795276
0
CIRCLE
8
WHITE
10
0.3346456692913386
20
1.1795275590551182
40
0.0068897637795276
0
CIRCLE
8
WHITE
10
0.4346456692913386
20
1.2795275590551181
40
0.0068897637795276
0
CIRCLE
8
WHITE
10
0.3346456692913386
20
1.2795275590551181
40
0.0068897637795276
0
CIRCLE
8
WHITE
10
0.4346456692913386
20
1.3795275590551181
40
0.0068897637795276
0
CIRCLE
8
WHITE
10
0.3346456692913386
20
1.3795275590551181
40
0.0068897637795276
0
CIRCLE
8
WHITE
10
0.4346456692913386
20
1.479527559055118
40
0.0068897637795276
0
CIRCLE
8
WHITE
10
0.3346456692913386
20
1.479527559055118
40
0.0068897637795276
0
CIRCLE
8
WHITE
10
0.4346456692913386
20
1.5795275590551181
40
0.0068897637795276
0
CIRCLE
8
WHITE
10
0.3346456692913386
20
1.5795275590551181
40
0.0068897637795276
0
CIRCLE
8
WHITE
10
0.4346456692913386
20
1.679527559055118
40
0.0068897637795276
0
CIRCLE
8
WHITE
10
0.3346456692913386
20
1.679527559055118
40
0.0068897637795276
0
CIRCLE
8
WHITE
10
0.4346456692913386
20
1.7795275590551181
40
0.0068897637795276
0
CIRCLE
8
WHITE
10
0.3346456692913386
20
1.7795275590551181
40
0.0068897637795276
0
CIRCLE
8
WHITE
10
1.5816929133858266
20
1.5383858267716535
40
0.0068897637795276
0
CIRCLE
8
WHITE
10
1.4816929133858268
20
1.5383858267716535
40
0.0068897637795276
0
CIRCLE
8
WHITE
10
0.305511811023622
20
2.
40
0.0068897637795276
0
CIRCLE
8
WHITE
10
0.3331867716535433
20
2.0668132283464566
40
0.0068897637795276
0
CIRCLE
8
WHITE
10
0.3331867716535433
20
1.9331867716535434
40
0.0068897637795276
0
CIRCLE
8
WHITE
10
0.4
20
2.0944881889763778
40
0.0068897637795276
0
CIRCLE
8
WHITE
10
0.4
20
2.
40
0.0068897637795276
0
CIRCLE
8
WHITE
10
0.4
20
1.905511811023622
40
0.0068897637795276
0
CIRCLE
8
WHITE
10
0.4668132283464567
20
2.0668132283464566
40
0.0068897637795276
0
CIRCLE
8
WHITE
10
0.4668132283464567
20
1.9331867716535434
40
0.0068897637795276
0
CIRCLE
8
WHITE
10
0.4944881889763779
20
2.
40
0.0068897637795276
0
CIRCLE
8
WHITE
10
0.6765748031496063
20
1.7838582677165353
40
0.0068897637795276
0
CIRCLE
8
WHITE
10
0.6765748031496063
20
1.8838582677165354
40
0.0068897637795276
0
CIRCLE
8
WHITE
10
0.7765748031496063
20
1.7838582677165353
40
0.0068897637795276
0
CIRCLE
8
WHITE
10
0.7765748031496063
20
1.8838582677165354
40
0.0068897637795276
0
CIRCLE
8
WHITE
10
0.8765748031496062
20
1.7838582677165353
40
0.0068897637795276
0
CIRCLE
8
WHITE
10
0.8765748031496062
20
1.8838582677165354
40
0.0068897637795276
0
CIRCLE
8
WHITE
10
0.9765748031496063
20
1.7838582677165353
40
0.0068897637795276
0
CIRCLE
8
WHITE
10
0.9765748031496063
20
1.8838582677165354
40
0.0068897637795276
0
CIRCLE
8
WHITE
10
1.0765748031496063
20
1.7838582677165353
40
0.0068897637795276
0
CIRCLE
8
WHITE
10
1.0765748031496063
20
1.8838582677165354
40
0.0068897637795276
0
CIRCLE
8
WHITE
10
1.1765748031496062
20
1.7838582677165353
40
0.0068897637795276
0
CIRCLE
8
WHITE
10
1.1765748031496062
20
1.8838582677165354
40
0.0068897637795276
0
CIRCLE
8
WHITE
10
1.2765748031496063
20
1.7838582677165353
40
0.0068897637795276
0
CIRCLE
8
WHITE
10
1.2765748031496063
20
1.8838582677165354
40
0.0068897637795276
0
CIRCLE
8
WHITE
10
1.3765748031496063
20
1.7838582677165353
40
0.0068897637795276
0
CIRCLE
8
WHITE
10
1.3765748031496063
20
1.8838582677165354
40
0.0068897637795276
0
CIRCLE
8
WHITE
10
1.4765748031496062
20
1.7838582677165353
40
0.0068897637795276
0
CIRCLE
8
WHITE
10
1.4765748031496062
20
1.8838582677165354
40
0.0068897637795276
0
CIRCLE
8
WHITE
10
1.5765748031496063
20
1.7838582677165353
40
0.0068897637795276
0
CIRCLE
8
WHITE
10
1.5765748031496063
20
1.8838582677165354
40
0.0068897637795276
0
CIRCLE
8
WHITE
10
1.6765748031496062
20
1.7838582677165353
40
0.0068897637795276
0
CIRCLE
8
WHITE
10
1.6765748031496062
20
1.8838582677165354
40
0.0068897637795276
0
CIRCLE
8
WHITE
10
1.7765748031496063
20
1.7838582677165353
40
0.0068897637795276
0
CIRCLE
8
WHITE
10
1.7765748031496063
20
1.8838582677165354
40
0.0068897637795276
0
CIRCLE
8
WHITE
10
0.8854330708661418
20
0.4454724409448819
40
0.0068897637795276
0
CIRCLE
8
WHITE
10
0.6578740157480315
20
0.4454724409448819
40
0.0068897637795276
0
LINE
8
WHITE
6
CONTINUOUS
10
0.9535433070866142
20
0.2848425196850394
11
0.9535433070866142
21
0.3163385826771654
0
ARC
8
WHITE
10
0.9417322834645669
20
0.3163385826771654
40
0.0118110236220472
50
0.00000000
51
180.00000000
0
LINE
8
WHITE
6
CONTINUOUS
10
0.9299212598425196
20
0.3163385826771654
11
0.9299212598425196
21
0.2848425196850394
0
ARC
8
WHITE
10
0.9417322834645669
20
0.2848425196850394
40
0.0118110236220472
50
180.00000000
51
360.00000000
0
LINE
8
WHITE
6
CONTINUOUS
10
0.6133858267716535
20
0.2848425196850394
11
0.6133858267716535
21
0.3163385826771654
0
ARC
8
WHITE
10
0.6015748031496063
20
0.3163385826771654
40
0.0118110236220472
50
0.00000000
51
180.00000000
0
LINE
8
WHITE
6
CONTINUOUS
10
0.5897637795275591
20
0.3163385826771654
11
0.5897637795275591
21
0.2848425196850394
0
ARC
8
WHITE
10
0.6015748031496063
20
0.2848425196850394
40
0.0118110236220472
50
180.00000000
51
360.00000000
0
LINE
8
WHITE
6
CONTINUOUS
10
0.9535433070866142
20
0.443503937007874
11
0.9535433070866142
21
0.4868110236220473
0
ARC
8
WHITE
10
0.9417322834645669
20
0.4868110236220473
40
0.0118110236220472
50
0.00000000
51
180.00000000
0
LINE
8
WHITE
6
CONTINUOUS
10
0.9299212598425196
20
0.4868110236220473
11
0.9299212598425196
21
0.443503937007874
0
ARC
8
WHITE
10
0.9417322834645669
20
0.443503937007874
40
0.0118110236220472
50
180.00000000
51
360.00000000
0
LINE
8
WHITE
6
CONTINUOUS
10
0.6133858267716535
20
0.443503937007874
11
0.6133858267716535
21
0.4868110236220473
0
ARC
8
WHITE
10
0.6015748031496063
20
0.4868110236220473
40
0.0118110236220472
50
0.00000000
51
180.00000000
0
LINE
8
WHITE
6
CONTINUOUS
10
0.5897637795275591
20
0.4868110236220473
11
0.5897637795275591
21
0.443503937007874
0
ARC
8
WHITE
10
0.6015748031496063
20
0.443503937007874
40
0.0118110236220472
50
180.00000000
51
360.00000000
0
LINE
8
WHITE
6
CONTINUOUS
10
1.4153543700787401
20
0.6633858267716535
11
1.4153543700787401
21
0.6437007874015748
0
ARC
8
WHITE
10
1.4527559055118109
20
0.6437007874015748
40
0.0374015354330709
50
-180.00000000
51
0.00000000
0
LINE
8
WHITE
6
CONTINUOUS
10
1.4901574409448819
20
0.6437007874015748
11
1.4901574409448819
21
0.6633858267716535
0
ARC
8
WHITE
10
1.4527559055118109
20
0.6633858267716535
40
0.0374015354330709
50
0.00000000
51
180.00000000
0
LINE
8
WHITE
6
CONTINUOUS
10
1.6948818503937007
20
0.6437007874015748
11
1.6948818503937007
21
0.6633858267716535
0
ARC
8
WHITE
10
1.6574803149606299
20
0.6633858267716535
40
0.0374015354330709
50
0.00000000
51
180.00000000
0
LINE
8
WHITE
6
CONTINUOUS
10
1.6200787795275591
20
0.6633858267716535
11
1.6200787795275591
21
0.6437007874015748
0
ARC
8
WHITE
10
1.6574803149606299
20
0.6437007874015748
40
0.0374015354330709
50
180.00000000
51
360.00000000
  0
ENDSEC
  0
EOF
