  0
SECTION
  2
HEADER
  9
$ANGBASE
  50
0.0
  9
$ANGDIR
  70
1
  9
$MEASUREMENT
  70
0
  0
ENDSEC
  0
SECTION
  2
TABLES
  0
TABLE
  2
LTYPE
  70
4
  0
LTYPE
  5
40F
  2
CONTINUOUS
  70
0
  3
Solid line
  72
65
  73
0
  40
0.0
  0
LTYPE
  5
410
  2
DASHDOT
 70
0
  3
Dash Dot ____ _ ____ _
 72
65
 73
4
 40
2.0
 49
1.25
 49
-0.25
 49
0.25
 49
-0.25
  0
LTYPE
  5
411
  2
DASHED
 70
0
  3
Dashed __ __ __ __ __
 72
65
 73
2
 40
0.75
 49
0.5
 49
-0.25
  0
LTYPE
  5
43B
  2
DOTTED
 70
0
  3
Dotted .  .  .  .
 72
65
 73
2
 40
0.2
 49
0.0
 49
-0.2
  0
ENDTAB
  0
TABLE
  2
STYLE
  70
4
  0
STYLE
  2
KICAD
  70
0
  40
0
  41
1
  42
1
  50
0
  71
0
  3
isocp.shx
  0
STYLE
  2
KICADB
  70
0
  40
0
  41
1
  42
1
  50
0
  71
0
  3
isocp.shx
  0
STYLE
  2
KICADI
  70
0
  40
0
  41
1
  42
1
  50
15
  71
0
  3
isocp.shx
  0
STYLE
  2
KICADBI
  70
0
  40
0
  41
1
  42
1
  50
15
  71
0
  3
isocp.shx
  0
ENDTAB
  0
TABLE
  2
LAYER
  70
1
  0
LAYER
  2
BLACK
  70
0
  62
7
  6
CONTINUOUS
  0
ENDTAB
  0
ENDSEC
  0
SECTION
  2
ENTITIES
0
LINE
8
BLACK
6
CONTINUOUS
10
0.5852581496062992
20
0.2518955511811024
11
0.5863443700787402
21
0.2508093307086614
0
LINE
8
BLACK
6
CONTINUOUS
10
0.5863443700787402
20
0.2508093307086614
11
0.5869322440944882
21
0.2493901181102362
0
LINE
8
BLACK
6
CONTINUOUS
10
0.5869322440944882
20
0.2493901181102362
11
0.5870078740157481
21
0.2486220472440945
0
LINE
8
BLACK
6
CONTINUOUS
10
0.5870078740157481
20
0.2486220472440945
11
0.5870078740157481
21
0.2021653543307086
0
LINE
8
BLACK
6
CONTINUOUS
10
0.5870078740157481
20
0.2021653543307086
11
0.9562992125984252
21
0.2021653543307086
0
LINE
8
BLACK
6
CONTINUOUS
10
0.9562992125984252
20
0.2021653543307086
11
0.9562992125984252
21
0.2486220472440945
0
LINE
8
BLACK
6
CONTINUOUS
10
0.9562992125984252
20
0.2486220472440945
11
0.956374842519685
21
0.2493901181102362
0
LINE
8
BLACK
6
CONTINUOUS
10
0.956374842519685
20
0.2493901181102362
11
0.9569627165354331
21
0.2508093307086614
0
LINE
8
BLACK
6
CONTINUOUS
10
0.9569627165354331
20
0.2508093307086614
11
0.958048937007874
21
0.2518955511811024
0
LINE
8
BLACK
6
CONTINUOUS
10
0.958048937007874
20
0.2518955511811024
11
0.9594681496062992
21
0.2524834251968504
0
LINE
8
BLACK
6
CONTINUOUS
10
0.9594681496062992
20
0.2524834251968504
11
0.9610042913385827
21
0.2524834251968504
0
LINE
8
BLACK
6
CONTINUOUS
10
0.9610042913385827
20
0.2524834251968504
11
0.9624235039370078
21
0.2518955511811024
0
LINE
8
BLACK
6
CONTINUOUS
10
0.9624235039370078
20
0.2518955511811024
11
0.9635097244094488
21
0.2508093307086614
0
LINE
8
BLACK
6
CONTINUOUS
10
0.9635097244094488
20
0.2508093307086614
11
0.9640975984251968
21
0.2493901181102362
0
LINE
8
BLACK
6
CONTINUOUS
10
0.9640975984251968
20
0.2493901181102362
11
0.9641732283464567
21
0.2486220472440945
0
LINE
8
BLACK
6
CONTINUOUS
10
0.9641732283464567
20
0.2486220472440945
11
0.9641732283464567
21
0.1982283464566929
0
LINE
8
BLACK
6
CONTINUOUS
10
0.9641732283464567
20
0.1982283464566929
11
0.9640975984251968
21
0.1974602755905512
0
LINE
8
BLACK
6
CONTINUOUS
10
0.9640975984251968
20
0.1974602755905512
11
0.9635097244094488
21
0.196041062992126
0
LINE
8
BLACK
6
CONTINUOUS
10
0.9635097244094488
20
0.196041062992126
11
0.9624235039370078
21
0.194954842519685
0
LINE
8
BLACK
6
CONTINUOUS
10
0.9624235039370078
20
0.194954842519685
11
0.9610042913385827
21
0.194366968503937
0
LINE
8
BLACK
6
CONTINUOUS
10
0.9610042913385827
20
0.194366968503937
11
0.9602362204724409
21
0.1942913385826772
0
LINE
8
BLACK
6
CONTINUOUS
10
0.9602362204724409
20
0.1942913385826772
11
0.5830708661417323
21
0.1942913385826772
0
LINE
8
BLACK
6
CONTINUOUS
10
0.5830708661417323
20
0.1942913385826772
11
0.5823027952755906
21
0.194366968503937
0
LINE
8
BLACK
6
CONTINUOUS
10
0.5823027952755906
20
0.194366968503937
11
0.5808835826771653
21
0.194954842519685
0
LINE
8
BLACK
6
CONTINUOUS
10
0.5808835826771653
20
0.194954842519685
11
0.5797973622047244
21
0.196041062992126
0
LINE
8
BLACK
6
CONTINUOUS
10
0.5797973622047244
20
0.196041062992126
11
0.5792094881889763
21
0.1974602755905512
0
LINE
8
BLACK
6
CONTINUOUS
10
0.5792094881889763
20
0.1974602755905512
11
0.5791338582677166
21
0.1982283464566929
0
LINE
8
BLACK
6
CONTINUOUS
10
0.5791338582677166
20
0.1982283464566929
11
0.5791338582677166
21
0.2486220472440945
0
LINE
8
BLACK
6
CONTINUOUS
10
0.5791338582677166
20
0.2486220472440945
11
0.5792094881889763
21
0.2493901181102362
0
LINE
8
BLACK
6
CONTINUOUS
10
0.5792094881889763
20
0.2493901181102362
11
0.5797973622047244
21
0.2508093307086614
0
LINE
8
BLACK
6
CONTINUOUS
10
0.5797973622047244
20
0.2508093307086614
11
0.5808835826771653
21
0.2518955511811024
0
LINE
8
BLACK
6
CONTINUOUS
10
0.5808835826771653
20
0.2518955511811024
11
0.5823027952755906
21
0.2524834251968504
0
LINE
8
BLACK
6
CONTINUOUS
10
0.5823027952755906
20
0.2524834251968504
11
0.583838937007874
21
0.2524834251968504
0
LINE
8
BLACK
6
CONTINUOUS
10
0.583838937007874
20
0.2524834251968504
11
0.5852581496062992
21
0.2518955511811024
0
LINE
8
BLACK
6
CONTINUOUS
10
1.4956111811023622
20
0.295090157480315
11
1.4960629921259843
21
0.2937007874015748
0
LINE
8
BLACK
6
CONTINUOUS
10
1.4960629921259843
20
0.2937007874015748
11
1.4960629921259843
21
0.2748031496062992
0
LINE
8
BLACK
6
CONTINUOUS
10
1.4960629921259843
20
0.2748031496062992
11
1.4953711023622047
21
0.2731328346456693
0
LINE
8
BLACK
6
CONTINUOUS
10
1.4953711023622047
20
0.2731328346456693
11
1.4937007874015749
21
0.2724409448818897
0
LINE
8
BLACK
6
CONTINUOUS
10
1.4937007874015749
20
0.2724409448818897
11
1.4923114173228347
21
0.2728927559055118
0
LINE
8
BLACK
6
CONTINUOUS
10
1.4923114173228347
20
0.2728927559055118
11
1.4793192913385826
21
0.2823415748031496
0
LINE
8
BLACK
6
CONTINUOUS
10
1.4793192913385826
20
0.2823415748031496
11
1.4783753543307085
21
0.2838835433070866
0
LINE
8
BLACK
6
CONTINUOUS
10
1.4783753543307085
20
0.2838835433070866
11
1.4787982677165354
21
0.2856413385826772
0
LINE
8
BLACK
6
CONTINUOUS
10
1.4787982677165354
20
0.2856413385826772
11
1.4793192913385826
21
0.2861623622047244
0
LINE
8
BLACK
6
CONTINUOUS
10
1.4793192913385826
20
0.2861623622047244
11
1.4923114173228347
21
0.2956111811023622
0
LINE
8
BLACK
6
CONTINUOUS
10
1.4923114173228347
20
0.2956111811023622
11
1.4940692125984252
21
0.296034094488189
0
LINE
8
BLACK
6
CONTINUOUS
10
1.4940692125984252
20
0.296034094488189
11
1.4956111811023622
21
0.295090157480315
0
LINE
8
BLACK
6
CONTINUOUS
10
1.2666520078740158
20
0.4848595669291338
11
1.2679304330708661
21
0.4835811417322834
0
LINE
8
BLACK
6
CONTINUOUS
10
1.2679304330708661
20
0.4835811417322834
11
1.2679304330708661
21
0.4817731889763779
0
LINE
8
BLACK
6
CONTINUOUS
10
1.2679304330708661
20
0.4817731889763779
11
1.2666520078740158
21
0.4804947637795275
0
LINE
8
BLACK
6
CONTINUOUS
10
1.2666520078740158
20
0.4804947637795275
11
1.265748031496063
21
0.4803149606299212
0
LINE
8
BLACK
6
CONTINUOUS
10
1.265748031496063
20
0.4803149606299212
11
1.2185039370078741
21
0.4803149606299212
0
LINE
8
BLACK
6
CONTINUOUS
10
1.2185039370078741
20
0.4803149606299212
11
1.2185039370078741
21
0.3346456692913386
0
LINE
8
BLACK
6
CONTINUOUS
10
1.2185039370078741
20
0.3346456692913386
11
1.2183241338582678
21
0.3337416929133858
0
LINE
8
BLACK
6
CONTINUOUS
10
1.2183241338582678
20
0.3337416929133858
11
1.2170457086614173
21
0.3324632677165354
0
LINE
8
BLACK
6
CONTINUOUS
10
1.2170457086614173
20
0.3324632677165354
11
1.2152377559055119
21
0.3324632677165354
0
LINE
8
BLACK
6
CONTINUOUS
10
1.2152377559055119
20
0.3324632677165354
11
1.2139593307086614
21
0.3337416929133858
0
LINE
8
BLACK
6
CONTINUOUS
10
1.2139593307086614
20
0.3337416929133858
11
1.213779527559055
21
0.3346456692913386
0
LINE
8
BLACK
6
CONTINUOUS
10
1.213779527559055
20
0.3346456692913386
11
1.213779527559055
21
0.4826771653543307
0
LINE
8
BLACK
6
CONTINUOUS
10
1.213779527559055
20
0.4826771653543307
11
1.2139593307086614
21
0.4835811417322834
0
LINE
8
BLACK
6
CONTINUOUS
10
1.2139593307086614
20
0.4835811417322834
11
1.2152377559055119
21
0.4848595669291338
0
LINE
8
BLACK
6
CONTINUOUS
10
1.2152377559055119
20
0.4848595669291338
11
1.2161417322834644
21
0.4850393700787402
0
LINE
8
BLACK
6
CONTINUOUS
10
1.2161417322834644
20
0.4850393700787402
11
1.265748031496063
21
0.4850393700787402
0
LINE
8
BLACK
6
CONTINUOUS
10
1.265748031496063
20
0.4850393700787402
11
1.2666520078740158
21
0.4848595669291338
0
LINE
8
BLACK
6
CONTINUOUS
10
1.4855496456692914
20
0.4848595669291338
11
1.4868280708661417
21
0.4835811417322834
0
LINE
8
BLACK
6
CONTINUOUS
10
1.4868280708661417
20
0.4835811417322834
11
1.487007874015748
21
0.4826771653543307
0
LINE
8
BLACK
6
CONTINUOUS
10
1.487007874015748
20
0.4826771653543307
11
1.487007874015748
21
0.3346456692913386
0
LINE
8
BLACK
6
CONTINUOUS
10
1.487007874015748
20
0.3346456692913386
11
1.4868280708661417
21
0.3337416929133858
0
LINE
8
BLACK
6
CONTINUOUS
10
1.4868280708661417
20
0.3337416929133858
11
1.4855496456692914
21
0.3324632677165354
0
LINE
8
BLACK
6
CONTINUOUS
10
1.4855496456692914
20
0.3324632677165354
11
1.4837416929133858
21
0.3324632677165354
0
LINE
8
BLACK
6
CONTINUOUS
10
1.4837416929133858
20
0.3324632677165354
11
1.4824632677165355
21
0.3337416929133858
0
LINE
8
BLACK
6
CONTINUOUS
10
1.4824632677165355
20
0.3337416929133858
11
1.4822834645669292
21
0.3346456692913386
0
LINE
8
BLACK
6
CONTINUOUS
10
1.4822834645669292
20
0.3346456692913386
11
1.4822834645669292
21
0.4803149606299212
0
LINE
8
BLACK
6
CONTINUOUS
10
1.4822834645669292
20
0.4803149606299212
11
1.4350393700787401
21
0.4803149606299212
0
LINE
8
BLACK
6
CONTINUOUS
10
1.4350393700787401
20
0.4803149606299212
11
1.4341353937007875
21
0.4804947637795275
0
LINE
8
BLACK
6
CONTINUOUS
10
1.4341353937007875
20
0.4804947637795275
11
1.432856968503937
21
0.4817731889763779
0
LINE
8
BLACK
6
CONTINUOUS
10
1.432856968503937
20
0.4817731889763779
11
1.432856968503937
21
0.4835811417322834
0
LINE
8
BLACK
6
CONTINUOUS
10
1.432856968503937
20
0.4835811417322834
11
1.4341353937007875
21
0.4848595669291338
0
LINE
8
BLACK
6
CONTINUOUS
10
1.4341353937007875
20
0.4848595669291338
11
1.4350393700787401
21
0.4850393700787402
0
LINE
8
BLACK
6
CONTINUOUS
10
1.4350393700787401
20
0.4850393700787402
11
1.4846456692913386
21
0.4850393700787402
0
LINE
8
BLACK
6
CONTINUOUS
10
1.4846456692913386
20
0.4850393700787402
11
1.4855496456692914
21
0.4848595669291338
0
LINE
8
BLACK
6
CONTINUOUS
10
0.5852581496062992
20
0.4081947637795276
11
0.5863443700787402
21
0.4071085433070866
0
LINE
8
BLACK
6
CONTINUOUS
10
0.5863443700787402
20
0.4071085433070866
11
0.5869322440944882
21
0.4056893307086614
0
LINE
8
BLACK
6
CONTINUOUS
10
0.5869322440944882
20
0.4056893307086614
11
0.5870078740157481
21
0.4049212598425197
0
LINE
8
BLACK
6
CONTINUOUS
10
0.5870078740157481
20
0.4049212598425197
11
0.5870078740157481
21
0.3557086614173228
0
LINE
8
BLACK
6
CONTINUOUS
10
0.5870078740157481
20
0.3557086614173228
11
0.5869322440944882
21
0.3549405905511811
0
LINE
8
BLACK
6
CONTINUOUS
10
0.5869322440944882
20
0.3549405905511811
11
0.5863443700787402
21
0.3535213779527559
0
LINE
8
BLACK
6
CONTINUOUS
10
0.5863443700787402
20
0.3535213779527559
11
0.5852581496062992
21
0.352435157480315
0
LINE
8
BLACK
6
CONTINUOUS
10
0.5852581496062992
20
0.352435157480315
11
0.583838937007874
21
0.3518472834645669
0
LINE
8
BLACK
6
CONTINUOUS
10
0.583838937007874
20
0.3518472834645669
11
0.5823027952755906
21
0.3518472834645669
0
LINE
8
BLACK
6
CONTINUOUS
10
0.5823027952755906
20
0.3518472834645669
11
0.5808835826771653
21
0.352435157480315
0
LINE
8
BLACK
6
CONTINUOUS
10
0.5808835826771653
20
0.352435157480315
11
0.5797973622047244
21
0.3535213779527559
0
LINE
8
BLACK
6
CONTINUOUS
10
0.5797973622047244
20
0.3535213779527559
11
0.5792094881889763
21
0.3549405905511811
0
LINE
8
BLACK
6
CONTINUOUS
10
0.5792094881889763
20
0.3549405905511811
11
0.5791338582677166
21
0.3557086614173228
0
LINE
8
BLACK
6
CONTINUOUS
10
0.5791338582677166
20
0.3557086614173228
11
0.5791338582677166
21
0.4049212598425197
0
LINE
8
BLACK
6
CONTINUOUS
10
0.5791338582677166
20
0.4049212598425197
11
0.5792094881889763
21
0.4056893307086614
0
LINE
8
BLACK
6
CONTINUOUS
10
0.5792094881889763
20
0.4056893307086614
11
0.5797973622047244
21
0.4071085433070866
0
LINE
8
BLACK
6
CONTINUOUS
10
0.5797973622047244
20
0.4071085433070866
11
0.5808835826771653
21
0.4081947637795276
0
LINE
8
BLACK
6
CONTINUOUS
10
0.5808835826771653
20
0.4081947637795276
11
0.5823027952755906
21
0.4087826377952756
0
LINE
8
BLACK
6
CONTINUOUS
10
0.5823027952755906
20
0.4087826377952756
11
0.583838937007874
21
0.4087826377952756
0
LINE
8
BLACK
6
CONTINUOUS
10
0.583838937007874
20
0.4087826377952756
11
0.5852581496062992
21
0.4081947637795276
0
LINE
8
BLACK
6
CONTINUOUS
10
0.9624235039370078
20
0.4081947637795276
11
0.9635097244094488
21
0.4071085433070866
0
LINE
8
BLACK
6
CONTINUOUS
10
0.9635097244094488
20
0.4071085433070866
11
0.9640975984251968
21
0.4056893307086614
0
LINE
8
BLACK
6
CONTINUOUS
10
0.9640975984251968
20
0.4056893307086614
11
0.9641732283464567
21
0.4049212598425197
0
LINE
8
BLACK
6
CONTINUOUS
10
0.9641732283464567
20
0.4049212598425197
11
0.9641732283464567
21
0.3557086614173228
0
LINE
8
BLACK
6
CONTINUOUS
10
0.9641732283464567
20
0.3557086614173228
11
0.9640975984251968
21
0.3549405905511811
0
LINE
8
BLACK
6
CONTINUOUS
10
0.9640975984251968
20
0.3549405905511811
11
0.9635097244094488
21
0.3535213779527559
0
LINE
8
BLACK
6
CONTINUOUS
10
0.9635097244094488
20
0.3535213779527559
11
0.9624235039370078
21
0.352435157480315
0
LINE
8
BLACK
6
CONTINUOUS
10
0.9624235039370078
20
0.352435157480315
11
0.9610042913385827
21
0.3518472834645669
0
LINE
8
BLACK
6
CONTINUOUS
10
0.9610042913385827
20
0.3518472834645669
11
0.9594681496062992
21
0.3518472834645669
0
LINE
8
BLACK
6
CONTINUOUS
10
0.9594681496062992
20
0.3518472834645669
11
0.958048937007874
21
0.352435157480315
0
LINE
8
BLACK
6
CONTINUOUS
10
0.958048937007874
20
0.352435157480315
11
0.9569627165354331
21
0.3535213779527559
0
LINE
8
BLACK
6
CONTINUOUS
10
0.9569627165354331
20
0.3535213779527559
11
0.956374842519685
21
0.3549405905511811
0
LINE
8
BLACK
6
CONTINUOUS
10
0.956374842519685
20
0.3549405905511811
11
0.9562992125984252
21
0.3557086614173228
0
LINE
8
BLACK
6
CONTINUOUS
10
0.9562992125984252
20
0.3557086614173228
11
0.9562992125984252
21
0.4049212598425197
0
LINE
8
BLACK
6
CONTINUOUS
10
0.9562992125984252
20
0.4049212598425197
11
0.956374842519685
21
0.4056893307086614
0
LINE
8
BLACK
6
CONTINUOUS
10
0.956374842519685
20
0.4056893307086614
11
0.9569627165354331
21
0.4071085433070866
0
LINE
8
BLACK
6
CONTINUOUS
10
0.9569627165354331
20
0.4071085433070866
11
0.958048937007874
21
0.4081947637795276
0
LINE
8
BLACK
6
CONTINUOUS
10
0.958048937007874
20
0.4081947637795276
11
0.9594681496062992
21
0.4087826377952756
0
LINE
8
BLACK
6
CONTINUOUS
10
0.9594681496062992
20
0.4087826377952756
11
0.9610042913385827
21
0.4087826377952756
0
LINE
8
BLACK
6
CONTINUOUS
10
0.9610042913385827
20
0.4087826377952756
11
0.9624235039370078
21
0.4081947637795276
0
LINE
8
BLACK
6
CONTINUOUS
10
1.7397670472440945
20
0.421123937007874
11
1.7398205511811022
21
0.4211417322834646
0
LINE
8
BLACK
6
CONTINUOUS
10
1.7398205511811022
20
0.4211417322834646
11
1.7402008661417323
21
0.4210375984251968
0
LINE
8
BLACK
6
CONTINUOUS
10
1.7402008661417323
20
0.4210375984251968
11
1.7405877952755906
21
0.4209606299212598
0
LINE
8
BLACK
6
CONTINUOUS
10
1.7405877952755906
20
0.4209606299212598
11
1.7406276771653544
21
0.420920748031496
0
LINE
8
BLACK
6
CONTINUOUS
10
1.7406276771653544
20
0.420920748031496
11
1.7407465748031496
21
0.4208881889763779
0
LINE
8
BLACK
6
CONTINUOUS
10
1.7407465748031496
20
0.4208881889763779
11
1.7439337007874016
21
0.4192946456692913
0
LINE
8
BLACK
6
CONTINUOUS
10
1.7439337007874016
20
0.4192946456692913
11
1.7442453149606298
21
0.4190527952755905
0
LINE
8
BLACK
6
CONTINUOUS
10
1.7442453149606298
20
0.4190527952755905
11
1.7445732283464566
21
0.4188337007874016
0
LINE
8
BLACK
6
CONTINUOUS
10
1.7445732283464566
20
0.4188337007874016
11
1.7461667322834644
21
0.4172401181102362
0
LINE
8
BLACK
6
CONTINUOUS
10
1.7461667322834644
20
0.4172401181102362
11
1.7463856299212599
21
0.4169125196850393
0
LINE
8
BLACK
6
CONTINUOUS
10
1.7463856299212599
20
0.4169125196850393
11
1.7466276771653544
21
0.4166006299212598
0
LINE
8
BLACK
6
CONTINUOUS
10
1.7466276771653544
20
0.4166006299212598
11
1.748221220472441
21
0.4134135433070866
0
LINE
8
BLACK
6
CONTINUOUS
10
1.748221220472441
20
0.4134135433070866
11
1.7482537401574803
21
0.4132946850393701
0
LINE
8
BLACK
6
CONTINUOUS
10
1.7482537401574803
20
0.4132946850393701
11
1.7482936614173228
21
0.4132547637795275
0
LINE
8
BLACK
6
CONTINUOUS
10
1.7482936614173228
20
0.4132547637795275
11
1.748370590551181
21
0.412867874015748
0
LINE
8
BLACK
6
CONTINUOUS
10
1.748370590551181
20
0.412867874015748
11
1.7484747637795275
21
0.4124875196850394
0
LINE
8
BLACK
6
CONTINUOUS
10
1.7484747637795275
20
0.4124875196850394
11
1.7484569291338583
21
0.4124340551181102
0
LINE
8
BLACK
6
CONTINUOUS
10
1.7484569291338583
20
0.4124340551181102
11
1.7484809842519684
21
0.4123131102362205
0
LINE
8
BLACK
6
CONTINUOUS
10
1.7484809842519684
20
0.4123131102362205
11
1.7484809842519684
21
0.4059388976377953
0
LINE
8
BLACK
6
CONTINUOUS
10
1.7484809842519684
20
0.4059388976377953
11
1.7484569291338583
21
0.4058179921259842
0
LINE
8
BLACK
6
CONTINUOUS
10
1.7484569291338583
20
0.4058179921259842
11
1.7484747637795275
21
0.4057644881889764
0
LINE
8
BLACK
6
CONTINUOUS
10
1.7484747637795275
20
0.4057644881889764
11
1.748370590551181
21
0.4053841732283465
0
LINE
8
BLACK
6
CONTINUOUS
10
1.748370590551181
20
0.4053841732283465
11
1.7482936614173228
21
0.4049972440944882
0
LINE
8
BLACK
6
CONTINUOUS
10
1.7482936614173228
20
0.4049972440944882
11
1.7482537401574803
21
0.4049573622047244
0
LINE
8
BLACK
6
CONTINUOUS
10
1.7482537401574803
20
0.4049573622047244
11
1.748221220472441
21
0.4048384645669291
0
LINE
8
BLACK
6
CONTINUOUS
10
1.748221220472441
20
0.4048384645669291
11
1.7471990157480315
21
0.4027941338582677
0
LINE
8
BLACK
6
CONTINUOUS
10
1.7471990157480315
20
0.4027941338582677
11
1.749790748031496
21
0.4034420866141732
0
LINE
8
BLACK
6
CONTINUOUS
10
1.749790748031496
20
0.4034420866141732
11
1.754013937007874
21
0.4062575590551181
0
LINE
8
BLACK
6
CONTINUOUS
10
1.754013937007874
20
0.4062575590551181
11
1.7551529133858268
21
0.4073964566929134
0
LINE
8
BLACK
6
CONTINUOUS
10
1.7551529133858268
20
0.4073964566929134
11
1.7563081496062991
21
0.4097069291338583
0
LINE
8
BLACK
6
CONTINUOUS
10
1.7563081496062991
20
0.4097069291338583
11
1.7563081496062991
21
0.4155001968503937
0
LINE
8
BLACK
6
CONTINUOUS
10
1.7563081496062991
20
0.4155001968503937
11
1.7564954724409449
21
0.4164418503937008
0
LINE
8
BLACK
6
CONTINUOUS
10
1.7564954724409449
20
0.4164418503937008
11
1.7578271259842519
21
0.4177735039370079
0
LINE
8
BLACK
6
CONTINUOUS
10
1.7578271259842519
20
0.4177735039370079
11
1.7597104330708662
21
0.4177735039370079
0
LINE
8
BLACK
6
CONTINUOUS
10
1.7597104330708662
20
0.4177735039370079
11
1.7610420866141732
21
0.4164418503937008
0
LINE
8
BLACK
6
CONTINUOUS
10
1.7610420866141732
20
0.4164418503937008
11
1.7612294094488188
21
0.4155001968503937
0
LINE
8
BLACK
6
CONTINUOUS
10
1.7612294094488188
20
0.4155001968503937
11
1.7612294094488188
21
0.4091260236220473
0
LINE
8
BLACK
6
CONTINUOUS
10
1.7612294094488188
20
0.4091260236220473
11
1.7612053543307087
21
0.4090051181102362
0
LINE
8
BLACK
6
CONTINUOUS
10
1.7612053543307087
20
0.4090051181102362
11
1.7612231889763779
21
0.4089516141732283
0
LINE
8
BLACK
6
CONTINUOUS
10
1.7612231889763779
20
0.4089516141732283
11
1.7611190157480314
21
0.4085712992125984
0
LINE
8
BLACK
6
CONTINUOUS
10
1.7611190157480314
20
0.4085712992125984
11
1.7610420866141732
21
0.4081843700787401
0
LINE
8
BLACK
6
CONTINUOUS
10
1.7610420866141732
20
0.4081843700787401
11
1.7610021653543306
21
0.4081444881889764
0
LINE
8
BLACK
6
CONTINUOUS
10
1.7610021653543306
20
0.4081444881889764
11
1.7609696456692914
21
0.4080255905511811
0
LINE
8
BLACK
6
CONTINUOUS
10
1.7609696456692914
20
0.4080255905511811
11
1.7593761023622048
21
0.4048384645669291
0
LINE
8
BLACK
6
CONTINUOUS
10
1.7593761023622048
20
0.4048384645669291
11
1.7591340551181103
21
0.4045266535433071
0
LINE
8
BLACK
6
CONTINUOUS
10
1.7591340551181103
20
0.4045266535433071
11
1.7589151181102363
21
0.404198937007874
0
LINE
8
BLACK
6
CONTINUOUS
10
1.7589151181102363
20
0.404198937007874
11
1.7573215748031497
21
0.4026053937007874
0
LINE
8
BLACK
6
CONTINUOUS
10
1.7573215748031497
20
0.4026053937007874
11
1.7571189370078739
21
0.4024700393700787
0
LINE
8
BLACK
6
CONTINUOUS
10
1.7571189370078739
20
0.4024700393700787
11
1.7569465748031496
21
0.4022979921259842
0
LINE
8
BLACK
6
CONTINUOUS
10
1.7569465748031496
20
0.4022979921259842
11
1.7521659448818898
21
0.399110905511811
0
LINE
8
BLACK
6
CONTINUOUS
10
1.7521659448818898
20
0.399110905511811
11
1.7517776771653544
21
0.3989505905511811
0
LINE
8
BLACK
6
CONTINUOUS
10
1.7517776771653544
20
0.3989505905511811
11
1.7513978346456693
21
0.3987711023622047
0
LINE
8
BLACK
6
CONTINUOUS
10
1.7513978346456693
20
0.3987711023622047
11
1.7450236220472441
21
0.3971775196850393
0
LINE
8
BLACK
6
CONTINUOUS
10
1.7450236220472441
20
0.3971775196850393
11
1.7447224409448818
21
0.397162874015748
0
LINE
8
BLACK
6
CONTINUOUS
10
1.7447224409448818
20
0.397162874015748
11
1.7444268110236221
21
0.3971040551181102
0
LINE
8
BLACK
6
CONTINUOUS
10
1.7444268110236221
20
0.3971040551181102
11
1.7316783858267717
21
0.3971040551181102
0
LINE
8
BLACK
6
CONTINUOUS
10
1.7316783858267717
20
0.3971040551181102
11
1.7315575196850392
21
0.3971281102362205
0
LINE
8
BLACK
6
CONTINUOUS
10
1.7315575196850392
20
0.3971281102362205
11
1.7315039763779527
21
0.3971102362204724
0
LINE
8
BLACK
6
CONTINUOUS
10
1.7315039763779527
20
0.3971102362204724
11
1.7311233070866141
21
0.3972144881889764
0
LINE
8
BLACK
6
CONTINUOUS
10
1.7311233070866141
20
0.3972144881889764
11
1.7307367322834646
21
0.3972913779527559
0
LINE
8
BLACK
6
CONTINUOUS
10
1.7307367322834646
20
0.3972913779527559
11
1.7306968110236221
21
0.3973312992125984
0
LINE
8
BLACK
6
CONTINUOUS
10
1.7306968110236221
20
0.3973312992125984
11
1.7305779527559055
21
0.3973638188976378
0
LINE
8
BLACK
6
CONTINUOUS
10
1.7305779527559055
20
0.3973638188976378
11
1.7273908661417323
21
0.3989574409448819
0
LINE
8
BLACK
6
CONTINUOUS
10
1.7273908661417323
20
0.3989574409448819
11
1.7270794881889764
21
0.399199094488189
0
LINE
8
BLACK
6
CONTINUOUS
10
1.7270794881889764
20
0.399199094488189
11
1.7267513779527559
21
0.3994183464566929
0
LINE
8
BLACK
6
CONTINUOUS
10
1.7267513779527559
20
0.3994183464566929
11
1.7251578346456693
21
0.4010118897637795
0
LINE
8
BLACK
6
CONTINUOUS
10
1.7251578346456693
20
0.4010118897637795
11
1.7249388976377953
21
0.4013395275590551
0
LINE
8
BLACK
6
CONTINUOUS
10
1.7249388976377953
20
0.4013395275590551
11
1.7246968897637796
21
0.4016513779527559
0
LINE
8
BLACK
6
CONTINUOUS
10
1.7246968897637796
20
0.4016513779527559
11
1.7231033464566929
21
0.4048384645669291
0
LINE
8
BLACK
6
CONTINUOUS
10
1.7231033464566929
20
0.4048384645669291
11
1.7230707874015747
21
0.4049573622047244
0
LINE
8
BLACK
6
CONTINUOUS
10
1.7230707874015747
20
0.4049573622047244
11
1.7230309055118109
21
0.4049972440944882
0
LINE
8
BLACK
6
CONTINUOUS
10
1.7230309055118109
20
0.4049972440944882
11
1.7229539370078739
21
0.4053841732283465
0
LINE
8
BLACK
6
CONTINUOUS
10
1.7229539370078739
20
0.4053841732283465
11
1.7228498031496062
21
0.4057644881889764
0
LINE
8
BLACK
6
CONTINUOUS
10
1.7228498031496062
20
0.4057644881889764
11
1.7228675984251969
21
0.4058179921259842
0
LINE
8
BLACK
6
CONTINUOUS
10
1.7228675984251969
20
0.4058179921259842
11
1.7228435826771653
21
0.4059388976377953
0
LINE
8
BLACK
6
CONTINUOUS
10
1.7228435826771653
20
0.4059388976377953
11
1.7228435826771653
21
0.4123131102362205
0
LINE
8
BLACK
6
CONTINUOUS
10
1.7228435826771653
20
0.4123131102362205
11
1.7228675984251969
21
0.4124340551181102
0
LINE
8
BLACK
6
CONTINUOUS
10
1.7228675984251969
20
0.4124340551181102
11
1.7228498031496062
21
0.4124875196850394
0
LINE
8
BLACK
6
CONTINUOUS
10
1.7228498031496062
20
0.4124875196850394
11
1.7229539370078739
21
0.412867874015748
0
LINE
8
BLACK
6
CONTINUOUS
10
1.7229539370078739
20
0.412867874015748
11
1.7230309055118109
21
0.4132547637795275
0
LINE
8
BLACK
6
CONTINUOUS
10
1.7230309055118109
20
0.4132547637795275
11
1.7230707874015747
21
0.4132946850393701
0
LINE
8
BLACK
6
CONTINUOUS
10
1.7230707874015747
20
0.4132946850393701
11
1.7231033464566929
21
0.4134135433070866
0
LINE
8
BLACK
6
CONTINUOUS
10
1.7231033464566929
20
0.4134135433070866
11
1.7246968897637796
21
0.4166006299212598
0
LINE
8
BLACK
6
CONTINUOUS
10
1.7246968897637796
20
0.4166006299212598
11
1.7249387007874015
21
0.4169122440944882
0
LINE
8
BLACK
6
CONTINUOUS
10
1.7249387007874015
20
0.4169122440944882
11
1.7251577952755905
21
0.4172401181102362
0
LINE
8
BLACK
6
CONTINUOUS
10
1.7251577952755905
20
0.4172401181102362
11
1.7267513385826772
21
0.4188336614173228
0
LINE
8
BLACK
6
CONTINUOUS
10
1.7267513385826772
20
0.4188336614173228
11
1.7270790157480314
21
0.4190526377952756
0
LINE
8
BLACK
6
CONTINUOUS
10
1.7270790157480314
20
0.4190526377952756
11
1.7273908661417323
21
0.4192946456692913
0
LINE
8
BLACK
6
CONTINUOUS
10
1.7273908661417323
20
0.4192946456692913
11
1.7305779527559055
21
0.4208881889763779
0
LINE
8
BLACK
6
CONTINUOUS
10
1.7305779527559055
20
0.4208881889763779
11
1.7306968110236221
21
0.420920748031496
0
LINE
8
BLACK
6
CONTINUOUS
10
1.7306968110236221
20
0.420920748031496
11
1.7307367322834646
21
0.4209606299212598
0
LINE
8
BLACK
6
CONTINUOUS
10
1.7307367322834646
20
0.4209606299212598
11
1.7311236220472441
21
0.4210375984251968
0
LINE
8
BLACK
6
CONTINUOUS
10
1.7311236220472441
20
0.4210375984251968
11
1.7315039763779527
21
0.4211417322834646
0
LINE
8
BLACK
6
CONTINUOUS
10
1.7315039763779527
20
0.4211417322834646
11
1.731557440944882
21
0.421123937007874
0
LINE
8
BLACK
6
CONTINUOUS
10
1.731557440944882
20
0.421123937007874
11
1.7316783858267717
21
0.4211479527559055
0
LINE
8
BLACK
6
CONTINUOUS
10
1.7316783858267717
20
0.4211479527559055
11
1.7396461417322835
21
0.4211479527559055
0
LINE
8
BLACK
6
CONTINUOUS
10
1.7396461417322835
20
0.4211479527559055
11
1.7397670472440945
21
0.421123937007874
0
LINE
8
BLACK
6
CONTINUOUS
10
1.7299488188976377
20
0.4150714960629921
11
1.7289200393700788
21
0.4140426377952756
0
LINE
8
BLACK
6
CONTINUOUS
10
1.7289200393700788
20
0.4140426377952756
11
1.727764842519685
21
0.4117322047244094
0
LINE
8
BLACK
6
CONTINUOUS
10
1.727764842519685
20
0.4117322047244094
11
1.727764842519685
21
0.4065198031496063
0
LINE
8
BLACK
6
CONTINUOUS
10
1.727764842519685
20
0.4065198031496063
11
1.7289200787401575
21
0.4042093307086614
0
LINE
8
BLACK
6
CONTINUOUS
10
1.7289200787401575
20
0.4042093307086614
11
1.7299488976377952
21
0.4031805118110236
0
LINE
8
BLACK
6
CONTINUOUS
10
1.7299488976377952
20
0.4031805118110236
11
1.7322592519685038
21
0.4020253149606299
0
LINE
8
BLACK
6
CONTINUOUS
10
1.7322592519685038
20
0.4020253149606299
11
1.7390652362204724
21
0.4020253149606299
0
LINE
8
BLACK
6
CONTINUOUS
10
1.7390652362204724
20
0.4020253149606299
11
1.7413757086614172
21
0.4031805511811024
0
LINE
8
BLACK
6
CONTINUOUS
10
1.7413757086614172
20
0.4031805511811024
11
1.7424044881889764
21
0.4042093307086614
0
LINE
8
BLACK
6
CONTINUOUS
10
1.7424044881889764
20
0.4042093307086614
11
1.7435597244094487
21
0.4065198031496063
0
LINE
8
BLACK
6
CONTINUOUS
10
1.7435597244094487
20
0.4065198031496063
11
1.7435597244094487
21
0.4117322047244094
0
LINE
8
BLACK
6
CONTINUOUS
10
1.7435597244094487
20
0.4117322047244094
11
1.7424044881889764
21
0.4140426771653543
0
LINE
8
BLACK
6
CONTINUOUS
10
1.7424044881889764
20
0.4140426771653543
11
1.7413756692913385
21
0.4150714960629921
0
LINE
8
BLACK
6
CONTINUOUS
10
1.7413756692913385
20
0.4150714960629921
11
1.7390652362204724
21
0.4162266929133858
0
LINE
8
BLACK
6
CONTINUOUS
10
1.7390652362204724
20
0.4162266929133858
11
1.7322592913385826
21
0.4162266929133858
0
LINE
8
BLACK
6
CONTINUOUS
10
1.7322592913385826
20
0.4162266929133858
11
1.7299488188976377
21
0.4150714960629921
0
LINE
8
BLACK
6
CONTINUOUS
10
1.8199505118110235
20
0.426043031496063
11
1.8200512204724408
21
0.4259606299212598
0
LINE
8
BLACK
6
CONTINUOUS
10
1.8200512204724408
20
0.4259606299212598
11
1.8201813779527558
21
0.4259606299212598
0
LINE
8
BLACK
6
CONTINUOUS
10
1.8201813779527558
20
0.4259606299212598
11
1.8207667716535432
21
0.4253751968503937
0
LINE
8
BLACK
6
CONTINUOUS
10
1.8207667716535432
20
0.4253751968503937
11
1.8214080708661418
21
0.4248505118110236
0
LINE
8
BLACK
6
CONTINUOUS
10
1.8214080708661418
20
0.4248505118110236
11
1.8214210236220472
21
0.424720905511811
0
LINE
8
BLACK
6
CONTINUOUS
10
1.8214210236220472
20
0.424720905511811
11
1.821513031496063
21
0.4246288976377953
0
LINE
8
BLACK
6
CONTINUOUS
10
1.821513031496063
20
0.4246288976377953
11
1.821513031496063
21
0.4238009448818897
0
LINE
8
BLACK
6
CONTINUOUS
10
1.821513031496063
20
0.4238009448818897
11
1.8215954724409449
21
0.4229765354330708
0
LINE
8
BLACK
6
CONTINUOUS
10
1.8215954724409449
20
0.4229765354330708
11
1.821513031496063
21
0.4228757874015748
0
LINE
8
BLACK
6
CONTINUOUS
10
1.821513031496063
20
0.4228757874015748
11
1.821513031496063
21
0.4227456692913386
0
LINE
8
BLACK
6
CONTINUOUS
10
1.821513031496063
20
0.4227456692913386
11
1.8209796062992125
21
0.4219473622047244
0
LINE
8
BLACK
6
CONTINUOUS
10
1.8209796062992125
20
0.4219473622047244
11
1.8196684251968505
21
0.4206362204724409
0
LINE
8
BLACK
6
CONTINUOUS
10
1.8196684251968505
20
0.4206362204724409
11
1.8185132283464567
21
0.4183257874015748
0
LINE
8
BLACK
6
CONTINUOUS
10
1.8185132283464567
20
0.4183257874015748
11
1.8185132283464567
21
0.4115198031496063
0
LINE
8
BLACK
6
CONTINUOUS
10
1.8185132283464567
20
0.4115198031496063
11
1.8196684251968505
21
0.4092094094488189
0
LINE
8
BLACK
6
CONTINUOUS
10
1.8196684251968505
20
0.4092094094488189
11
1.8206973228346457
21
0.4081805118110236
0
LINE
8
BLACK
6
CONTINUOUS
10
1.8206973228346457
20
0.4081805118110236
11
1.8230076771653543
21
0.4070253149606299
0
LINE
8
BLACK
6
CONTINUOUS
10
1.8230076771653543
20
0.4070253149606299
11
1.8298137007874016
21
0.4070253149606299
0
LINE
8
BLACK
6
CONTINUOUS
10
1.8298137007874016
20
0.4070253149606299
11
1.8321240551181102
21
0.4081805511811024
0
LINE
8
BLACK
6
CONTINUOUS
10
1.8321240551181102
20
0.4081805511811024
11
1.8331529133858266
21
0.4092093700787401
0
LINE
8
BLACK
6
CONTINUOUS
10
1.8331529133858266
20
0.4092093700787401
11
1.8343081496062992
21
0.4115198031496063
0
LINE
8
BLACK
6
CONTINUOUS
10
1.8343081496062992
20
0.4115198031496063
11
1.8343081496062992
21
0.4183257874015748
0
LINE
8
BLACK
6
CONTINUOUS
10
1.8343081496062992
20
0.4183257874015748
11
1.8331529133858266
21
0.4206362598425197
0
LINE
8
BLACK
6
CONTINUOUS
10
1.8331529133858266
20
0.4206362598425197
11
1.8318417322834646
21
0.4219473622047244
0
LINE
8
BLACK
6
CONTINUOUS
10
1.8318417322834646
20
0.4219473622047244
11
1.8313083464566928
21
0.4227456692913386
0
LINE
8
BLACK
6
CONTINUOUS
10
1.8313083464566928
20
0.4227456692913386
11
1.8313083070866141
21
0.4246288976377953
0
LINE
8
BLACK
6
CONTINUOUS
10
1.8313083070866141
20
0.4246288976377953
11
1.83264
21
0.4259606299212598
0
LINE
8
BLACK
6
CONTINUOUS
10
1.83264
20
0.4259606299212598
11
1.8345232283464568
21
0.4259606692913386
0
LINE
8
BLACK
6
CONTINUOUS
10
1.8345232283464568
20
0.4259606692913386
11
1.8353215748031495
21
0.4254272834645669
0
LINE
8
BLACK
6
CONTINUOUS
10
1.8353215748031495
20
0.4254272834645669
11
1.8369151181102361
21
0.4238337401574803
0
LINE
8
BLACK
6
CONTINUOUS
10
1.8369151181102361
20
0.4238337401574803
11
1.8371340551181101
21
0.423506062992126
0
LINE
8
BLACK
6
CONTINUOUS
10
1.8371340551181101
20
0.423506062992126
11
1.8373761023622046
21
0.4231942125984252
0
LINE
8
BLACK
6
CONTINUOUS
10
1.8373761023622046
20
0.4231942125984252
11
1.8389696456692912
21
0.4200070866141732
0
LINE
8
BLACK
6
CONTINUOUS
10
1.8389696456692912
20
0.4200070866141732
11
1.8390021653543307
21
0.4198882283464567
0
LINE
8
BLACK
6
CONTINUOUS
10
1.8390021653543307
20
0.4198882283464567
11
1.8390420866141732
21
0.4198483070866141
0
LINE
8
BLACK
6
CONTINUOUS
10
1.8390420866141732
20
0.4198483070866141
11
1.8391190157480315
21
0.4194614173228347
0
LINE
8
BLACK
6
CONTINUOUS
10
1.8391190157480315
20
0.4194614173228347
11
1.8392231889763779
21
0.419081062992126
0
LINE
8
BLACK
6
CONTINUOUS
10
1.8392231889763779
20
0.419081062992126
11
1.8392053543307085
21
0.4190275984251968
0
LINE
8
BLACK
6
CONTINUOUS
10
1.8392053543307085
20
0.4190275984251968
11
1.8392294094488189
21
0.4189066535433071
0
LINE
8
BLACK
6
CONTINUOUS
10
1.8392294094488189
20
0.4189066535433071
11
1.8392294094488189
21
0.4109388976377953
0
LINE
8
BLACK
6
CONTINUOUS
10
1.8392294094488189
20
0.4109388976377953
11
1.8392053543307085
21
0.4108179921259842
0
LINE
8
BLACK
6
CONTINUOUS
10
1.8392053543307085
20
0.4108179921259842
11
1.8392231889763779
21
0.4107644881889764
0
LINE
8
BLACK
6
CONTINUOUS
10
1.8392231889763779
20
0.4107644881889764
11
1.8391190157480315
21
0.4103841732283465
0
LINE
8
BLACK
6
CONTINUOUS
10
1.8391190157480315
20
0.4103841732283465
11
1.8390420866141732
21
0.4099972440944882
0
LINE
8
BLACK
6
CONTINUOUS
10
1.8390420866141732
20
0.4099972440944882
11
1.8390021653543307
21
0.4099573622047244
0
LINE
8
BLACK
6
CONTINUOUS
10
1.8390021653543307
20
0.4099573622047244
11
1.8389696456692912
21
0.4098384645669291
0
LINE
8
BLACK
6
CONTINUOUS
10
1.8389696456692912
20
0.4098384645669291
11
1.8373761023622046
21
0.4066513779527559
0
LINE
8
BLACK
6
CONTINUOUS
10
1.8373761023622046
20
0.4066513779527559
11
1.8371340551181101
21
0.4063395669291339
0
LINE
8
BLACK
6
CONTINUOUS
10
1.8371340551181101
20
0.4063395669291339
11
1.8369151181102361
21
0.4060118503937008
0
LINE
8
BLACK
6
CONTINUOUS
10
1.8369151181102361
20
0.4060118503937008
11
1.8353215748031495
21
0.4044183070866141
0
LINE
8
BLACK
6
CONTINUOUS
10
1.8353215748031495
20
0.4044183070866141
11
1.8349935826771653
21
0.4041992125984252
0
LINE
8
BLACK
6
CONTINUOUS
10
1.8349935826771653
20
0.4041992125984252
11
1.8346821259842518
21
0.4039574409448819
0
LINE
8
BLACK
6
CONTINUOUS
10
1.8346821259842518
20
0.4039574409448819
11
1.8314949999999999
21
0.4023638582677165
0
LINE
8
BLACK
6
CONTINUOUS
10
1.8314949999999999
20
0.4023638582677165
11
1.8313761417322834
21
0.4023313385826772
0
LINE
8
BLACK
6
CONTINUOUS
10
1.8313761417322834
20
0.4023313385826772
11
1.8313362204724408
21
0.4022913779527559
0
LINE
8
BLACK
6
CONTINUOUS
10
1.8313362204724408
20
0.4022913779527559
11
1.8309491732283465
21
0.4022144094488189
0
LINE
8
BLACK
6
CONTINUOUS
10
1.8309491732283465
20
0.4022144094488189
11
1.8305690157480314
21
0.4021102755905512
0
LINE
8
BLACK
6
CONTINUOUS
10
1.8305690157480314
20
0.4021102755905512
11
1.8305154724409449
21
0.4021281496062992
0
LINE
8
BLACK
6
CONTINUOUS
10
1.8305154724409449
20
0.4021281496062992
11
1.8303945669291337
21
0.4021040551181102
0
LINE
8
BLACK
6
CONTINUOUS
10
1.8303945669291337
20
0.4021040551181102
11
1.8224268110236219
21
0.4021040551181102
0
LINE
8
BLACK
6
CONTINUOUS
10
1.8224268110236219
20
0.4021040551181102
11
1.8223059448818897
21
0.4021281102362205
0
LINE
8
BLACK
6
CONTINUOUS
10
1.8223059448818897
20
0.4021281102362205
11
1.8222524015748032
21
0.4021102362204724
0
LINE
8
BLACK
6
CONTINUOUS
10
1.8222524015748032
20
0.4021102362204724
11
1.8218717322834646
21
0.4022144881889764
0
LINE
8
BLACK
6
CONTINUOUS
10
1.8218717322834646
20
0.4022144881889764
11
1.8214851574803148
21
0.4022913779527559
0
LINE
8
BLACK
6
CONTINUOUS
10
1.8214851574803148
20
0.4022913779527559
11
1.8214452362204725
21
0.4023312992125984
0
LINE
8
BLACK
6
CONTINUOUS
10
1.8214452362204725
20
0.4023312992125984
11
1.8213263779527558
21
0.4023638188976378
0
LINE
8
BLACK
6
CONTINUOUS
10
1.8213263779527558
20
0.4023638188976378
11
1.8181392913385825
21
0.4039574409448819
0
LINE
8
BLACK
6
CONTINUOUS
10
1.8181392913385825
20
0.4039574409448819
11
1.8178277952755906
21
0.4041992125984252
0
LINE
8
BLACK
6
CONTINUOUS
10
1.8178277952755906
20
0.4041992125984252
11
1.8174998031496064
21
0.4044183464566929
0
LINE
8
BLACK
6
CONTINUOUS
10
1.8174998031496064
20
0.4044183464566929
11
1.815906220472441
21
0.4060118503937008
0
LINE
8
BLACK
6
CONTINUOUS
10
1.815906220472441
20
0.4060118503937008
11
1.815687125984252
21
0.4063397637795276
0
LINE
8
BLACK
6
CONTINUOUS
10
1.815687125984252
20
0.4063397637795276
11
1.8154452755905512
21
0.4066513779527559
0
LINE
8
BLACK
6
CONTINUOUS
10
1.8154452755905512
20
0.4066513779527559
11
1.8138517322834646
21
0.4098384645669291
0
LINE
8
BLACK
6
CONTINUOUS
10
1.8138517322834646
20
0.4098384645669291
11
1.8138191732283464
21
0.4099573622047244
0
LINE
8
BLACK
6
CONTINUOUS
10
1.8138191732283464
20
0.4099573622047244
11
1.8137792913385826
21
0.4099972440944882
0
LINE
8
BLACK
6
CONTINUOUS
10
1.8137792913385826
20
0.4099972440944882
11
1.8137023228346456
21
0.4103841732283465
0
LINE
8
BLACK
6
CONTINUOUS
10
1.8137023228346456
20
0.4103841732283465
11
1.8135981889763779
21
0.4107644881889764
0
LINE
8
BLACK
6
CONTINUOUS
10
1.8135981889763779
20
0.4107644881889764
11
1.8136159842519686
21
0.4108179921259842
0
LINE
8
BLACK
6
CONTINUOUS
10
1.8136159842519686
20
0.4108179921259842
11
1.813591968503937
21
0.4109388976377953
0
LINE
8
BLACK
6
CONTINUOUS
10
1.813591968503937
20
0.4109388976377953
11
1.813591968503937
21
0.4189066535433071
0
LINE
8
BLACK
6
CONTINUOUS
10
1.813591968503937
20
0.4189066535433071
11
1.8136159842519686
21
0.4190275984251968
0
LINE
8
BLACK
6
CONTINUOUS
10
1.8136159842519686
20
0.4190275984251968
11
1.8135981889763779
21
0.419081062992126
0
LINE
8
BLACK
6
CONTINUOUS
10
1.8135981889763779
20
0.419081062992126
11
1.8137023228346456
21
0.4194614173228347
0
LINE
8
BLACK
6
CONTINUOUS
10
1.8137023228346456
20
0.4194614173228347
11
1.8137792913385826
21
0.4198483070866141
0
LINE
8
BLACK
6
CONTINUOUS
10
1.8137792913385826
20
0.4198483070866141
11
1.8138191732283464
21
0.4198882283464567
0
LINE
8
BLACK
6
CONTINUOUS
10
1.8138191732283464
20
0.4198882283464567
11
1.8138517322834646
21
0.4200070866141732
0
LINE
8
BLACK
6
CONTINUOUS
10
1.8138517322834646
20
0.4200070866141732
11
1.8142035826771654
21
0.4207108267716536
0
LINE
8
BLACK
6
CONTINUOUS
10
1.8142035826771654
20
0.4207108267716536
11
1.8057648425196851
21
0.419866968503937
0
LINE
8
BLACK
6
CONTINUOUS
10
1.8057648425196851
20
0.419866968503937
11
1.8057648425196851
21
0.4061582677165354
0
LINE
8
BLACK
6
CONTINUOUS
10
1.8057648425196851
20
0.4061582677165354
11
1.8055775196850394
21
0.4052166141732284
0
LINE
8
BLACK
6
CONTINUOUS
10
1.8055775196850394
20
0.4052166141732284
11
1.8042458661417322
21
0.4038849606299212
0
LINE
8
BLACK
6
CONTINUOUS
10
1.8042458661417322
20
0.4038849606299212
11
1.802362559055118
21
0.4038849606299212
0
LINE
8
BLACK
6
CONTINUOUS
10
1.802362559055118
20
0.4038849606299212
11
1.801030905511811
21
0.4052166141732284
0
LINE
8
BLACK
6
CONTINUOUS
10
1.801030905511811
20
0.4052166141732284
11
1.8008435826771654
21
0.4061582677165354
0
LINE
8
BLACK
6
CONTINUOUS
10
1.8008435826771654
20
0.4061582677165354
11
1.8008435826771654
21
0.4220937795275591
0
LINE
8
BLACK
6
CONTINUOUS
10
1.8008435826771654
20
0.4220937795275591
11
1.8009606692913385
21
0.4226825590551181
0
LINE
8
BLACK
6
CONTINUOUS
10
1.8009606692913385
20
0.4226825590551181
11
1.8009485039370079
21
0.4228045669291339
0
LINE
8
BLACK
6
CONTINUOUS
10
1.8009485039370079
20
0.4228045669291339
11
1.8009966929133858
21
0.4228635039370079
0
LINE
8
BLACK
6
CONTINUOUS
10
1.8009966929133858
20
0.4228635039370079
11
1.801030905511811
21
0.4230354330708661
0
LINE
8
BLACK
6
CONTINUOUS
10
1.801030905511811
20
0.4230354330708661
11
1.8016164960629921
21
0.423621062992126
0
LINE
8
BLACK
6
CONTINUOUS
10
1.8016164960629921
20
0.423621062992126
11
1.8021410236220472
21
0.4242621259842519
0
LINE
8
BLACK
6
CONTINUOUS
10
1.8021410236220472
20
0.4242621259842519
11
1.8023087401574802
21
0.4243133070866142
0
LINE
8
BLACK
6
CONTINUOUS
10
1.8023087401574802
20
0.4243133070866142
11
1.802362559055118
21
0.4243670866141732
0
LINE
8
BLACK
6
CONTINUOUS
10
1.802362559055118
20
0.4243670866141732
11
1.8024851968503937
21
0.4243670866141732
0
LINE
8
BLACK
6
CONTINUOUS
10
1.8024851968503937
20
0.4243670866141732
11
1.8030593700787401
21
0.4245422047244095
0
LINE
8
BLACK
6
CONTINUOUS
10
1.8030593700787401
20
0.4245422047244095
11
1.8189948818897637
21
0.4261357480314961
0
LINE
8
BLACK
6
CONTINUOUS
10
1.8189948818897637
20
0.4261357480314961
11
1.8199505118110235
21
0.426043031496063
0
LINE
8
BLACK
6
CONTINUOUS
10
1.7597104330708662
20
0.4528316535433071
11
1.7610420866141732
21
0.4515
0
LINE
8
BLACK
6
CONTINUOUS
10
1.7610420866141732
20
0.4515
11
1.7610420866141732
21
0.4496166929133858
0
LINE
8
BLACK
6
CONTINUOUS
10
1.7610420866141732
20
0.4496166929133858
11
1.7597104330708662
21
0.4482850393700787
0
LINE
8
BLACK
6
CONTINUOUS
10
1.7597104330708662
20
0.4482850393700787
11
1.7587687795275591
21
0.4480977165354331
0
LINE
8
BLACK
6
CONTINUOUS
10
1.7587687795275591
20
0.4480977165354331
11
1.7452938976377952
21
0.4480977165354331
0
LINE
8
BLACK
6
CONTINUOUS
10
1.7452938976377952
20
0.4480977165354331
11
1.7452938976377952
21
0.4438717322834645
0
LINE
8
BLACK
6
CONTINUOUS
10
1.7452938976377952
20
0.4438717322834645
11
1.7601798425196851
21
0.4334515354330709
0
LINE
8
BLACK
6
CONTINUOUS
10
1.7601798425196851
20
0.4334515354330709
11
1.7608438582677164
21
0.4327580708661417
0
LINE
8
BLACK
6
CONTINUOUS
10
1.7608438582677164
20
0.4327580708661417
11
1.7611711417322835
21
0.4309035039370079
0
LINE
8
BLACK
6
CONTINUOUS
10
1.7611711417322835
20
0.4309035039370079
11
1.7600911417322833
21
0.4293606299212598
0
LINE
8
BLACK
6
CONTINUOUS
10
1.7600911417322833
20
0.4293606299212598
11
1.7582365354330709
21
0.4290333464566929
0
LINE
8
BLACK
6
CONTINUOUS
10
1.7582365354330709
20
0.4290333464566929
11
1.7573576771653543
21
0.4294198818897638
0
LINE
8
BLACK
6
CONTINUOUS
10
1.7573576771653543
20
0.4294198818897638
11
1.7452938976377952
21
0.4378645669291338
0
LINE
8
BLACK
6
CONTINUOUS
10
1.7452938976377952
20
0.4378645669291338
11
1.7452938976377952
21
0.4378099212598425
0
LINE
8
BLACK
6
CONTINUOUS
10
1.7452938976377952
20
0.4378099212598425
11
1.7452698425196851
21
0.4376890157480315
0
LINE
8
BLACK
6
CONTINUOUS
10
1.7452698425196851
20
0.4376890157480315
11
1.7452876771653543
21
0.4376355118110236
0
LINE
8
BLACK
6
CONTINUOUS
10
1.7452876771653543
20
0.4376355118110236
11
1.7451835039370078
21
0.4372551968503937
0
LINE
8
BLACK
6
CONTINUOUS
10
1.7451835039370078
20
0.4372551968503937
11
1.7451065748031496
21
0.4368682677165354
0
LINE
8
BLACK
6
CONTINUOUS
10
1.7451065748031496
20
0.4368682677165354
11
1.745066653543307
21
0.4368283858267716
0
LINE
8
BLACK
6
CONTINUOUS
10
1.745066653543307
20
0.4368283858267716
11
1.7450341338582678
21
0.4367094881889764
0
LINE
8
BLACK
6
CONTINUOUS
10
1.7450341338582678
20
0.4367094881889764
11
1.7434405905511812
21
0.4335224015748032
0
LINE
8
BLACK
6
CONTINUOUS
10
1.7434405905511812
20
0.4335224015748032
11
1.7431985433070867
21
0.4332105511811024
0
LINE
8
BLACK
6
CONTINUOUS
10
1.7431985433070867
20
0.4332105511811024
11
1.7429796456692912
21
0.4328829133858267
0
LINE
8
BLACK
6
CONTINUOUS
10
1.7429796456692912
20
0.4328829133858267
11
1.7413860629921258
21
0.4312893307086614
0
LINE
8
BLACK
6
CONTINUOUS
10
1.7413860629921258
20
0.4312893307086614
11
1.7410584251968504
21
0.4310704330708661
0
LINE
8
BLACK
6
CONTINUOUS
10
1.7410584251968504
20
0.4310704330708661
11
1.7407465748031496
21
0.4308283858267716
0
LINE
8
BLACK
6
CONTINUOUS
10
1.7407465748031496
20
0.4308283858267716
11
1.7375594881889764
21
0.429234842519685
0
LINE
8
BLACK
6
CONTINUOUS
10
1.7375594881889764
20
0.429234842519685
11
1.7374405905511812
21
0.4292023228346457
0
LINE
8
BLACK
6
CONTINUOUS
10
1.7374405905511812
20
0.4292023228346457
11
1.7374007086614174
21
0.4291624015748031
0
LINE
8
BLACK
6
CONTINUOUS
10
1.7374007086614174
20
0.4291624015748031
11
1.7370137795275591
21
0.4290854724409449
0
LINE
8
BLACK
6
CONTINUOUS
10
1.7370137795275591
20
0.4290854724409449
11
1.736633464566929
21
0.4289812992125984
0
LINE
8
BLACK
6
CONTINUOUS
10
1.736633464566929
20
0.4289812992125984
11
1.7365799606299213
21
0.4289991338582677
0
LINE
8
BLACK
6
CONTINUOUS
10
1.7365799606299213
20
0.4289991338582677
11
1.7364590551181103
21
0.4289750787401574
0
LINE
8
BLACK
6
CONTINUOUS
10
1.7364590551181103
20
0.4289750787401574
11
1.7316783858267717
21
0.4289750787401574
0
LINE
8
BLACK
6
CONTINUOUS
10
1.7316783858267717
20
0.4289750787401574
11
1.731557440944882
21
0.4289991338582677
0
LINE
8
BLACK
6
CONTINUOUS
10
1.731557440944882
20
0.4289991338582677
11
1.7315039763779527
21
0.4289812992125984
0
LINE
8
BLACK
6
CONTINUOUS
10
1.7315039763779527
20
0.4289812992125984
11
1.7311236220472441
21
0.4290854724409449
0
LINE
8
BLACK
6
CONTINUOUS
10
1.7311236220472441
20
0.4290854724409449
11
1.7307367322834646
21
0.4291624015748031
0
LINE
8
BLACK
6
CONTINUOUS
10
1.7307367322834646
20
0.4291624015748031
11
1.7306968110236221
21
0.4292023228346457
0
LINE
8
BLACK
6
CONTINUOUS
10
1.7306968110236221
20
0.4292023228346457
11
1.7305779527559055
21
0.429234842519685
0
LINE
8
BLACK
6
CONTINUOUS
10
1.7305779527559055
20
0.429234842519685
11
1.7273908661417323
21
0.4308283858267716
0
LINE
8
BLACK
6
CONTINUOUS
10
1.7273908661417323
20
0.4308283858267716
11
1.7270790157480314
21
0.4310704330708661
0
LINE
8
BLACK
6
CONTINUOUS
10
1.7270790157480314
20
0.4310704330708661
11
1.7267513385826772
21
0.4312893700787401
0
LINE
8
BLACK
6
CONTINUOUS
10
1.7267513385826772
20
0.4312893700787401
11
1.7251577952755905
21
0.4328829133858267
0
LINE
8
BLACK
6
CONTINUOUS
10
1.7251577952755905
20
0.4328829133858267
11
1.7249387007874015
21
0.4332108267716535
0
LINE
8
BLACK
6
CONTINUOUS
10
1.7249387007874015
20
0.4332108267716535
11
1.7246968897637796
21
0.4335224015748032
0
LINE
8
BLACK
6
CONTINUOUS
10
1.7246968897637796
20
0.4335224015748032
11
1.7231033464566929
21
0.4367094881889764
0
LINE
8
BLACK
6
CONTINUOUS
10
1.7231033464566929
20
0.4367094881889764
11
1.7230707874015747
21
0.4368283858267716
0
LINE
8
BLACK
6
CONTINUOUS
10
1.7230707874015747
20
0.4368283858267716
11
1.7230309055118109
21
0.4368682677165354
0
LINE
8
BLACK
6
CONTINUOUS
10
1.7230309055118109
20
0.4368682677165354
11
1.7229539370078739
21
0.4372551968503937
0
LINE
8
BLACK
6
CONTINUOUS
10
1.7229539370078739
20
0.4372551968503937
11
1.7228498031496062
21
0.4376355118110236
0
LINE
8
BLACK
6
CONTINUOUS
10
1.7228498031496062
20
0.4376355118110236
11
1.7228675984251969
21
0.4376890157480315
0
LINE
8
BLACK
6
CONTINUOUS
10
1.7228675984251969
20
0.4376890157480315
11
1.7228435826771653
21
0.4378099212598425
0
LINE
8
BLACK
6
CONTINUOUS
10
1.7228435826771653
20
0.4378099212598425
11
1.7228435826771653
21
0.4505583464566929
0
LINE
8
BLACK
6
CONTINUOUS
10
1.7228435826771653
20
0.4505583464566929
11
1.7230309055118109
21
0.4515
0
LINE
8
BLACK
6
CONTINUOUS
10
1.7230309055118109
20
0.4515
11
1.7243625590551181
21
0.4528316535433071
0
LINE
8
BLACK
6
CONTINUOUS
10
1.7243625590551181
20
0.4528316535433071
11
1.7253042125984253
21
0.4530189763779527
0
LINE
8
BLACK
6
CONTINUOUS
10
1.7253042125984253
20
0.4530189763779527
11
1.7587687795275591
21
0.4530189763779527
0
LINE
8
BLACK
6
CONTINUOUS
10
1.7587687795275591
20
0.4530189763779527
11
1.7597104330708662
21
0.4528316535433071
0
LINE
8
BLACK
6
CONTINUOUS
10
1.727764842519685
20
0.4383908267716535
11
1.7289200393700788
21
0.4360804330708661
0
LINE
8
BLACK
6
CONTINUOUS
10
1.7289200393700788
20
0.4360804330708661
11
1.7299488188976377
21
0.4350515748031496
0
LINE
8
BLACK
6
CONTINUOUS
10
1.7299488188976377
20
0.4350515748031496
11
1.7322592913385826
21
0.4338963385826772
0
LINE
8
BLACK
6
CONTINUOUS
10
1.7322592913385826
20
0.4338963385826772
11
1.7358781496062992
21
0.4338963385826772
0
LINE
8
BLACK
6
CONTINUOUS
10
1.7358781496062992
20
0.4338963385826772
11
1.738188622047244
21
0.4350515748031496
0
LINE
8
BLACK
6
CONTINUOUS
10
1.738188622047244
20
0.4350515748031496
11
1.7392174015748032
21
0.4360803543307086
0
LINE
8
BLACK
6
CONTINUOUS
10
1.7392174015748032
20
0.4360803543307086
11
1.7403726377952755
21
0.4383908267716535
0
LINE
8
BLACK
6
CONTINUOUS
10
1.7403726377952755
20
0.4383908267716535
11
1.7403726377952755
21
0.4480977165354331
0
LINE
8
BLACK
6
CONTINUOUS
10
1.7403726377952755
20
0.4480977165354331
11
1.727764842519685
21
0.4480977165354331
0
LINE
8
BLACK
6
CONTINUOUS
10
1.727764842519685
20
0.4480977165354331
11
1.727764842519685
21
0.4383908267716535
0
LINE
8
BLACK
6
CONTINUOUS
10
1.837710433070866
20
0.4578316535433071
11
1.8390420866141732
21
0.4565
0
LINE
8
BLACK
6
CONTINUOUS
10
1.8390420866141732
20
0.4565
11
1.8390420866141732
21
0.4546166929133858
0
LINE
8
BLACK
6
CONTINUOUS
10
1.8390420866141732
20
0.4546166929133858
11
1.837710433070866
21
0.4532850393700787
0
LINE
8
BLACK
6
CONTINUOUS
10
1.837710433070866
20
0.4532850393700787
11
1.8367687795275589
21
0.4530977165354331
0
LINE
8
BLACK
6
CONTINUOUS
10
1.8367687795275589
20
0.4530977165354331
11
1.8232938976377953
21
0.4530977165354331
0
LINE
8
BLACK
6
CONTINUOUS
10
1.8232938976377953
20
0.4530977165354331
11
1.8232938976377953
21
0.4488717322834646
0
LINE
8
BLACK
6
CONTINUOUS
10
1.8232938976377953
20
0.4488717322834646
11
1.8381798425196849
21
0.4384515354330709
0
LINE
8
BLACK
6
CONTINUOUS
10
1.8381798425196849
20
0.4384515354330709
11
1.8388438582677165
21
0.4377580708661417
0
LINE
8
BLACK
6
CONTINUOUS
10
1.8388438582677165
20
0.4377580708661417
11
1.8391711417322834
21
0.4359035039370079
0
LINE
8
BLACK
6
CONTINUOUS
10
1.8391711417322834
20
0.4359035039370079
11
1.8380911417322834
21
0.4343606299212598
0
LINE
8
BLACK
6
CONTINUOUS
10
1.8380911417322834
20
0.4343606299212598
11
1.8362365354330707
21
0.4340333464566929
0
LINE
8
BLACK
6
CONTINUOUS
10
1.8362365354330707
20
0.4340333464566929
11
1.8353576771653544
21
0.4344198818897638
0
LINE
8
BLACK
6
CONTINUOUS
10
1.8353576771653544
20
0.4344198818897638
11
1.8232938976377953
21
0.4428645669291338
0
LINE
8
BLACK
6
CONTINUOUS
10
1.8232938976377953
20
0.4428645669291338
11
1.8232938976377953
21
0.4428099212598425
0
LINE
8
BLACK
6
CONTINUOUS
10
1.8232938976377953
20
0.4428099212598425
11
1.8232698425196849
21
0.4426890157480315
0
LINE
8
BLACK
6
CONTINUOUS
10
1.8232698425196849
20
0.4426890157480315
11
1.8232876771653543
21
0.4426355118110236
0
LINE
8
BLACK
6
CONTINUOUS
10
1.8232876771653543
20
0.4426355118110236
11
1.8231835039370079
21
0.4422551968503937
0
LINE
8
BLACK
6
CONTINUOUS
10
1.8231835039370079
20
0.4422551968503937
11
1.8231065748031496
21
0.4418682677165354
0
LINE
8
BLACK
6
CONTINUOUS
10
1.8231065748031496
20
0.4418682677165354
11
1.8230666535433071
21
0.4418283858267716
0
LINE
8
BLACK
6
CONTINUOUS
10
1.8230666535433071
20
0.4418283858267716
11
1.8230341338582676
21
0.4417094881889764
0
LINE
8
BLACK
6
CONTINUOUS
10
1.8230341338582676
20
0.4417094881889764
11
1.821440590551181
21
0.4385224015748032
0
LINE
8
BLACK
6
CONTINUOUS
10
1.821440590551181
20
0.4385224015748032
11
1.8211985433070865
21
0.4382105511811024
0
LINE
8
BLACK
6
CONTINUOUS
10
1.8211985433070865
20
0.4382105511811024
11
1.8209796456692913
21
0.4378829133858267
0
LINE
8
BLACK
6
CONTINUOUS
10
1.8209796456692913
20
0.4378829133858267
11
1.8193860629921259
21
0.4362893307086614
0
LINE
8
BLACK
6
CONTINUOUS
10
1.8193860629921259
20
0.4362893307086614
11
1.8190584251968505
21
0.4360704330708661
0
LINE
8
BLACK
6
CONTINUOUS
10
1.8190584251968505
20
0.4360704330708661
11
1.8187465748031495
21
0.4358283858267716
0
LINE
8
BLACK
6
CONTINUOUS
10
1.8187465748031495
20
0.4358283858267716
11
1.8155594881889763
21
0.434234842519685
0
LINE
8
BLACK
6
CONTINUOUS
10
1.8155594881889763
20
0.434234842519685
11
1.815440590551181
21
0.4342023228346457
0
LINE
8
BLACK
6
CONTINUOUS
10
1.815440590551181
20
0.4342023228346457
11
1.8154007086614172
21
0.4341624015748031
0
LINE
8
BLACK
6
CONTINUOUS
10
1.8154007086614172
20
0.4341624015748031
11
1.8150137795275589
21
0.4340854724409449
0
LINE
8
BLACK
6
CONTINUOUS
10
1.8150137795275589
20
0.4340854724409449
11
1.8146334645669291
21
0.4339812992125984
0
LINE
8
BLACK
6
CONTINUOUS
10
1.8146334645669291
20
0.4339812992125984
11
1.8145799606299213
21
0.4339991338582677
0
LINE
8
BLACK
6
CONTINUOUS
10
1.8145799606299213
20
0.4339991338582677
11
1.8144590551181101
21
0.4339750787401574
0
LINE
8
BLACK
6
CONTINUOUS
10
1.8144590551181101
20
0.4339750787401574
11
1.8096783858267715
21
0.4339750787401574
0
LINE
8
BLACK
6
CONTINUOUS
10
1.8096783858267715
20
0.4339750787401574
11
1.8095574409448818
21
0.4339991338582677
0
LINE
8
BLACK
6
CONTINUOUS
10
1.8095574409448818
20
0.4339991338582677
11
1.8095039763779528
21
0.4339812992125984
0
LINE
8
BLACK
6
CONTINUOUS
10
1.8095039763779528
20
0.4339812992125984
11
1.809123622047244
21
0.4340854724409449
0
LINE
8
BLACK
6
CONTINUOUS
10
1.809123622047244
20
0.4340854724409449
11
1.8087367322834644
21
0.4341624015748031
0
LINE
8
BLACK
6
CONTINUOUS
10
1.8087367322834644
20
0.4341624015748031
11
1.8086968110236219
21
0.4342023228346457
0
LINE
8
BLACK
6
CONTINUOUS
10
1.8086968110236219
20
0.4342023228346457
11
1.8085779527559054
21
0.434234842519685
0
LINE
8
BLACK
6
CONTINUOUS
10
1.8085779527559054
20
0.434234842519685
11
1.8053908661417322
21
0.4358283858267716
0
LINE
8
BLACK
6
CONTINUOUS
10
1.8053908661417322
20
0.4358283858267716
11
1.8050790157480314
21
0.4360704330708661
0
LINE
8
BLACK
6
CONTINUOUS
10
1.8050790157480314
20
0.4360704330708661
11
1.8047513385826772
21
0.4362893700787401
0
LINE
8
BLACK
6
CONTINUOUS
10
1.8047513385826772
20
0.4362893700787401
11
1.8031577952755906
21
0.4378829133858267
0
LINE
8
BLACK
6
CONTINUOUS
10
1.8031577952755906
20
0.4378829133858267
11
1.8029387007874016
21
0.4382108267716535
0
LINE
8
BLACK
6
CONTINUOUS
10
1.8029387007874016
20
0.4382108267716535
11
1.8026968897637794
21
0.4385224015748032
0
LINE
8
BLACK
6
CONTINUOUS
10
1.8026968897637794
20
0.4385224015748032
11
1.8011033464566928
21
0.4417094881889764
0
LINE
8
BLACK
6
CONTINUOUS
10
1.8011033464566928
20
0.4417094881889764
11
1.8010707874015748
21
0.4418283858267716
0
LINE
8
BLACK
6
CONTINUOUS
10
1.8010707874015748
20
0.4418283858267716
11
1.801030905511811
21
0.4418682677165354
0
LINE
8
BLACK
6
CONTINUOUS
10
1.801030905511811
20
0.4418682677165354
11
1.800953937007874
21
0.4422551968503937
0
LINE
8
BLACK
6
CONTINUOUS
10
1.800953937007874
20
0.4422551968503937
11
1.8008498031496063
21
0.4426355118110236
0
LINE
8
BLACK
6
CONTINUOUS
10
1.8008498031496063
20
0.4426355118110236
11
1.8008675984251967
21
0.4426890157480315
0
LINE
8
BLACK
6
CONTINUOUS
10
1.8008675984251967
20
0.4426890157480315
11
1.8008435826771654
21
0.4428099212598425
0
LINE
8
BLACK
6
CONTINUOUS
10
1.8008435826771654
20
0.4428099212598425
11
1.8008435826771654
21
0.4555583464566929
0
LINE
8
BLACK
6
CONTINUOUS
10
1.8008435826771654
20
0.4555583464566929
11
1.801030905511811
21
0.4565
0
LINE
8
BLACK
6
CONTINUOUS
10
1.801030905511811
20
0.4565
11
1.802362559055118
21
0.4578316535433071
0
LINE
8
BLACK
6
CONTINUOUS
10
1.802362559055118
20
0.4578316535433071
11
1.8033042125984251
21
0.4580189763779527
0
LINE
8
BLACK
6
CONTINUOUS
10
1.8033042125984251
20
0.4580189763779527
11
1.8367687795275589
21
0.4580189763779527
0
LINE
8
BLACK
6
CONTINUOUS
10
1.8367687795275589
20
0.4580189763779527
11
1.837710433070866
21
0.4578316535433071
0
LINE
8
BLACK
6
CONTINUOUS
10
1.8057648425196851
20
0.4433908267716535
11
1.8069200393700786
21
0.4410804330708661
0
LINE
8
BLACK
6
CONTINUOUS
10
1.8069200393700786
20
0.4410804330708661
11
1.8079488188976378
21
0.4400515748031496
0
LINE
8
BLACK
6
CONTINUOUS
10
1.8079488188976378
20
0.4400515748031496
11
1.8102592913385827
21
0.4388963385826772
0
LINE
8
BLACK
6
CONTINUOUS
10
1.8102592913385827
20
0.4388963385826772
11
1.8138781496062992
21
0.4388963385826772
0
LINE
8
BLACK
6
CONTINUOUS
10
1.8138781496062992
20
0.4388963385826772
11
1.8161886220472441
21
0.4400515748031496
0
LINE
8
BLACK
6
CONTINUOUS
10
1.8161886220472441
20
0.4400515748031496
11
1.817217401574803
21
0.4410803543307086
0
LINE
8
BLACK
6
CONTINUOUS
10
1.817217401574803
20
0.4410803543307086
11
1.8183726377952756
21
0.4433908267716535
0
LINE
8
BLACK
6
CONTINUOUS
10
1.8183726377952756
20
0.4433908267716535
11
1.8183726377952756
21
0.4530977165354331
0
LINE
8
BLACK
6
CONTINUOUS
10
1.8183726377952756
20
0.4530977165354331
11
1.8057648425196851
21
0.4530977165354331
0
LINE
8
BLACK
6
CONTINUOUS
10
1.8057648425196851
20
0.4530977165354331
11
1.8057648425196851
21
0.4433908267716535
0
LINE
8
BLACK
6
CONTINUOUS
10
1.4597244094488189
20
0.5255027559055118
11
1.4603199212598426
21
0.5237161417322834
0
LINE
8
BLACK
6
CONTINUOUS
10
1.4603199212598426
20
0.5237161417322834
11
1.4600663779527558
21
0.5227901181102362
0
LINE
8
BLACK
6
CONTINUOUS
10
1.4600663779527558
20
0.5227901181102362
11
1.4584728346456692
21
0.5196029921259843
0
LINE
8
BLACK
6
CONTINUOUS
10
1.4584728346456692
20
0.5196029921259843
11
1.4582309448818898
21
0.5192913779527559
0
LINE
8
BLACK
6
CONTINUOUS
10
1.4582309448818898
20
0.5192913779527559
11
1.4580118897637795
21
0.5189634645669291
0
LINE
8
BLACK
6
CONTINUOUS
10
1.4580118897637795
20
0.5189634645669291
11
1.4558382677165354
21
0.5167898818897637
0
LINE
8
BLACK
6
CONTINUOUS
10
1.4558382677165354
20
0.5167898818897637
11
1.4793081496062992
21
0.5167898818897637
0
LINE
8
BLACK
6
CONTINUOUS
10
1.4793081496062992
20
0.5167898818897637
11
1.4793081496062992
21
0.5238905511811024
0
LINE
8
BLACK
6
CONTINUOUS
10
1.4793081496062992
20
0.5238905511811024
11
1.4794954724409448
21
0.5248322047244094
0
LINE
8
BLACK
6
CONTINUOUS
10
1.4794954724409448
20
0.5248322047244094
11
1.480827125984252
21
0.5261638582677165
0
LINE
8
BLACK
6
CONTINUOUS
10
1.480827125984252
20
0.5261638582677165
11
1.482710433070866
21
0.5261638582677165
0
LINE
8
BLACK
6
CONTINUOUS
10
1.482710433070866
20
0.5261638582677165
11
1.4840420866141733
21
0.5248322047244094
0
LINE
8
BLACK
6
CONTINUOUS
10
1.4840420866141733
20
0.5248322047244094
11
1.4842294094488189
21
0.5238905511811024
0
LINE
8
BLACK
6
CONTINUOUS
10
1.4842294094488189
20
0.5238905511811024
11
1.4842294094488189
21
0.5047679133858267
0
LINE
8
BLACK
6
CONTINUOUS
10
1.4842294094488189
20
0.5047679133858267
11
1.4840420866141733
21
0.5038262598425197
0
LINE
8
BLACK
6
CONTINUOUS
10
1.4840420866141733
20
0.5038262598425197
11
1.482710433070866
21
0.5024946062992126
0
LINE
8
BLACK
6
CONTINUOUS
10
1.482710433070866
20
0.5024946062992126
11
1.480827125984252
21
0.5024946062992126
0
LINE
8
BLACK
6
CONTINUOUS
10
1.480827125984252
20
0.5024946062992126
11
1.4794954724409448
21
0.5038262598425197
0
LINE
8
BLACK
6
CONTINUOUS
10
1.4794954724409448
20
0.5038262598425197
11
1.4793081496062992
21
0.5047679133858267
0
LINE
8
BLACK
6
CONTINUOUS
10
1.4793081496062992
20
0.5047679133858267
11
1.4793081496062992
21
0.511868622047244
0
LINE
8
BLACK
6
CONTINUOUS
10
1.4793081496062992
20
0.511868622047244
11
1.4483042125984251
21
0.511868622047244
0
LINE
8
BLACK
6
CONTINUOUS
10
1.4483042125984251
20
0.511868622047244
11
1.447362559055118
21
0.5120559448818898
0
LINE
8
BLACK
6
CONTINUOUS
10
1.447362559055118
20
0.5120559448818898
11
1.4471833858267715
21
0.5122351181102363
0
LINE
8
BLACK
6
CONTINUOUS
10
1.4471833858267715
20
0.5122351181102363
11
1.4469350393700786
21
0.5122847637795276
0
LINE
8
BLACK
6
CONTINUOUS
10
1.4469350393700786
20
0.5122847637795276
11
1.4465375590551182
21
0.5128809448818897
0
LINE
8
BLACK
6
CONTINUOUS
10
1.4465375590551182
20
0.5128809448818897
11
1.446030905511811
21
0.5133875984251969
0
LINE
8
BLACK
6
CONTINUOUS
10
1.446030905511811
20
0.5133875984251969
11
1.446030905511811
21
0.5136409448818897
0
LINE
8
BLACK
6
CONTINUOUS
10
1.446030905511811
20
0.5136409448818897
11
1.4458903543307087
21
0.5138517322834646
0
LINE
8
BLACK
6
CONTINUOUS
10
1.4458903543307087
20
0.5138517322834646
11
1.446030905511811
21
0.5145544488188977
0
LINE
8
BLACK
6
CONTINUOUS
10
1.446030905511811
20
0.5145544488188977
11
1.446030905511811
21
0.515270905511811
0
LINE
8
BLACK
6
CONTINUOUS
10
1.446030905511811
20
0.515270905511811
11
1.4462100393700787
21
0.5154500787401575
0
LINE
8
BLACK
6
CONTINUOUS
10
1.4462100393700787
20
0.5154500787401575
11
1.4462597244094488
21
0.5156984251968504
0
LINE
8
BLACK
6
CONTINUOUS
10
1.4462597244094488
20
0.5156984251968504
11
1.4469392913385826
21
0.5163766141732283
0
LINE
8
BLACK
6
CONTINUOUS
10
1.4469392913385826
20
0.5163766141732283
11
1.4515172440944881
21
0.519428622047244
0
LINE
8
BLACK
6
CONTINUOUS
10
1.4515172440944881
20
0.519428622047244
11
1.4542496062992125
21
0.5221609842519684
0
LINE
8
BLACK
6
CONTINUOUS
10
1.4542496062992125
20
0.5221609842519684
11
1.4556646456692912
21
0.5249909842519684
0
LINE
8
BLACK
6
CONTINUOUS
10
1.4556646456692912
20
0.5249909842519684
11
1.4562533070866142
21
0.5257494488188976
0
LINE
8
BLACK
6
CONTINUOUS
10
1.4562533070866142
20
0.5257494488188976
11
1.4580399212598425
21
0.526345
0
LINE
8
BLACK
6
CONTINUOUS
10
1.4580399212598425
20
0.526345
11
1.4597244094488189
21
0.5255027559055118
0
LINE
8
BLACK
6
CONTINUOUS
10
1.7173398818897638
20
0.5447844488188976
11
1.7175196850393701
21
0.5438804724409448
0
LINE
8
BLACK
6
CONTINUOUS
10
1.7175196850393701
20
0.5438804724409448
11
1.7175196850393701
21
0.5260014173228347
0
LINE
8
BLACK
6
CONTINUOUS
10
1.7175196850393701
20
0.5260014173228347
11
1.7173398818897638
21
0.5250974409448819
0
LINE
8
BLACK
6
CONTINUOUS
10
1.7173398818897638
20
0.5250974409448819
11
1.7160614566929133
21
0.5238190157480315
0
LINE
8
BLACK
6
CONTINUOUS
10
1.7160614566929133
20
0.5238190157480315
11
1.7142535039370079
21
0.5238190157480315
0
LINE
8
BLACK
6
CONTINUOUS
10
1.7142535039370079
20
0.5238190157480315
11
1.7129750787401574
21
0.5250974409448819
0
LINE
8
BLACK
6
CONTINUOUS
10
1.7129750787401574
20
0.5250974409448819
11
1.7127952755905511
21
0.5260014173228347
0
LINE
8
BLACK
6
CONTINUOUS
10
1.7127952755905511
20
0.5260014173228347
11
1.7127952755905511
21
0.5438804724409448
0
LINE
8
BLACK
6
CONTINUOUS
10
1.7127952755905511
20
0.5438804724409448
11
1.7129750787401574
21
0.5447844488188976
0
LINE
8
BLACK
6
CONTINUOUS
10
1.7129750787401574
20
0.5447844488188976
11
1.7142535039370079
21
0.546062874015748
0
LINE
8
BLACK
6
CONTINUOUS
10
1.7142535039370079
20
0.546062874015748
11
1.7160614566929133
21
0.546062874015748
0
LINE
8
BLACK
6
CONTINUOUS
10
1.7160614566929133
20
0.546062874015748
11
1.7173398818897638
21
0.5447844488188976
0
LINE
8
BLACK
6
CONTINUOUS
10
1.7752138976377951
20
0.5447844488188976
11
1.7753937007874014
21
0.5438804724409448
0
LINE
8
BLACK
6
CONTINUOUS
10
1.7753937007874014
20
0.5438804724409448
11
1.7753937007874014
21
0.5260014173228347
0
LINE
8
BLACK
6
CONTINUOUS
10
1.7753937007874014
20
0.5260014173228347
11
1.7752138976377951
21
0.5250974409448819
0
LINE
8
BLACK
6
CONTINUOUS
10
1.7752138976377951
20
0.5250974409448819
11
1.7739354724409448
21
0.5238190157480315
0
LINE
8
BLACK
6
CONTINUOUS
10
1.7739354724409448
20
0.5238190157480315
11
1.7721275196850392
21
0.5238190157480315
0
LINE
8
BLACK
6
CONTINUOUS
10
1.7721275196850392
20
0.5238190157480315
11
1.7708490944881889
21
0.5250974409448819
0
LINE
8
BLACK
6
CONTINUOUS
10
1.7708490944881889
20
0.5250974409448819
11
1.7706692913385826
21
0.5260014173228347
0
LINE
8
BLACK
6
CONTINUOUS
10
1.7706692913385826
20
0.5260014173228347
11
1.7706692913385826
21
0.5438804724409448
0
LINE
8
BLACK
6
CONTINUOUS
10
1.7706692913385826
20
0.5438804724409448
11
1.7708490944881889
21
0.5447844488188976
0
LINE
8
BLACK
6
CONTINUOUS
10
1.7708490944881889
20
0.5447844488188976
11
1.7721275196850392
21
0.546062874015748
0
LINE
8
BLACK
6
CONTINUOUS
10
1.7721275196850392
20
0.546062874015748
11
1.7739354724409448
21
0.546062874015748
0
LINE
8
BLACK
6
CONTINUOUS
10
1.7739354724409448
20
0.546062874015748
11
1.7752138976377951
21
0.5447844488188976
0
LINE
8
BLACK
6
CONTINUOUS
10
1.7960800393700787
20
0.5457687007874016
11
1.796259842519685
21
0.5448647244094488
0
LINE
8
BLACK
6
CONTINUOUS
10
1.796259842519685
20
0.5448647244094488
11
1.796259842519685
21
0.5269856692913386
0
LINE
8
BLACK
6
CONTINUOUS
10
1.796259842519685
20
0.5269856692913386
11
1.7960800393700787
21
0.5260816929133858
0
LINE
8
BLACK
6
CONTINUOUS
10
1.7960800393700787
20
0.5260816929133858
11
1.7948016141732284
21
0.5248032677165354
0
LINE
8
BLACK
6
CONTINUOUS
10
1.7948016141732284
20
0.5248032677165354
11
1.7929936614173227
21
0.5248032677165354
0
LINE
8
BLACK
6
CONTINUOUS
10
1.7929936614173227
20
0.5248032677165354
11
1.7917152362204725
21
0.5260816929133858
0
LINE
8
BLACK
6
CONTINUOUS
10
1.7917152362204725
20
0.5260816929133858
11
1.7915354330708662
21
0.5269856692913386
0
LINE
8
BLACK
6
CONTINUOUS
10
1.7915354330708662
20
0.5269856692913386
11
1.7915354330708662
21
0.5448647244094488
0
LINE
8
BLACK
6
CONTINUOUS
10
1.7915354330708662
20
0.5448647244094488
11
1.7917152362204725
21
0.5457687007874016
0
LINE
8
BLACK
6
CONTINUOUS
10
1.7917152362204725
20
0.5457687007874016
11
1.7929936614173227
21
0.547047125984252
0
LINE
8
BLACK
6
CONTINUOUS
10
1.7929936614173227
20
0.547047125984252
11
1.7948016141732284
21
0.547047125984252
0
LINE
8
BLACK
6
CONTINUOUS
10
1.7948016141732284
20
0.547047125984252
11
1.7960800393700787
21
0.5457687007874016
0
LINE
8
BLACK
6
CONTINUOUS
10
1.8539540551181102
20
0.5457687007874016
11
1.8541338582677165
21
0.5448647244094488
0
LINE
8
BLACK
6
CONTINUOUS
10
1.8541338582677165
20
0.5448647244094488
11
1.8541338582677165
21
0.5269856692913386
0
LINE
8
BLACK
6
CONTINUOUS
10
1.8541338582677165
20
0.5269856692913386
11
1.8539540551181102
21
0.5260816929133858
0
LINE
8
BLACK
6
CONTINUOUS
10
1.8539540551181102
20
0.5260816929133858
11
1.8526756299212599
21
0.5248032677165354
0
LINE
8
BLACK
6
CONTINUOUS
10
1.8526756299212599
20
0.5248032677165354
11
1.8508676771653543
21
0.5248032677165354
0
LINE
8
BLACK
6
CONTINUOUS
10
1.8508676771653543
20
0.5248032677165354
11
1.849589251968504
21
0.5260816929133858
0
LINE
8
BLACK
6
CONTINUOUS
10
1.849589251968504
20
0.5260816929133858
11
1.8494094488188977
21
0.5269856692913386
0
LINE
8
BLACK
6
CONTINUOUS
10
1.8494094488188977
20
0.5269856692913386
11
1.8494094488188977
21
0.5448647244094488
0
LINE
8
BLACK
6
CONTINUOUS
10
1.8494094488188977
20
0.5448647244094488
11
1.849589251968504
21
0.5457687007874016
0
LINE
8
BLACK
6
CONTINUOUS
10
1.849589251968504
20
0.5457687007874016
11
1.8508676771653543
21
0.547047125984252
0
LINE
8
BLACK
6
CONTINUOUS
10
1.8508676771653543
20
0.547047125984252
11
1.8526756299212599
21
0.547047125984252
0
LINE
8
BLACK
6
CONTINUOUS
10
1.8526756299212599
20
0.547047125984252
11
1.8539540551181102
21
0.5457687007874016
0
LINE
8
BLACK
6
CONTINUOUS
10
0.8622047244094488
20
0.5393700787401575
11
0.8937007874015748
21
0.5393700787401575
0
LINE
8
BLACK
6
CONTINUOUS
10
0.8937007874015748
20
0.5393700787401575
11
0.8946047637795276
21
0.5391902755905512
0
LINE
8
BLACK
6
CONTINUOUS
10
0.8946047637795276
20
0.5391902755905512
11
0.895883188976378
21
0.5379118503937008
0
LINE
8
BLACK
6
CONTINUOUS
10
0.895883188976378
20
0.5379118503937008
11
0.895883188976378
21
0.5361038976377953
0
LINE
8
BLACK
6
CONTINUOUS
10
0.895883188976378
20
0.5361038976377953
11
0.8946047637795276
21
0.5348254724409449
0
LINE
8
BLACK
6
CONTINUOUS
10
0.8946047637795276
20
0.5348254724409449
11
0.8937007874015748
21
0.5346456692913386
0
LINE
8
BLACK
6
CONTINUOUS
10
0.8937007874015748
20
0.5346456692913386
11
0.8622047244094488
21
0.5346456692913386
0
LINE
8
BLACK
6
CONTINUOUS
10
0.8622047244094488
20
0.5346456692913386
11
0.8307086614173228
21
0.5346456692913386
0
LINE
8
BLACK
6
CONTINUOUS
10
0.8307086614173228
20
0.5346456692913386
11
0.8298046850393701
21
0.5348254724409449
0
LINE
8
BLACK
6
CONTINUOUS
10
0.8298046850393701
20
0.5348254724409449
11
0.8285262598425197
21
0.5361038976377953
0
LINE
8
BLACK
6
CONTINUOUS
10
0.8285262598425197
20
0.5361038976377953
11
0.8285262598425197
21
0.5379118503937008
0
LINE
8
BLACK
6
CONTINUOUS
10
0.8285262598425197
20
0.5379118503937008
11
0.8298046850393701
21
0.5391902755905512
0
LINE
8
BLACK
6
CONTINUOUS
10
0.8298046850393701
20
0.5391902755905512
11
0.8307086614173228
21
0.5393700787401575
0
LINE
8
BLACK
6
CONTINUOUS
10
0.8307086614173228
20
0.5393700787401575
11
0.8622047244094488
21
0.5393700787401575
0
LINE
8
BLACK
6
CONTINUOUS
10
1.4755154724409449
20
0.5597916929133858
11
1.4755690157480315
21
0.5598095275590551
0
LINE
8
BLACK
6
CONTINUOUS
10
1.4755690157480315
20
0.5598095275590551
11
1.4759491732283465
21
0.5597054330708662
0
LINE
8
BLACK
6
CONTINUOUS
10
1.4759491732283465
20
0.5597054330708662
11
1.4763362204724408
21
0.5596284251968504
0
LINE
8
BLACK
6
CONTINUOUS
10
1.4763362204724408
20
0.5596284251968504
11
1.4763761417322834
21
0.5595885039370079
0
LINE
8
BLACK
6
CONTINUOUS
10
1.4763761417322834
20
0.5595885039370079
11
1.4764949999999999
21
0.5595559448818898
0
LINE
8
BLACK
6
CONTINUOUS
10
1.4764949999999999
20
0.5595559448818898
11
1.4796821259842519
21
0.5579623622047244
0
LINE
8
BLACK
6
CONTINUOUS
10
1.4796821259842519
20
0.5579623622047244
11
1.4799935826771653
21
0.5577206299212598
0
LINE
8
BLACK
6
CONTINUOUS
10
1.4799935826771653
20
0.5577206299212598
11
1.4803215748031495
21
0.5575014960629922
0
LINE
8
BLACK
6
CONTINUOUS
10
1.4803215748031495
20
0.5575014960629922
11
1.4819151181102361
21
0.5559079527559055
0
LINE
8
BLACK
6
CONTINUOUS
10
1.4819151181102361
20
0.5559079527559055
11
1.4821340551181101
21
0.5555802755905511
0
LINE
8
BLACK
6
CONTINUOUS
10
1.4821340551181101
20
0.5555802755905511
11
1.4823761023622046
21
0.5552684251968504
0
LINE
8
BLACK
6
CONTINUOUS
10
1.4823761023622046
20
0.5552684251968504
11
1.4839696456692912
21
0.5520813385826772
0
LINE
8
BLACK
6
CONTINUOUS
10
1.4839696456692912
20
0.5520813385826772
11
1.4840021653543307
21
0.5519624803149606
0
LINE
8
BLACK
6
CONTINUOUS
10
1.4840021653543307
20
0.5519624803149606
11
1.4840420866141733
21
0.5519225590551181
0
LINE
8
BLACK
6
CONTINUOUS
10
1.4840420866141733
20
0.5519225590551181
11
1.4841190157480315
21
0.5515356692913386
0
LINE
8
BLACK
6
CONTINUOUS
10
1.4841190157480315
20
0.5515356692913386
11
1.4842231889763779
21
0.5511553149606299
0
LINE
8
BLACK
6
CONTINUOUS
10
1.4842231889763779
20
0.5511553149606299
11
1.4842053543307085
21
0.5511018503937007
0
LINE
8
BLACK
6
CONTINUOUS
10
1.4842053543307085
20
0.5511018503937007
11
1.4842294094488189
21
0.550980905511811
0
LINE
8
BLACK
6
CONTINUOUS
10
1.4842294094488189
20
0.550980905511811
11
1.4842294094488189
21
0.5446066929133858
0
LINE
8
BLACK
6
CONTINUOUS
10
1.4842294094488189
20
0.5446066929133858
11
1.4842053543307085
21
0.5444857874015748
0
LINE
8
BLACK
6
CONTINUOUS
10
1.4842053543307085
20
0.5444857874015748
11
1.4842231889763779
21
0.544432283464567
0
LINE
8
BLACK
6
CONTINUOUS
10
1.4842231889763779
20
0.544432283464567
11
1.4841190157480315
21
0.544051968503937
0
LINE
8
BLACK
6
CONTINUOUS
10
1.4841190157480315
20
0.544051968503937
11
1.4840420866141733
21
0.5436650393700787
0
LINE
8
BLACK
6
CONTINUOUS
10
1.4840420866141733
20
0.5436650393700787
11
1.4840021653543307
21
0.5436251574803149
0
LINE
8
BLACK
6
CONTINUOUS
10
1.4840021653543307
20
0.5436251574803149
11
1.4839696456692912
21
0.5435062598425197
0
LINE
8
BLACK
6
CONTINUOUS
10
1.4839696456692912
20
0.5435062598425197
11
1.4823761023622046
21
0.5403191732283464
0
LINE
8
BLACK
6
CONTINUOUS
10
1.4823761023622046
20
0.5403191732283464
11
1.4821340551181101
21
0.5400073228346457
0
LINE
8
BLACK
6
CONTINUOUS
10
1.4821340551181101
20
0.5400073228346457
11
1.4819151574803149
21
0.53967968503937
0
LINE
8
BLACK
6
CONTINUOUS
10
1.4819151574803149
20
0.53967968503937
11
1.4803215748031495
21
0.5380861023622047
0
LINE
8
BLACK
6
CONTINUOUS
10
1.4803215748031495
20
0.5380861023622047
11
1.4799939370078741
21
0.5378672047244094
0
LINE
8
BLACK
6
CONTINUOUS
10
1.4799939370078741
20
0.5378672047244094
11
1.4796820866141731
21
0.5376251574803149
0
LINE
8
BLACK
6
CONTINUOUS
10
1.4796820866141731
20
0.5376251574803149
11
1.4764949999999999
21
0.5360316141732283
0
LINE
8
BLACK
6
CONTINUOUS
10
1.4764949999999999
20
0.5360316141732283
11
1.4763761023622046
21
0.5359990944881889
0
LINE
8
BLACK
6
CONTINUOUS
10
1.4763761023622046
20
0.5359990944881889
11
1.4763362204724408
21
0.5359591732283464
0
LINE
8
BLACK
6
CONTINUOUS
10
1.4763362204724408
20
0.5359591732283464
11
1.4759492913385825
21
0.5358822440944881
0
LINE
8
BLACK
6
CONTINUOUS
10
1.4759492913385825
20
0.5358822440944881
11
1.4755689763779527
21
0.5357780708661417
0
LINE
8
BLACK
6
CONTINUOUS
10
1.4755689763779527
20
0.5357780708661417
11
1.4755154724409449
21
0.535795905511811
0
LINE
8
BLACK
6
CONTINUOUS
10
1.4755154724409449
20
0.535795905511811
11
1.4753945669291337
21
0.5357718503937008
0
LINE
8
BLACK
6
CONTINUOUS
10
1.4753945669291337
20
0.5357718503937008
11
1.4483042125984251
21
0.5357718503937008
0
LINE
8
BLACK
6
CONTINUOUS
10
1.4483042125984251
20
0.5357718503937008
11
1.447362559055118
21
0.5359591732283464
0
LINE
8
BLACK
6
CONTINUOUS
10
1.447362559055118
20
0.5359591732283464
11
1.446030905511811
21
0.5372908267716535
0
LINE
8
BLACK
6
CONTINUOUS
10
1.446030905511811
20
0.5372908267716535
11
1.446030905511811
21
0.5391741338582677
0
LINE
8
BLACK
6
CONTINUOUS
10
1.446030905511811
20
0.5391741338582677
11
1.447362559055118
21
0.5405057874015748
0
LINE
8
BLACK
6
CONTINUOUS
10
1.447362559055118
20
0.5405057874015748
11
1.4483042125984251
21
0.5406931102362205
0
LINE
8
BLACK
6
CONTINUOUS
10
1.4483042125984251
20
0.5406931102362205
11
1.4748136614173228
21
0.5406931102362205
0
LINE
8
BLACK
6
CONTINUOUS
10
1.4748136614173228
20
0.5406931102362205
11
1.4771241338582677
21
0.5418483464566929
0
LINE
8
BLACK
6
CONTINUOUS
10
1.4771241338582677
20
0.5418483464566929
11
1.4781529133858267
21
0.542877125984252
0
LINE
8
BLACK
6
CONTINUOUS
10
1.4781529133858267
20
0.542877125984252
11
1.4793081496062992
21
0.5451875984251968
0
LINE
8
BLACK
6
CONTINUOUS
10
1.4793081496062992
20
0.5451875984251968
11
1.4793081496062992
21
0.5504
0
LINE
8
BLACK
6
CONTINUOUS
10
1.4793081496062992
20
0.5504
11
1.4781529133858267
21
0.5527104724409448
0
LINE
8
BLACK
6
CONTINUOUS
10
1.4781529133858267
20
0.5527104724409448
11
1.4771240551181102
21
0.5537392913385827
0
LINE
8
BLACK
6
CONTINUOUS
10
1.4771240551181102
20
0.5537392913385827
11
1.4748137007874016
21
0.5548944881889764
0
LINE
8
BLACK
6
CONTINUOUS
10
1.4748137007874016
20
0.5548944881889764
11
1.4483042125984251
21
0.5548944881889764
0
LINE
8
BLACK
6
CONTINUOUS
10
1.4483042125984251
20
0.5548944881889764
11
1.447362559055118
21
0.5550818110236221
0
LINE
8
BLACK
6
CONTINUOUS
10
1.447362559055118
20
0.5550818110236221
11
1.446030905511811
21
0.5564134645669291
0
LINE
8
BLACK
6
CONTINUOUS
10
1.446030905511811
20
0.5564134645669291
11
1.446030905511811
21
0.5582967716535433
0
LINE
8
BLACK
6
CONTINUOUS
10
1.446030905511811
20
0.5582967716535433
11
1.447362559055118
21
0.5596284251968504
0
LINE
8
BLACK
6
CONTINUOUS
10
1.447362559055118
20
0.5596284251968504
11
1.4483042125984251
21
0.559815748031496
0
LINE
8
BLACK
6
CONTINUOUS
10
1.4483042125984251
20
0.559815748031496
11
1.4753945669291337
21
0.559815748031496
0
LINE
8
BLACK
6
CONTINUOUS
10
1.4753945669291337
20
0.559815748031496
11
1.4755154724409449
21
0.5597916929133858
0
LINE
8
BLACK
6
CONTINUOUS
10
0.4817923228346457
20
0.5667493307086614
11
0.4830707480314961
21
0.565470905511811
0
LINE
8
BLACK
6
CONTINUOUS
10
0.4830707480314961
20
0.565470905511811
11
0.4830707480314961
21
0.5636629527559055
0
LINE
8
BLACK
6
CONTINUOUS
10
0.4830707480314961
20
0.5636629527559055
11
0.4817923228346457
21
0.5623845275590551
0
LINE
8
BLACK
6
CONTINUOUS
10
0.4817923228346457
20
0.5623845275590551
11
0.4808883464566929
21
0.5622047244094488
0
LINE
8
BLACK
6
CONTINUOUS
10
0.4808883464566929
20
0.5622047244094488
11
0.4630092913385827
21
0.5622047244094488
0
LINE
8
BLACK
6
CONTINUOUS
10
0.4630092913385827
20
0.5622047244094488
11
0.4621053149606299
21
0.5623845275590551
0
LINE
8
BLACK
6
CONTINUOUS
10
0.4621053149606299
20
0.5623845275590551
11
0.4608268897637795
21
0.5636629527559055
0
LINE
8
BLACK
6
CONTINUOUS
10
0.4608268897637795
20
0.5636629527559055
11
0.4608268897637795
21
0.565470905511811
0
LINE
8
BLACK
6
CONTINUOUS
10
0.4608268897637795
20
0.565470905511811
11
0.4621053149606299
21
0.5667493307086614
0
LINE
8
BLACK
6
CONTINUOUS
10
0.4621053149606299
20
0.5667493307086614
11
0.4630092913385827
21
0.5669291338582677
0
LINE
8
BLACK
6
CONTINUOUS
10
0.4630092913385827
20
0.5669291338582677
11
0.4808883464566929
21
0.5669291338582677
0
LINE
8
BLACK
6
CONTINUOUS
10
0.4808883464566929
20
0.5669291338582677
11
0.4817923228346457
21
0.5667493307086614
0
LINE
8
BLACK
6
CONTINUOUS
10
0.3449812992125984
20
0.5677335826771653
11
0.3462597244094488
21
0.5664551574803149
0
LINE
8
BLACK
6
CONTINUOUS
10
0.3462597244094488
20
0.5664551574803149
11
0.3462597244094488
21
0.5646472047244094
0
LINE
8
BLACK
6
CONTINUOUS
10
0.3462597244094488
20
0.5646472047244094
11
0.3449812992125984
21
0.563368779527559
0
LINE
8
BLACK
6
CONTINUOUS
10
0.3449812992125984
20
0.563368779527559
11
0.3440773228346456
21
0.5631889763779527
0
LINE
8
BLACK
6
CONTINUOUS
10
0.3440773228346456
20
0.5631889763779527
11
0.3261982677165354
21
0.5631889763779527
0
LINE
8
BLACK
6
CONTINUOUS
10
0.3261982677165354
20
0.5631889763779527
11
0.3252942913385827
21
0.563368779527559
0
LINE
8
BLACK
6
CONTINUOUS
10
0.3252942913385827
20
0.563368779527559
11
0.3240158661417323
21
0.5646472047244094
0
LINE
8
BLACK
6
CONTINUOUS
10
0.3240158661417323
20
0.5646472047244094
11
0.3240158661417323
21
0.5664551574803149
0
LINE
8
BLACK
6
CONTINUOUS
10
0.3240158661417323
20
0.5664551574803149
11
0.3252942913385827
21
0.5677335826771653
0
LINE
8
BLACK
6
CONTINUOUS
10
0.3252942913385827
20
0.5677335826771653
11
0.3261982677165354
21
0.5679133858267716
0
LINE
8
BLACK
6
CONTINUOUS
10
0.3261982677165354
20
0.5679133858267716
11
0.3440773228346456
21
0.5679133858267716
0
LINE
8
BLACK
6
CONTINUOUS
10
0.3440773228346456
20
0.5679133858267716
11
0.3449812992125984
21
0.5677335826771653
0
LINE
8
BLACK
6
CONTINUOUS
10
0.6190954724409449
20
0.5677335826771653
11
0.6203738976377953
21
0.5664551574803149
0
LINE
8
BLACK
6
CONTINUOUS
10
0.6203738976377953
20
0.5664551574803149
11
0.6203738976377953
21
0.5646472047244094
0
LINE
8
BLACK
6
CONTINUOUS
10
0.6203738976377953
20
0.5646472047244094
11
0.6190954724409449
21
0.563368779527559
0
LINE
8
BLACK
6
CONTINUOUS
10
0.6190954724409449
20
0.563368779527559
11
0.6181914960629921
21
0.5631889763779527
0
LINE
8
BLACK
6
CONTINUOUS
10
0.6181914960629921
20
0.5631889763779527
11
0.6003124409448819
21
0.5631889763779527
0
LINE
8
BLACK
6
CONTINUOUS
10
0.6003124409448819
20
0.5631889763779527
11
0.5994084645669291
21
0.563368779527559
0
LINE
8
BLACK
6
CONTINUOUS
10
0.5994084645669291
20
0.563368779527559
11
0.5981300393700787
21
0.5646472047244094
0
LINE
8
BLACK
6
CONTINUOUS
10
0.5981300393700787
20
0.5646472047244094
11
0.5981300393700787
21
0.5664551574803149
0
LINE
8
BLACK
6
CONTINUOUS
10
0.5981300393700787
20
0.5664551574803149
11
0.5994084645669291
21
0.5677335826771653
0
LINE
8
BLACK
6
CONTINUOUS
10
0.5994084645669291
20
0.5677335826771653
11
0.6003124409448819
21
0.5679133858267716
0
LINE
8
BLACK
6
CONTINUOUS
10
0.6003124409448819
20
0.5679133858267716
11
0.6181914960629921
21
0.5679133858267716
0
LINE
8
BLACK
6
CONTINUOUS
10
0.6181914960629921
20
0.5679133858267716
11
0.6190954724409449
21
0.5677335826771653
0
LINE
8
BLACK
6
CONTINUOUS
10
0.9699157874015748
20
0.6155339763779527
11
0.9699692913385827
21
0.6155517716535432
0
LINE
8
BLACK
6
CONTINUOUS
10
0.9699692913385827
20
0.6155517716535432
11
0.9703496062992126
21
0.6154476377952756
0
LINE
8
BLACK
6
CONTINUOUS
10
0.9703496062992126
20
0.6154476377952756
11
0.9707365354330708
21
0.6153706692913385
0
LINE
8
BLACK
6
CONTINUOUS
10
0.9707365354330708
20
0.6153706692913385
11
0.9707764173228346
21
0.6153307874015748
0
LINE
8
BLACK
6
CONTINUOUS
10
0.9707764173228346
20
0.6153307874015748
11
0.9708953149606299
21
0.6152982283464566
0
LINE
8
BLACK
6
CONTINUOUS
10
0.9708953149606299
20
0.6152982283464566
11
0.9740824409448818
21
0.61370468503937
0
LINE
8
BLACK
6
CONTINUOUS
10
0.9740824409448818
20
0.61370468503937
11
0.9743942913385827
21
0.6134626771653543
0
LINE
8
BLACK
6
CONTINUOUS
10
0.9743942913385827
20
0.6134626771653543
11
0.9747219291338582
21
0.6132437401574803
0
LINE
8
BLACK
6
CONTINUOUS
10
0.9747219291338582
20
0.6132437401574803
11
0.9763154724409449
21
0.6116501968503937
0
LINE
8
BLACK
6
CONTINUOUS
10
0.9763154724409449
20
0.6116501968503937
11
0.9768488976377953
21
0.6108518897637795
0
LINE
8
BLACK
6
CONTINUOUS
10
0.9768488976377953
20
0.6108518897637795
11
0.9768488976377953
21
0.6089686614173229
0
LINE
8
BLACK
6
CONTINUOUS
10
0.9768488976377953
20
0.6089686614173229
11
0.9755171653543306
21
0.6076369291338583
0
LINE
8
BLACK
6
CONTINUOUS
10
0.9755171653543306
20
0.6076369291338583
11
0.973633937007874
21
0.6076369291338583
0
LINE
8
BLACK
6
CONTINUOUS
10
0.973633937007874
20
0.6076369291338583
11
0.9728356299212598
21
0.6081703543307087
0
LINE
8
BLACK
6
CONTINUOUS
10
0.9728356299212598
20
0.6081703543307087
11
0.9715244881889764
21
0.6094814960629921
0
LINE
8
BLACK
6
CONTINUOUS
10
0.9715244881889764
20
0.6094814960629921
11
0.9692139763779527
21
0.6106367322834646
0
LINE
8
BLACK
6
CONTINUOUS
10
0.9692139763779527
20
0.6106367322834646
11
0.962408031496063
21
0.6106367322834646
0
LINE
8
BLACK
6
CONTINUOUS
10
0.962408031496063
20
0.6106367322834646
11
0.9600975590551181
21
0.6094814960629921
0
LINE
8
BLACK
6
CONTINUOUS
10
0.9600975590551181
20
0.6094814960629921
11
0.959068779527559
21
0.6084527559055118
0
LINE
8
BLACK
6
CONTINUOUS
10
0.959068779527559
20
0.6084527559055118
11
0.9579135433070866
21
0.6061423622047244
0
LINE
8
BLACK
6
CONTINUOUS
10
0.9579135433070866
20
0.6061423622047244
11
0.9579135433070866
21
0.6039354724409449
0
LINE
8
BLACK
6
CONTINUOUS
10
0.9579135433070866
20
0.6039354724409449
11
0.9591971653543306
21
0.6000846062992126
0
LINE
8
BLACK
6
CONTINUOUS
10
0.9591971653543306
20
0.6000846062992126
11
0.9779090157480315
21
0.5813727165354331
0
LINE
8
BLACK
6
CONTINUOUS
10
0.9779090157480315
20
0.5813727165354331
11
0.9784422834645669
21
0.5805745669291339
0
LINE
8
BLACK
6
CONTINUOUS
10
0.9784422834645669
20
0.5805745669291339
11
0.9784424015748031
21
0.5805744488188976
0
LINE
8
BLACK
6
CONTINUOUS
10
0.9784424015748031
20
0.5805744488188976
11
0.9784424015748031
21
0.5786911417322834
0
LINE
8
BLACK
6
CONTINUOUS
10
0.9784424015748031
20
0.5786911417322834
11
0.977110748031496
21
0.5773594881889763
0
LINE
8
BLACK
6
CONTINUOUS
10
0.977110748031496
20
0.5773594881889763
11
0.976169094488189
21
0.5771721653543307
0
LINE
8
BLACK
6
CONTINUOUS
10
0.976169094488189
20
0.5771721653543307
11
0.9554529133858267
21
0.5771721653543307
0
LINE
8
BLACK
6
CONTINUOUS
10
0.9554529133858267
20
0.5771721653543307
11
0.9545112598425196
21
0.5773594881889763
0
LINE
8
BLACK
6
CONTINUOUS
10
0.9545112598425196
20
0.5773594881889763
11
0.9531796062992126
21
0.5786911417322834
0
LINE
8
BLACK
6
CONTINUOUS
10
0.9531796062992126
20
0.5786911417322834
11
0.9531796062992126
21
0.5805744488188976
0
LINE
8
BLACK
6
CONTINUOUS
10
0.9531796062992126
20
0.5805744488188976
11
0.9545112598425196
21
0.5819061023622047
0
LINE
8
BLACK
6
CONTINUOUS
10
0.9545112598425196
20
0.5819061023622047
11
0.9554529133858267
21
0.5820934251968504
0
LINE
8
BLACK
6
CONTINUOUS
10
0.9554529133858267
20
0.5820934251968504
11
0.970228622047244
21
0.5820934251968504
0
LINE
8
BLACK
6
CONTINUOUS
10
0.970228622047244
20
0.5820934251968504
11
0.9553065748031496
21
0.5970155118110236
0
LINE
8
BLACK
6
CONTINUOUS
10
0.9553065748031496
20
0.5970155118110236
11
0.9552381102362204
21
0.5971179527559055
0
LINE
8
BLACK
6
CONTINUOUS
10
0.9552381102362204
20
0.5971179527559055
11
0.9551876377952756
21
0.597143188976378
0
LINE
8
BLACK
6
CONTINUOUS
10
0.9551876377952756
20
0.597143188976378
11
0.9549922047244094
21
0.5974860236220473
0
LINE
8
BLACK
6
CONTINUOUS
10
0.9549922047244094
20
0.5974860236220473
11
0.954773188976378
21
0.5978138188976377
0
LINE
8
BLACK
6
CONTINUOUS
10
0.954773188976378
20
0.5978138188976377
11
0.954773188976378
21
0.5978702362204724
0
LINE
8
BLACK
6
CONTINUOUS
10
0.954773188976378
20
0.5978702362204724
11
0.9547121653543307
21
0.5979772834645669
0
LINE
8
BLACK
6
CONTINUOUS
10
0.9547121653543307
20
0.5979772834645669
11
0.9531185433070866
21
0.6027579133858267
0
LINE
8
BLACK
6
CONTINUOUS
10
0.9531185433070866
20
0.6027579133858267
11
0.9530692125984251
21
0.6031492913385826
0
LINE
8
BLACK
6
CONTINUOUS
10
0.9530692125984251
20
0.6031492913385826
11
0.9529922834645669
21
0.6035360629921259
0
LINE
8
BLACK
6
CONTINUOUS
10
0.9529922834645669
20
0.6035360629921259
11
0.9529922834645669
21
0.6067231889763779
0
LINE
8
BLACK
6
CONTINUOUS
10
0.9529922834645669
20
0.6067231889763779
11
0.9530163385826771
21
0.6068441338582677
0
LINE
8
BLACK
6
CONTINUOUS
10
0.9530163385826771
20
0.6068441338582677
11
0.9529985039370078
21
0.6068976377952756
0
LINE
8
BLACK
6
CONTINUOUS
10
0.9529985039370078
20
0.6068976377952756
11
0.9531025984251968
21
0.6072778346456693
0
LINE
8
BLACK
6
CONTINUOUS
10
0.9531025984251968
20
0.6072778346456693
11
0.9531796062992126
21
0.607664842519685
0
LINE
8
BLACK
6
CONTINUOUS
10
0.9531796062992126
20
0.607664842519685
11
0.9532195275590551
21
0.6077048031496063
0
LINE
8
BLACK
6
CONTINUOUS
10
0.9532195275590551
20
0.6077048031496063
11
0.9532520866141732
21
0.607823622047244
0
LINE
8
BLACK
6
CONTINUOUS
10
0.9532520866141732
20
0.607823622047244
11
0.9548456692913385
21
0.611010748031496
0
LINE
8
BLACK
6
CONTINUOUS
10
0.9548456692913385
20
0.611010748031496
11
0.9550875984251969
21
0.6113225196850394
0
LINE
8
BLACK
6
CONTINUOUS
10
0.9550875984251969
20
0.6113225196850394
11
0.9553065748031496
21
0.6116501968503937
0
LINE
8
BLACK
6
CONTINUOUS
10
0.9553065748031496
20
0.6116501968503937
11
0.9569001181102362
21
0.6132437401574803
0
LINE
8
BLACK
6
CONTINUOUS
10
0.9569001181102362
20
0.6132437401574803
11
0.957227874015748
21
0.6134627952755906
0
LINE
8
BLACK
6
CONTINUOUS
10
0.957227874015748
20
0.6134627952755906
11
0.9575396062992125
21
0.61370468503937
0
LINE
8
BLACK
6
CONTINUOUS
10
0.9575396062992125
20
0.61370468503937
11
0.9607266929133859
21
0.6152982283464566
0
LINE
8
BLACK
6
CONTINUOUS
10
0.9607266929133859
20
0.6152982283464566
11
0.9608455511811024
21
0.6153307874015748
0
LINE
8
BLACK
6
CONTINUOUS
10
0.9608455511811024
20
0.6153307874015748
11
0.9608854724409449
21
0.6153706692913385
0
LINE
8
BLACK
6
CONTINUOUS
10
0.9608854724409449
20
0.6153706692913385
11
0.9612723622047243
21
0.6154476377952756
0
LINE
8
BLACK
6
CONTINUOUS
10
0.9612723622047243
20
0.6154476377952756
11
0.961652716535433
21
0.6155517716535432
0
LINE
8
BLACK
6
CONTINUOUS
10
0.961652716535433
20
0.6155517716535432
11
0.9617061811023622
21
0.6155339763779527
0
LINE
8
BLACK
6
CONTINUOUS
10
0.9617061811023622
20
0.6155339763779527
11
0.9618271259842519
21
0.6155579921259843
0
LINE
8
BLACK
6
CONTINUOUS
10
0.9618271259842519
20
0.6155579921259843
11
0.9697948818897637
21
0.6155579921259843
0
LINE
8
BLACK
6
CONTINUOUS
10
0.9697948818897637
20
0.6155579921259843
11
0.9699157874015748
21
0.6155339763779527
0
LINE
8
BLACK
6
CONTINUOUS
10
0.9911907874015747
20
0.6140390157480314
11
0.9913781102362205
21
0.6130973622047244
0
LINE
8
BLACK
6
CONTINUOUS
10
0.9913781102362205
20
0.6130973622047244
11
0.9913781102362205
21
0.5865879133858267
0
LINE
8
BLACK
6
CONTINUOUS
10
0.9913781102362205
20
0.5865879133858267
11
0.9925333464566929
21
0.5842774409448819
0
LINE
8
BLACK
6
CONTINUOUS
10
0.9925333464566929
20
0.5842774409448819
11
0.993562125984252
21
0.5832486614173228
0
LINE
8
BLACK
6
CONTINUOUS
10
0.993562125984252
20
0.5832486614173228
11
0.9958725984251968
21
0.5820934251968504
0
LINE
8
BLACK
6
CONTINUOUS
10
0.9958725984251968
20
0.5820934251968504
11
1.001085
21
0.5820934251968504
0
LINE
8
BLACK
6
CONTINUOUS
10
1.001085
20
0.5820934251968504
11
1.0033953937007873
21
0.583248622047244
0
LINE
8
BLACK
6
CONTINUOUS
10
1.0033953937007873
20
0.583248622047244
11
1.0044242913385826
21
0.5842775590551181
0
LINE
8
BLACK
6
CONTINUOUS
10
1.0044242913385826
20
0.5842775590551181
11
1.0055794881889764
21
0.5865879133858267
0
LINE
8
BLACK
6
CONTINUOUS
10
1.0055794881889764
20
0.5865879133858267
11
1.0055794881889764
21
0.6130973622047244
0
LINE
8
BLACK
6
CONTINUOUS
10
1.0055794881889764
20
0.6130973622047244
11
1.005766811023622
21
0.6140390157480314
0
LINE
8
BLACK
6
CONTINUOUS
10
1.005766811023622
20
0.6140390157480314
11
1.0070984645669292
21
0.6153706692913385
0
LINE
8
BLACK
6
CONTINUOUS
10
1.0070984645669292
20
0.6153706692913385
11
1.0089817716535432
21
0.6153706692913385
0
LINE
8
BLACK
6
CONTINUOUS
10
1.0089817716535432
20
0.6153706692913385
11
1.0103134251968504
21
0.6140390157480314
0
LINE
8
BLACK
6
CONTINUOUS
10
1.0103134251968504
20
0.6140390157480314
11
1.010500748031496
21
0.6130973622047244
0
LINE
8
BLACK
6
CONTINUOUS
10
1.010500748031496
20
0.6130973622047244
11
1.010500748031496
21
0.5860070078740157
0
LINE
8
BLACK
6
CONTINUOUS
10
1.010500748031496
20
0.5860070078740157
11
1.0104766929133857
21
0.5858861811023622
0
LINE
8
BLACK
6
CONTINUOUS
10
1.0104766929133857
20
0.5858861811023622
11
1.0104945669291339
21
0.5858325984251969
0
LINE
8
BLACK
6
CONTINUOUS
10
1.0104945669291339
20
0.5858325984251969
11
1.0103903149606299
21
0.585451968503937
0
LINE
8
BLACK
6
CONTINUOUS
10
1.0103903149606299
20
0.585451968503937
11
1.0103134251968504
21
0.5850653543307086
0
LINE
8
BLACK
6
CONTINUOUS
10
1.0103134251968504
20
0.5850653543307086
11
1.0102735039370079
21
0.5850254724409448
0
LINE
8
BLACK
6
CONTINUOUS
10
1.0102735039370079
20
0.5850254724409448
11
1.0102409842519684
21
0.5849065748031496
0
LINE
8
BLACK
6
CONTINUOUS
10
1.0102409842519684
20
0.5849065748031496
11
1.0086473622047243
21
0.5817194881889763
0
LINE
8
BLACK
6
CONTINUOUS
10
1.0086473622047243
20
0.5817194881889763
11
1.0084055905511811
21
0.581408031496063
0
LINE
8
BLACK
6
CONTINUOUS
10
1.0084055905511811
20
0.581408031496063
11
1.0081864566929133
21
0.58108
0
LINE
8
BLACK
6
CONTINUOUS
10
1.0081864566929133
20
0.58108
11
1.0065929527559054
21
0.5794864173228347
0
LINE
8
BLACK
6
CONTINUOUS
10
1.0065929527559054
20
0.5794864173228347
11
1.0062650393700787
21
0.5792673622047244
0
LINE
8
BLACK
6
CONTINUOUS
10
1.0062650393700787
20
0.5792673622047244
11
1.0059534251968503
21
0.5790254724409448
0
LINE
8
BLACK
6
CONTINUOUS
10
1.0059534251968503
20
0.5790254724409448
11
1.0027663385826771
21
0.5774319291338582
0
LINE
8
BLACK
6
CONTINUOUS
10
1.0027663385826771
20
0.5774319291338582
11
1.0026474409448818
21
0.5773994094488188
0
LINE
8
BLACK
6
CONTINUOUS
10
1.0026474409448818
20
0.5773994094488188
11
1.002607559055118
21
0.5773594881889763
0
LINE
8
BLACK
6
CONTINUOUS
10
1.002607559055118
20
0.5773594881889763
11
1.0022206299212597
21
0.577282559055118
0
LINE
8
BLACK
6
CONTINUOUS
10
1.0022206299212597
20
0.577282559055118
11
1.0018403149606299
21
0.5771783858267716
0
LINE
8
BLACK
6
CONTINUOUS
10
1.0018403149606299
20
0.5771783858267716
11
1.0017868110236221
21
0.5771962204724409
0
LINE
8
BLACK
6
CONTINUOUS
10
1.0017868110236221
20
0.5771962204724409
11
1.0016659055118109
21
0.5771721653543307
0
LINE
8
BLACK
6
CONTINUOUS
10
1.0016659055118109
20
0.5771721653543307
11
0.9952916929133858
21
0.5771721653543307
0
LINE
8
BLACK
6
CONTINUOUS
10
0.9952916929133858
20
0.5771721653543307
11
0.9951707480314961
21
0.5771962204724409
0
LINE
8
BLACK
6
CONTINUOUS
10
0.9951707480314961
20
0.5771962204724409
11
0.995117283464567
21
0.5771783858267716
0
LINE
8
BLACK
6
CONTINUOUS
10
0.995117283464567
20
0.5771783858267716
11
0.9947369291338582
21
0.577282559055118
0
LINE
8
BLACK
6
CONTINUOUS
10
0.9947369291338582
20
0.577282559055118
11
0.9943500393700787
21
0.5773594881889763
0
LINE
8
BLACK
6
CONTINUOUS
10
0.9943500393700787
20
0.5773594881889763
11
0.9943101181102362
21
0.5773994094488188
0
LINE
8
BLACK
6
CONTINUOUS
10
0.9943101181102362
20
0.5773994094488188
11
0.9941912598425197
21
0.5774319291338582
0
LINE
8
BLACK
6
CONTINUOUS
10
0.9941912598425197
20
0.5774319291338582
11
0.9910041732283464
21
0.5790254724409448
0
LINE
8
BLACK
6
CONTINUOUS
10
0.9910041732283464
20
0.5790254724409448
11
0.9906922834645669
21
0.5792675196850393
0
LINE
8
BLACK
6
CONTINUOUS
10
0.9906922834645669
20
0.5792675196850393
11
0.99036468503937
21
0.5794864173228347
0
LINE
8
BLACK
6
CONTINUOUS
10
0.99036468503937
20
0.5794864173228347
11
0.9887711023622047
21
0.58108
0
LINE
8
BLACK
6
CONTINUOUS
10
0.9887711023622047
20
0.58108
11
0.9885521653543307
21
0.5814076377952756
0
LINE
8
BLACK
6
CONTINUOUS
10
0.9885521653543307
20
0.5814076377952756
11
0.9883101574803149
21
0.5817194881889763
0
LINE
8
BLACK
6
CONTINUOUS
10
0.9883101574803149
20
0.5817194881889763
11
0.9867166141732283
21
0.5849065748031496
0
LINE
8
BLACK
6
CONTINUOUS
10
0.9867166141732283
20
0.5849065748031496
11
0.9866840551181102
21
0.5850254724409448
0
LINE
8
BLACK
6
CONTINUOUS
10
0.9866840551181102
20
0.5850254724409448
11
0.9866441732283464
21
0.5850653543307086
0
LINE
8
BLACK
6
CONTINUOUS
10
0.9866441732283464
20
0.5850653543307086
11
0.9865672047244094
21
0.5854522834645669
0
LINE
8
BLACK
6
CONTINUOUS
10
0.9865672047244094
20
0.5854522834645669
11
0.9864630708661417
21
0.5858325984251969
0
LINE
8
BLACK
6
CONTINUOUS
10
0.9864630708661417
20
0.5858325984251969
11
0.9864808661417322
21
0.5858861023622047
0
LINE
8
BLACK
6
CONTINUOUS
10
0.9864808661417322
20
0.5858861023622047
11
0.9864568503937008
21
0.5860070078740157
0
LINE
8
BLACK
6
CONTINUOUS
10
0.9864568503937008
20
0.5860070078740157
11
0.9864568503937008
21
0.6130973622047244
0
LINE
8
BLACK
6
CONTINUOUS
10
0.9864568503937008
20
0.6130973622047244
11
0.9866441732283464
21
0.6140390157480314
0
LINE
8
BLACK
6
CONTINUOUS
10
0.9866441732283464
20
0.6140390157480314
11
0.9879758267716535
21
0.6153706692913385
0
LINE
8
BLACK
6
CONTINUOUS
10
0.9879758267716535
20
0.6153706692913385
11
0.9898591338582677
21
0.6153706692913385
0
LINE
8
BLACK
6
CONTINUOUS
10
0.9898591338582677
20
0.6153706692913385
11
0.9911907874015747
21
0.6140390157480314
0
LINE
8
BLACK
6
CONTINUOUS
10
0.6920361811023622
20
0.6163706692913385
11
0.6927526771653543
21
0.6163706692913385
0
LINE
8
BLACK
6
CONTINUOUS
10
0.6927526771653543
20
0.6163706692913385
11
0.692931811023622
21
0.6161915354330708
0
LINE
8
BLACK
6
CONTINUOUS
10
0.692931811023622
20
0.6161915354330708
11
0.6931801968503937
21
0.6161418503937007
0
LINE
8
BLACK
6
CONTINUOUS
10
0.6931801968503937
20
0.6161418503937007
11
0.6938583858267716
21
0.6154622834645669
0
LINE
8
BLACK
6
CONTINUOUS
10
0.6938583858267716
20
0.6154622834645669
11
0.6969103543307087
21
0.6108843307086614
0
LINE
8
BLACK
6
CONTINUOUS
10
0.6969103543307087
20
0.6108843307086614
11
0.6996427165354331
21
0.608151968503937
0
LINE
8
BLACK
6
CONTINUOUS
10
0.6996427165354331
20
0.608151968503937
11
0.7024727559055118
21
0.6067369291338582
0
LINE
8
BLACK
6
CONTINUOUS
10
0.7024727559055118
20
0.6067369291338582
11
0.7032312204724409
21
0.6061482677165354
0
LINE
8
BLACK
6
CONTINUOUS
10
0.7032312204724409
20
0.6061482677165354
11
0.7038267716535432
21
0.6043616535433071
0
LINE
8
BLACK
6
CONTINUOUS
10
0.7038267716535432
20
0.6043616535433071
11
0.7029845275590551
21
0.6026771653543307
0
LINE
8
BLACK
6
CONTINUOUS
10
0.7029845275590551
20
0.6026771653543307
11
0.7011979133858267
21
0.6020816535433071
0
LINE
8
BLACK
6
CONTINUOUS
10
0.7011979133858267
20
0.6020816535433071
11
0.7002718897637795
21
0.6023351968503937
0
LINE
8
BLACK
6
CONTINUOUS
10
0.7002718897637795
20
0.6023351968503937
11
0.6970847637795275
21
0.6039287401574803
0
LINE
8
BLACK
6
CONTINUOUS
10
0.6970847637795275
20
0.6039287401574803
11
0.6967731102362205
21
0.6041706299212598
0
LINE
8
BLACK
6
CONTINUOUS
10
0.6967731102362205
20
0.6041706299212598
11
0.6964452362204724
21
0.6043896850393701
0
LINE
8
BLACK
6
CONTINUOUS
10
0.6964452362204724
20
0.6043896850393701
11
0.6942716535433071
21
0.6065633464566929
0
LINE
8
BLACK
6
CONTINUOUS
10
0.6942716535433071
20
0.6065633464566929
11
0.6942716535433071
21
0.5830934251968504
0
LINE
8
BLACK
6
CONTINUOUS
10
0.6942716535433071
20
0.5830934251968504
11
0.7013723228346457
21
0.5830934251968504
0
LINE
8
BLACK
6
CONTINUOUS
10
0.7013723228346457
20
0.5830934251968504
11
0.7023139763779528
21
0.5829061023622047
0
LINE
8
BLACK
6
CONTINUOUS
10
0.7023139763779528
20
0.5829061023622047
11
0.7036456299212598
21
0.5815744488188976
0
LINE
8
BLACK
6
CONTINUOUS
10
0.7036456299212598
20
0.5815744488188976
11
0.7036456299212598
21
0.5796911417322834
0
LINE
8
BLACK
6
CONTINUOUS
10
0.7036456299212598
20
0.5796911417322834
11
0.7023139763779528
21
0.5783594881889763
0
LINE
8
BLACK
6
CONTINUOUS
10
0.7023139763779528
20
0.5783594881889763
11
0.7013723228346457
21
0.5781721653543307
0
LINE
8
BLACK
6
CONTINUOUS
10
0.7013723228346457
20
0.5781721653543307
11
0.6822496850393701
21
0.5781721653543307
0
LINE
8
BLACK
6
CONTINUOUS
10
0.6822496850393701
20
0.5781721653543307
11
0.681308031496063
21
0.5783594881889763
0
LINE
8
BLACK
6
CONTINUOUS
10
0.681308031496063
20
0.5783594881889763
11
0.6799763779527559
21
0.5796911417322834
0
LINE
8
BLACK
6
CONTINUOUS
10
0.6799763779527559
20
0.5796911417322834
11
0.6799763779527559
21
0.5815744488188976
0
LINE
8
BLACK
6
CONTINUOUS
10
0.6799763779527559
20
0.5815744488188976
11
0.681308031496063
21
0.5829061023622047
0
LINE
8
BLACK
6
CONTINUOUS
10
0.681308031496063
20
0.5829061023622047
11
0.6822496850393701
21
0.5830934251968504
0
LINE
8
BLACK
6
CONTINUOUS
10
0.6822496850393701
20
0.5830934251968504
11
0.6893503937007874
21
0.5830934251968504
0
LINE
8
BLACK
6
CONTINUOUS
10
0.6893503937007874
20
0.5830934251968504
11
0.6893503937007874
21
0.6140973622047244
0
LINE
8
BLACK
6
CONTINUOUS
10
0.6893503937007874
20
0.6140973622047244
11
0.6895377165354331
21
0.6150390157480314
0
LINE
8
BLACK
6
CONTINUOUS
10
0.6895377165354331
20
0.6150390157480314
11
0.6897168503937008
21
0.6152181889763779
0
LINE
8
BLACK
6
CONTINUOUS
10
0.6897168503937008
20
0.6152181889763779
11
0.6897665354330709
21
0.6154665354330708
0
LINE
8
BLACK
6
CONTINUOUS
10
0.6897665354330709
20
0.6154665354330708
11
0.6903626771653543
21
0.6158640157480315
0
LINE
8
BLACK
6
CONTINUOUS
10
0.6903626771653543
20
0.6158640157480315
11
0.6908693700787402
21
0.6163706692913385
0
LINE
8
BLACK
6
CONTINUOUS
10
0.6908693700787402
20
0.6163706692913385
11
0.6911226771653544
21
0.6163706692913385
0
LINE
8
BLACK
6
CONTINUOUS
10
0.6911226771653544
20
0.6163706692913385
11
0.6913335039370079
21
0.6165112204724409
0
LINE
8
BLACK
6
CONTINUOUS
10
0.6913335039370079
20
0.6165112204724409
11
0.6920361811023622
21
0.6163706692913385
0
LINE
8
BLACK
6
CONTINUOUS
10
0.734185
20
0.6163706692913385
11
0.7355166535433071
21
0.6150390157480314
0
LINE
8
BLACK
6
CONTINUOUS
10
0.7355166535433071
20
0.6150390157480314
11
0.7357039763779527
21
0.6140973622047244
0
LINE
8
BLACK
6
CONTINUOUS
10
0.7357039763779527
20
0.6140973622047244
11
0.7357039763779527
21
0.5806327952755905
0
LINE
8
BLACK
6
CONTINUOUS
10
0.7357039763779527
20
0.5806327952755905
11
0.7355166535433071
21
0.5796911417322834
0
LINE
8
BLACK
6
CONTINUOUS
10
0.7355166535433071
20
0.5796911417322834
11
0.734185
21
0.5783594881889763
0
LINE
8
BLACK
6
CONTINUOUS
10
0.734185
20
0.5783594881889763
11
0.7323016929133858
21
0.5783594881889763
0
LINE
8
BLACK
6
CONTINUOUS
10
0.7323016929133858
20
0.5783594881889763
11
0.7309700393700788
21
0.5796911417322834
0
LINE
8
BLACK
6
CONTINUOUS
10
0.7309700393700788
20
0.5796911417322834
11
0.730782716535433
21
0.5806327952755905
0
LINE
8
BLACK
6
CONTINUOUS
10
0.730782716535433
20
0.5806327952755905
11
0.730782716535433
21
0.5941076771653543
0
LINE
8
BLACK
6
CONTINUOUS
10
0.730782716535433
20
0.5941076771653543
11
0.7265567322834645
21
0.5941076771653543
0
LINE
8
BLACK
6
CONTINUOUS
10
0.7265567322834645
20
0.5941076771653543
11
0.7161365354330709
21
0.5792217322834645
0
LINE
8
BLACK
6
CONTINUOUS
10
0.7161365354330709
20
0.5792217322834645
11
0.7154430708661417
21
0.5785577165354331
0
LINE
8
BLACK
6
CONTINUOUS
10
0.7154430708661417
20
0.5785577165354331
11
0.7135884645669291
21
0.5782304330708661
0
LINE
8
BLACK
6
CONTINUOUS
10
0.7135884645669291
20
0.5782304330708661
11
0.7120456299212599
21
0.5793104330708662
0
LINE
8
BLACK
6
CONTINUOUS
10
0.7120456299212599
20
0.5793104330708662
11
0.7117183464566929
21
0.5811650393700787
0
LINE
8
BLACK
6
CONTINUOUS
10
0.7117183464566929
20
0.5811650393700787
11
0.7121048818897637
21
0.5820438582677165
0
LINE
8
BLACK
6
CONTINUOUS
10
0.7121048818897637
20
0.5820438582677165
11
0.7205495669291339
21
0.5941076771653543
0
LINE
8
BLACK
6
CONTINUOUS
10
0.7205495669291339
20
0.5941076771653543
11
0.7204949212598425
21
0.5941076771653543
0
LINE
8
BLACK
6
CONTINUOUS
10
0.7204949212598425
20
0.5941076771653543
11
0.7203739763779528
21
0.5941317322834646
0
LINE
8
BLACK
6
CONTINUOUS
10
0.7203739763779528
20
0.5941317322834646
11
0.7203205118110236
21
0.5941138976377952
0
LINE
8
BLACK
6
CONTINUOUS
10
0.7203205118110236
20
0.5941138976377952
11
0.7199401574803149
21
0.5942180708661418
0
LINE
8
BLACK
6
CONTINUOUS
10
0.7199401574803149
20
0.5942180708661418
11
0.7195532677165354
21
0.594295
0
LINE
8
BLACK
6
CONTINUOUS
10
0.7195532677165354
20
0.594295
11
0.7195133464566928
21
0.5943349212598426
0
LINE
8
BLACK
6
CONTINUOUS
10
0.7195133464566928
20
0.5943349212598426
11
0.7193944881889763
21
0.5943674409448819
0
LINE
8
BLACK
6
CONTINUOUS
10
0.7193944881889763
20
0.5943674409448819
11
0.7162074015748031
21
0.5959609842519685
0
LINE
8
BLACK
6
CONTINUOUS
10
0.7162074015748031
20
0.5959609842519685
11
0.7158955118110236
21
0.596203031496063
0
LINE
8
BLACK
6
CONTINUOUS
10
0.7158955118110236
20
0.596203031496063
11
0.7155679133858267
21
0.5964219291338583
0
LINE
8
BLACK
6
CONTINUOUS
10
0.7155679133858267
20
0.5964219291338583
11
0.7139743307086615
21
0.5980155118110236
0
LINE
8
BLACK
6
CONTINUOUS
10
0.7139743307086615
20
0.5980155118110236
11
0.7137553937007873
21
0.5983431496062992
0
LINE
8
BLACK
6
CONTINUOUS
10
0.7137553937007873
20
0.5983431496062992
11
0.7135133858267716
21
0.5986549999999999
0
LINE
8
BLACK
6
CONTINUOUS
10
0.7135133858267716
20
0.5986549999999999
11
0.711919842519685
21
0.6018420866141733
0
LINE
8
BLACK
6
CONTINUOUS
10
0.711919842519685
20
0.6018420866141733
11
0.7118872834645669
21
0.6019609842519685
0
LINE
8
BLACK
6
CONTINUOUS
10
0.7118872834645669
20
0.6019609842519685
11
0.7118474015748031
21
0.6020008661417323
0
LINE
8
BLACK
6
CONTINUOUS
10
0.7118474015748031
20
0.6020008661417323
11
0.7117704330708661
21
0.6023877952755905
0
LINE
8
BLACK
6
CONTINUOUS
10
0.7117704330708661
20
0.6023877952755905
11
0.7116662992125984
21
0.6027681102362205
0
LINE
8
BLACK
6
CONTINUOUS
10
0.7116662992125984
20
0.6027681102362205
11
0.7116840944881889
21
0.6028216141732283
0
LINE
8
BLACK
6
CONTINUOUS
10
0.7116840944881889
20
0.6028216141732283
11
0.7116600787401575
21
0.6029425196850393
0
LINE
8
BLACK
6
CONTINUOUS
10
0.7116600787401575
20
0.6029425196850393
11
0.7116600787401575
21
0.6077231889763779
0
LINE
8
BLACK
6
CONTINUOUS
10
0.7116600787401575
20
0.6077231889763779
11
0.7116840944881889
21
0.6078441338582677
0
LINE
8
BLACK
6
CONTINUOUS
10
0.7116840944881889
20
0.6078441338582677
11
0.7116662992125984
21
0.6078975984251969
0
LINE
8
BLACK
6
CONTINUOUS
10
0.7116662992125984
20
0.6078975984251969
11
0.7117704330708661
21
0.6082779527559055
0
LINE
8
BLACK
6
CONTINUOUS
10
0.7117704330708661
20
0.6082779527559055
11
0.7118474015748031
21
0.608664842519685
0
LINE
8
BLACK
6
CONTINUOUS
10
0.7118474015748031
20
0.608664842519685
11
0.7118872834645669
21
0.6087047637795275
0
LINE
8
BLACK
6
CONTINUOUS
10
0.7118872834645669
20
0.6087047637795275
11
0.711919842519685
21
0.6088236220472441
0
LINE
8
BLACK
6
CONTINUOUS
10
0.711919842519685
20
0.6088236220472441
11
0.7135133858267716
21
0.6120107086614173
0
LINE
8
BLACK
6
CONTINUOUS
10
0.7135133858267716
20
0.6120107086614173
11
0.7137552362204724
21
0.6123223622047244
0
LINE
8
BLACK
6
CONTINUOUS
10
0.7137552362204724
20
0.6123223622047244
11
0.7139743307086615
21
0.6126502362204724
0
LINE
8
BLACK
6
CONTINUOUS
10
0.7139743307086615
20
0.6126502362204724
11
0.7155679133858267
21
0.6142437401574803
0
LINE
8
BLACK
6
CONTINUOUS
10
0.7155679133858267
20
0.6142437401574803
11
0.7158955118110236
21
0.6144626771653543
0
LINE
8
BLACK
6
CONTINUOUS
10
0.7158955118110236
20
0.6144626771653543
11
0.7162074015748031
21
0.61470468503937
0
LINE
8
BLACK
6
CONTINUOUS
10
0.7162074015748031
20
0.61470468503937
11
0.7193944881889763
21
0.6162982283464566
0
LINE
8
BLACK
6
CONTINUOUS
10
0.7193944881889763
20
0.6162982283464566
11
0.7195133464566928
21
0.6163307874015748
0
LINE
8
BLACK
6
CONTINUOUS
10
0.7195133464566928
20
0.6163307874015748
11
0.7195532677165354
21
0.6163706692913385
0
LINE
8
BLACK
6
CONTINUOUS
10
0.7195532677165354
20
0.6163706692913385
11
0.7199401574803149
21
0.6164476377952756
0
LINE
8
BLACK
6
CONTINUOUS
10
0.7199401574803149
20
0.6164476377952756
11
0.7203205118110236
21
0.6165517716535432
0
LINE
8
BLACK
6
CONTINUOUS
10
0.7203205118110236
20
0.6165517716535432
11
0.7203739763779528
21
0.6165339763779527
0
LINE
8
BLACK
6
CONTINUOUS
10
0.7203739763779528
20
0.6165339763779527
11
0.7204949212598425
21
0.6165579921259843
0
LINE
8
BLACK
6
CONTINUOUS
10
0.7204949212598425
20
0.6165579921259843
11
0.7332433464566929
21
0.6165579921259843
0
LINE
8
BLACK
6
CONTINUOUS
10
0.7332433464566929
20
0.6165579921259843
11
0.734185
21
0.6163706692913385
0
LINE
8
BLACK
6
CONTINUOUS
10
0.7187653543307087
20
0.6104814960629921
11
0.7177365354330708
21
0.6094526771653543
0
LINE
8
BLACK
6
CONTINUOUS
10
0.7177365354330708
20
0.6094526771653543
11
0.7165813385826771
21
0.6071422834645669
0
LINE
8
BLACK
6
CONTINUOUS
10
0.7165813385826771
20
0.6071422834645669
11
0.7165813385826771
21
0.6035234251968504
0
LINE
8
BLACK
6
CONTINUOUS
10
0.7165813385826771
20
0.6035234251968504
11
0.7177365748031496
21
0.6012129527559055
0
LINE
8
BLACK
6
CONTINUOUS
10
0.7177365748031496
20
0.6012129527559055
11
0.7187653543307087
21
0.6001841732283465
0
LINE
8
BLACK
6
CONTINUOUS
10
0.7187653543307087
20
0.6001841732283465
11
0.7210758267716535
21
0.599028937007874
0
LINE
8
BLACK
6
CONTINUOUS
10
0.7210758267716535
20
0.599028937007874
11
0.730782716535433
21
0.599028937007874
0
LINE
8
BLACK
6
CONTINUOUS
10
0.730782716535433
20
0.599028937007874
11
0.730782716535433
21
0.6116367322834646
0
LINE
8
BLACK
6
CONTINUOUS
10
0.730782716535433
20
0.6116367322834646
11
0.7210758267716535
21
0.6116367322834646
0
LINE
8
BLACK
6
CONTINUOUS
10
0.7210758267716535
20
0.6116367322834646
11
0.7187653543307087
21
0.6104814960629921
0
LINE
8
BLACK
6
CONTINUOUS
10
1.1644909842519684
20
0.6456757086614173
11
1.1645444881889764
21
0.6456935039370079
0
LINE
8
BLACK
6
CONTINUOUS
10
1.1645444881889764
20
0.6456935039370079
11
1.1649248031496062
21
0.6455893700787402
0
LINE
8
BLACK
6
CONTINUOUS
10
1.1649248031496062
20
0.6455893700787402
11
1.1653117322834645
21
0.6455124015748032
0
LINE
8
BLACK
6
CONTINUOUS
10
1.1653117322834645
20
0.6455124015748032
11
1.1653516141732283
21
0.6454725196850394
0
LINE
8
BLACK
6
CONTINUOUS
10
1.1653516141732283
20
0.6454725196850394
11
1.1654705118110236
21
0.6454399606299213
0
LINE
8
BLACK
6
CONTINUOUS
10
1.1654705118110236
20
0.6454399606299213
11
1.1686575984251968
21
0.6438464173228347
0
LINE
8
BLACK
6
CONTINUOUS
10
1.1686575984251968
20
0.6438464173228347
11
1.1689694488188975
21
0.6436044094488189
0
LINE
8
BLACK
6
CONTINUOUS
10
1.1689694488188975
20
0.6436044094488189
11
1.1692970866141732
21
0.6433854724409449
0
LINE
8
BLACK
6
CONTINUOUS
10
1.1692970866141732
20
0.6433854724409449
11
1.1708906299212598
21
0.6417919291338583
0
LINE
8
BLACK
6
CONTINUOUS
10
1.1708906299212598
20
0.6417919291338583
11
1.1710259448818898
21
0.6415894094488189
0
LINE
8
BLACK
6
CONTINUOUS
10
1.1710259448818898
20
0.6415894094488189
11
1.1711980708661418
21
0.6414169291338583
0
LINE
8
BLACK
6
CONTINUOUS
10
1.1711980708661418
20
0.6414169291338583
11
1.1743851968503938
21
0.6366362598425197
0
LINE
8
BLACK
6
CONTINUOUS
10
1.1743851968503938
20
0.6366362598425197
11
1.174545590551181
21
0.6362478346456693
0
LINE
8
BLACK
6
CONTINUOUS
10
1.174545590551181
20
0.6362478346456693
11
1.174725
21
0.6358681102362205
0
LINE
8
BLACK
6
CONTINUOUS
10
1.174725
20
0.6358681102362205
11
1.1763185433070866
21
0.629493937007874
0
LINE
8
BLACK
6
CONTINUOUS
10
1.1763185433070866
20
0.629493937007874
11
1.176333188976378
21
0.6291928346456693
0
LINE
8
BLACK
6
CONTINUOUS
10
1.176333188976378
20
0.6291928346456693
11
1.1763920078740158
21
0.6288971653543307
0
LINE
8
BLACK
6
CONTINUOUS
10
1.1763920078740158
20
0.6288971653543307
11
1.1763920078740158
21
0.6161487401574803
0
LINE
8
BLACK
6
CONTINUOUS
10
1.1763920078740158
20
0.6161487401574803
11
1.1763679527559054
21
0.6160278346456692
0
LINE
8
BLACK
6
CONTINUOUS
10
1.1763679527559054
20
0.6160278346456692
11
1.1763857874015748
21
0.6159743307086614
0
LINE
8
BLACK
6
CONTINUOUS
10
1.1763857874015748
20
0.6159743307086614
11
1.1762816141732284
21
0.6155940157480315
0
LINE
8
BLACK
6
CONTINUOUS
10
1.1762816141732284
20
0.6155940157480315
11
1.1762046850393701
21
0.6152070866141732
0
LINE
8
BLACK
6
CONTINUOUS
10
1.1762046850393701
20
0.6152070866141732
11
1.1761647637795276
21
0.6151672047244094
0
LINE
8
BLACK
6
CONTINUOUS
10
1.1761647637795276
20
0.6151672047244094
11
1.1761322440944881
21
0.6150483070866142
0
LINE
8
BLACK
6
CONTINUOUS
10
1.1761322440944881
20
0.6150483070866142
11
1.1745387007874015
21
0.611861220472441
0
LINE
8
BLACK
6
CONTINUOUS
10
1.1745387007874015
20
0.611861220472441
11
1.174296653543307
21
0.6115493700787401
0
LINE
8
BLACK
6
CONTINUOUS
10
1.174296653543307
20
0.6115493700787401
11
1.1740777559055118
21
0.6112217322834645
0
LINE
8
BLACK
6
CONTINUOUS
10
1.1740777559055118
20
0.6112217322834645
11
1.1724841732283464
21
0.6096281496062992
0
LINE
8
BLACK
6
CONTINUOUS
10
1.1724841732283464
20
0.6096281496062992
11
1.1721565354330707
21
0.6094092519685039
0
LINE
8
BLACK
6
CONTINUOUS
10
1.1721565354330707
20
0.6094092519685039
11
1.17184468503937
21
0.6091672047244094
0
LINE
8
BLACK
6
CONTINUOUS
10
1.17184468503937
20
0.6091672047244094
11
1.1686575984251968
21
0.6075736614173228
0
LINE
8
BLACK
6
CONTINUOUS
10
1.1686575984251968
20
0.6075736614173228
11
1.1685387007874015
21
0.6075411417322835
0
LINE
8
BLACK
6
CONTINUOUS
10
1.1685387007874015
20
0.6075411417322835
11
1.1684988188976377
21
0.6075012204724409
0
LINE
8
BLACK
6
CONTINUOUS
10
1.1684988188976377
20
0.6075012204724409
11
1.1681118897637794
21
0.6074242913385827
0
LINE
8
BLACK
6
CONTINUOUS
10
1.1681118897637794
20
0.6074242913385827
11
1.1677315748031496
21
0.6073201181102362
0
LINE
8
BLACK
6
CONTINUOUS
10
1.1677315748031496
20
0.6073201181102362
11
1.1676780708661416
21
0.6073379527559055
0
LINE
8
BLACK
6
CONTINUOUS
10
1.1676780708661416
20
0.6073379527559055
11
1.1675571653543306
21
0.6073138976377953
0
LINE
8
BLACK
6
CONTINUOUS
10
1.1675571653543306
20
0.6073138976377953
11
1.1611829527559054
21
0.6073138976377953
0
LINE
8
BLACK
6
CONTINUOUS
10
1.1611829527559054
20
0.6073138976377953
11
1.1610620078740157
21
0.6073379527559055
0
LINE
8
BLACK
6
CONTINUOUS
10
1.1610620078740157
20
0.6073379527559055
11
1.1610085433070867
21
0.6073201181102362
0
LINE
8
BLACK
6
CONTINUOUS
10
1.1610085433070867
20
0.6073201181102362
11
1.1606281889763779
21
0.6074242913385827
0
LINE
8
BLACK
6
CONTINUOUS
10
1.1606281889763779
20
0.6074242913385827
11
1.1602412992125983
21
0.6075012204724409
0
LINE
8
BLACK
6
CONTINUOUS
10
1.1602412992125983
20
0.6075012204724409
11
1.1602013779527558
21
0.6075411417322835
0
LINE
8
BLACK
6
CONTINUOUS
10
1.1602013779527558
20
0.6075411417322835
11
1.1600825196850393
21
0.6075736614173228
0
LINE
8
BLACK
6
CONTINUOUS
10
1.1600825196850393
20
0.6075736614173228
11
1.1568954330708661
21
0.6091672047244094
0
LINE
8
BLACK
6
CONTINUOUS
10
1.1568954330708661
20
0.6091672047244094
11
1.1565835826771653
21
0.6094092519685039
0
LINE
8
BLACK
6
CONTINUOUS
10
1.1565835826771653
20
0.6094092519685039
11
1.1562559055118109
21
0.6096281889763779
0
LINE
8
BLACK
6
CONTINUOUS
10
1.1562559055118109
20
0.6096281889763779
11
1.1546623622047243
21
0.6112217322834645
0
LINE
8
BLACK
6
CONTINUOUS
10
1.1546623622047243
20
0.6112217322834645
11
1.1544432283464567
21
0.6115497244094488
0
LINE
8
BLACK
6
CONTINUOUS
10
1.1544432283464567
20
0.6115497244094488
11
1.154201496062992
21
0.6118611811023622
0
LINE
8
BLACK
6
CONTINUOUS
10
1.154201496062992
20
0.6118611811023622
11
1.1526079133858267
21
0.6150483070866142
0
LINE
8
BLACK
6
CONTINUOUS
10
1.1526079133858267
20
0.6150483070866142
11
1.1525753543307087
21
0.6151671653543307
0
LINE
8
BLACK
6
CONTINUOUS
10
1.1525753543307087
20
0.6151671653543307
11
1.1525354330708661
21
0.6152070866141732
0
LINE
8
BLACK
6
CONTINUOUS
10
1.1525354330708661
20
0.6152070866141732
11
1.1524584251968504
21
0.6155941338582677
0
LINE
8
BLACK
6
CONTINUOUS
10
1.1524584251968504
20
0.6155941338582677
11
1.1523543307086614
21
0.6159742913385826
0
LINE
8
BLACK
6
CONTINUOUS
10
1.1523543307086614
20
0.6159742913385826
11
1.1523721653543306
21
0.6160278346456692
0
LINE
8
BLACK
6
CONTINUOUS
10
1.1523721653543306
20
0.6160278346456692
11
1.1523481102362205
21
0.6161487401574803
0
LINE
8
BLACK
6
CONTINUOUS
10
1.1523481102362205
20
0.6161487401574803
11
1.1523481102362205
21
0.6241164960629921
0
LINE
8
BLACK
6
CONTINUOUS
10
1.1523481102362205
20
0.6241164960629921
11
1.1523721653543306
21
0.6242374409448819
0
LINE
8
BLACK
6
CONTINUOUS
10
1.1523721653543306
20
0.6242374409448819
11
1.1523543307086614
21
0.6242909448818897
0
LINE
8
BLACK
6
CONTINUOUS
10
1.1523543307086614
20
0.6242909448818897
11
1.1524584251968504
21
0.6246711417322834
0
LINE
8
BLACK
6
CONTINUOUS
10
1.1524584251968504
20
0.6246711417322834
11
1.1525354330708661
21
0.6250581496062992
0
LINE
8
BLACK
6
CONTINUOUS
10
1.1525354330708661
20
0.6250581496062992
11
1.1525753543307087
21
0.6250981102362204
0
LINE
8
BLACK
6
CONTINUOUS
10
1.1525753543307087
20
0.6250981102362204
11
1.1526079133858267
21
0.6252169291338583
0
LINE
8
BLACK
6
CONTINUOUS
10
1.1526079133858267
20
0.6252169291338583
11
1.154201496062992
21
0.6284040551181103
0
LINE
8
BLACK
6
CONTINUOUS
10
1.154201496062992
20
0.6284040551181103
11
1.1544432283464567
21
0.6287155511811023
0
LINE
8
BLACK
6
CONTINUOUS
10
1.1544432283464567
20
0.6287155511811023
11
1.1546623622047243
21
0.6290435039370078
0
LINE
8
BLACK
6
CONTINUOUS
10
1.1546623622047243
20
0.6290435039370078
11
1.1562559055118109
21
0.6306370472440945
0
LINE
8
BLACK
6
CONTINUOUS
10
1.1562559055118109
20
0.6306370472440945
11
1.1565835826771653
21
0.6308560236220472
0
LINE
8
BLACK
6
CONTINUOUS
10
1.1565835826771653
20
0.6308560236220472
11
1.1568954330708661
21
0.631098031496063
0
LINE
8
BLACK
6
CONTINUOUS
10
1.1568954330708661
20
0.631098031496063
11
1.1600825196850393
21
0.6326915748031496
0
LINE
8
BLACK
6
CONTINUOUS
10
1.1600825196850393
20
0.6326915748031496
11
1.1602013779527558
21
0.6327241338582678
0
LINE
8
BLACK
6
CONTINUOUS
10
1.1602013779527558
20
0.6327241338582678
11
1.1602412992125983
21
0.6327640157480314
0
LINE
8
BLACK
6
CONTINUOUS
10
1.1602412992125983
20
0.6327640157480314
11
1.1606281889763779
21
0.6328409842519684
0
LINE
8
BLACK
6
CONTINUOUS
10
1.1606281889763779
20
0.6328409842519684
11
1.1610085433070867
21
0.6329451181102362
0
LINE
8
BLACK
6
CONTINUOUS
10
1.1610085433070867
20
0.6329451181102362
11
1.1610620078740157
21
0.6329273228346457
0
LINE
8
BLACK
6
CONTINUOUS
10
1.1610620078740157
20
0.6329273228346457
11
1.1611829527559054
21
0.6329513385826772
0
LINE
8
BLACK
6
CONTINUOUS
10
1.1611829527559054
20
0.6329513385826772
11
1.1675571653543306
21
0.6329513385826772
0
LINE
8
BLACK
6
CONTINUOUS
10
1.1675571653543306
20
0.6329513385826772
11
1.1676780708661416
21
0.6329273228346457
0
LINE
8
BLACK
6
CONTINUOUS
10
1.1676780708661416
20
0.6329273228346457
11
1.1677315748031496
21
0.6329451181102362
0
LINE
8
BLACK
6
CONTINUOUS
10
1.1677315748031496
20
0.6329451181102362
11
1.1681118897637794
21
0.6328409842519684
0
LINE
8
BLACK
6
CONTINUOUS
10
1.1681118897637794
20
0.6328409842519684
11
1.1684988188976377
21
0.6327640157480314
0
LINE
8
BLACK
6
CONTINUOUS
10
1.1684988188976377
20
0.6327640157480314
11
1.1685387007874015
21
0.6327241338582678
0
LINE
8
BLACK
6
CONTINUOUS
10
1.1685387007874015
20
0.6327241338582678
11
1.1686575984251968
21
0.6326915748031496
0
LINE
8
BLACK
6
CONTINUOUS
10
1.1686575984251968
20
0.6326915748031496
11
1.1707019291338583
21
0.6316694094488189
0
LINE
8
BLACK
6
CONTINUOUS
10
1.1707019291338583
20
0.6316694094488189
11
1.1700540157480315
21
0.6342610629921259
0
LINE
8
BLACK
6
CONTINUOUS
10
1.1700540157480315
20
0.6342610629921259
11
1.1672384645669291
21
0.6384844094488189
0
LINE
8
BLACK
6
CONTINUOUS
10
1.1672384645669291
20
0.6384844094488189
11
1.1660996456692914
21
0.6396232283464567
0
LINE
8
BLACK
6
CONTINUOUS
10
1.1660996456692914
20
0.6396232283464567
11
1.1637891732283465
21
0.6407784645669291
0
LINE
8
BLACK
6
CONTINUOUS
10
1.1637891732283465
20
0.6407784645669291
11
1.1579958661417322
21
0.6407784645669291
0
LINE
8
BLACK
6
CONTINUOUS
10
1.1579958661417322
20
0.6407784645669291
11
1.1570542125984251
21
0.6409657874015748
0
LINE
8
BLACK
6
CONTINUOUS
10
1.1570542125984251
20
0.6409657874015748
11
1.1557225590551181
21
0.6422974409448818
0
LINE
8
BLACK
6
CONTINUOUS
10
1.1557225590551181
20
0.6422974409448818
11
1.1557225590551181
21
0.6441807480314961
0
LINE
8
BLACK
6
CONTINUOUS
10
1.1557225590551181
20
0.6441807480314961
11
1.1570542125984251
21
0.6455124015748032
0
LINE
8
BLACK
6
CONTINUOUS
10
1.1570542125984251
20
0.6455124015748032
11
1.1579958661417322
21
0.6456997244094488
0
LINE
8
BLACK
6
CONTINUOUS
10
1.1579958661417322
20
0.6456997244094488
11
1.1643700787401574
21
0.6456997244094488
0
LINE
8
BLACK
6
CONTINUOUS
10
1.1643700787401574
20
0.6456997244094488
11
1.1644909842519684
21
0.6456757086614173
0
LINE
8
BLACK
6
CONTINUOUS
10
1.1594533858267717
20
0.6268748818897638
11
1.1584245669291338
21
0.6258460236220472
0
LINE
8
BLACK
6
CONTINUOUS
10
1.1584245669291338
20
0.6258460236220472
11
1.1572693700787402
21
0.6235356692913385
0
LINE
8
BLACK
6
CONTINUOUS
10
1.1572693700787402
20
0.6235356692913385
11
1.1572693700787402
21
0.6167296062992126
0
LINE
8
BLACK
6
CONTINUOUS
10
1.1572693700787402
20
0.6167296062992126
11
1.1584245669291338
21
0.6144192519685039
0
LINE
8
BLACK
6
CONTINUOUS
10
1.1584245669291338
20
0.6144192519685039
11
1.1594533858267717
21
0.6133903937007874
0
LINE
8
BLACK
6
CONTINUOUS
10
1.1594533858267717
20
0.6133903937007874
11
1.1617638582677166
21
0.612235157480315
0
LINE
8
BLACK
6
CONTINUOUS
10
1.1617638582677166
20
0.612235157480315
11
1.1669762598425197
21
0.612235157480315
0
LINE
8
BLACK
6
CONTINUOUS
10
1.1669762598425197
20
0.612235157480315
11
1.1692867322834646
21
0.6133903937007874
0
LINE
8
BLACK
6
CONTINUOUS
10
1.1692867322834646
20
0.6133903937007874
11
1.1703155118110236
21
0.6144191732283465
0
LINE
8
BLACK
6
CONTINUOUS
10
1.1703155118110236
20
0.6144191732283465
11
1.1714707480314961
21
0.6167296456692913
0
LINE
8
BLACK
6
CONTINUOUS
10
1.1714707480314961
20
0.6167296456692913
11
1.1714707480314961
21
0.6235355905511811
0
LINE
8
BLACK
6
CONTINUOUS
10
1.1714707480314961
20
0.6235355905511811
11
1.1703155118110236
21
0.625846062992126
0
LINE
8
BLACK
6
CONTINUOUS
10
1.1703155118110236
20
0.625846062992126
11
1.1692867322834646
21
0.6268748425196851
0
LINE
8
BLACK
6
CONTINUOUS
10
1.1692867322834646
20
0.6268748425196851
11
1.1669762598425197
21
0.6280300787401575
0
LINE
8
BLACK
6
CONTINUOUS
10
1.1669762598425197
20
0.6280300787401575
11
1.1617638582677166
21
0.6280300787401575
0
LINE
8
BLACK
6
CONTINUOUS
10
1.1617638582677166
20
0.6280300787401575
11
1.1594533858267717
21
0.6268748818897638
0
LINE
8
BLACK
6
CONTINUOUS
10
1.1966278740157481
20
0.6456227952755905
11
1.1970191732283464
21
0.6455734645669291
0
LINE
8
BLACK
6
CONTINUOUS
10
1.1970191732283464
20
0.6455734645669291
11
1.201799842519685
21
0.6439799212598425
0
LINE
8
BLACK
6
CONTINUOUS
10
1.201799842519685
20
0.6439799212598425
11
1.201906968503937
21
0.6439188582677166
0
LINE
8
BLACK
6
CONTINUOUS
10
1.201906968503937
20
0.6439188582677166
11
1.2019633464566928
21
0.6439188582677166
0
LINE
8
BLACK
6
CONTINUOUS
10
1.2019633464566928
20
0.6439188582677166
11
1.2022909842519685
21
0.6436999606299213
0
LINE
8
BLACK
6
CONTINUOUS
10
1.2022909842519685
20
0.6436999606299213
11
1.202633937007874
21
0.6435044488188977
0
LINE
8
BLACK
6
CONTINUOUS
10
1.202633937007874
20
0.6435044488188977
11
1.2026591732283465
21
0.643453937007874
0
LINE
8
BLACK
6
CONTINUOUS
10
1.2026591732283465
20
0.643453937007874
11
1.202761653543307
21
0.6433854724409449
0
LINE
8
BLACK
6
CONTINUOUS
10
1.202761653543307
20
0.6433854724409449
11
1.2059487401574802
21
0.6401983858267717
0
LINE
8
BLACK
6
CONTINUOUS
10
1.2059487401574802
20
0.6401983858267717
11
1.206167716535433
21
0.6398706299212599
0
LINE
8
BLACK
6
CONTINUOUS
10
1.206167716535433
20
0.6398706299212599
11
1.20640968503937
21
0.6395588976377953
0
LINE
8
BLACK
6
CONTINUOUS
10
1.20640968503937
20
0.6395588976377953
11
1.2080032283464566
21
0.6363718110236221
0
LINE
8
BLACK
6
CONTINUOUS
10
1.2080032283464566
20
0.6363718110236221
11
1.2080744094488189
21
0.6361118897637795
0
LINE
8
BLACK
6
CONTINUOUS
10
1.2080744094488189
20
0.6361118897637795
11
1.2081895669291338
21
0.6358681102362205
0
LINE
8
BLACK
6
CONTINUOUS
10
1.2081895669291338
20
0.6358681102362205
11
1.2097831102362204
21
0.629493937007874
0
LINE
8
BLACK
6
CONTINUOUS
10
1.2097831102362204
20
0.629493937007874
11
1.2097977559055118
21
0.6291928346456693
0
LINE
8
BLACK
6
CONTINUOUS
10
1.2097977559055118
20
0.6291928346456693
11
1.2098565748031496
21
0.6288971653543307
0
LINE
8
BLACK
6
CONTINUOUS
10
1.2098565748031496
20
0.6288971653543307
11
1.2098565748031496
21
0.6241164960629921
0
LINE
8
BLACK
6
CONTINUOUS
10
1.2098565748031496
20
0.6241164960629921
11
1.2097977559055118
21
0.6238208661417323
0
LINE
8
BLACK
6
CONTINUOUS
10
1.2097977559055118
20
0.6238208661417323
11
1.2097831102362204
21
0.6235197244094488
0
LINE
8
BLACK
6
CONTINUOUS
10
1.2097831102362204
20
0.6235197244094488
11
1.2081895669291338
21
0.6171455118110236
0
LINE
8
BLACK
6
CONTINUOUS
10
1.2081895669291338
20
0.6171455118110236
11
1.2080744488188977
21
0.6169019291338582
0
LINE
8
BLACK
6
CONTINUOUS
10
1.2080744488188977
20
0.6169019291338582
11
1.2080032677165353
21
0.6166418503937008
0
LINE
8
BLACK
6
CONTINUOUS
10
1.2080032677165353
20
0.6166418503937008
11
1.2064096456692912
21
0.6134547637795276
0
LINE
8
BLACK
6
CONTINUOUS
10
1.2064096456692912
20
0.6134547637795276
11
1.206167874015748
21
0.6131433070866141
0
LINE
8
BLACK
6
CONTINUOUS
10
1.206167874015748
20
0.6131433070866141
11
1.2059487401574802
21
0.6128152755905512
0
LINE
8
BLACK
6
CONTINUOUS
10
1.2059487401574802
20
0.6128152755905512
11
1.202761653543307
21
0.6096281496062992
0
LINE
8
BLACK
6
CONTINUOUS
10
1.202761653543307
20
0.6096281496062992
11
1.2026591732283465
21
0.6095597244094488
0
LINE
8
BLACK
6
CONTINUOUS
10
1.2026591732283465
20
0.6095597244094488
11
1.202633937007874
21
0.6095091732283464
0
LINE
8
BLACK
6
CONTINUOUS
10
1.202633937007874
20
0.6095091732283464
11
1.2022911417322835
21
0.6093137795275591
0
LINE
8
BLACK
6
CONTINUOUS
10
1.2022911417322835
20
0.6093137795275591
11
1.2019633858267715
21
0.6090947637795275
0
LINE
8
BLACK
6
CONTINUOUS
10
1.2019633858267715
20
0.6090947637795275
11
1.201906968503937
21
0.6090947637795275
0
LINE
8
BLACK
6
CONTINUOUS
10
1.201906968503937
20
0.6090947637795275
11
1.201799842519685
21
0.6090337007874016
0
LINE
8
BLACK
6
CONTINUOUS
10
1.201799842519685
20
0.6090337007874016
11
1.1970191732283464
21
0.607440157480315
0
LINE
8
BLACK
6
CONTINUOUS
10
1.1970191732283464
20
0.607440157480315
11
1.1966278740157481
21
0.6073908661417323
0
LINE
8
BLACK
6
CONTINUOUS
10
1.1966278740157481
20
0.6073908661417323
11
1.1962410629921258
21
0.6073138976377953
0
LINE
8
BLACK
6
CONTINUOUS
10
1.1962410629921258
20
0.6073138976377953
11
1.1930539763779526
21
0.6073138976377953
0
LINE
8
BLACK
6
CONTINUOUS
10
1.1930539763779526
20
0.6073138976377953
11
1.1926671259842518
21
0.6073908661417323
0
LINE
8
BLACK
6
CONTINUOUS
10
1.1926671259842518
20
0.6073908661417323
11
1.1922758661417323
21
0.607440157480315
0
LINE
8
BLACK
6
CONTINUOUS
10
1.1922758661417323
20
0.607440157480315
11
1.1874951968503937
21
0.6090337007874016
0
LINE
8
BLACK
6
CONTINUOUS
10
1.1874951968503937
20
0.6090337007874016
11
1.1873880708661417
21
0.6090947637795275
0
LINE
8
BLACK
6
CONTINUOUS
10
1.1873880708661417
20
0.6090947637795275
11
1.1873316535433072
21
0.6090947637795275
0
LINE
8
BLACK
6
CONTINUOUS
10
1.1873316535433072
20
0.6090947637795275
11
1.1870037007874015
21
0.6093138976377953
0
LINE
8
BLACK
6
CONTINUOUS
10
1.1870037007874015
20
0.6093138976377953
11
1.1866611023622047
21
0.6095092125984252
0
LINE
8
BLACK
6
CONTINUOUS
10
1.1866611023622047
20
0.6095092125984252
11
1.1866358267716535
21
0.6095597244094488
0
LINE
8
BLACK
6
CONTINUOUS
10
1.1866358267716535
20
0.6095597244094488
11
1.1865333464566929
21
0.6096281889763779
0
LINE
8
BLACK
6
CONTINUOUS
10
1.1865333464566929
20
0.6096281889763779
11
1.1849398031496063
21
0.6112217322834645
0
LINE
8
BLACK
6
CONTINUOUS
10
1.1849398031496063
20
0.6112217322834645
11
1.1844064173228346
21
0.6120200787401575
0
LINE
8
BLACK
6
CONTINUOUS
10
1.1844064173228346
20
0.6120200787401575
11
1.1844064566929133
21
0.6139033070866141
0
LINE
8
BLACK
6
CONTINUOUS
10
1.1844064566929133
20
0.6139033070866141
11
1.1857381889763778
21
0.615235
0
LINE
8
BLACK
6
CONTINUOUS
10
1.1857381889763778
20
0.615235
11
1.1876214173228345
21
0.6152349606299212
0
LINE
8
BLACK
6
CONTINUOUS
10
1.1876214173228345
20
0.6152349606299212
11
1.1884197244094488
21
0.6147015748031496
0
LINE
8
BLACK
6
CONTINUOUS
10
1.1884197244094488
20
0.6147015748031496
11
1.1896024803149605
21
0.6135187795275591
0
LINE
8
BLACK
6
CONTINUOUS
10
1.1896024803149605
20
0.6135187795275591
11
1.1934533070866142
21
0.612235157480315
0
LINE
8
BLACK
6
CONTINUOUS
10
1.1934533070866142
20
0.612235157480315
11
1.1958417322834645
21
0.612235157480315
0
LINE
8
BLACK
6
CONTINUOUS
10
1.1958417322834645
20
0.612235157480315
11
1.1996925590551182
21
0.6135187795275591
0
LINE
8
BLACK
6
CONTINUOUS
10
1.1996925590551182
20
0.6135187795275591
11
1.2021865748031495
21
0.616012874015748
0
LINE
8
BLACK
6
CONTINUOUS
10
1.2021865748031495
20
0.616012874015748
11
1.2034807086614172
21
0.6186011417322834
0
LINE
8
BLACK
6
CONTINUOUS
10
1.2034807086614172
20
0.6186011417322834
11
1.2049353149606299
21
0.6244194488188977
0
LINE
8
BLACK
6
CONTINUOUS
10
1.2049353149606299
20
0.6244194488188977
11
1.2049353149606299
21
0.6285942519685039
0
LINE
8
BLACK
6
CONTINUOUS
10
1.2049353149606299
20
0.6285942519685039
11
1.203480748031496
21
0.6344124409448819
0
LINE
8
BLACK
6
CONTINUOUS
10
1.203480748031496
20
0.6344124409448819
11
1.202186496062992
21
0.6370009448818897
0
LINE
8
BLACK
6
CONTINUOUS
10
1.202186496062992
20
0.6370009448818897
11
1.1996925590551182
21
0.6394948818897638
0
LINE
8
BLACK
6
CONTINUOUS
10
1.1996925590551182
20
0.6394948818897638
11
1.1958417322834645
21
0.6407784645669291
0
LINE
8
BLACK
6
CONTINUOUS
10
1.1958417322834645
20
0.6407784645669291
11
1.1934533070866142
21
0.6407784645669291
0
LINE
8
BLACK
6
CONTINUOUS
10
1.1934533070866142
20
0.6407784645669291
11
1.1896024409448818
21
0.6394948818897638
0
LINE
8
BLACK
6
CONTINUOUS
10
1.1896024409448818
20
0.6394948818897638
11
1.18841968503937
21
0.6383120866141733
0
LINE
8
BLACK
6
CONTINUOUS
10
1.18841968503937
20
0.6383120866141733
11
1.1876213779527558
21
0.6377787007874015
0
LINE
8
BLACK
6
CONTINUOUS
10
1.1876213779527558
20
0.6377787007874015
11
1.1857381496062991
21
0.6377787007874015
0
LINE
8
BLACK
6
CONTINUOUS
10
1.1857381496062991
20
0.6377787007874015
11
1.1844064566929133
21
0.6391103937007874
0
LINE
8
BLACK
6
CONTINUOUS
10
1.1844064566929133
20
0.6391103937007874
11
1.1844064566929133
21
0.6409936220472441
0
LINE
8
BLACK
6
CONTINUOUS
10
1.1844064566929133
20
0.6409936220472441
11
1.1849398425196851
21
0.6417919291338583
0
LINE
8
BLACK
6
CONTINUOUS
10
1.1849398425196851
20
0.6417919291338583
11
1.1865333858267717
21
0.6433854724409449
0
LINE
8
BLACK
6
CONTINUOUS
10
1.1865333858267717
20
0.6433854724409449
11
1.1866358661417322
21
0.6434539763779528
0
LINE
8
BLACK
6
CONTINUOUS
10
1.1866358661417322
20
0.6434539763779528
11
1.1866611023622047
21
0.6435044094488189
0
LINE
8
BLACK
6
CONTINUOUS
10
1.1866611023622047
20
0.6435044094488189
11
1.1870035433070867
21
0.64369968503937
0
LINE
8
BLACK
6
CONTINUOUS
10
1.1870035433070867
20
0.64369968503937
11
1.1873316929133857
21
0.6439188976377953
0
LINE
8
BLACK
6
CONTINUOUS
10
1.1873316929133857
20
0.6439188976377953
11
1.1873881496062992
21
0.6439188976377953
0
LINE
8
BLACK
6
CONTINUOUS
10
1.1873881496062992
20
0.6439188976377953
11
1.1874951968503937
21
0.6439799212598425
0
LINE
8
BLACK
6
CONTINUOUS
10
1.1874951968503937
20
0.6439799212598425
11
1.1922758661417323
21
0.6455734645669291
0
LINE
8
BLACK
6
CONTINUOUS
10
1.1922758661417323
20
0.6455734645669291
11
1.1926671259842518
21
0.6456227952755905
0
LINE
8
BLACK
6
CONTINUOUS
10
1.1926671259842518
20
0.6456227952755905
11
1.1930539763779526
21
0.6456997244094488
0
LINE
8
BLACK
6
CONTINUOUS
10
1.1930539763779526
20
0.6456997244094488
11
1.1962410629921258
21
0.6456997244094488
0
LINE
8
BLACK
6
CONTINUOUS
10
1.1962410629921258
20
0.6456997244094488
11
1.1966278740157481
21
0.6456227952755905
0
LINE
8
BLACK
6
CONTINUOUS
10
0.4817923228346457
20
0.6246233464566929
11
0.4830707480314961
21
0.6233449212598425
0
LINE
8
BLACK
6
CONTINUOUS
10
0.4830707480314961
20
0.6233449212598425
11
0.4830707480314961
21
0.621536968503937
0
LINE
8
BLACK
6
CONTINUOUS
10
0.4830707480314961
20
0.621536968503937
11
0.4817923228346457
21
0.6202585433070866
0
LINE
8
BLACK
6
CONTINUOUS
10
0.4817923228346457
20
0.6202585433070866
11
0.4808883464566929
21
0.6200787401574803
0
LINE
8
BLACK
6
CONTINUOUS
10
0.4808883464566929
20
0.6200787401574803
11
0.4630092913385827
21
0.6200787401574803
0
LINE
8
BLACK
6
CONTINUOUS
10
0.4630092913385827
20
0.6200787401574803
11
0.4621053149606299
21
0.6202585433070866
0
LINE
8
BLACK
6
CONTINUOUS
10
0.4621053149606299
20
0.6202585433070866
11
0.4608268897637795
21
0.621536968503937
0
LINE
8
BLACK
6
CONTINUOUS
10
0.4608268897637795
20
0.621536968503937
11
0.4608268897637795
21
0.6233449212598425
0
LINE
8
BLACK
6
CONTINUOUS
10
0.4608268897637795
20
0.6233449212598425
11
0.4621053149606299
21
0.6246233464566929
0
LINE
8
BLACK
6
CONTINUOUS
10
0.4621053149606299
20
0.6246233464566929
11
0.4630092913385827
21
0.6248031496062992
0
LINE
8
BLACK
6
CONTINUOUS
10
0.4630092913385827
20
0.6248031496062992
11
0.4808883464566929
21
0.6248031496062992
0
LINE
8
BLACK
6
CONTINUOUS
10
0.4808883464566929
20
0.6248031496062992
11
0.4817923228346457
21
0.6246233464566929
0
LINE
8
BLACK
6
CONTINUOUS
10
0.3449812992125984
20
0.6256075984251969
11
0.3462597244094488
21
0.6243291732283465
0
LINE
8
BLACK
6
CONTINUOUS
10
0.3462597244094488
20
0.6243291732283465
11
0.3462597244094488
21
0.622521220472441
0
LINE
8
BLACK
6
CONTINUOUS
10
0.3462597244094488
20
0.622521220472441
11
0.3449812992125984
21
0.6212427952755906
0
LINE
8
BLACK
6
CONTINUOUS
10
0.3449812992125984
20
0.6212427952755906
11
0.3440773228346456
21
0.6210629921259843
0
LINE
8
BLACK
6
CONTINUOUS
10
0.3440773228346456
20
0.6210629921259843
11
0.3261982677165354
21
0.6210629921259843
0
LINE
8
BLACK
6
CONTINUOUS
10
0.3261982677165354
20
0.6210629921259843
11
0.3252942913385827
21
0.6212427952755906
0
LINE
8
BLACK
6
CONTINUOUS
10
0.3252942913385827
20
0.6212427952755906
11
0.3240158661417323
21
0.622521220472441
0
LINE
8
BLACK
6
CONTINUOUS
10
0.3240158661417323
20
0.622521220472441
11
0.3240158661417323
21
0.6243291732283465
0
LINE
8
BLACK
6
CONTINUOUS
10
0.3240158661417323
20
0.6243291732283465
11
0.3252942913385827
21
0.6256075984251969
0
LINE
8
BLACK
6
CONTINUOUS
10
0.3252942913385827
20
0.6256075984251969
11
0.3261982677165354
21
0.6257874015748032
0
LINE
8
BLACK
6
CONTINUOUS
10
0.3261982677165354
20
0.6257874015748032
11
0.3440773228346456
21
0.6257874015748032
0
LINE
8
BLACK
6
CONTINUOUS
10
0.3440773228346456
20
0.6257874015748032
11
0.3449812992125984
21
0.6256075984251969
0
LINE
8
BLACK
6
CONTINUOUS
10
0.6190954724409449
20
0.6256075984251969
11
0.6203738976377953
21
0.6243291732283465
0
LINE
8
BLACK
6
CONTINUOUS
10
0.6203738976377953
20
0.6243291732283465
11
0.6203738976377953
21
0.622521220472441
0
LINE
8
BLACK
6
CONTINUOUS
10
0.6203738976377953
20
0.622521220472441
11
0.6190954724409449
21
0.6212427952755906
0
LINE
8
BLACK
6
CONTINUOUS
10
0.6190954724409449
20
0.6212427952755906
11
0.6181914960629921
21
0.6210629921259843
0
LINE
8
BLACK
6
CONTINUOUS
10
0.6181914960629921
20
0.6210629921259843
11
0.6003124409448819
21
0.6210629921259843
0
LINE
8
BLACK
6
CONTINUOUS
10
0.6003124409448819
20
0.6210629921259843
11
0.5994084645669291
21
0.6212427952755906
0
LINE
8
BLACK
6
CONTINUOUS
10
0.5994084645669291
20
0.6212427952755906
11
0.5981300393700787
21
0.622521220472441
0
LINE
8
BLACK
6
CONTINUOUS
10
0.5981300393700787
20
0.622521220472441
11
0.5981300393700787
21
0.6243291732283465
0
LINE
8
BLACK
6
CONTINUOUS
10
0.5981300393700787
20
0.6243291732283465
11
0.5994084645669291
21
0.6256075984251969
0
LINE
8
BLACK
6
CONTINUOUS
10
0.5994084645669291
20
0.6256075984251969
11
0.6003124409448819
21
0.6257874015748032
0
LINE
8
BLACK
6
CONTINUOUS
10
0.6003124409448819
20
0.6257874015748032
11
0.6181914960629921
21
0.6257874015748032
0
LINE
8
BLACK
6
CONTINUOUS
10
0.6181914960629921
20
0.6257874015748032
11
0.6190954724409449
21
0.6256075984251969
0
LINE
8
BLACK
6
CONTINUOUS
10
1.0351107480314961
20
0.6693706692913386
11
1.0364424015748031
21
0.6680390157480315
0
LINE
8
BLACK
6
CONTINUOUS
10
1.0364424015748031
20
0.6680390157480315
11
1.0364424015748031
21
0.6661557086614173
0
LINE
8
BLACK
6
CONTINUOUS
10
1.0364424015748031
20
0.6661557086614173
11
1.0351107480314961
21
0.6648240551181103
0
LINE
8
BLACK
6
CONTINUOUS
10
1.0351107480314961
20
0.6648240551181103
11
1.0341690944881889
21
0.6646367322834645
0
LINE
8
BLACK
6
CONTINUOUS
10
1.0341690944881889
20
0.6646367322834645
11
1.018875590551181
21
0.6646367322834645
0
LINE
8
BLACK
6
CONTINUOUS
10
1.018875590551181
20
0.6646367322834645
11
1.0264596062992126
21
0.6559693307086614
0
LINE
8
BLACK
6
CONTINUOUS
10
1.0264596062992126
20
0.6559693307086614
11
1.0268087007874016
21
0.655363031496063
0
LINE
8
BLACK
6
CONTINUOUS
10
1.0268087007874016
20
0.655363031496063
11
1.0268811023622046
21
0.6552906299212599
0
LINE
8
BLACK
6
CONTINUOUS
10
1.0268811023622046
20
0.6552906299212599
11
1.0268811023622046
21
0.6552373228346456
0
LINE
8
BLACK
6
CONTINUOUS
10
1.0268811023622046
20
0.6552373228346456
11
1.0269387007874016
21
0.6551372834645669
0
LINE
8
BLACK
6
CONTINUOUS
10
1.0269387007874016
20
0.6551372834645669
11
1.0268811023622046
21
0.6542731102362205
0
LINE
8
BLACK
6
CONTINUOUS
10
1.0268811023622046
20
0.6542731102362205
11
1.0268811023622046
21
0.6534073228346456
0
LINE
8
BLACK
6
CONTINUOUS
10
1.0268811023622046
20
0.6534073228346456
11
1.026819251968504
21
0.6533455118110236
0
LINE
8
BLACK
6
CONTINUOUS
10
1.026819251968504
20
0.6533455118110236
11
1.0268134645669291
21
0.6532582283464566
0
LINE
8
BLACK
6
CONTINUOUS
10
1.0268134645669291
20
0.6532582283464566
11
1.0261619291338582
21
0.6526881889763779
0
LINE
8
BLACK
6
CONTINUOUS
10
1.0261619291338582
20
0.6526881889763779
11
1.0255494488188976
21
0.6520756692913385
0
LINE
8
BLACK
6
CONTINUOUS
10
1.0255494488188976
20
0.6520756692913385
11
1.0254361417322835
21
0.6520531496062992
0
LINE
8
BLACK
6
CONTINUOUS
10
1.0254361417322835
20
0.6520531496062992
11
1.0253961023622047
21
0.6520180708661417
0
LINE
8
BLACK
6
CONTINUOUS
10
1.0253961023622047
20
0.6520180708661417
11
1.0252940551181102
21
0.6520248818897638
0
LINE
8
BLACK
6
CONTINUOUS
10
1.0252940551181102
20
0.6520248818897638
11
1.0246077952755905
21
0.6518883464566929
0
LINE
8
BLACK
6
CONTINUOUS
10
1.0246077952755905
20
0.6518883464566929
11
1.0204080314960631
21
0.6518883464566929
0
LINE
8
BLACK
6
CONTINUOUS
10
1.0204080314960631
20
0.6518883464566929
11
1.018097559055118
21
0.6507331496062992
0
LINE
8
BLACK
6
CONTINUOUS
10
1.018097559055118
20
0.6507331496062992
11
1.0170687401574803
21
0.6497042913385827
0
LINE
8
BLACK
6
CONTINUOUS
10
1.0170687401574803
20
0.6497042913385827
11
1.0159135433070865
21
0.647393937007874
0
LINE
8
BLACK
6
CONTINUOUS
10
1.0159135433070865
20
0.647393937007874
11
1.0159135433070865
21
0.640587874015748
0
LINE
8
BLACK
6
CONTINUOUS
10
1.0159135433070865
20
0.640587874015748
11
1.0170687401574803
21
0.6382775196850393
0
LINE
8
BLACK
6
CONTINUOUS
10
1.0170687401574803
20
0.6382775196850393
11
1.018097559055118
21
0.6372486614173228
0
LINE
8
BLACK
6
CONTINUOUS
10
1.018097559055118
20
0.6372486614173228
11
1.0204080314960631
21
0.6360934251968504
0
LINE
8
BLACK
6
CONTINUOUS
10
1.0204080314960631
20
0.6360934251968504
11
1.0288075196850393
21
0.6360934251968504
0
LINE
8
BLACK
6
CONTINUOUS
10
1.0288075196850393
20
0.6360934251968504
11
1.0311179527559056
21
0.6372486614173228
0
LINE
8
BLACK
6
CONTINUOUS
10
1.0311179527559056
20
0.6372486614173228
11
1.0324291338582676
21
0.6385598031496063
0
LINE
8
BLACK
6
CONTINUOUS
10
1.0324291338582676
20
0.6385598031496063
11
1.0332274409448818
21
0.6390932283464567
0
LINE
8
BLACK
6
CONTINUOUS
10
1.0332274409448818
20
0.6390932283464567
11
1.0351106692913385
21
0.6390932283464567
0
LINE
8
BLACK
6
CONTINUOUS
10
1.0351106692913385
20
0.6390932283464567
11
1.0364424015748031
21
0.6377615748031495
0
LINE
8
BLACK
6
CONTINUOUS
10
1.0364424015748031
20
0.6377615748031495
11
1.0364424015748031
21
0.6358783070866142
0
LINE
8
BLACK
6
CONTINUOUS
10
1.0364424015748031
20
0.6358783070866142
11
1.0359090157480315
21
0.63508
0
LINE
8
BLACK
6
CONTINUOUS
10
1.0359090157480315
20
0.63508
11
1.0343155118110237
21
0.6334864173228346
0
LINE
8
BLACK
6
CONTINUOUS
10
1.0343155118110237
20
0.6334864173228346
11
1.0339875984251967
21
0.6332673622047243
0
LINE
8
BLACK
6
CONTINUOUS
10
1.0339875984251967
20
0.6332673622047243
11
1.0336759842519685
21
0.6330254724409449
0
LINE
8
BLACK
6
CONTINUOUS
10
1.0336759842519685
20
0.6330254724409449
11
1.0304888582677165
21
0.6314319291338583
0
LINE
8
BLACK
6
CONTINUOUS
10
1.0304888582677165
20
0.6314319291338583
11
1.0303699606299213
21
0.6313994094488189
0
LINE
8
BLACK
6
CONTINUOUS
10
1.0303699606299213
20
0.6313994094488189
11
1.0303300787401575
21
0.6313594881889764
0
LINE
8
BLACK
6
CONTINUOUS
10
1.0303300787401575
20
0.6313594881889764
11
1.0299431496062992
21
0.6312825590551181
0
LINE
8
BLACK
6
CONTINUOUS
10
1.0299431496062992
20
0.6312825590551181
11
1.0295628346456693
21
0.6311783858267717
0
LINE
8
BLACK
6
CONTINUOUS
10
1.0295628346456693
20
0.6311783858267717
11
1.0295093307086614
21
0.6311962204724409
0
LINE
8
BLACK
6
CONTINUOUS
10
1.0295093307086614
20
0.6311962204724409
11
1.0293884251968504
21
0.6311721653543307
0
LINE
8
BLACK
6
CONTINUOUS
10
1.0293884251968504
20
0.6311721653543307
11
1.019827125984252
21
0.6311721653543307
0
LINE
8
BLACK
6
CONTINUOUS
10
1.019827125984252
20
0.6311721653543307
11
1.0197061811023622
21
0.6311962204724409
0
LINE
8
BLACK
6
CONTINUOUS
10
1.0197061811023622
20
0.6311962204724409
11
1.019652716535433
21
0.6311783858267717
0
LINE
8
BLACK
6
CONTINUOUS
10
1.019652716535433
20
0.6311783858267717
11
1.0192723622047244
21
0.6312825590551181
0
LINE
8
BLACK
6
CONTINUOUS
10
1.0192723622047244
20
0.6312825590551181
11
1.0188854724409449
21
0.6313594881889764
0
LINE
8
BLACK
6
CONTINUOUS
10
1.0188854724409449
20
0.6313594881889764
11
1.0188455511811023
21
0.6313994094488189
0
LINE
8
BLACK
6
CONTINUOUS
10
1.0188455511811023
20
0.6313994094488189
11
1.0187266929133858
21
0.6314319291338583
0
LINE
8
BLACK
6
CONTINUOUS
10
1.0187266929133858
20
0.6314319291338583
11
1.0155396062992126
21
0.6330254724409449
0
LINE
8
BLACK
6
CONTINUOUS
10
1.0155396062992126
20
0.6330254724409449
11
1.0152277559055118
21
0.6332675196850394
0
LINE
8
BLACK
6
CONTINUOUS
10
1.0152277559055118
20
0.6332675196850394
11
1.0149000787401574
21
0.6334864566929134
0
LINE
8
BLACK
6
CONTINUOUS
10
1.0149000787401574
20
0.6334864566929134
11
1.0133065354330708
21
0.63508
0
LINE
8
BLACK
6
CONTINUOUS
10
1.0133065354330708
20
0.63508
11
1.013087401574803
21
0.6354079921259842
0
LINE
8
BLACK
6
CONTINUOUS
10
1.013087401574803
20
0.6354079921259842
11
1.0128456692913386
21
0.6357194488188976
0
LINE
8
BLACK
6
CONTINUOUS
10
1.0128456692913386
20
0.6357194488188976
11
1.0112520866141732
21
0.6389065748031496
0
LINE
8
BLACK
6
CONTINUOUS
10
1.0112520866141732
20
0.6389065748031496
11
1.0112195275590552
21
0.6390254330708661
0
LINE
8
BLACK
6
CONTINUOUS
10
1.0112195275590552
20
0.6390254330708661
11
1.0111796062992127
21
0.6390653543307087
0
LINE
8
BLACK
6
CONTINUOUS
10
1.0111796062992127
20
0.6390653543307087
11
1.0111025984251969
21
0.6394524015748031
0
LINE
8
BLACK
6
CONTINUOUS
10
1.0111025984251969
20
0.6394524015748031
11
1.0109985039370077
21
0.639832559055118
0
LINE
8
BLACK
6
CONTINUOUS
10
1.0109985039370077
20
0.639832559055118
11
1.0110163385826771
21
0.6398861023622047
0
LINE
8
BLACK
6
CONTINUOUS
10
1.0110163385826771
20
0.6398861023622047
11
1.0109922834645668
21
0.6400070078740158
0
LINE
8
BLACK
6
CONTINUOUS
10
1.0109922834645668
20
0.6400070078740158
11
1.0109922834645668
21
0.6479747637795276
0
LINE
8
BLACK
6
CONTINUOUS
10
1.0109922834645668
20
0.6479747637795276
11
1.0110163385826771
21
0.6480957086614173
0
LINE
8
BLACK
6
CONTINUOUS
10
1.0110163385826771
20
0.6480957086614173
11
1.0109985039370077
21
0.6481492125984252
0
LINE
8
BLACK
6
CONTINUOUS
10
1.0109985039370077
20
0.6481492125984252
11
1.0111025984251969
21
0.6485294094488189
0
LINE
8
BLACK
6
CONTINUOUS
10
1.0111025984251969
20
0.6485294094488189
11
1.0111796062992127
21
0.6489164173228347
0
LINE
8
BLACK
6
CONTINUOUS
10
1.0111796062992127
20
0.6489164173228347
11
1.0112195275590552
21
0.6489563779527558
0
LINE
8
BLACK
6
CONTINUOUS
10
1.0112195275590552
20
0.6489563779527558
11
1.0112520866141732
21
0.6490751968503937
0
LINE
8
BLACK
6
CONTINUOUS
10
1.0112520866141732
20
0.6490751968503937
11
1.0128456692913386
21
0.6522623228346457
0
LINE
8
BLACK
6
CONTINUOUS
10
1.0128456692913386
20
0.6522623228346457
11
1.013087401574803
21
0.6525738188976378
0
LINE
8
BLACK
6
CONTINUOUS
10
1.013087401574803
20
0.6525738188976378
11
1.0133065354330708
21
0.6529017716535432
0
LINE
8
BLACK
6
CONTINUOUS
10
1.0133065354330708
20
0.6529017716535432
11
1.0149000787401574
21
0.65449531496063
0
LINE
8
BLACK
6
CONTINUOUS
10
1.0149000787401574
20
0.65449531496063
11
1.0152277559055118
21
0.6547142913385826
0
LINE
8
BLACK
6
CONTINUOUS
10
1.0152277559055118
20
0.6547142913385826
11
1.0155396062992126
21
0.6549562992125985
0
LINE
8
BLACK
6
CONTINUOUS
10
1.0155396062992126
20
0.6549562992125985
11
1.0187266929133858
21
0.6565498425196851
0
LINE
8
BLACK
6
CONTINUOUS
10
1.0187266929133858
20
0.6565498425196851
11
1.0188455511811023
21
0.6565824015748032
0
LINE
8
BLACK
6
CONTINUOUS
10
1.0188455511811023
20
0.6565824015748032
11
1.0188854724409449
21
0.656622283464567
0
LINE
8
BLACK
6
CONTINUOUS
10
1.0188854724409449
20
0.656622283464567
11
1.0192723622047244
21
0.6566992519685039
0
LINE
8
BLACK
6
CONTINUOUS
10
1.0192723622047244
20
0.6566992519685039
11
1.019279842519685
21
0.6567013385826771
0
LINE
8
BLACK
6
CONTINUOUS
10
1.019279842519685
20
0.6567013385826771
11
1.0116011023622047
21
0.6654770078740158
0
LINE
8
BLACK
6
CONTINUOUS
10
1.0116011023622047
20
0.6654770078740158
11
1.0112519685039369
21
0.6660833464566929
0
LINE
8
BLACK
6
CONTINUOUS
10
1.0112519685039369
20
0.6660833464566929
11
1.0111796062992127
21
0.6661557086614173
0
LINE
8
BLACK
6
CONTINUOUS
10
1.0111796062992127
20
0.6661557086614173
11
1.0111796062992127
21
0.6662090551181102
0
LINE
8
BLACK
6
CONTINUOUS
10
1.0111796062992127
20
0.6662090551181102
11
1.0111220078740157
21
0.6663090551181102
0
LINE
8
BLACK
6
CONTINUOUS
10
1.0111220078740157
20
0.6663090551181102
11
1.0111796062992127
21
0.6671732677165354
0
LINE
8
BLACK
6
CONTINUOUS
10
1.0111796062992127
20
0.6671732677165354
11
1.0111796062992127
21
0.6680390157480315
0
LINE
8
BLACK
6
CONTINUOUS
10
1.0111796062992127
20
0.6680390157480315
11
1.0112414173228346
21
0.6681008661417323
0
LINE
8
BLACK
6
CONTINUOUS
10
1.0112414173228346
20
0.6681008661417323
11
1.0112472440944882
21
0.6681881102362205
0
LINE
8
BLACK
6
CONTINUOUS
10
1.0112472440944882
20
0.6681881102362205
11
1.0118987401574804
21
0.668758188976378
0
LINE
8
BLACK
6
CONTINUOUS
10
1.0118987401574804
20
0.668758188976378
11
1.0125112598425197
21
0.6693706692913386
0
LINE
8
BLACK
6
CONTINUOUS
10
1.0125112598425197
20
0.6693706692913386
11
1.0126245275590551
21
0.6693932283464566
0
LINE
8
BLACK
6
CONTINUOUS
10
1.0126245275590551
20
0.6693932283464566
11
1.0126646062992126
21
0.6694282677165354
0
LINE
8
BLACK
6
CONTINUOUS
10
1.0126646062992126
20
0.6694282677165354
11
1.0127666141732283
21
0.6694214960629921
0
LINE
8
BLACK
6
CONTINUOUS
10
1.0127666141732283
20
0.6694214960629921
11
1.0134529133858268
21
0.6695579921259842
0
LINE
8
BLACK
6
CONTINUOUS
10
1.0134529133858268
20
0.6695579921259842
11
1.0341690944881889
21
0.6695579921259842
0
LINE
8
BLACK
6
CONTINUOUS
10
1.0341690944881889
20
0.6695579921259842
11
1.0351107480314961
21
0.6693706692913386
0
LINE
8
BLACK
6
CONTINUOUS
10
1.0491907874015747
20
0.6680390157480315
11
1.0493781102362205
21
0.6670973622047244
0
LINE
8
BLACK
6
CONTINUOUS
10
1.0493781102362205
20
0.6670973622047244
11
1.0493781102362205
21
0.6405879133858268
0
LINE
8
BLACK
6
CONTINUOUS
10
1.0493781102362205
20
0.6405879133858268
11
1.0505333464566928
21
0.6382774409448819
0
LINE
8
BLACK
6
CONTINUOUS
10
1.0505333464566928
20
0.6382774409448819
11
1.051562125984252
21
0.6372486614173228
0
LINE
8
BLACK
6
CONTINUOUS
10
1.051562125984252
20
0.6372486614173228
11
1.0538725984251969
21
0.6360934251968504
0
LINE
8
BLACK
6
CONTINUOUS
10
1.0538725984251969
20
0.6360934251968504
11
1.0590850000000001
21
0.6360934251968504
0
LINE
8
BLACK
6
CONTINUOUS
10
1.0590850000000001
20
0.6360934251968504
11
1.0613953937007874
21
0.6372486220472441
0
LINE
8
BLACK
6
CONTINUOUS
10
1.0613953937007874
20
0.6372486220472441
11
1.0624242913385826
21
0.6382775590551181
0
LINE
8
BLACK
6
CONTINUOUS
10
1.0624242913385826
20
0.6382775590551181
11
1.0635794881889764
21
0.6405879133858268
0
LINE
8
BLACK
6
CONTINUOUS
10
1.0635794881889764
20
0.6405879133858268
11
1.0635794881889764
21
0.6670973622047244
0
LINE
8
BLACK
6
CONTINUOUS
10
1.0635794881889764
20
0.6670973622047244
11
1.063766811023622
21
0.6680390157480315
0
LINE
8
BLACK
6
CONTINUOUS
10
1.063766811023622
20
0.6680390157480315
11
1.065098464566929
21
0.6693706692913386
0
LINE
8
BLACK
6
CONTINUOUS
10
1.065098464566929
20
0.6693706692913386
11
1.0669817716535432
21
0.6693706692913386
0
LINE
8
BLACK
6
CONTINUOUS
10
1.0669817716535432
20
0.6693706692913386
11
1.0683134251968505
21
0.6680390157480315
0
LINE
8
BLACK
6
CONTINUOUS
10
1.0683134251968505
20
0.6680390157480315
11
1.0685007480314961
21
0.6670973622047244
0
LINE
8
BLACK
6
CONTINUOUS
10
1.0685007480314961
20
0.6670973622047244
11
1.0685007480314961
21
0.6400070078740158
0
LINE
8
BLACK
6
CONTINUOUS
10
1.0685007480314961
20
0.6400070078740158
11
1.0684766929133858
21
0.6398861811023622
0
LINE
8
BLACK
6
CONTINUOUS
10
1.0684766929133858
20
0.6398861811023622
11
1.0684945669291339
21
0.6398325984251968
0
LINE
8
BLACK
6
CONTINUOUS
10
1.0684945669291339
20
0.6398325984251968
11
1.06839031496063
21
0.639451968503937
0
LINE
8
BLACK
6
CONTINUOUS
10
1.06839031496063
20
0.639451968503937
11
1.0683134251968505
21
0.6390653543307087
0
LINE
8
BLACK
6
CONTINUOUS
10
1.0683134251968505
20
0.6390653543307087
11
1.0682735039370079
21
0.6390254724409449
0
LINE
8
BLACK
6
CONTINUOUS
10
1.0682735039370079
20
0.6390254724409449
11
1.0682409842519685
21
0.6389065748031496
0
LINE
8
BLACK
6
CONTINUOUS
10
1.0682409842519685
20
0.6389065748031496
11
1.0666473622047243
21
0.6357194881889764
0
LINE
8
BLACK
6
CONTINUOUS
10
1.0666473622047243
20
0.6357194881889764
11
1.0664055905511811
21
0.635408031496063
0
LINE
8
BLACK
6
CONTINUOUS
10
1.0664055905511811
20
0.635408031496063
11
1.0661864566929133
21
0.63508
0
LINE
8
BLACK
6
CONTINUOUS
10
1.0661864566929133
20
0.63508
11
1.0645929527559055
21
0.6334864173228346
0
LINE
8
BLACK
6
CONTINUOUS
10
1.0645929527559055
20
0.6334864173228346
11
1.0642650393700788
21
0.6332673622047243
0
LINE
8
BLACK
6
CONTINUOUS
10
1.0642650393700788
20
0.6332673622047243
11
1.0639534251968503
21
0.6330254724409449
0
LINE
8
BLACK
6
CONTINUOUS
10
1.0639534251968503
20
0.6330254724409449
11
1.0607663385826771
21
0.6314319291338583
0
LINE
8
BLACK
6
CONTINUOUS
10
1.0607663385826771
20
0.6314319291338583
11
1.0606474409448818
21
0.6313994094488189
0
LINE
8
BLACK
6
CONTINUOUS
10
1.0606474409448818
20
0.6313994094488189
11
1.0606075590551181
21
0.6313594881889764
0
LINE
8
BLACK
6
CONTINUOUS
10
1.0606075590551181
20
0.6313594881889764
11
1.0602206299212598
21
0.6312825590551181
0
LINE
8
BLACK
6
CONTINUOUS
10
1.0602206299212598
20
0.6312825590551181
11
1.0598403149606299
21
0.6311783858267717
0
LINE
8
BLACK
6
CONTINUOUS
10
1.0598403149606299
20
0.6311783858267717
11
1.0597868110236219
21
0.6311962204724409
0
LINE
8
BLACK
6
CONTINUOUS
10
1.0597868110236219
20
0.6311962204724409
11
1.0596659055118109
21
0.6311721653543307
0
LINE
8
BLACK
6
CONTINUOUS
10
1.0596659055118109
20
0.6311721653543307
11
1.0532916929133858
21
0.6311721653543307
0
LINE
8
BLACK
6
CONTINUOUS
10
1.0532916929133858
20
0.6311721653543307
11
1.053170748031496
21
0.6311962204724409
0
LINE
8
BLACK
6
CONTINUOUS
10
1.053170748031496
20
0.6311962204724409
11
1.053117283464567
21
0.6311783858267717
0
LINE
8
BLACK
6
CONTINUOUS
10
1.053117283464567
20
0.6311783858267717
11
1.0527369291338582
21
0.6312825590551181
0
LINE
8
BLACK
6
CONTINUOUS
10
1.0527369291338582
20
0.6312825590551181
11
1.0523500393700786
21
0.6313594881889764
0
LINE
8
BLACK
6
CONTINUOUS
10
1.0523500393700786
20
0.6313594881889764
11
1.0523101181102361
21
0.6313994094488189
0
LINE
8
BLACK
6
CONTINUOUS
10
1.0523101181102361
20
0.6313994094488189
11
1.0521912598425196
21
0.6314319291338583
0
LINE
8
BLACK
6
CONTINUOUS
10
1.0521912598425196
20
0.6314319291338583
11
1.0490041732283464
21
0.6330254724409449
0
LINE
8
BLACK
6
CONTINUOUS
10
1.0490041732283464
20
0.6330254724409449
11
1.0486922834645669
21
0.6332675196850394
0
LINE
8
BLACK
6
CONTINUOUS
10
1.0486922834645669
20
0.6332675196850394
11
1.04836468503937
21
0.6334864173228346
0
LINE
8
BLACK
6
CONTINUOUS
10
1.04836468503937
20
0.6334864173228346
11
1.0467711023622046
21
0.63508
0
LINE
8
BLACK
6
CONTINUOUS
10
1.0467711023622046
20
0.63508
11
1.0465521653543306
21
0.6354076377952755
0
LINE
8
BLACK
6
CONTINUOUS
10
1.0465521653543306
20
0.6354076377952755
11
1.0463101574803149
21
0.6357194881889764
0
LINE
8
BLACK
6
CONTINUOUS
10
1.0463101574803149
20
0.6357194881889764
11
1.0447166141732283
21
0.6389065748031496
0
LINE
8
BLACK
6
CONTINUOUS
10
1.0447166141732283
20
0.6389065748031496
11
1.0446840551181102
21
0.6390254724409449
0
LINE
8
BLACK
6
CONTINUOUS
10
1.0446840551181102
20
0.6390254724409449
11
1.0446441732283465
21
0.6390653543307087
0
LINE
8
BLACK
6
CONTINUOUS
10
1.0446441732283465
20
0.6390653543307087
11
1.0445672047244094
21
0.639452283464567
0
LINE
8
BLACK
6
CONTINUOUS
10
1.0445672047244094
20
0.639452283464567
11
1.0444630708661418
21
0.6398325984251968
0
LINE
8
BLACK
6
CONTINUOUS
10
1.0444630708661418
20
0.6398325984251968
11
1.0444808661417322
21
0.6398861023622047
0
LINE
8
BLACK
6
CONTINUOUS
10
1.0444808661417322
20
0.6398861023622047
11
1.0444568503937008
21
0.6400070078740158
0
LINE
8
BLACK
6
CONTINUOUS
10
1.0444568503937008
20
0.6400070078740158
11
1.0444568503937008
21
0.6670973622047244
0
LINE
8
BLACK
6
CONTINUOUS
10
1.0444568503937008
20
0.6670973622047244
11
1.0446441732283465
21
0.6680390157480315
0
LINE
8
BLACK
6
CONTINUOUS
10
1.0446441732283465
20
0.6680390157480315
11
1.0459758267716535
21
0.6693706692913386
0
LINE
8
BLACK
6
CONTINUOUS
10
1.0459758267716535
20
0.6693706692913386
11
1.0478591338582677
21
0.6693706692913386
0
LINE
8
BLACK
6
CONTINUOUS
10
1.0478591338582677
20
0.6693706692913386
11
1.0491907874015747
21
0.6680390157480315
0
LINE
8
BLACK
6
CONTINUOUS
10
0.4627125590551181
20
0.6775339763779528
11
0.462766062992126
21
0.6775517716535433
0
LINE
8
BLACK
6
CONTINUOUS
10
0.462766062992126
20
0.6775517716535433
11
0.4631463779527559
21
0.6774476377952756
0
LINE
8
BLACK
6
CONTINUOUS
10
0.4631463779527559
20
0.6774476377952756
11
0.4635333070866142
21
0.6773706692913386
0
LINE
8
BLACK
6
CONTINUOUS
10
0.4635333070866142
20
0.6773706692913386
11
0.4635731889763779
21
0.6773307874015748
0
LINE
8
BLACK
6
CONTINUOUS
10
0.4635731889763779
20
0.6773307874015748
11
0.4636920866141732
21
0.6772982283464567
0
LINE
8
BLACK
6
CONTINUOUS
10
0.4636920866141732
20
0.6772982283464567
11
0.4668792125984252
21
0.6757046850393701
0
LINE
8
BLACK
6
CONTINUOUS
10
0.4668792125984252
20
0.6757046850393701
11
0.467191062992126
21
0.6754626771653544
0
LINE
8
BLACK
6
CONTINUOUS
10
0.467191062992126
20
0.6754626771653544
11
0.4675187007874015
21
0.6752437401574803
0
LINE
8
BLACK
6
CONTINUOUS
10
0.4675187007874015
20
0.6752437401574803
11
0.4691122440944882
21
0.6736501968503937
0
LINE
8
BLACK
6
CONTINUOUS
10
0.4691122440944882
20
0.6736501968503937
11
0.4696456692913386
21
0.6728518897637795
0
LINE
8
BLACK
6
CONTINUOUS
10
0.4696456692913386
20
0.6728518897637795
11
0.4696456692913386
21
0.6709686614173228
0
LINE
8
BLACK
6
CONTINUOUS
10
0.4696456692913386
20
0.6709686614173228
11
0.468313937007874
21
0.6696369291338583
0
LINE
8
BLACK
6
CONTINUOUS
10
0.468313937007874
20
0.6696369291338583
11
0.4664307086614173
21
0.6696369291338583
0
LINE
8
BLACK
6
CONTINUOUS
10
0.4664307086614173
20
0.6696369291338583
11
0.4656324015748031
21
0.6701703543307086
0
LINE
8
BLACK
6
CONTINUOUS
10
0.4656324015748031
20
0.6701703543307086
11
0.4643212598425197
21
0.6714814960629921
0
LINE
8
BLACK
6
CONTINUOUS
10
0.4643212598425197
20
0.6714814960629921
11
0.4620107480314961
21
0.6726367322834645
0
LINE
8
BLACK
6
CONTINUOUS
10
0.4620107480314961
20
0.6726367322834645
11
0.4552048031496063
21
0.6726367322834645
0
LINE
8
BLACK
6
CONTINUOUS
10
0.4552048031496063
20
0.6726367322834645
11
0.4528943307086614
21
0.6714814960629921
0
LINE
8
BLACK
6
CONTINUOUS
10
0.4528943307086614
20
0.6714814960629921
11
0.4518655511811023
21
0.6704527559055118
0
LINE
8
BLACK
6
CONTINUOUS
10
0.4518655511811023
20
0.6704527559055118
11
0.4507103149606299
21
0.6681423622047244
0
LINE
8
BLACK
6
CONTINUOUS
10
0.4507103149606299
20
0.6681423622047244
11
0.4507103149606299
21
0.6659354724409449
0
LINE
8
BLACK
6
CONTINUOUS
10
0.4507103149606299
20
0.6659354724409449
11
0.451993937007874
21
0.6620846062992126
0
LINE
8
BLACK
6
CONTINUOUS
10
0.451993937007874
20
0.6620846062992126
11
0.4707057874015748
21
0.643372716535433
0
LINE
8
BLACK
6
CONTINUOUS
10
0.4707057874015748
20
0.643372716535433
11
0.4712390551181102
21
0.6425745669291338
0
LINE
8
BLACK
6
CONTINUOUS
10
0.4712390551181102
20
0.6425745669291338
11
0.4712391732283465
21
0.6425744488188976
0
LINE
8
BLACK
6
CONTINUOUS
10
0.4712391732283465
20
0.6425744488188976
11
0.4712391732283465
21
0.6406911417322835
0
LINE
8
BLACK
6
CONTINUOUS
10
0.4712391732283465
20
0.6406911417322835
11
0.4699075196850394
21
0.6393594881889764
0
LINE
8
BLACK
6
CONTINUOUS
10
0.4699075196850394
20
0.6393594881889764
11
0.4689658661417322
21
0.6391721653543307
0
LINE
8
BLACK
6
CONTINUOUS
10
0.4689658661417322
20
0.6391721653543307
11
0.4482496850393701
21
0.6391721653543307
0
LINE
8
BLACK
6
CONTINUOUS
10
0.4482496850393701
20
0.6391721653543307
11
0.447308031496063
21
0.6393594881889764
0
LINE
8
BLACK
6
CONTINUOUS
10
0.447308031496063
20
0.6393594881889764
11
0.4459763779527559
21
0.6406911417322835
0
LINE
8
BLACK
6
CONTINUOUS
10
0.4459763779527559
20
0.6406911417322835
11
0.4459763779527559
21
0.6425744488188976
0
LINE
8
BLACK
6
CONTINUOUS
10
0.4459763779527559
20
0.6425744488188976
11
0.447308031496063
21
0.6439061023622047
0
LINE
8
BLACK
6
CONTINUOUS
10
0.447308031496063
20
0.6439061023622047
11
0.4482496850393701
21
0.6440934251968504
0
LINE
8
BLACK
6
CONTINUOUS
10
0.4482496850393701
20
0.6440934251968504
11
0.4630253937007874
21
0.6440934251968504
0
LINE
8
BLACK
6
CONTINUOUS
10
0.4630253937007874
20
0.6440934251968504
11
0.4481033464566929
21
0.6590155118110236
0
LINE
8
BLACK
6
CONTINUOUS
10
0.4481033464566929
20
0.6590155118110236
11
0.4480348818897638
21
0.6591179527559055
0
LINE
8
BLACK
6
CONTINUOUS
10
0.4480348818897638
20
0.6591179527559055
11
0.4479844094488189
21
0.6591431889763779
0
LINE
8
BLACK
6
CONTINUOUS
10
0.4479844094488189
20
0.6591431889763779
11
0.4477889763779527
21
0.6594860236220472
0
LINE
8
BLACK
6
CONTINUOUS
10
0.4477889763779527
20
0.6594860236220472
11
0.4475699606299213
21
0.6598138188976378
0
LINE
8
BLACK
6
CONTINUOUS
10
0.4475699606299213
20
0.6598138188976378
11
0.4475699606299213
21
0.6598702362204725
0
LINE
8
BLACK
6
CONTINUOUS
10
0.4475699606299213
20
0.6598702362204725
11
0.447508937007874
21
0.659977283464567
0
LINE
8
BLACK
6
CONTINUOUS
10
0.447508937007874
20
0.659977283464567
11
0.4459153149606299
21
0.6647579133858268
0
LINE
8
BLACK
6
CONTINUOUS
10
0.4459153149606299
20
0.6647579133858268
11
0.4458659842519685
21
0.6651492913385827
0
LINE
8
BLACK
6
CONTINUOUS
10
0.4458659842519685
20
0.6651492913385827
11
0.4457890551181102
21
0.665536062992126
0
LINE
8
BLACK
6
CONTINUOUS
10
0.4457890551181102
20
0.665536062992126
11
0.4457890551181102
21
0.6687231889763779
0
LINE
8
BLACK
6
CONTINUOUS
10
0.4457890551181102
20
0.6687231889763779
11
0.4458131102362204
21
0.6688441338582677
0
LINE
8
BLACK
6
CONTINUOUS
10
0.4458131102362204
20
0.6688441338582677
11
0.4457952755905512
21
0.6688976377952756
0
LINE
8
BLACK
6
CONTINUOUS
10
0.4457952755905512
20
0.6688976377952756
11
0.4458993700787401
21
0.6692778346456693
0
LINE
8
BLACK
6
CONTINUOUS
10
0.4458993700787401
20
0.6692778346456693
11
0.4459763779527559
21
0.6696648425196851
0
LINE
8
BLACK
6
CONTINUOUS
10
0.4459763779527559
20
0.6696648425196851
11
0.4460162992125984
21
0.6697048031496062
0
LINE
8
BLACK
6
CONTINUOUS
10
0.4460162992125984
20
0.6697048031496062
11
0.4460488582677165
21
0.6698236220472441
0
LINE
8
BLACK
6
CONTINUOUS
10
0.4460488582677165
20
0.6698236220472441
11
0.4476424409448819
21
0.6730107480314961
0
LINE
8
BLACK
6
CONTINUOUS
10
0.4476424409448819
20
0.6730107480314961
11
0.4478843700787402
21
0.6733225196850393
0
LINE
8
BLACK
6
CONTINUOUS
10
0.4478843700787402
20
0.6733225196850393
11
0.4481033464566929
21
0.6736501968503937
0
LINE
8
BLACK
6
CONTINUOUS
10
0.4481033464566929
20
0.6736501968503937
11
0.4496968897637795
21
0.6752437401574803
0
LINE
8
BLACK
6
CONTINUOUS
10
0.4496968897637795
20
0.6752437401574803
11
0.4500246456692913
21
0.6754627952755905
0
LINE
8
BLACK
6
CONTINUOUS
10
0.4500246456692913
20
0.6754627952755905
11
0.4503363779527559
21
0.6757046850393701
0
LINE
8
BLACK
6
CONTINUOUS
10
0.4503363779527559
20
0.6757046850393701
11
0.4535234645669291
21
0.6772982283464567
0
LINE
8
BLACK
6
CONTINUOUS
10
0.4535234645669291
20
0.6772982283464567
11
0.4536423228346457
21
0.6773307874015748
0
LINE
8
BLACK
6
CONTINUOUS
10
0.4536423228346457
20
0.6773307874015748
11
0.4536822440944882
21
0.6773706692913386
0
LINE
8
BLACK
6
CONTINUOUS
10
0.4536822440944882
20
0.6773706692913386
11
0.4540691338582677
21
0.6774476377952756
0
LINE
8
BLACK
6
CONTINUOUS
10
0.4540691338582677
20
0.6774476377952756
11
0.4544494881889763
21
0.6775517716535433
0
LINE
8
BLACK
6
CONTINUOUS
10
0.4544494881889763
20
0.6775517716535433
11
0.4545029527559055
21
0.6775339763779528
0
LINE
8
BLACK
6
CONTINUOUS
10
0.4545029527559055
20
0.6775339763779528
11
0.4546238976377953
21
0.6775579921259842
0
LINE
8
BLACK
6
CONTINUOUS
10
0.4546238976377953
20
0.6775579921259842
11
0.4625916535433071
21
0.6775579921259842
0
LINE
8
BLACK
6
CONTINUOUS
10
0.4625916535433071
20
0.6775579921259842
11
0.4627125590551181
21
0.6775339763779528
0
LINE
8
BLACK
6
CONTINUOUS
10
0.500185
20
0.6773706692913386
11
0.5015166535433071
21
0.6760390157480315
0
LINE
8
BLACK
6
CONTINUOUS
10
0.5015166535433071
20
0.6760390157480315
11
0.5017039763779527
21
0.6750973622047244
0
LINE
8
BLACK
6
CONTINUOUS
10
0.5017039763779527
20
0.6750973622047244
11
0.5017039763779527
21
0.6416327952755906
0
LINE
8
BLACK
6
CONTINUOUS
10
0.5017039763779527
20
0.6416327952755906
11
0.5015166535433071
21
0.6406911417322835
0
LINE
8
BLACK
6
CONTINUOUS
10
0.5015166535433071
20
0.6406911417322835
11
0.500185
21
0.6393594881889764
0
LINE
8
BLACK
6
CONTINUOUS
10
0.500185
20
0.6393594881889764
11
0.4983016929133858
21
0.6393594881889764
0
LINE
8
BLACK
6
CONTINUOUS
10
0.4983016929133858
20
0.6393594881889764
11
0.4969700393700787
21
0.6406911417322835
0
LINE
8
BLACK
6
CONTINUOUS
10
0.4969700393700787
20
0.6406911417322835
11
0.496782716535433
21
0.6416327952755906
0
LINE
8
BLACK
6
CONTINUOUS
10
0.496782716535433
20
0.6416327952755906
11
0.496782716535433
21
0.6551076771653543
0
LINE
8
BLACK
6
CONTINUOUS
10
0.496782716535433
20
0.6551076771653543
11
0.4925567322834646
21
0.6551076771653543
0
LINE
8
BLACK
6
CONTINUOUS
10
0.4925567322834646
20
0.6551076771653543
11
0.4821365354330708
21
0.6402217322834646
0
LINE
8
BLACK
6
CONTINUOUS
10
0.4821365354330708
20
0.6402217322834646
11
0.4814430708661417
21
0.639557716535433
0
LINE
8
BLACK
6
CONTINUOUS
10
0.4814430708661417
20
0.639557716535433
11
0.4795884645669291
21
0.6392304330708661
0
LINE
8
BLACK
6
CONTINUOUS
10
0.4795884645669291
20
0.6392304330708661
11
0.4780456299212598
21
0.6403104330708661
0
LINE
8
BLACK
6
CONTINUOUS
10
0.4780456299212598
20
0.6403104330708661
11
0.4777183464566929
21
0.6421650393700787
0
LINE
8
BLACK
6
CONTINUOUS
10
0.4777183464566929
20
0.6421650393700787
11
0.4781048818897637
21
0.6430438582677165
0
LINE
8
BLACK
6
CONTINUOUS
10
0.4781048818897637
20
0.6430438582677165
11
0.4865495669291339
21
0.6551076771653543
0
LINE
8
BLACK
6
CONTINUOUS
10
0.4865495669291339
20
0.6551076771653543
11
0.4864949212598425
21
0.6551076771653543
0
LINE
8
BLACK
6
CONTINUOUS
10
0.4864949212598425
20
0.6551076771653543
11
0.4863739763779528
21
0.6551317322834646
0
LINE
8
BLACK
6
CONTINUOUS
10
0.4863739763779528
20
0.6551317322834646
11
0.4863205118110236
21
0.6551138976377953
0
LINE
8
BLACK
6
CONTINUOUS
10
0.4863205118110236
20
0.6551138976377953
11
0.4859401574803149
21
0.6552180708661417
0
LINE
8
BLACK
6
CONTINUOUS
10
0.4859401574803149
20
0.6552180708661417
11
0.4855532677165354
21
0.655295
0
LINE
8
BLACK
6
CONTINUOUS
10
0.4855532677165354
20
0.655295
11
0.4855133464566929
21
0.6553349212598425
0
LINE
8
BLACK
6
CONTINUOUS
10
0.4855133464566929
20
0.6553349212598425
11
0.4853944881889763
21
0.6553674409448819
0
LINE
8
BLACK
6
CONTINUOUS
10
0.4853944881889763
20
0.6553674409448819
11
0.4822074015748031
21
0.6569609842519685
0
LINE
8
BLACK
6
CONTINUOUS
10
0.4822074015748031
20
0.6569609842519685
11
0.4818955118110236
21
0.657203031496063
0
LINE
8
BLACK
6
CONTINUOUS
10
0.4818955118110236
20
0.657203031496063
11
0.4815679133858268
21
0.6574219291338582
0
LINE
8
BLACK
6
CONTINUOUS
10
0.4815679133858268
20
0.6574219291338582
11
0.4799743307086614
21
0.6590155118110236
0
LINE
8
BLACK
6
CONTINUOUS
10
0.4799743307086614
20
0.6590155118110236
11
0.4797553937007874
21
0.6593431496062993
0
LINE
8
BLACK
6
CONTINUOUS
10
0.4797553937007874
20
0.6593431496062993
11
0.4795133858267717
21
0.659655
0
LINE
8
BLACK
6
CONTINUOUS
10
0.4795133858267717
20
0.659655
11
0.477919842519685
21
0.6628420866141732
0
LINE
8
BLACK
6
CONTINUOUS
10
0.477919842519685
20
0.6628420866141732
11
0.4778872834645669
21
0.6629609842519685
0
LINE
8
BLACK
6
CONTINUOUS
10
0.4778872834645669
20
0.6629609842519685
11
0.4778474015748032
21
0.6630008661417323
0
LINE
8
BLACK
6
CONTINUOUS
10
0.4778474015748032
20
0.6630008661417323
11
0.4777704330708661
21
0.6633877952755906
0
LINE
8
BLACK
6
CONTINUOUS
10
0.4777704330708661
20
0.6633877952755906
11
0.4776662992125984
21
0.6637681102362205
0
LINE
8
BLACK
6
CONTINUOUS
10
0.4776662992125984
20
0.6637681102362205
11
0.477684094488189
21
0.6638216141732284
0
LINE
8
BLACK
6
CONTINUOUS
10
0.477684094488189
20
0.6638216141732284
11
0.4776600787401575
21
0.6639425196850394
0
LINE
8
BLACK
6
CONTINUOUS
10
0.4776600787401575
20
0.6639425196850394
11
0.4776600787401575
21
0.6687231889763779
0
LINE
8
BLACK
6
CONTINUOUS
10
0.4776600787401575
20
0.6687231889763779
11
0.477684094488189
21
0.6688441338582677
0
LINE
8
BLACK
6
CONTINUOUS
10
0.477684094488189
20
0.6688441338582677
11
0.4776662992125984
21
0.6688975984251968
0
LINE
8
BLACK
6
CONTINUOUS
10
0.4776662992125984
20
0.6688975984251968
11
0.4777704330708661
21
0.6692779527559055
0
LINE
8
BLACK
6
CONTINUOUS
10
0.4777704330708661
20
0.6692779527559055
11
0.4778474015748032
21
0.6696648425196851
0
LINE
8
BLACK
6
CONTINUOUS
10
0.4778474015748032
20
0.6696648425196851
11
0.4778872834645669
21
0.6697047637795276
0
LINE
8
BLACK
6
CONTINUOUS
10
0.4778872834645669
20
0.6697047637795276
11
0.477919842519685
21
0.6698236220472441
0
LINE
8
BLACK
6
CONTINUOUS
10
0.477919842519685
20
0.6698236220472441
11
0.4795133858267717
21
0.6730107086614173
0
LINE
8
BLACK
6
CONTINUOUS
10
0.4795133858267717
20
0.6730107086614173
11
0.4797552362204724
21
0.6733223622047244
0
LINE
8
BLACK
6
CONTINUOUS
10
0.4797552362204724
20
0.6733223622047244
11
0.4799743307086614
21
0.6736502362204724
0
LINE
8
BLACK
6
CONTINUOUS
10
0.4799743307086614
20
0.6736502362204724
11
0.4815679133858268
21
0.6752437401574803
0
LINE
8
BLACK
6
CONTINUOUS
10
0.4815679133858268
20
0.6752437401574803
11
0.4818955118110236
21
0.6754626771653544
0
LINE
8
BLACK
6
CONTINUOUS
10
0.4818955118110236
20
0.6754626771653544
11
0.4822074015748031
21
0.6757046850393701
0
LINE
8
BLACK
6
CONTINUOUS
10
0.4822074015748031
20
0.6757046850393701
11
0.4853944881889763
21
0.6772982283464567
0
LINE
8
BLACK
6
CONTINUOUS
10
0.4853944881889763
20
0.6772982283464567
11
0.4855133464566929
21
0.6773307874015748
0
LINE
8
BLACK
6
CONTINUOUS
10
0.4855133464566929
20
0.6773307874015748
11
0.4855532677165354
21
0.6773706692913386
0
LINE
8
BLACK
6
CONTINUOUS
10
0.4855532677165354
20
0.6773706692913386
11
0.4859401574803149
21
0.6774476377952756
0
LINE
8
BLACK
6
CONTINUOUS
10
0.4859401574803149
20
0.6774476377952756
11
0.4863205118110236
21
0.6775517716535433
0
LINE
8
BLACK
6
CONTINUOUS
10
0.4863205118110236
20
0.6775517716535433
11
0.4863739763779528
21
0.6775339763779528
0
LINE
8
BLACK
6
CONTINUOUS
10
0.4863739763779528
20
0.6775339763779528
11
0.4864949212598425
21
0.6775579921259842
0
LINE
8
BLACK
6
CONTINUOUS
10
0.4864949212598425
20
0.6775579921259842
11
0.4992433464566929
21
0.6775579921259842
0
LINE
8
BLACK
6
CONTINUOUS
10
0.4992433464566929
20
0.6775579921259842
11
0.500185
21
0.6773706692913386
0
LINE
8
BLACK
6
CONTINUOUS
10
0.4847653543307087
20
0.6714814960629921
11
0.4837365354330709
21
0.6704526771653543
0
LINE
8
BLACK
6
CONTINUOUS
10
0.4837365354330709
20
0.6704526771653543
11
0.4825813385826772
21
0.6681422834645669
0
LINE
8
BLACK
6
CONTINUOUS
10
0.4825813385826772
20
0.6681422834645669
11
0.4825813385826772
21
0.6645234251968504
0
LINE
8
BLACK
6
CONTINUOUS
10
0.4825813385826772
20
0.6645234251968504
11
0.4837365748031496
21
0.6622129527559055
0
LINE
8
BLACK
6
CONTINUOUS
10
0.4837365748031496
20
0.6622129527559055
11
0.4847653543307087
21
0.6611841732283464
0
LINE
8
BLACK
6
CONTINUOUS
10
0.4847653543307087
20
0.6611841732283464
11
0.4870758267716535
21
0.660028937007874
0
LINE
8
BLACK
6
CONTINUOUS
10
0.4870758267716535
20
0.660028937007874
11
0.496782716535433
21
0.660028937007874
0
LINE
8
BLACK
6
CONTINUOUS
10
0.496782716535433
20
0.660028937007874
11
0.496782716535433
21
0.6726367322834645
0
LINE
8
BLACK
6
CONTINUOUS
10
0.496782716535433
20
0.6726367322834645
11
0.4870758267716535
21
0.6726367322834645
0
LINE
8
BLACK
6
CONTINUOUS
10
0.4870758267716535
20
0.6726367322834645
11
0.4847653543307087
21
0.6714814960629921
0
LINE
8
BLACK
6
CONTINUOUS
10
0.3349075196850393
20
0.6803706692913386
11
0.3362391732283465
21
0.6790390157480315
0
LINE
8
BLACK
6
CONTINUOUS
10
0.3362391732283465
20
0.6790390157480315
11
0.3362391732283465
21
0.6771557086614173
0
LINE
8
BLACK
6
CONTINUOUS
10
0.3362391732283465
20
0.6771557086614173
11
0.3349075196850393
21
0.6758240551181102
0
LINE
8
BLACK
6
CONTINUOUS
10
0.3349075196850393
20
0.6758240551181102
11
0.3339658661417323
21
0.6756367322834645
0
LINE
8
BLACK
6
CONTINUOUS
10
0.3339658661417323
20
0.6756367322834645
11
0.3186723622047244
21
0.6756367322834645
0
LINE
8
BLACK
6
CONTINUOUS
10
0.3186723622047244
20
0.6756367322834645
11
0.3262563779527559
21
0.6669693307086614
0
LINE
8
BLACK
6
CONTINUOUS
10
0.3262563779527559
20
0.6669693307086614
11
0.3266054724409449
21
0.666363031496063
0
LINE
8
BLACK
6
CONTINUOUS
10
0.3266054724409449
20
0.666363031496063
11
0.326677874015748
21
0.6662906299212599
0
LINE
8
BLACK
6
CONTINUOUS
10
0.326677874015748
20
0.6662906299212599
11
0.326677874015748
21
0.6662373228346457
0
LINE
8
BLACK
6
CONTINUOUS
10
0.326677874015748
20
0.6662373228346457
11
0.3267354724409449
21
0.6661372834645669
0
LINE
8
BLACK
6
CONTINUOUS
10
0.3267354724409449
20
0.6661372834645669
11
0.326677874015748
21
0.6652731102362205
0
LINE
8
BLACK
6
CONTINUOUS
10
0.326677874015748
20
0.6652731102362205
11
0.326677874015748
21
0.6644073228346457
0
LINE
8
BLACK
6
CONTINUOUS
10
0.326677874015748
20
0.6644073228346457
11
0.3266160236220472
21
0.6643455118110236
0
LINE
8
BLACK
6
CONTINUOUS
10
0.3266160236220472
20
0.6643455118110236
11
0.3266102362204724
21
0.6642582283464566
0
LINE
8
BLACK
6
CONTINUOUS
10
0.3266102362204724
20
0.6642582283464566
11
0.3259587007874016
21
0.6636881889763779
0
LINE
8
BLACK
6
CONTINUOUS
10
0.3259587007874016
20
0.6636881889763779
11
0.3253462204724409
21
0.6630756692913385
0
LINE
8
BLACK
6
CONTINUOUS
10
0.3253462204724409
20
0.6630756692913385
11
0.3252329133858268
21
0.6630531496062992
0
LINE
8
BLACK
6
CONTINUOUS
10
0.3252329133858268
20
0.6630531496062992
11
0.325192874015748
21
0.6630180708661417
0
LINE
8
BLACK
6
CONTINUOUS
10
0.325192874015748
20
0.6630180708661417
11
0.3250908267716535
21
0.6630248818897637
0
LINE
8
BLACK
6
CONTINUOUS
10
0.3250908267716535
20
0.6630248818897637
11
0.3244045669291338
21
0.6628883464566929
0
LINE
8
BLACK
6
CONTINUOUS
10
0.3244045669291338
20
0.6628883464566929
11
0.3202048031496063
21
0.6628883464566929
0
LINE
8
BLACK
6
CONTINUOUS
10
0.3202048031496063
20
0.6628883464566929
11
0.3178943307086614
21
0.6617331496062991
0
LINE
8
BLACK
6
CONTINUOUS
10
0.3178943307086614
20
0.6617331496062991
11
0.3168655118110236
21
0.6607042913385827
0
LINE
8
BLACK
6
CONTINUOUS
10
0.3168655118110236
20
0.6607042913385827
11
0.3157103149606299
21
0.658393937007874
0
LINE
8
BLACK
6
CONTINUOUS
10
0.3157103149606299
20
0.658393937007874
11
0.3157103149606299
21
0.651587874015748
0
LINE
8
BLACK
6
CONTINUOUS
10
0.3157103149606299
20
0.651587874015748
11
0.3168655118110236
21
0.6492775196850393
0
LINE
8
BLACK
6
CONTINUOUS
10
0.3168655118110236
20
0.6492775196850393
11
0.3178943307086614
21
0.6482486614173228
0
LINE
8
BLACK
6
CONTINUOUS
10
0.3178943307086614
20
0.6482486614173228
11
0.3202048031496063
21
0.6470934251968504
0
LINE
8
BLACK
6
CONTINUOUS
10
0.3202048031496063
20
0.6470934251968504
11
0.3286042913385827
21
0.6470934251968504
0
LINE
8
BLACK
6
CONTINUOUS
10
0.3286042913385827
20
0.6470934251968504
11
0.3309147244094488
21
0.6482486614173228
0
LINE
8
BLACK
6
CONTINUOUS
10
0.3309147244094488
20
0.6482486614173228
11
0.332225905511811
21
0.6495598031496063
0
LINE
8
BLACK
6
CONTINUOUS
10
0.332225905511811
20
0.6495598031496063
11
0.3330242125984252
21
0.6500932283464567
0
LINE
8
BLACK
6
CONTINUOUS
10
0.3330242125984252
20
0.6500932283464567
11
0.3349074409448819
21
0.6500932283464567
0
LINE
8
BLACK
6
CONTINUOUS
10
0.3349074409448819
20
0.6500932283464567
11
0.3362391732283465
21
0.6487615748031496
0
LINE
8
BLACK
6
CONTINUOUS
10
0.3362391732283465
20
0.6487615748031496
11
0.3362391732283465
21
0.6468783070866142
0
LINE
8
BLACK
6
CONTINUOUS
10
0.3362391732283465
20
0.6468783070866142
11
0.3357057874015748
21
0.64608
0
LINE
8
BLACK
6
CONTINUOUS
10
0.3357057874015748
20
0.64608
11
0.3341122834645669
21
0.6444864173228346
0
LINE
8
BLACK
6
CONTINUOUS
10
0.3341122834645669
20
0.6444864173228346
11
0.3337843700787401
21
0.6442673622047244
0
LINE
8
BLACK
6
CONTINUOUS
10
0.3337843700787401
20
0.6442673622047244
11
0.3334727559055118
21
0.6440254724409449
0
LINE
8
BLACK
6
CONTINUOUS
10
0.3334727559055118
20
0.6440254724409449
11
0.3302856299212598
21
0.6424319291338583
0
LINE
8
BLACK
6
CONTINUOUS
10
0.3302856299212598
20
0.6424319291338583
11
0.3301667322834645
21
0.6423994094488189
0
LINE
8
BLACK
6
CONTINUOUS
10
0.3301667322834645
20
0.6423994094488189
11
0.3301268503937008
21
0.6423594881889764
0
LINE
8
BLACK
6
CONTINUOUS
10
0.3301268503937008
20
0.6423594881889764
11
0.3297399212598425
21
0.6422825590551181
0
LINE
8
BLACK
6
CONTINUOUS
10
0.3297399212598425
20
0.6422825590551181
11
0.3293596062992126
21
0.6421783858267717
0
LINE
8
BLACK
6
CONTINUOUS
10
0.3293596062992126
20
0.6421783858267717
11
0.3293061023622047
21
0.642196220472441
0
LINE
8
BLACK
6
CONTINUOUS
10
0.3293061023622047
20
0.642196220472441
11
0.3291851968503937
21
0.6421721653543307
0
LINE
8
BLACK
6
CONTINUOUS
10
0.3291851968503937
20
0.6421721653543307
11
0.3196238976377953
21
0.6421721653543307
0
LINE
8
BLACK
6
CONTINUOUS
10
0.3196238976377953
20
0.6421721653543307
11
0.3195029527559055
21
0.642196220472441
0
LINE
8
BLACK
6
CONTINUOUS
10
0.3195029527559055
20
0.642196220472441
11
0.3194494881889764
21
0.6421783858267717
0
LINE
8
BLACK
6
CONTINUOUS
10
0.3194494881889764
20
0.6421783858267717
11
0.3190691338582677
21
0.6422825590551181
0
LINE
8
BLACK
6
CONTINUOUS
10
0.3190691338582677
20
0.6422825590551181
11
0.3186822440944882
21
0.6423594881889764
0
LINE
8
BLACK
6
CONTINUOUS
10
0.3186822440944882
20
0.6423594881889764
11
0.3186423228346457
21
0.6423994094488189
0
LINE
8
BLACK
6
CONTINUOUS
10
0.3186423228346457
20
0.6423994094488189
11
0.3185234645669291
21
0.6424319291338583
0
LINE
8
BLACK
6
CONTINUOUS
10
0.3185234645669291
20
0.6424319291338583
11
0.3153363779527559
21
0.6440254724409449
0
LINE
8
BLACK
6
CONTINUOUS
10
0.3153363779527559
20
0.6440254724409449
11
0.3150245275590551
21
0.6442675196850394
0
LINE
8
BLACK
6
CONTINUOUS
10
0.3150245275590551
20
0.6442675196850394
11
0.3146968503937008
21
0.6444864566929134
0
LINE
8
BLACK
6
CONTINUOUS
10
0.3146968503937008
20
0.6444864566929134
11
0.3131033070866142
21
0.64608
0
LINE
8
BLACK
6
CONTINUOUS
10
0.3131033070866142
20
0.64608
11
0.3128841732283464
21
0.6464079921259842
0
LINE
8
BLACK
6
CONTINUOUS
10
0.3128841732283464
20
0.6464079921259842
11
0.3126424409448819
21
0.6467194488188976
0
LINE
8
BLACK
6
CONTINUOUS
10
0.3126424409448819
20
0.6467194488188976
11
0.3110488582677166
21
0.6499065748031496
0
LINE
8
BLACK
6
CONTINUOUS
10
0.3110488582677166
20
0.6499065748031496
11
0.3110162992125984
21
0.6500254330708661
0
LINE
8
BLACK
6
CONTINUOUS
10
0.3110162992125984
20
0.6500254330708661
11
0.3109763779527559
21
0.6500653543307087
0
LINE
8
BLACK
6
CONTINUOUS
10
0.3109763779527559
20
0.6500653543307087
11
0.3108993700787401
21
0.6504524015748031
0
LINE
8
BLACK
6
CONTINUOUS
10
0.3108993700787401
20
0.6504524015748031
11
0.3107952755905512
21
0.6508325590551181
0
LINE
8
BLACK
6
CONTINUOUS
10
0.3107952755905512
20
0.6508325590551181
11
0.3108131102362205
21
0.6508861023622047
0
LINE
8
BLACK
6
CONTINUOUS
10
0.3108131102362205
20
0.6508861023622047
11
0.3107890551181102
21
0.6510070078740158
0
LINE
8
BLACK
6
CONTINUOUS
10
0.3107890551181102
20
0.6510070078740158
11
0.3107890551181102
21
0.6589747637795276
0
LINE
8
BLACK
6
CONTINUOUS
10
0.3107890551181102
20
0.6589747637795276
11
0.3108131102362205
21
0.6590957086614173
0
LINE
8
BLACK
6
CONTINUOUS
10
0.3108131102362205
20
0.6590957086614173
11
0.3107952755905512
21
0.6591492125984252
0
LINE
8
BLACK
6
CONTINUOUS
10
0.3107952755905512
20
0.6591492125984252
11
0.3108993700787401
21
0.6595294094488189
0
LINE
8
BLACK
6
CONTINUOUS
10
0.3108993700787401
20
0.6595294094488189
11
0.3109763779527559
21
0.6599164173228347
0
LINE
8
BLACK
6
CONTINUOUS
10
0.3109763779527559
20
0.6599164173228347
11
0.3110162992125984
21
0.6599563779527559
0
LINE
8
BLACK
6
CONTINUOUS
10
0.3110162992125984
20
0.6599563779527559
11
0.3110488582677166
21
0.6600751968503937
0
LINE
8
BLACK
6
CONTINUOUS
10
0.3110488582677166
20
0.6600751968503937
11
0.3126424409448819
21
0.6632623228346457
0
LINE
8
BLACK
6
CONTINUOUS
10
0.3126424409448819
20
0.6632623228346457
11
0.3128841732283464
21
0.6635738188976378
0
LINE
8
BLACK
6
CONTINUOUS
10
0.3128841732283464
20
0.6635738188976378
11
0.3131033070866142
21
0.6639017716535432
0
LINE
8
BLACK
6
CONTINUOUS
10
0.3131033070866142
20
0.6639017716535432
11
0.3146968503937008
21
0.6654953149606299
0
LINE
8
BLACK
6
CONTINUOUS
10
0.3146968503937008
20
0.6654953149606299
11
0.3150245275590551
21
0.6657142913385826
0
LINE
8
BLACK
6
CONTINUOUS
10
0.3150245275590551
20
0.6657142913385826
11
0.3153363779527559
21
0.6659562992125984
0
LINE
8
BLACK
6
CONTINUOUS
10
0.3153363779527559
20
0.6659562992125984
11
0.3185234645669291
21
0.6675498425196851
0
LINE
8
BLACK
6
CONTINUOUS
10
0.3185234645669291
20
0.6675498425196851
11
0.3186423228346457
21
0.6675824015748031
0
LINE
8
BLACK
6
CONTINUOUS
10
0.3186423228346457
20
0.6675824015748031
11
0.3186822440944882
21
0.6676222834645669
0
LINE
8
BLACK
6
CONTINUOUS
10
0.3186822440944882
20
0.6676222834645669
11
0.3190691338582677
21
0.6676992519685039
0
LINE
8
BLACK
6
CONTINUOUS
10
0.3190691338582677
20
0.6676992519685039
11
0.3190766141732284
21
0.6677013385826771
0
LINE
8
BLACK
6
CONTINUOUS
10
0.3190766141732284
20
0.6677013385826771
11
0.311397874015748
21
0.6764770078740158
0
LINE
8
BLACK
6
CONTINUOUS
10
0.311397874015748
20
0.6764770078740158
11
0.3110487401574803
21
0.6770833464566929
0
LINE
8
BLACK
6
CONTINUOUS
10
0.3110487401574803
20
0.6770833464566929
11
0.3109763779527559
21
0.6771557086614173
0
LINE
8
BLACK
6
CONTINUOUS
10
0.3109763779527559
20
0.6771557086614173
11
0.3109763779527559
21
0.6772090551181102
0
LINE
8
BLACK
6
CONTINUOUS
10
0.3109763779527559
20
0.6772090551181102
11
0.310918779527559
21
0.6773090551181102
0
LINE
8
BLACK
6
CONTINUOUS
10
0.310918779527559
20
0.6773090551181102
11
0.3109763779527559
21
0.6781732677165354
0
LINE
8
BLACK
6
CONTINUOUS
10
0.3109763779527559
20
0.6781732677165354
11
0.3109763779527559
21
0.6790390157480315
0
LINE
8
BLACK
6
CONTINUOUS
10
0.3109763779527559
20
0.6790390157480315
11
0.311038188976378
21
0.6791008661417323
0
LINE
8
BLACK
6
CONTINUOUS
10
0.311038188976378
20
0.6791008661417323
11
0.3110440157480315
21
0.6791881102362205
0
LINE
8
BLACK
6
CONTINUOUS
10
0.3110440157480315
20
0.6791881102362205
11
0.3116955118110236
21
0.679758188976378
0
LINE
8
BLACK
6
CONTINUOUS
10
0.3116955118110236
20
0.679758188976378
11
0.312308031496063
21
0.6803706692913386
0
LINE
8
BLACK
6
CONTINUOUS
10
0.312308031496063
20
0.6803706692913386
11
0.3124212992125984
21
0.6803932283464567
0
LINE
8
BLACK
6
CONTINUOUS
10
0.3124212992125984
20
0.6803932283464567
11
0.3124613779527559
21
0.6804282677165354
0
LINE
8
BLACK
6
CONTINUOUS
10
0.3124613779527559
20
0.6804282677165354
11
0.3125633858267716
21
0.6804214960629921
0
LINE
8
BLACK
6
CONTINUOUS
10
0.3125633858267716
20
0.6804214960629921
11
0.3132496850393701
21
0.6805579921259842
0
LINE
8
BLACK
6
CONTINUOUS
10
0.3132496850393701
20
0.6805579921259842
11
0.3339658661417323
21
0.6805579921259842
0
LINE
8
BLACK
6
CONTINUOUS
10
0.3339658661417323
20
0.6805579921259842
11
0.3349075196850393
21
0.6803706692913386
0
LINE
8
BLACK
6
CONTINUOUS
10
0.365185
20
0.6803706692913386
11
0.3665166535433071
21
0.6790390157480315
0
LINE
8
BLACK
6
CONTINUOUS
10
0.3665166535433071
20
0.6790390157480315
11
0.3667039763779528
21
0.6780973622047244
0
LINE
8
BLACK
6
CONTINUOUS
10
0.3667039763779528
20
0.6780973622047244
11
0.3667039763779528
21
0.6446327952755906
0
LINE
8
BLACK
6
CONTINUOUS
10
0.3667039763779528
20
0.6446327952755906
11
0.3665166535433071
21
0.6436911417322835
0
LINE
8
BLACK
6
CONTINUOUS
10
0.3665166535433071
20
0.6436911417322835
11
0.365185
21
0.6423594881889764
0
LINE
8
BLACK
6
CONTINUOUS
10
0.365185
20
0.6423594881889764
11
0.3633016929133858
21
0.6423594881889764
0
LINE
8
BLACK
6
CONTINUOUS
10
0.3633016929133858
20
0.6423594881889764
11
0.3619700393700787
21
0.6436911417322835
0
LINE
8
BLACK
6
CONTINUOUS
10
0.3619700393700787
20
0.6436911417322835
11
0.361782716535433
21
0.6446327952755906
0
LINE
8
BLACK
6
CONTINUOUS
10
0.361782716535433
20
0.6446327952755906
11
0.361782716535433
21
0.6581076771653543
0
LINE
8
BLACK
6
CONTINUOUS
10
0.361782716535433
20
0.6581076771653543
11
0.3575567322834646
21
0.6581076771653543
0
LINE
8
BLACK
6
CONTINUOUS
10
0.3575567322834646
20
0.6581076771653543
11
0.3471365354330709
21
0.6432217322834646
0
LINE
8
BLACK
6
CONTINUOUS
10
0.3471365354330709
20
0.6432217322834646
11
0.3464430708661417
21
0.642557716535433
0
LINE
8
BLACK
6
CONTINUOUS
10
0.3464430708661417
20
0.642557716535433
11
0.3445884645669292
21
0.6422304330708661
0
LINE
8
BLACK
6
CONTINUOUS
10
0.3445884645669292
20
0.6422304330708661
11
0.3430456299212598
21
0.6433104330708661
0
LINE
8
BLACK
6
CONTINUOUS
10
0.3430456299212598
20
0.6433104330708661
11
0.3427183464566929
21
0.6451650393700787
0
LINE
8
BLACK
6
CONTINUOUS
10
0.3427183464566929
20
0.6451650393700787
11
0.3431048818897638
21
0.6460438582677165
0
LINE
8
BLACK
6
CONTINUOUS
10
0.3431048818897638
20
0.6460438582677165
11
0.3515495669291339
21
0.6581076771653543
0
LINE
8
BLACK
6
CONTINUOUS
10
0.3515495669291339
20
0.6581076771653543
11
0.3514949212598425
21
0.6581076771653543
0
LINE
8
BLACK
6
CONTINUOUS
10
0.3514949212598425
20
0.6581076771653543
11
0.3513739763779528
21
0.6581317322834646
0
LINE
8
BLACK
6
CONTINUOUS
10
0.3513739763779528
20
0.6581317322834646
11
0.3513205118110236
21
0.6581138976377953
0
LINE
8
BLACK
6
CONTINUOUS
10
0.3513205118110236
20
0.6581138976377953
11
0.3509401574803149
21
0.6582180708661417
0
LINE
8
BLACK
6
CONTINUOUS
10
0.3509401574803149
20
0.6582180708661417
11
0.3505532677165354
21
0.658295
0
LINE
8
BLACK
6
CONTINUOUS
10
0.3505532677165354
20
0.658295
11
0.3505133464566929
21
0.6583349212598425
0
LINE
8
BLACK
6
CONTINUOUS
10
0.3505133464566929
20
0.6583349212598425
11
0.3503944881889764
21
0.6583674409448819
0
LINE
8
BLACK
6
CONTINUOUS
10
0.3503944881889764
20
0.6583674409448819
11
0.3472074015748031
21
0.6599609842519685
0
LINE
8
BLACK
6
CONTINUOUS
10
0.3472074015748031
20
0.6599609842519685
11
0.3468955118110236
21
0.660203031496063
0
LINE
8
BLACK
6
CONTINUOUS
10
0.3468955118110236
20
0.660203031496063
11
0.3465679133858268
21
0.6604219291338582
0
LINE
8
BLACK
6
CONTINUOUS
10
0.3465679133858268
20
0.6604219291338582
11
0.3449743307086614
21
0.6620155118110236
0
LINE
8
BLACK
6
CONTINUOUS
10
0.3449743307086614
20
0.6620155118110236
11
0.3447553937007874
21
0.6623431496062993
0
LINE
8
BLACK
6
CONTINUOUS
10
0.3447553937007874
20
0.6623431496062993
11
0.3445133858267717
21
0.662655
0
LINE
8
BLACK
6
CONTINUOUS
10
0.3445133858267717
20
0.662655
11
0.342919842519685
21
0.6658420866141732
0
LINE
8
BLACK
6
CONTINUOUS
10
0.342919842519685
20
0.6658420866141732
11
0.3428872834645669
21
0.6659609842519685
0
LINE
8
BLACK
6
CONTINUOUS
10
0.3428872834645669
20
0.6659609842519685
11
0.3428474015748031
21
0.6660008661417323
0
LINE
8
BLACK
6
CONTINUOUS
10
0.3428474015748031
20
0.6660008661417323
11
0.3427704330708661
21
0.6663877952755906
0
LINE
8
BLACK
6
CONTINUOUS
10
0.3427704330708661
20
0.6663877952755906
11
0.3426662992125984
21
0.6667681102362205
0
LINE
8
BLACK
6
CONTINUOUS
10
0.3426662992125984
20
0.6667681102362205
11
0.342684094488189
21
0.6668216141732284
0
LINE
8
BLACK
6
CONTINUOUS
10
0.342684094488189
20
0.6668216141732284
11
0.3426600787401575
21
0.6669425196850394
0
LINE
8
BLACK
6
CONTINUOUS
10
0.3426600787401575
20
0.6669425196850394
11
0.3426600787401575
21
0.6717231889763779
0
LINE
8
BLACK
6
CONTINUOUS
10
0.3426600787401575
20
0.6717231889763779
11
0.342684094488189
21
0.6718441338582677
0
LINE
8
BLACK
6
CONTINUOUS
10
0.342684094488189
20
0.6718441338582677
11
0.3426662992125984
21
0.6718975984251968
0
LINE
8
BLACK
6
CONTINUOUS
10
0.3426662992125984
20
0.6718975984251968
11
0.3427704330708661
21
0.6722779527559055
0
LINE
8
BLACK
6
CONTINUOUS
10
0.3427704330708661
20
0.6722779527559055
11
0.3428474015748031
21
0.6726648425196851
0
LINE
8
BLACK
6
CONTINUOUS
10
0.3428474015748031
20
0.6726648425196851
11
0.3428872834645669
21
0.6727047637795276
0
LINE
8
BLACK
6
CONTINUOUS
10
0.3428872834645669
20
0.6727047637795276
11
0.342919842519685
21
0.6728236220472441
0
LINE
8
BLACK
6
CONTINUOUS
10
0.342919842519685
20
0.6728236220472441
11
0.3445133858267717
21
0.6760107086614173
0
LINE
8
BLACK
6
CONTINUOUS
10
0.3445133858267717
20
0.6760107086614173
11
0.3447552362204724
21
0.6763223622047244
0
LINE
8
BLACK
6
CONTINUOUS
10
0.3447552362204724
20
0.6763223622047244
11
0.3449743307086614
21
0.6766502362204724
0
LINE
8
BLACK
6
CONTINUOUS
10
0.3449743307086614
20
0.6766502362204724
11
0.3465679133858268
21
0.6782437401574803
0
LINE
8
BLACK
6
CONTINUOUS
10
0.3465679133858268
20
0.6782437401574803
11
0.3468955118110236
21
0.6784626771653544
0
LINE
8
BLACK
6
CONTINUOUS
10
0.3468955118110236
20
0.6784626771653544
11
0.3472074015748031
21
0.6787046850393701
0
LINE
8
BLACK
6
CONTINUOUS
10
0.3472074015748031
20
0.6787046850393701
11
0.3503944881889764
21
0.6802982283464567
0
LINE
8
BLACK
6
CONTINUOUS
10
0.3503944881889764
20
0.6802982283464567
11
0.3505133464566929
21
0.6803307874015748
0
LINE
8
BLACK
6
CONTINUOUS
10
0.3505133464566929
20
0.6803307874015748
11
0.3505532677165354
21
0.6803706692913386
0
LINE
8
BLACK
6
CONTINUOUS
10
0.3505532677165354
20
0.6803706692913386
11
0.3509401574803149
21
0.6804476377952756
0
LINE
8
BLACK
6
CONTINUOUS
10
0.3509401574803149
20
0.6804476377952756
11
0.3513205118110236
21
0.6805517716535433
0
LINE
8
BLACK
6
CONTINUOUS
10
0.3513205118110236
20
0.6805517716535433
11
0.3513739763779528
21
0.6805339763779528
0
LINE
8
BLACK
6
CONTINUOUS
10
0.3513739763779528
20
0.6805339763779528
11
0.3514949212598425
21
0.6805579921259842
0
LINE
8
BLACK
6
CONTINUOUS
10
0.3514949212598425
20
0.6805579921259842
11
0.3642433464566929
21
0.6805579921259842
0
LINE
8
BLACK
6
CONTINUOUS
10
0.3642433464566929
20
0.6805579921259842
11
0.365185
21
0.6803706692913386
0
LINE
8
BLACK
6
CONTINUOUS
10
0.3497653543307087
20
0.6744814960629921
11
0.3487365354330709
21
0.6734526771653543
0
LINE
8
BLACK
6
CONTINUOUS
10
0.3487365354330709
20
0.6734526771653543
11
0.3475813385826771
21
0.6711422834645669
0
LINE
8
BLACK
6
CONTINUOUS
10
0.3475813385826771
20
0.6711422834645669
11
0.3475813385826771
21
0.6675234251968504
0
LINE
8
BLACK
6
CONTINUOUS
10
0.3475813385826771
20
0.6675234251968504
11
0.3487365748031496
21
0.6652129527559055
0
LINE
8
BLACK
6
CONTINUOUS
10
0.3487365748031496
20
0.6652129527559055
11
0.3497653543307087
21
0.6641841732283464
0
LINE
8
BLACK
6
CONTINUOUS
10
0.3497653543307087
20
0.6641841732283464
11
0.3520758267716536
21
0.663028937007874
0
LINE
8
BLACK
6
CONTINUOUS
10
0.3520758267716536
20
0.663028937007874
11
0.361782716535433
21
0.663028937007874
0
LINE
8
BLACK
6
CONTINUOUS
10
0.361782716535433
20
0.663028937007874
11
0.361782716535433
21
0.6756367322834645
0
LINE
8
BLACK
6
CONTINUOUS
10
0.361782716535433
20
0.6756367322834645
11
0.3520758267716536
21
0.6756367322834645
0
LINE
8
BLACK
6
CONTINUOUS
10
0.3520758267716536
20
0.6756367322834645
11
0.3497653543307087
21
0.6744814960629921
0
LINE
8
BLACK
6
CONTINUOUS
10
0.9245049606299213
20
0.6725364566929134
11
0.9251968503937008
21
0.6708661417322834
0
LINE
8
BLACK
6
CONTINUOUS
10
0.9251968503937008
20
0.6708661417322834
11
0.9247450393700787
21
0.6694767716535432
0
LINE
8
BLACK
6
CONTINUOUS
10
0.9247450393700787
20
0.6694767716535432
11
0.915296220472441
21
0.6564846456692913
0
LINE
8
BLACK
6
CONTINUOUS
10
0.915296220472441
20
0.6564846456692913
11
0.9137542519685039
21
0.6555407086614173
0
LINE
8
BLACK
6
CONTINUOUS
10
0.9137542519685039
20
0.6555407086614173
11
0.9119964566929134
21
0.6559636220472441
0
LINE
8
BLACK
6
CONTINUOUS
10
0.9119964566929134
20
0.6559636220472441
11
0.9114754330708661
21
0.6564846456692913
0
LINE
8
BLACK
6
CONTINUOUS
10
0.9114754330708661
20
0.6564846456692913
11
0.9020266141732284
21
0.6694767716535432
0
LINE
8
BLACK
6
CONTINUOUS
10
0.9020266141732284
20
0.6694767716535432
11
0.9016037007874016
21
0.6712345669291339
0
LINE
8
BLACK
6
CONTINUOUS
10
0.9016037007874016
20
0.6712345669291339
11
0.9025476377952756
21
0.6727765354330708
0
LINE
8
BLACK
6
CONTINUOUS
10
0.9025476377952756
20
0.6727765354330708
11
0.9039370078740158
21
0.6732283464566929
0
LINE
8
BLACK
6
CONTINUOUS
10
0.9039370078740158
20
0.6732283464566929
11
0.9228346456692913
21
0.6732283464566929
0
LINE
8
BLACK
6
CONTINUOUS
10
0.9228346456692913
20
0.6732283464566929
11
0.9245049606299213
21
0.6725364566929134
0
LINE
8
BLACK
6
CONTINUOUS
10
0.8622047244094488
20
0.6622047244094488
11
0.8937007874015748
21
0.6622047244094488
0
LINE
8
BLACK
6
CONTINUOUS
10
0.8937007874015748
20
0.6622047244094488
11
0.8946047637795276
21
0.6620249212598425
0
LINE
8
BLACK
6
CONTINUOUS
10
0.8946047637795276
20
0.6620249212598425
11
0.895883188976378
21
0.6607464960629921
0
LINE
8
BLACK
6
CONTINUOUS
10
0.895883188976378
20
0.6607464960629921
11
0.895883188976378
21
0.6589385433070866
0
LINE
8
BLACK
6
CONTINUOUS
10
0.895883188976378
20
0.6589385433070866
11
0.8946047637795276
21
0.6576601181102362
0
LINE
8
BLACK
6
CONTINUOUS
10
0.8946047637795276
20
0.6576601181102362
11
0.8937007874015748
21
0.6574803149606299
0
LINE
8
BLACK
6
CONTINUOUS
10
0.8937007874015748
20
0.6574803149606299
11
0.8622047244094488
21
0.6574803149606299
0
LINE
8
BLACK
6
CONTINUOUS
10
0.8622047244094488
20
0.6574803149606299
11
0.8307086614173228
21
0.6574803149606299
0
LINE
8
BLACK
6
CONTINUOUS
10
0.8307086614173228
20
0.6574803149606299
11
0.8298046850393701
21
0.6576601181102362
0
LINE
8
BLACK
6
CONTINUOUS
10
0.8298046850393701
20
0.6576601181102362
11
0.8285262598425197
21
0.6589385433070866
0
LINE
8
BLACK
6
CONTINUOUS
10
0.8285262598425197
20
0.6589385433070866
11
0.8285262598425197
21
0.6607464960629921
0
LINE
8
BLACK
6
CONTINUOUS
10
0.8285262598425197
20
0.6607464960629921
11
0.8298046850393701
21
0.6620249212598425
0
LINE
8
BLACK
6
CONTINUOUS
10
0.8298046850393701
20
0.6620249212598425
11
0.8307086614173228
21
0.6622047244094488
0
LINE
8
BLACK
6
CONTINUOUS
10
0.8307086614173228
20
0.6622047244094488
11
0.8622047244094488
21
0.6622047244094488
0
LINE
8
BLACK
6
CONTINUOUS
10
1.3078531102362205
20
0.6902461417322835
11
1.3080404330708661
21
0.6893044881889764
0
LINE
8
BLACK
6
CONTINUOUS
10
1.3080404330708661
20
0.6893044881889764
11
1.3080404330708661
21
0.6707264566929134
0
LINE
8
BLACK
6
CONTINUOUS
10
1.3080404330708661
20
0.6707264566929134
11
1.3380750787401574
21
0.6835984251968503
0
LINE
8
BLACK
6
CONTINUOUS
10
1.3380750787401574
20
0.6835984251968503
11
1.3390144094488188
21
0.6837971653543307
0
LINE
8
BLACK
6
CONTINUOUS
10
1.3390144094488188
20
0.6837971653543307
11
1.3407629527559055
21
0.6830977559055118
0
LINE
8
BLACK
6
CONTINUOUS
10
1.3407629527559055
20
0.6830977559055118
11
1.3415048031496062
21
0.6813667322834646
0
LINE
8
BLACK
6
CONTINUOUS
10
1.3415048031496062
20
0.6813667322834646
11
1.3408053937007873
21
0.6796181889763779
0
LINE
8
BLACK
6
CONTINUOUS
10
1.3408053937007873
20
0.6796181889763779
11
1.3400136614173228
21
0.6790750787401575
0
LINE
8
BLACK
6
CONTINUOUS
10
1.3400136614173228
20
0.6790750787401575
11
1.306549094488189
21
0.6647330708661418
0
LINE
8
BLACK
6
CONTINUOUS
10
1.306549094488189
20
0.6647330708661418
11
1.3065287401574803
21
0.664728779527559
0
LINE
8
BLACK
6
CONTINUOUS
10
1.3065287401574803
20
0.664728779527559
11
1.3065214566929133
21
0.6647214566929134
0
LINE
8
BLACK
6
CONTINUOUS
10
1.3065214566929133
20
0.6647214566929134
11
1.3064942125984251
21
0.6647214566929134
0
LINE
8
BLACK
6
CONTINUOUS
10
1.3064942125984251
20
0.6647214566929134
11
1.3056098031496062
21
0.6645343307086614
0
LINE
8
BLACK
6
CONTINUOUS
10
1.3056098031496062
20
0.6645343307086614
11
1.3051419685039369
21
0.6647214566929134
0
LINE
8
BLACK
6
CONTINUOUS
10
1.3051419685039369
20
0.6647214566929134
11
1.3046381496062991
21
0.6647214566929134
0
LINE
8
BLACK
6
CONTINUOUS
10
1.3046381496062991
20
0.6647214566929134
11
1.3043022440944883
21
0.6650573622047244
0
LINE
8
BLACK
6
CONTINUOUS
10
1.3043022440944883
20
0.6650573622047244
11
1.3038612598425197
21
0.6652337401574803
0
LINE
8
BLACK
6
CONTINUOUS
10
1.3038612598425197
20
0.6652337401574803
11
1.3036627559055118
21
0.6656968503937007
0
LINE
8
BLACK
6
CONTINUOUS
10
1.3036627559055118
20
0.6656968503937007
11
1.3033064960629921
21
0.6660531102362205
0
LINE
8
BLACK
6
CONTINUOUS
10
1.3033064960629921
20
0.6660531102362205
11
1.3031301181102362
21
0.6669396456692913
0
LINE
8
BLACK
6
CONTINUOUS
10
1.3031301181102362
20
0.6669396456692913
11
1.3031193700787402
21
0.6669647637795275
0
LINE
8
BLACK
6
CONTINUOUS
10
1.3031193700787402
20
0.6669647637795275
11
1.3031231889763779
21
0.6669744094488189
0
LINE
8
BLACK
6
CONTINUOUS
10
1.3031231889763779
20
0.6669744094488189
11
1.3031191732283465
21
0.6669947637795275
0
LINE
8
BLACK
6
CONTINUOUS
10
1.3031191732283465
20
0.6669947637795275
11
1.3031191732283465
21
0.6893044881889764
0
LINE
8
BLACK
6
CONTINUOUS
10
1.3031191732283465
20
0.6893044881889764
11
1.3033064960629921
21
0.6902461417322835
0
LINE
8
BLACK
6
CONTINUOUS
10
1.3033064960629921
20
0.6902461417322835
11
1.3046381496062991
21
0.6915777952755905
0
LINE
8
BLACK
6
CONTINUOUS
10
1.3046381496062991
20
0.6915777952755905
11
1.3065214566929133
21
0.6915777952755905
0
LINE
8
BLACK
6
CONTINUOUS
10
1.3065214566929133
20
0.6915777952755905
11
1.3078531102362205
21
0.6902461417322835
0
LINE
8
BLACK
6
CONTINUOUS
10
1.2865312204724408
20
0.690147559055118
11
1.2865847244094488
21
0.6901653543307087
0
LINE
8
BLACK
6
CONTINUOUS
10
1.2865847244094488
20
0.6901653543307087
11
1.2869650393700787
21
0.6900612204724409
0
LINE
8
BLACK
6
CONTINUOUS
10
1.2869650393700787
20
0.6900612204724409
11
1.287351968503937
21
0.6899842519685039
0
LINE
8
BLACK
6
CONTINUOUS
10
1.287351968503937
20
0.6899842519685039
11
1.2873918503937007
21
0.6899443700787401
0
LINE
8
BLACK
6
CONTINUOUS
10
1.2873918503937007
20
0.6899443700787401
11
1.287510748031496
21
0.689911811023622
0
LINE
8
BLACK
6
CONTINUOUS
10
1.287510748031496
20
0.689911811023622
11
1.2906978346456692
21
0.6883182677165354
0
LINE
8
BLACK
6
CONTINUOUS
10
1.2906978346456692
20
0.6883182677165354
11
1.29100968503937
21
0.6880762598425196
0
LINE
8
BLACK
6
CONTINUOUS
10
1.29100968503937
20
0.6880762598425196
11
1.2913373228346456
21
0.6878573228346456
0
LINE
8
BLACK
6
CONTINUOUS
10
1.2913373228346456
20
0.6878573228346456
11
1.292930905511811
21
0.6862637401574803
0
LINE
8
BLACK
6
CONTINUOUS
10
1.292930905511811
20
0.6862637401574803
11
1.2931498031496063
21
0.6859361417322835
0
LINE
8
BLACK
6
CONTINUOUS
10
1.2931498031496063
20
0.6859361417322835
11
1.2933918503937007
21
0.685624251968504
0
LINE
8
BLACK
6
CONTINUOUS
10
1.2933918503937007
20
0.685624251968504
11
1.2949853937007874
21
0.6824371653543307
0
LINE
8
BLACK
6
CONTINUOUS
10
1.2949853937007874
20
0.6824371653543307
11
1.2950179133858268
21
0.6823183070866141
0
LINE
8
BLACK
6
CONTINUOUS
10
1.2950179133858268
20
0.6823183070866141
11
1.2950578346456694
21
0.6822783858267716
0
LINE
8
BLACK
6
CONTINUOUS
10
1.2950578346456694
20
0.6822783858267716
11
1.2951347637795276
21
0.6818914960629922
0
LINE
8
BLACK
6
CONTINUOUS
10
1.2951347637795276
20
0.6818914960629922
11
1.2952389370078741
21
0.6815111417322834
0
LINE
8
BLACK
6
CONTINUOUS
10
1.2952389370078741
20
0.6815111417322834
11
1.2952211023622047
21
0.6814576771653543
0
LINE
8
BLACK
6
CONTINUOUS
10
1.2952211023622047
20
0.6814576771653543
11
1.295245157480315
21
0.6813367322834646
0
LINE
8
BLACK
6
CONTINUOUS
10
1.295245157480315
20
0.6813367322834646
11
1.295245157480315
21
0.6749625196850394
0
LINE
8
BLACK
6
CONTINUOUS
10
1.295245157480315
20
0.6749625196850394
11
1.2952211023622047
21
0.6748416141732283
0
LINE
8
BLACK
6
CONTINUOUS
10
1.2952211023622047
20
0.6748416141732283
11
1.2952389370078741
21
0.6747881102362204
0
LINE
8
BLACK
6
CONTINUOUS
10
1.2952389370078741
20
0.6747881102362204
11
1.2951347637795276
21
0.6744077952755906
0
LINE
8
BLACK
6
CONTINUOUS
10
1.2951347637795276
20
0.6744077952755906
11
1.2950578346456694
21
0.6740208661417323
0
LINE
8
BLACK
6
CONTINUOUS
10
1.2950578346456694
20
0.6740208661417323
11
1.2950179133858268
21
0.6739809842519685
0
LINE
8
BLACK
6
CONTINUOUS
10
1.2950179133858268
20
0.6739809842519685
11
1.2949853937007874
21
0.6738620866141732
0
LINE
8
BLACK
6
CONTINUOUS
10
1.2949853937007874
20
0.6738620866141732
11
1.2933918503937007
21
0.670675
0
LINE
8
BLACK
6
CONTINUOUS
10
1.2933918503937007
20
0.670675
11
1.2931498031496063
21
0.6703631889763779
0
LINE
8
BLACK
6
CONTINUOUS
10
1.2931498031496063
20
0.6703631889763779
11
1.2929308661417322
21
0.6700354724409449
0
LINE
8
BLACK
6
CONTINUOUS
10
1.2929308661417322
20
0.6700354724409449
11
1.2913373228346456
21
0.6684419291338582
0
LINE
8
BLACK
6
CONTINUOUS
10
1.2913373228346456
20
0.6684419291338582
11
1.2910093307086614
21
0.6682228346456692
0
LINE
8
BLACK
6
CONTINUOUS
10
1.2910093307086614
20
0.6682228346456692
11
1.290697874015748
21
0.667981062992126
0
LINE
8
BLACK
6
CONTINUOUS
10
1.290697874015748
20
0.667981062992126
11
1.287510748031496
21
0.6663874803149606
0
LINE
8
BLACK
6
CONTINUOUS
10
1.287510748031496
20
0.6663874803149606
11
1.2873918897637795
21
0.6663549606299213
0
LINE
8
BLACK
6
CONTINUOUS
10
1.2873918897637795
20
0.6663549606299213
11
1.287351968503937
21
0.666315
0
LINE
8
BLACK
6
CONTINUOUS
10
1.287351968503937
20
0.666315
11
1.2869649212598424
21
0.666238031496063
0
LINE
8
BLACK
6
CONTINUOUS
10
1.2869649212598424
20
0.666238031496063
11
1.2865847637795276
21
0.6661338976377953
0
LINE
8
BLACK
6
CONTINUOUS
10
1.2865847637795276
20
0.6661338976377953
11
1.2865312204724408
21
0.6661517716535433
0
LINE
8
BLACK
6
CONTINUOUS
10
1.2865312204724408
20
0.6661517716535433
11
1.2864103149606299
21
0.6661276771653544
0
LINE
8
BLACK
6
CONTINUOUS
10
1.2864103149606299
20
0.6661276771653544
11
1.2784425590551181
21
0.6661276771653544
0
LINE
8
BLACK
6
CONTINUOUS
10
1.2784425590551181
20
0.6661276771653544
11
1.2783216929133858
21
0.6661517322834646
0
LINE
8
BLACK
6
CONTINUOUS
10
1.2783216929133858
20
0.6661517322834646
11
1.2782681496062991
21
0.6661338582677165
0
LINE
8
BLACK
6
CONTINUOUS
10
1.2782681496062991
20
0.6661338582677165
11
1.2778874803149607
21
0.6662381102362205
0
LINE
8
BLACK
6
CONTINUOUS
10
1.2778874803149607
20
0.6662381102362205
11
1.2775009055118109
21
0.666315
0
LINE
8
BLACK
6
CONTINUOUS
10
1.2775009055118109
20
0.666315
11
1.2774609842519684
21
0.6663549212598425
0
LINE
8
BLACK
6
CONTINUOUS
10
1.2774609842519684
20
0.6663549212598425
11
1.2773421259842519
21
0.6663874409448819
0
LINE
8
BLACK
6
CONTINUOUS
10
1.2773421259842519
20
0.6663874409448819
11
1.2741550393700787
21
0.667981062992126
0
LINE
8
BLACK
6
CONTINUOUS
10
1.2741550393700787
20
0.667981062992126
11
1.2738435433070865
21
0.6682228346456692
0
LINE
8
BLACK
6
CONTINUOUS
10
1.2738435433070865
20
0.6682228346456692
11
1.2735155511811023
21
0.668441968503937
0
LINE
8
BLACK
6
CONTINUOUS
10
1.2735155511811023
20
0.668441968503937
11
1.2719219685039369
21
0.6700354724409449
0
LINE
8
BLACK
6
CONTINUOUS
10
1.2719219685039369
20
0.6700354724409449
11
1.2717028740157481
21
0.6703633858267717
0
LINE
8
BLACK
6
CONTINUOUS
10
1.2717028740157481
20
0.6703633858267717
11
1.2714610236220472
21
0.670675
0
LINE
8
BLACK
6
CONTINUOUS
10
1.2714610236220472
20
0.670675
11
1.2698674803149606
21
0.6738620866141732
0
LINE
8
BLACK
6
CONTINUOUS
10
1.2698674803149606
20
0.6738620866141732
11
1.2698349212598425
21
0.6739809842519685
0
LINE
8
BLACK
6
CONTINUOUS
10
1.2698349212598425
20
0.6739809842519685
11
1.2697950393700788
21
0.6740208661417323
0
LINE
8
BLACK
6
CONTINUOUS
10
1.2697950393700788
20
0.6740208661417323
11
1.2697180708661417
21
0.6744077952755906
0
LINE
8
BLACK
6
CONTINUOUS
10
1.2697180708661417
20
0.6744077952755906
11
1.2696139370078741
21
0.6747881102362204
0
LINE
8
BLACK
6
CONTINUOUS
10
1.2696139370078741
20
0.6747881102362204
11
1.2696317322834645
21
0.6748416141732283
0
LINE
8
BLACK
6
CONTINUOUS
10
1.2696317322834645
20
0.6748416141732283
11
1.2696077165354331
21
0.6749625196850394
0
LINE
8
BLACK
6
CONTINUOUS
10
1.2696077165354331
20
0.6749625196850394
11
1.2696077165354331
21
0.6813367322834646
0
LINE
8
BLACK
6
CONTINUOUS
10
1.2696077165354331
20
0.6813367322834646
11
1.2696317322834645
21
0.6814576771653543
0
LINE
8
BLACK
6
CONTINUOUS
10
1.2696317322834645
20
0.6814576771653543
11
1.2696139370078741
21
0.6815111417322834
0
LINE
8
BLACK
6
CONTINUOUS
10
1.2696139370078741
20
0.6815111417322834
11
1.2697180708661417
21
0.6818914960629922
0
LINE
8
BLACK
6
CONTINUOUS
10
1.2697180708661417
20
0.6818914960629922
11
1.2697950393700788
21
0.6822783858267716
0
LINE
8
BLACK
6
CONTINUOUS
10
1.2697950393700788
20
0.6822783858267716
11
1.2698349212598425
21
0.6823183070866141
0
LINE
8
BLACK
6
CONTINUOUS
10
1.2698349212598425
20
0.6823183070866141
11
1.2698674803149606
21
0.6824371653543307
0
LINE
8
BLACK
6
CONTINUOUS
10
1.2698674803149606
20
0.6824371653543307
11
1.2708896456692913
21
0.6844815354330709
0
LINE
8
BLACK
6
CONTINUOUS
10
1.2708896456692913
20
0.6844815354330709
11
1.2682979921259843
21
0.6838336220472441
0
LINE
8
BLACK
6
CONTINUOUS
10
1.2682979921259843
20
0.6838336220472441
11
1.2640746456692913
21
0.6810180708661417
0
LINE
8
BLACK
6
CONTINUOUS
10
1.2640746456692913
20
0.6810180708661417
11
1.2629358267716535
21
0.6798792125984252
0
LINE
8
BLACK
6
CONTINUOUS
10
1.2629358267716535
20
0.6798792125984252
11
1.261780590551181
21
0.6775687401574803
0
LINE
8
BLACK
6
CONTINUOUS
10
1.261780590551181
20
0.6775687401574803
11
1.261780590551181
21
0.6717754330708662
0
LINE
8
BLACK
6
CONTINUOUS
10
1.261780590551181
20
0.6717754330708662
11
1.2615932677165353
21
0.6708337795275591
0
LINE
8
BLACK
6
CONTINUOUS
10
1.2615932677165353
20
0.6708337795275591
11
1.2602616141732284
21
0.669502125984252
0
LINE
8
BLACK
6
CONTINUOUS
10
1.2602616141732284
20
0.669502125984252
11
1.2583783070866141
21
0.669502125984252
0
LINE
8
BLACK
6
CONTINUOUS
10
1.2583783070866141
20
0.669502125984252
11
1.2570466535433071
21
0.6708337795275591
0
LINE
8
BLACK
6
CONTINUOUS
10
1.2570466535433071
20
0.6708337795275591
11
1.2568593307086613
21
0.6717754330708662
0
LINE
8
BLACK
6
CONTINUOUS
10
1.2568593307086613
20
0.6717754330708662
11
1.2568593307086613
21
0.6781496456692914
0
LINE
8
BLACK
6
CONTINUOUS
10
1.2568593307086613
20
0.6781496456692914
11
1.2568833464566929
21
0.6782705905511811
0
LINE
8
BLACK
6
CONTINUOUS
10
1.2568833464566929
20
0.6782705905511811
11
1.2568655511811024
21
0.6783240551181102
0
LINE
8
BLACK
6
CONTINUOUS
10
1.2568655511811024
20
0.6783240551181102
11
1.2569696850393701
21
0.6787044094488189
0
LINE
8
BLACK
6
CONTINUOUS
10
1.2569696850393701
20
0.6787044094488189
11
1.2570466535433071
21
0.6790912992125984
0
LINE
8
BLACK
6
CONTINUOUS
10
1.2570466535433071
20
0.6790912992125984
11
1.2570865354330709
21
0.6791312204724409
0
LINE
8
BLACK
6
CONTINUOUS
10
1.2570865354330709
20
0.6791312204724409
11
1.2571190944881889
21
0.6792500787401574
0
LINE
8
BLACK
6
CONTINUOUS
10
1.2571190944881889
20
0.6792500787401574
11
1.2587126377952755
21
0.6824371653543307
0
LINE
8
BLACK
6
CONTINUOUS
10
1.2587126377952755
20
0.6824371653543307
11
1.2589546456692913
21
0.6827490551181102
0
LINE
8
BLACK
6
CONTINUOUS
10
1.2589546456692913
20
0.6827490551181102
11
1.2591735826771653
21
0.683076653543307
0
LINE
8
BLACK
6
CONTINUOUS
10
1.2591735826771653
20
0.683076653543307
11
1.2607671259842519
21
0.6846701968503937
0
LINE
8
BLACK
6
CONTINUOUS
10
1.2607671259842519
20
0.6846701968503937
11
1.2609696456692914
21
0.6848055511811023
0
LINE
8
BLACK
6
CONTINUOUS
10
1.2609696456692914
20
0.6848055511811023
11
1.2611421259842519
21
0.6849776377952755
0
LINE
8
BLACK
6
CONTINUOUS
10
1.2611421259842519
20
0.6849776377952755
11
1.2659227952755905
21
0.6881647637795275
0
LINE
8
BLACK
6
CONTINUOUS
10
1.2659227952755905
20
0.6881647637795275
11
1.2663112204724409
21
0.6883251968503937
0
LINE
8
BLACK
6
CONTINUOUS
10
1.2663112204724409
20
0.6883251968503937
11
1.2666909448818897
21
0.6885045669291339
0
LINE
8
BLACK
6
CONTINUOUS
10
1.2666909448818897
20
0.6885045669291339
11
1.2730651181102361
21
0.6900981102362205
0
LINE
8
BLACK
6
CONTINUOUS
10
1.2730651181102361
20
0.6900981102362205
11
1.273366220472441
21
0.6901127952755906
0
LINE
8
BLACK
6
CONTINUOUS
10
1.273366220472441
20
0.6901127952755906
11
1.2736618897637795
21
0.6901715748031496
0
LINE
8
BLACK
6
CONTINUOUS
10
1.2736618897637795
20
0.6901715748031496
11
1.2864103149606299
21
0.6901715748031496
0
LINE
8
BLACK
6
CONTINUOUS
10
1.2864103149606299
20
0.6901715748031496
11
1.2865312204724408
21
0.690147559055118
0
LINE
8
BLACK
6
CONTINUOUS
10
1.2767129921259843
20
0.6840950787401575
11
1.2756842125984251
21
0.6830662992125984
0
LINE
8
BLACK
6
CONTINUOUS
10
1.2756842125984251
20
0.6830662992125984
11
1.2745289763779528
21
0.6807558267716536
0
LINE
8
BLACK
6
CONTINUOUS
10
1.2745289763779528
20
0.6807558267716536
11
1.2745289763779528
21
0.6755434251968504
0
LINE
8
BLACK
6
CONTINUOUS
10
1.2745289763779528
20
0.6755434251968504
11
1.2756841732283464
21
0.673233031496063
0
LINE
8
BLACK
6
CONTINUOUS
10
1.2756841732283464
20
0.673233031496063
11
1.2767130708661416
21
0.6722041338582677
0
LINE
8
BLACK
6
CONTINUOUS
10
1.2767130708661416
20
0.6722041338582677
11
1.2790234251968504
21
0.671048937007874
0
LINE
8
BLACK
6
CONTINUOUS
10
1.2790234251968504
20
0.671048937007874
11
1.2858294488188977
21
0.671048937007874
0
LINE
8
BLACK
6
CONTINUOUS
10
1.2858294488188977
20
0.671048937007874
11
1.2881398031496063
21
0.6722041732283465
0
LINE
8
BLACK
6
CONTINUOUS
10
1.2881398031496063
20
0.6722041732283465
11
1.2891686614173228
21
0.6732329921259842
0
LINE
8
BLACK
6
CONTINUOUS
10
1.2891686614173228
20
0.6732329921259842
11
1.2903238976377953
21
0.6755434251968504
0
LINE
8
BLACK
6
CONTINUOUS
10
1.2903238976377953
20
0.6755434251968504
11
1.2903238976377953
21
0.6807558267716536
0
LINE
8
BLACK
6
CONTINUOUS
10
1.2903238976377953
20
0.6807558267716536
11
1.2891686614173228
21
0.6830662992125984
0
LINE
8
BLACK
6
CONTINUOUS
10
1.2891686614173228
20
0.6830662992125984
11
1.2881398818897638
21
0.6840950787401575
0
LINE
8
BLACK
6
CONTINUOUS
10
1.2881398818897638
20
0.6840950787401575
11
1.285829409448819
21
0.6852503149606299
0
LINE
8
BLACK
6
CONTINUOUS
10
1.285829409448819
20
0.6852503149606299
11
1.2790234645669292
21
0.6852503149606299
0
LINE
8
BLACK
6
CONTINUOUS
10
1.2790234645669292
20
0.6852503149606299
11
1.2767129921259843
21
0.6840950787401575
0
LINE
8
BLACK
6
CONTINUOUS
10
0.7310814566929134
20
0.7000886614173228
11
0.7312687795275591
21
0.6991470078740157
0
LINE
8
BLACK
6
CONTINUOUS
10
0.7312687795275591
20
0.6991470078740157
11
0.7312687795275591
21
0.6784308267716536
0
LINE
8
BLACK
6
CONTINUOUS
10
0.7312687795275591
20
0.6784308267716536
11
0.7310814566929134
21
0.6774891732283465
0
LINE
8
BLACK
6
CONTINUOUS
10
0.7310814566929134
20
0.6774891732283465
11
0.7297498031496062
21
0.6761575196850393
0
LINE
8
BLACK
6
CONTINUOUS
10
0.7297498031496062
20
0.6761575196850393
11
0.7278664960629921
21
0.6761575196850393
0
LINE
8
BLACK
6
CONTINUOUS
10
0.7278664960629921
20
0.6761575196850393
11
0.726534842519685
21
0.6774891732283465
0
LINE
8
BLACK
6
CONTINUOUS
10
0.726534842519685
20
0.6774891732283465
11
0.7263475196850393
21
0.6784308267716536
0
LINE
8
BLACK
6
CONTINUOUS
10
0.7263475196850393
20
0.6784308267716536
11
0.7263475196850393
21
0.6932065748031496
0
LINE
8
BLACK
6
CONTINUOUS
10
0.7263475196850393
20
0.6932065748031496
11
0.7114254330708661
21
0.6782844881889764
0
LINE
8
BLACK
6
CONTINUOUS
10
0.7114254330708661
20
0.6782844881889764
11
0.7113229921259843
21
0.678216062992126
0
LINE
8
BLACK
6
CONTINUOUS
10
0.7113229921259843
20
0.678216062992126
11
0.7112977559055118
21
0.6781655511811023
0
LINE
8
BLACK
6
CONTINUOUS
10
0.7112977559055118
20
0.6781655511811023
11
0.7109549212598425
21
0.677970157480315
0
LINE
8
BLACK
6
CONTINUOUS
10
0.7109549212598425
20
0.677970157480315
11
0.7106271259842519
21
0.6777511023622047
0
LINE
8
BLACK
6
CONTINUOUS
10
0.7106271259842519
20
0.6777511023622047
11
0.7105707086614174
21
0.6777511023622047
0
LINE
8
BLACK
6
CONTINUOUS
10
0.7105707086614174
20
0.6777511023622047
11
0.7104636614173229
21
0.6776900787401575
0
LINE
8
BLACK
6
CONTINUOUS
10
0.7104636614173229
20
0.6776900787401575
11
0.7056830314960629
21
0.6760964566929134
0
LINE
8
BLACK
6
CONTINUOUS
10
0.7056830314960629
20
0.6760964566929134
11
0.705291653543307
21
0.6760471653543307
0
LINE
8
BLACK
6
CONTINUOUS
10
0.705291653543307
20
0.6760471653543307
11
0.7049048818897637
21
0.6759701968503937
0
LINE
8
BLACK
6
CONTINUOUS
10
0.7049048818897637
20
0.6759701968503937
11
0.7017177559055118
21
0.6759701968503937
0
LINE
8
BLACK
6
CONTINUOUS
10
0.7017177559055118
20
0.6759701968503937
11
0.7015968897637795
21
0.6759942519685039
0
LINE
8
BLACK
6
CONTINUOUS
10
0.7015968897637795
20
0.6759942519685039
11
0.7015433464566929
21
0.6759763779527559
0
LINE
8
BLACK
6
CONTINUOUS
10
0.7015433464566929
20
0.6759763779527559
11
0.7011626771653543
21
0.6760806299212598
0
LINE
8
BLACK
6
CONTINUOUS
10
0.7011626771653543
20
0.6760806299212598
11
0.7007761023622047
21
0.6761575196850393
0
LINE
8
BLACK
6
CONTINUOUS
10
0.7007761023622047
20
0.6761575196850393
11
0.7007361811023622
21
0.6761974409448819
0
LINE
8
BLACK
6
CONTINUOUS
10
0.7007361811023622
20
0.6761974409448819
11
0.7006173228346456
21
0.6762299606299212
0
LINE
8
BLACK
6
CONTINUOUS
10
0.7006173228346456
20
0.6762299606299212
11
0.6974302362204724
21
0.6778235826771654
0
LINE
8
BLACK
6
CONTINUOUS
10
0.6974302362204724
20
0.6778235826771654
11
0.6971188582677165
21
0.6780652362204724
0
LINE
8
BLACK
6
CONTINUOUS
10
0.6971188582677165
20
0.6780652362204724
11
0.6967907480314961
21
0.6782844881889764
0
LINE
8
BLACK
6
CONTINUOUS
10
0.6967907480314961
20
0.6782844881889764
11
0.6951972047244094
21
0.679878031496063
0
LINE
8
BLACK
6
CONTINUOUS
10
0.6951972047244094
20
0.679878031496063
11
0.6949782677165354
21
0.6802056692913385
0
LINE
8
BLACK
6
CONTINUOUS
10
0.6949782677165354
20
0.6802056692913385
11
0.6947362598425196
21
0.6805175196850394
0
LINE
8
BLACK
6
CONTINUOUS
10
0.6947362598425196
20
0.6805175196850394
11
0.693142716535433
21
0.6837046062992126
0
LINE
8
BLACK
6
CONTINUOUS
10
0.693142716535433
20
0.6837046062992126
11
0.6931101574803149
21
0.6838235039370079
0
LINE
8
BLACK
6
CONTINUOUS
10
0.6931101574803149
20
0.6838235039370079
11
0.6930702755905511
21
0.6838633858267716
0
LINE
8
BLACK
6
CONTINUOUS
10
0.6930702755905511
20
0.6838633858267716
11
0.6929933070866141
21
0.6842503149606299
0
LINE
8
BLACK
6
CONTINUOUS
10
0.6929933070866141
20
0.6842503149606299
11
0.6928891732283464
21
0.6846306299212598
0
LINE
8
BLACK
6
CONTINUOUS
10
0.6928891732283464
20
0.6846306299212598
11
0.692906968503937
21
0.6846841338582677
0
LINE
8
BLACK
6
CONTINUOUS
10
0.692906968503937
20
0.6846841338582677
11
0.6928829527559055
21
0.6848050393700787
0
LINE
8
BLACK
6
CONTINUOUS
10
0.6928829527559055
20
0.6848050393700787
11
0.6928829527559055
21
0.6927727952755905
0
LINE
8
BLACK
6
CONTINUOUS
10
0.6928829527559055
20
0.6927727952755905
11
0.692906968503937
21
0.6928937401574803
0
LINE
8
BLACK
6
CONTINUOUS
10
0.692906968503937
20
0.6928937401574803
11
0.6928891732283464
21
0.6929472047244094
0
LINE
8
BLACK
6
CONTINUOUS
10
0.6928891732283464
20
0.6929472047244094
11
0.6929933070866141
21
0.6933275590551181
0
LINE
8
BLACK
6
CONTINUOUS
10
0.6929933070866141
20
0.6933275590551181
11
0.6930702755905511
21
0.6937144488188977
0
LINE
8
BLACK
6
CONTINUOUS
10
0.6930702755905511
20
0.6937144488188977
11
0.6931101574803149
21
0.6937543700787402
0
LINE
8
BLACK
6
CONTINUOUS
10
0.6931101574803149
20
0.6937543700787402
11
0.693142716535433
21
0.6938732283464567
0
LINE
8
BLACK
6
CONTINUOUS
10
0.693142716535433
20
0.6938732283464567
11
0.6947362598425196
21
0.6970603543307087
0
LINE
8
BLACK
6
CONTINUOUS
10
0.6947362598425196
20
0.6970603543307087
11
0.6949782677165354
21
0.6973722440944882
0
LINE
8
BLACK
6
CONTINUOUS
10
0.6949782677165354
20
0.6973722440944882
11
0.6951972047244094
21
0.697699842519685
0
LINE
8
BLACK
6
CONTINUOUS
10
0.6951972047244094
20
0.697699842519685
11
0.6967907480314961
21
0.6992933858267716
0
LINE
8
BLACK
6
CONTINUOUS
10
0.6967907480314961
20
0.6992933858267716
11
0.6975890551181102
21
0.699826811023622
0
LINE
8
BLACK
6
CONTINUOUS
10
0.6975890551181102
20
0.699826811023622
11
0.6994722834645669
21
0.699826811023622
0
LINE
8
BLACK
6
CONTINUOUS
10
0.6994722834645669
20
0.699826811023622
11
0.7008040157480315
21
0.6984950787401575
0
LINE
8
BLACK
6
CONTINUOUS
10
0.7008040157480315
20
0.6984950787401575
11
0.7008040157480315
21
0.6966118503937008
0
LINE
8
BLACK
6
CONTINUOUS
10
0.7008040157480315
20
0.6966118503937008
11
0.7002705905511811
21
0.6958135433070866
0
LINE
8
BLACK
6
CONTINUOUS
10
0.7002705905511811
20
0.6958135433070866
11
0.6989594488188976
21
0.6945024409448819
0
LINE
8
BLACK
6
CONTINUOUS
10
0.6989594488188976
20
0.6945024409448819
11
0.6978042125984252
21
0.6921919291338583
0
LINE
8
BLACK
6
CONTINUOUS
10
0.6978042125984252
20
0.6921919291338583
11
0.6978042125984252
21
0.6853859448818898
0
LINE
8
BLACK
6
CONTINUOUS
10
0.6978042125984252
20
0.6853859448818898
11
0.6989594488188976
21
0.6830754724409449
0
LINE
8
BLACK
6
CONTINUOUS
10
0.6989594488188976
20
0.6830754724409449
11
0.6999882677165354
21
0.6820466535433071
0
LINE
8
BLACK
6
CONTINUOUS
10
0.6999882677165354
20
0.6820466535433071
11
0.702298622047244
21
0.6808914566929134
0
LINE
8
BLACK
6
CONTINUOUS
10
0.702298622047244
20
0.6808914566929134
11
0.7045055118110236
21
0.6808914566929134
0
LINE
8
BLACK
6
CONTINUOUS
10
0.7045055118110236
20
0.6808914566929134
11
0.7083563385826771
21
0.6821751181102362
0
LINE
8
BLACK
6
CONTINUOUS
10
0.7083563385826771
20
0.6821751181102362
11
0.7270682283464567
21
0.7008869291338583
0
LINE
8
BLACK
6
CONTINUOUS
10
0.7270682283464567
20
0.7008869291338583
11
0.7278663779527559
21
0.7014202362204724
0
LINE
8
BLACK
6
CONTINUOUS
10
0.7278663779527559
20
0.7014202362204724
11
0.7278664960629921
21
0.70142031496063
0
LINE
8
BLACK
6
CONTINUOUS
10
0.7278664960629921
20
0.70142031496063
11
0.7297498031496062
21
0.70142031496063
0
LINE
8
BLACK
6
CONTINUOUS
10
0.7297498031496062
20
0.70142031496063
11
0.7310814566929134
21
0.7000886614173228
0
LINE
8
BLACK
6
CONTINUOUS
10
0.8160547244094488
20
0.6976781102362205
11
0.816575748031496
21
0.6971570866141732
0
LINE
8
BLACK
6
CONTINUOUS
10
0.816575748031496
20
0.6971570866141732
11
0.8260245669291338
21
0.6841649606299213
0
LINE
8
BLACK
6
CONTINUOUS
10
0.8260245669291338
20
0.6841649606299213
11
0.8264474803149606
21
0.6824071653543307
0
LINE
8
BLACK
6
CONTINUOUS
10
0.8264474803149606
20
0.6824071653543307
11
0.8255035433070866
21
0.6808651968503937
0
LINE
8
BLACK
6
CONTINUOUS
10
0.8255035433070866
20
0.6808651968503937
11
0.8241141732283465
21
0.6804133858267717
0
LINE
8
BLACK
6
CONTINUOUS
10
0.8241141732283465
20
0.6804133858267717
11
0.8052165354330708
21
0.6804133858267717
0
LINE
8
BLACK
6
CONTINUOUS
10
0.8052165354330708
20
0.6804133858267717
11
0.803546220472441
21
0.6811052755905511
0
LINE
8
BLACK
6
CONTINUOUS
10
0.803546220472441
20
0.6811052755905511
11
0.8028543307086614
21
0.6827755905511811
0
LINE
8
BLACK
6
CONTINUOUS
10
0.8028543307086614
20
0.6827755905511811
11
0.8033061417322834
21
0.6841649606299213
0
LINE
8
BLACK
6
CONTINUOUS
10
0.8033061417322834
20
0.6841649606299213
11
0.8127549606299213
21
0.6971570866141732
0
LINE
8
BLACK
6
CONTINUOUS
10
0.8127549606299213
20
0.6971570866141732
11
0.8142969291338582
21
0.6981010236220472
0
LINE
8
BLACK
6
CONTINUOUS
10
0.8142969291338582
20
0.6981010236220472
11
0.8160547244094488
21
0.6976781102362205
0
LINE
8
BLACK
6
CONTINUOUS
10
0.847654842519685
20
0.6966716929133858
11
0.8478346456692913
21
0.695767716535433
0
LINE
8
BLACK
6
CONTINUOUS
10
0.8478346456692913
20
0.695767716535433
11
0.8478346456692913
21
0.6878937007874015
0
LINE
8
BLACK
6
CONTINUOUS
10
0.8478346456692913
20
0.6878937007874015
11
0.952755905511811
21
0.6878937007874015
0
LINE
8
BLACK
6
CONTINUOUS
10
0.952755905511811
20
0.6878937007874015
11
1.0576771653543307
21
0.6878937007874015
0
LINE
8
BLACK
6
CONTINUOUS
10
1.0576771653543307
20
0.6878937007874015
11
1.0576771653543307
21
0.695767716535433
0
LINE
8
BLACK
6
CONTINUOUS
10
1.0576771653543307
20
0.695767716535433
11
1.057856968503937
21
0.6966716929133858
0
LINE
8
BLACK
6
CONTINUOUS
10
1.057856968503937
20
0.6966716929133858
11
1.0591353937007875
21
0.6979501181102362
0
LINE
8
BLACK
6
CONTINUOUS
10
1.0591353937007875
20
0.6979501181102362
11
1.0609433464566929
21
0.6979501181102362
0
LINE
8
BLACK
6
CONTINUOUS
10
1.0609433464566929
20
0.6979501181102362
11
1.0622217716535434
21
0.6966716929133858
0
LINE
8
BLACK
6
CONTINUOUS
10
1.0622217716535434
20
0.6966716929133858
11
1.0624015748031497
21
0.695767716535433
0
LINE
8
BLACK
6
CONTINUOUS
10
1.0624015748031497
20
0.695767716535433
11
1.0624015748031497
21
0.6855314960629921
0
LINE
8
BLACK
6
CONTINUOUS
10
1.0624015748031497
20
0.6855314960629921
11
1.0622217716535434
21
0.6846275196850393
0
LINE
8
BLACK
6
CONTINUOUS
10
1.0622217716535434
20
0.6846275196850393
11
1.0609433464566929
21
0.6833490944881889
0
LINE
8
BLACK
6
CONTINUOUS
10
1.0609433464566929
20
0.6833490944881889
11
1.0600393700787401
21
0.6831692913385826
0
LINE
8
BLACK
6
CONTINUOUS
10
1.0600393700787401
20
0.6831692913385826
11
0.952755905511811
21
0.6831692913385826
0
LINE
8
BLACK
6
CONTINUOUS
10
0.952755905511811
20
0.6831692913385826
11
0.8454724409448818
21
0.6831692913385826
0
LINE
8
BLACK
6
CONTINUOUS
10
0.8454724409448818
20
0.6831692913385826
11
0.8445684645669291
21
0.6833490944881889
0
LINE
8
BLACK
6
CONTINUOUS
10
0.8445684645669291
20
0.6833490944881889
11
0.8432900393700787
21
0.6846275196850393
0
LINE
8
BLACK
6
CONTINUOUS
10
0.8432900393700787
20
0.6846275196850393
11
0.8431102362204724
21
0.6855314960629921
0
LINE
8
BLACK
6
CONTINUOUS
10
0.8431102362204724
20
0.6855314960629921
11
0.8431102362204724
21
0.695767716535433
0
LINE
8
BLACK
6
CONTINUOUS
10
0.8431102362204724
20
0.695767716535433
11
0.8432900393700787
21
0.6966716929133858
0
LINE
8
BLACK
6
CONTINUOUS
10
0.8432900393700787
20
0.6966716929133858
11
0.8445684645669291
21
0.6979501181102362
0
LINE
8
BLACK
6
CONTINUOUS
10
0.8445684645669291
20
0.6979501181102362
11
0.8463764173228346
21
0.6979501181102362
0
LINE
8
BLACK
6
CONTINUOUS
10
0.8463764173228346
20
0.6979501181102362
11
0.847654842519685
21
0.6966716929133858
0
LINE
8
BLACK
6
CONTINUOUS
10
0.5411587795275591
20
0.7159138976377952
11
0.5413385826771654
21
0.7150099212598425
0
LINE
8
BLACK
6
CONTINUOUS
10
0.5413385826771654
20
0.7150099212598425
11
0.5413385826771654
21
0.6944388976377952
0
LINE
8
BLACK
6
CONTINUOUS
10
0.5413385826771654
20
0.6944388976377952
11
0.5411587795275591
21
0.6935349212598425
0
LINE
8
BLACK
6
CONTINUOUS
10
0.5411587795275591
20
0.6935349212598425
11
0.5398803543307087
21
0.6922564960629921
0
LINE
8
BLACK
6
CONTINUOUS
10
0.5398803543307087
20
0.6922564960629921
11
0.5380724015748032
21
0.6922564960629921
0
LINE
8
BLACK
6
CONTINUOUS
10
0.5380724015748032
20
0.6922564960629921
11
0.5367939763779528
21
0.6935349212598425
0
LINE
8
BLACK
6
CONTINUOUS
10
0.5367939763779528
20
0.6935349212598425
11
0.5366141732283465
21
0.6944388976377952
0
LINE
8
BLACK
6
CONTINUOUS
10
0.5366141732283465
20
0.6944388976377952
11
0.5366141732283465
21
0.7150099212598425
0
LINE
8
BLACK
6
CONTINUOUS
10
0.5366141732283465
20
0.7150099212598425
11
0.5367939763779528
21
0.7159138976377952
0
LINE
8
BLACK
6
CONTINUOUS
10
0.5367939763779528
20
0.7159138976377952
11
0.5380724015748032
21
0.7171923228346456
0
LINE
8
BLACK
6
CONTINUOUS
10
0.5380724015748032
20
0.7171923228346456
11
0.5398803543307087
21
0.7171923228346456
0
LINE
8
BLACK
6
CONTINUOUS
10
0.5398803543307087
20
0.7171923228346456
11
0.5411587795275591
21
0.7159138976377952
0
LINE
8
BLACK
6
CONTINUOUS
10
0.5990327952755905
20
0.7159138976377952
11
0.5992125984251968
21
0.7150099212598425
0
LINE
8
BLACK
6
CONTINUOUS
10
0.5992125984251968
20
0.7150099212598425
11
0.5992125984251968
21
0.6944388976377952
0
LINE
8
BLACK
6
CONTINUOUS
10
0.5992125984251968
20
0.6944388976377952
11
0.5990327952755905
21
0.6935349212598425
0
LINE
8
BLACK
6
CONTINUOUS
10
0.5990327952755905
20
0.6935349212598425
11
0.5977543700787401
21
0.6922564960629921
0
LINE
8
BLACK
6
CONTINUOUS
10
0.5977543700787401
20
0.6922564960629921
11
0.5959464173228346
21
0.6922564960629921
0
LINE
8
BLACK
6
CONTINUOUS
10
0.5959464173228346
20
0.6922564960629921
11
0.5946679921259842
21
0.6935349212598425
0
LINE
8
BLACK
6
CONTINUOUS
10
0.5946679921259842
20
0.6935349212598425
11
0.5944881889763779
21
0.6944388976377952
0
LINE
8
BLACK
6
CONTINUOUS
10
0.5944881889763779
20
0.6944388976377952
11
0.5944881889763779
21
0.7150099212598425
0
LINE
8
BLACK
6
CONTINUOUS
10
0.5944881889763779
20
0.7150099212598425
11
0.5946679921259842
21
0.7159138976377952
0
LINE
8
BLACK
6
CONTINUOUS
10
0.5946679921259842
20
0.7159138976377952
11
0.5959464173228346
21
0.7171923228346456
0
LINE
8
BLACK
6
CONTINUOUS
10
0.5959464173228346
20
0.7171923228346456
11
0.5977543700787401
21
0.7171923228346456
0
LINE
8
BLACK
6
CONTINUOUS
10
0.5977543700787401
20
0.7171923228346456
11
0.5990327952755905
21
0.7159138976377952
0
LINE
8
BLACK
6
CONTINUOUS
10
0.6238359448818898
20
0.7159138976377952
11
0.6240157480314961
21
0.7150099212598425
0
LINE
8
BLACK
6
CONTINUOUS
10
0.6240157480314961
20
0.7150099212598425
11
0.6240157480314961
21
0.6944388976377952
0
LINE
8
BLACK
6
CONTINUOUS
10
0.6240157480314961
20
0.6944388976377952
11
0.6238359448818898
21
0.6935349212598425
0
LINE
8
BLACK
6
CONTINUOUS
10
0.6238359448818898
20
0.6935349212598425
11
0.6225575196850394
21
0.6922564960629921
0
LINE
8
BLACK
6
CONTINUOUS
10
0.6225575196850394
20
0.6922564960629921
11
0.6207495669291339
21
0.6922564960629921
0
LINE
8
BLACK
6
CONTINUOUS
10
0.6207495669291339
20
0.6922564960629921
11
0.6194711417322835
21
0.6935349212598425
0
LINE
8
BLACK
6
CONTINUOUS
10
0.6194711417322835
20
0.6935349212598425
11
0.6192913385826772
21
0.6944388976377952
0
LINE
8
BLACK
6
CONTINUOUS
10
0.6192913385826772
20
0.6944388976377952
11
0.6192913385826772
21
0.7150099212598425
0
LINE
8
BLACK
6
CONTINUOUS
10
0.6192913385826772
20
0.7150099212598425
11
0.6194711417322835
21
0.7159138976377952
0
LINE
8
BLACK
6
CONTINUOUS
10
0.6194711417322835
20
0.7159138976377952
11
0.6207495669291339
21
0.7171923228346456
0
LINE
8
BLACK
6
CONTINUOUS
10
0.6207495669291339
20
0.7171923228346456
11
0.6225575196850394
21
0.7171923228346456
0
LINE
8
BLACK
6
CONTINUOUS
10
0.6225575196850394
20
0.7171923228346456
11
0.6238359448818898
21
0.7159138976377952
0
LINE
8
BLACK
6
CONTINUOUS
10
0.6817099606299213
20
0.7159138976377952
11
0.6818897637795276
21
0.7150099212598425
0
LINE
8
BLACK
6
CONTINUOUS
10
0.6818897637795276
20
0.7150099212598425
11
0.6818897637795276
21
0.6944388976377952
0
LINE
8
BLACK
6
CONTINUOUS
10
0.6818897637795276
20
0.6944388976377952
11
0.6817099606299213
21
0.6935349212598425
0
LINE
8
BLACK
6
CONTINUOUS
10
0.6817099606299213
20
0.6935349212598425
11
0.6804315354330709
21
0.6922564960629921
0
LINE
8
BLACK
6
CONTINUOUS
10
0.6804315354330709
20
0.6922564960629921
11
0.6786235826771654
21
0.6922564960629921
0
LINE
8
BLACK
6
CONTINUOUS
10
0.6786235826771654
20
0.6922564960629921
11
0.677345157480315
21
0.6935349212598425
0
LINE
8
BLACK
6
CONTINUOUS
10
0.677345157480315
20
0.6935349212598425
11
0.6771653543307087
21
0.6944388976377952
0
LINE
8
BLACK
6
CONTINUOUS
10
0.6771653543307087
20
0.6944388976377952
11
0.6771653543307087
21
0.7150099212598425
0
LINE
8
BLACK
6
CONTINUOUS
10
0.6771653543307087
20
0.7150099212598425
11
0.677345157480315
21
0.7159138976377952
0
LINE
8
BLACK
6
CONTINUOUS
10
0.677345157480315
20
0.7159138976377952
11
0.6786235826771654
21
0.7171923228346456
0
LINE
8
BLACK
6
CONTINUOUS
10
0.6786235826771654
20
0.7171923228346456
11
0.6804315354330709
21
0.7171923228346456
0
LINE
8
BLACK
6
CONTINUOUS
10
0.6804315354330709
20
0.7171923228346456
11
0.6817099606299213
21
0.7159138976377952
0
LINE
8
BLACK
6
CONTINUOUS
10
1.2937261811023621
20
0.7218552755905512
11
1.2950578346456694
21
0.7205236220472441
0
LINE
8
BLACK
6
CONTINUOUS
10
1.2950578346456694
20
0.7205236220472441
11
1.2950578346456694
21
0.7186403149606299
0
LINE
8
BLACK
6
CONTINUOUS
10
1.2950578346456694
20
0.7186403149606299
11
1.2937261811023621
21
0.7173086614173229
0
LINE
8
BLACK
6
CONTINUOUS
10
1.2937261811023621
20
0.7173086614173229
11
1.292784527559055
21
0.7171213385826771
0
LINE
8
BLACK
6
CONTINUOUS
10
1.292784527559055
20
0.7171213385826771
11
1.2793096456692914
21
0.7171213385826771
0
LINE
8
BLACK
6
CONTINUOUS
10
1.2793096456692914
20
0.7171213385826771
11
1.2793096456692914
21
0.7128953543307086
0
LINE
8
BLACK
6
CONTINUOUS
10
1.2793096456692914
20
0.7128953543307086
11
1.2941955905511811
21
0.702475157480315
0
LINE
8
BLACK
6
CONTINUOUS
10
1.2941955905511811
20
0.702475157480315
11
1.2948596062992126
21
0.7017816929133858
0
LINE
8
BLACK
6
CONTINUOUS
10
1.2948596062992126
20
0.7017816929133858
11
1.2951868897637795
21
0.699927125984252
0
LINE
8
BLACK
6
CONTINUOUS
10
1.2951868897637795
20
0.699927125984252
11
1.2941068897637795
21
0.698384251968504
0
LINE
8
BLACK
6
CONTINUOUS
10
1.2941068897637795
20
0.698384251968504
11
1.2922522834645669
21
0.6980569685039369
0
LINE
8
BLACK
6
CONTINUOUS
10
1.2922522834645669
20
0.6980569685039369
11
1.2913734251968503
21
0.6984435039370078
0
LINE
8
BLACK
6
CONTINUOUS
10
1.2913734251968503
20
0.6984435039370078
11
1.2793096456692914
21
0.706888188976378
0
LINE
8
BLACK
6
CONTINUOUS
10
1.2793096456692914
20
0.706888188976378
11
1.2793096456692914
21
0.7068335433070866
0
LINE
8
BLACK
6
CONTINUOUS
10
1.2793096456692914
20
0.7068335433070866
11
1.2792855905511811
21
0.7067126377952756
0
LINE
8
BLACK
6
CONTINUOUS
10
1.2792855905511811
20
0.7067126377952756
11
1.2793034251968505
21
0.7066591338582677
0
LINE
8
BLACK
6
CONTINUOUS
10
1.2793034251968505
20
0.7066591338582677
11
1.2791992519685038
21
0.7062788188976378
0
LINE
8
BLACK
6
CONTINUOUS
10
1.2791992519685038
20
0.7062788188976378
11
1.2791223228346456
21
0.7058918897637795
0
LINE
8
BLACK
6
CONTINUOUS
10
1.2791223228346456
20
0.7058918897637795
11
1.279082401574803
21
0.7058520078740157
0
LINE
8
BLACK
6
CONTINUOUS
10
1.279082401574803
20
0.7058520078740157
11
1.2790498818897638
21
0.7057331102362204
0
LINE
8
BLACK
6
CONTINUOUS
10
1.2790498818897638
20
0.7057331102362204
11
1.2774563385826772
21
0.7025460236220472
0
LINE
8
BLACK
6
CONTINUOUS
10
1.2774563385826772
20
0.7025460236220472
11
1.2772142913385827
21
0.7022341732283465
0
LINE
8
BLACK
6
CONTINUOUS
10
1.2772142913385827
20
0.7022341732283465
11
1.2769953937007874
21
0.7019065354330708
0
LINE
8
BLACK
6
CONTINUOUS
10
1.2769953937007874
20
0.7019065354330708
11
1.275401811023622
21
0.7003129527559055
0
LINE
8
BLACK
6
CONTINUOUS
10
1.275401811023622
20
0.7003129527559055
11
1.2750741732283464
21
0.7000940551181102
0
LINE
8
BLACK
6
CONTINUOUS
10
1.2750741732283464
20
0.7000940551181102
11
1.2747623228346456
21
0.6998520078740157
0
LINE
8
BLACK
6
CONTINUOUS
10
1.2747623228346456
20
0.6998520078740157
11
1.2715752362204724
21
0.6982584645669291
0
LINE
8
BLACK
6
CONTINUOUS
10
1.2715752362204724
20
0.6982584645669291
11
1.2714563385826771
21
0.6982259448818897
0
LINE
8
BLACK
6
CONTINUOUS
10
1.2714563385826771
20
0.6982259448818897
11
1.2714164566929134
21
0.6981860236220472
0
LINE
8
BLACK
6
CONTINUOUS
10
1.2714164566929134
20
0.6981860236220472
11
1.2710295275590551
21
0.6981090944881889
0
LINE
8
BLACK
6
CONTINUOUS
10
1.2710295275590551
20
0.6981090944881889
11
1.2706492125984252
21
0.6980049212598425
0
LINE
8
BLACK
6
CONTINUOUS
10
1.2706492125984252
20
0.6980049212598425
11
1.2705957086614172
21
0.6980227559055118
0
LINE
8
BLACK
6
CONTINUOUS
10
1.2705957086614172
20
0.6980227559055118
11
1.2704748031496063
21
0.6979987007874016
0
LINE
8
BLACK
6
CONTINUOUS
10
1.2704748031496063
20
0.6979987007874016
11
1.2656941338582677
21
0.6979987007874016
0
LINE
8
BLACK
6
CONTINUOUS
10
1.2656941338582677
20
0.6979987007874016
11
1.2655731889763779
21
0.6980227559055118
0
LINE
8
BLACK
6
CONTINUOUS
10
1.2655731889763779
20
0.6980227559055118
11
1.2655197244094487
21
0.6980049212598425
0
LINE
8
BLACK
6
CONTINUOUS
10
1.2655197244094487
20
0.6980049212598425
11
1.2651393700787401
21
0.6981090944881889
0
LINE
8
BLACK
6
CONTINUOUS
10
1.2651393700787401
20
0.6981090944881889
11
1.2647524803149606
21
0.6981860236220472
0
LINE
8
BLACK
6
CONTINUOUS
10
1.2647524803149606
20
0.6981860236220472
11
1.264712559055118
21
0.6982259448818897
0
LINE
8
BLACK
6
CONTINUOUS
10
1.264712559055118
20
0.6982259448818897
11
1.2645937007874015
21
0.6982584645669291
0
LINE
8
BLACK
6
CONTINUOUS
10
1.2645937007874015
20
0.6982584645669291
11
1.2614066141732283
21
0.6998520078740157
0
LINE
8
BLACK
6
CONTINUOUS
10
1.2614066141732283
20
0.6998520078740157
11
1.2610947637795276
21
0.7000940551181102
0
LINE
8
BLACK
6
CONTINUOUS
10
1.2610947637795276
20
0.7000940551181102
11
1.2607670866141731
21
0.7003129921259842
0
LINE
8
BLACK
6
CONTINUOUS
10
1.2607670866141731
20
0.7003129921259842
11
1.2591735433070865
21
0.7019065354330708
0
LINE
8
BLACK
6
CONTINUOUS
10
1.2591735433070865
20
0.7019065354330708
11
1.2589544488188975
21
0.7022344488188976
0
LINE
8
BLACK
6
CONTINUOUS
10
1.2589544488188975
20
0.7022344488188976
11
1.2587126377952755
21
0.7025460236220472
0
LINE
8
BLACK
6
CONTINUOUS
10
1.2587126377952755
20
0.7025460236220472
11
1.2571190944881889
21
0.7057331102362204
0
LINE
8
BLACK
6
CONTINUOUS
10
1.2571190944881889
20
0.7057331102362204
11
1.2570865354330709
21
0.7058520078740157
0
LINE
8
BLACK
6
CONTINUOUS
10
1.2570865354330709
20
0.7058520078740157
11
1.2570466535433071
21
0.7058918897637795
0
LINE
8
BLACK
6
CONTINUOUS
10
1.2570466535433071
20
0.7058918897637795
11
1.2569696850393701
21
0.7062788188976378
0
LINE
8
BLACK
6
CONTINUOUS
10
1.2569696850393701
20
0.7062788188976378
11
1.2568655511811024
21
0.7066591338582677
0
LINE
8
BLACK
6
CONTINUOUS
10
1.2568655511811024
20
0.7066591338582677
11
1.2568833464566929
21
0.7067126377952756
0
LINE
8
BLACK
6
CONTINUOUS
10
1.2568833464566929
20
0.7067126377952756
11
1.2568593307086613
21
0.7068335433070866
0
LINE
8
BLACK
6
CONTINUOUS
10
1.2568593307086613
20
0.7068335433070866
11
1.2568593307086613
21
0.719581968503937
0
LINE
8
BLACK
6
CONTINUOUS
10
1.2568593307086613
20
0.719581968503937
11
1.2570466535433071
21
0.7205236220472441
0
LINE
8
BLACK
6
CONTINUOUS
10
1.2570466535433071
20
0.7205236220472441
11
1.2583783070866141
21
0.7218552755905512
0
LINE
8
BLACK
6
CONTINUOUS
10
1.2583783070866141
20
0.7218552755905512
11
1.2593199606299212
21
0.7220425984251968
0
LINE
8
BLACK
6
CONTINUOUS
10
1.2593199606299212
20
0.7220425984251968
11
1.292784527559055
21
0.7220425984251968
0
LINE
8
BLACK
6
CONTINUOUS
10
1.292784527559055
20
0.7220425984251968
11
1.2937261811023621
21
0.7218552755905512
0
LINE
8
BLACK
6
CONTINUOUS
10
1.261780590551181
20
0.7074144488188976
11
1.2629357874015747
21
0.7051040551181103
0
LINE
8
BLACK
6
CONTINUOUS
10
1.2629357874015747
20
0.7051040551181103
11
1.2639645669291337
21
0.7040751968503937
0
LINE
8
BLACK
6
CONTINUOUS
10
1.2639645669291337
20
0.7040751968503937
11
1.2662750393700788
21
0.7029199606299212
0
LINE
8
BLACK
6
CONTINUOUS
10
1.2662750393700788
20
0.7029199606299212
11
1.2698938976377951
21
0.7029199606299212
0
LINE
8
BLACK
6
CONTINUOUS
10
1.2698938976377951
20
0.7029199606299212
11
1.2722043700787402
21
0.7040751968503937
0
LINE
8
BLACK
6
CONTINUOUS
10
1.2722043700787402
20
0.7040751968503937
11
1.2732331496062992
21
0.7051039763779527
0
LINE
8
BLACK
6
CONTINUOUS
10
1.2732331496062992
20
0.7051039763779527
11
1.2743883858267717
21
0.7074144488188976
0
LINE
8
BLACK
6
CONTINUOUS
10
1.2743883858267717
20
0.7074144488188976
11
1.2743883858267717
21
0.7171213385826771
0
LINE
8
BLACK
6
CONTINUOUS
10
1.2743883858267717
20
0.7171213385826771
11
1.261780590551181
21
0.7171213385826771
0
LINE
8
BLACK
6
CONTINUOUS
10
1.261780590551181
20
0.7171213385826771
11
1.261780590551181
21
0.7074144488188976
0
LINE
8
BLACK
6
CONTINUOUS
10
1.3399860236220471
20
0.7218552755905512
11
1.3413176771653543
21
0.7205236220472441
0
LINE
8
BLACK
6
CONTINUOUS
10
1.3413176771653543
20
0.7205236220472441
11
1.3413176771653543
21
0.7186403149606299
0
LINE
8
BLACK
6
CONTINUOUS
10
1.3413176771653543
20
0.7186403149606299
11
1.3399860236220471
21
0.7173086614173229
0
LINE
8
BLACK
6
CONTINUOUS
10
1.3399860236220471
20
0.7173086614173229
11
1.3390443700787402
21
0.7171213385826771
0
LINE
8
BLACK
6
CONTINUOUS
10
1.3390443700787402
20
0.7171213385826771
11
1.3255694881889764
21
0.7171213385826771
0
LINE
8
BLACK
6
CONTINUOUS
10
1.3255694881889764
20
0.7171213385826771
11
1.3255694881889764
21
0.7128953543307086
0
LINE
8
BLACK
6
CONTINUOUS
10
1.3255694881889764
20
0.7128953543307086
11
1.340455433070866
21
0.702475157480315
0
LINE
8
BLACK
6
CONTINUOUS
10
1.340455433070866
20
0.702475157480315
11
1.3411194488188976
21
0.7017816929133858
0
LINE
8
BLACK
6
CONTINUOUS
10
1.3411194488188976
20
0.7017816929133858
11
1.3414467322834644
21
0.699927125984252
0
LINE
8
BLACK
6
CONTINUOUS
10
1.3414467322834644
20
0.699927125984252
11
1.3403667322834645
21
0.698384251968504
0
LINE
8
BLACK
6
CONTINUOUS
10
1.3403667322834645
20
0.698384251968504
11
1.3385121259842518
21
0.6980569685039369
0
LINE
8
BLACK
6
CONTINUOUS
10
1.3385121259842518
20
0.6980569685039369
11
1.3376332677165355
21
0.6984435039370078
0
LINE
8
BLACK
6
CONTINUOUS
10
1.3376332677165355
20
0.6984435039370078
11
1.3255694881889764
21
0.706888188976378
0
LINE
8
BLACK
6
CONTINUOUS
10
1.3255694881889764
20
0.706888188976378
11
1.3255694881889764
21
0.7068335433070866
0
LINE
8
BLACK
6
CONTINUOUS
10
1.3255694881889764
20
0.7068335433070866
11
1.325545433070866
21
0.7067126377952756
0
LINE
8
BLACK
6
CONTINUOUS
10
1.325545433070866
20
0.7067126377952756
11
1.3255632677165354
21
0.7066591338582677
0
LINE
8
BLACK
6
CONTINUOUS
10
1.3255632677165354
20
0.7066591338582677
11
1.325459094488189
21
0.7062788188976378
0
LINE
8
BLACK
6
CONTINUOUS
10
1.325459094488189
20
0.7062788188976378
11
1.3253821653543307
21
0.7058918897637795
0
LINE
8
BLACK
6
CONTINUOUS
10
1.3253821653543307
20
0.7058918897637795
11
1.3253422440944882
21
0.7058520078740157
0
LINE
8
BLACK
6
CONTINUOUS
10
1.3253422440944882
20
0.7058520078740157
11
1.3253097244094487
21
0.7057331102362204
0
LINE
8
BLACK
6
CONTINUOUS
10
1.3253097244094487
20
0.7057331102362204
11
1.3237161811023621
21
0.7025460236220472
0
LINE
8
BLACK
6
CONTINUOUS
10
1.3237161811023621
20
0.7025460236220472
11
1.3234741338582676
21
0.7022341732283465
0
LINE
8
BLACK
6
CONTINUOUS
10
1.3234741338582676
20
0.7022341732283465
11
1.3232552362204724
21
0.7019065354330708
0
LINE
8
BLACK
6
CONTINUOUS
10
1.3232552362204724
20
0.7019065354330708
11
1.321661653543307
21
0.7003129527559055
0
LINE
8
BLACK
6
CONTINUOUS
10
1.321661653543307
20
0.7003129527559055
11
1.3213340157480316
21
0.7000940551181102
0
LINE
8
BLACK
6
CONTINUOUS
10
1.3213340157480316
20
0.7000940551181102
11
1.3210221653543306
21
0.6998520078740157
0
LINE
8
BLACK
6
CONTINUOUS
10
1.3210221653543306
20
0.6998520078740157
11
1.3178350787401574
21
0.6982584645669291
0
LINE
8
BLACK
6
CONTINUOUS
10
1.3178350787401574
20
0.6982584645669291
11
1.3177161811023621
21
0.6982259448818897
0
LINE
8
BLACK
6
CONTINUOUS
10
1.3177161811023621
20
0.6982259448818897
11
1.3176762992125983
21
0.6981860236220472
0
LINE
8
BLACK
6
CONTINUOUS
10
1.3176762992125983
20
0.6981860236220472
11
1.31728937007874
21
0.6981090944881889
0
LINE
8
BLACK
6
CONTINUOUS
10
1.31728937007874
20
0.6981090944881889
11
1.3169090551181102
21
0.6980049212598425
0
LINE
8
BLACK
6
CONTINUOUS
10
1.3169090551181102
20
0.6980049212598425
11
1.3168555511811024
21
0.6980227559055118
0
LINE
8
BLACK
6
CONTINUOUS
10
1.3168555511811024
20
0.6980227559055118
11
1.3167346456692912
21
0.6979987007874016
0
LINE
8
BLACK
6
CONTINUOUS
10
1.3167346456692912
20
0.6979987007874016
11
1.3119539763779526
21
0.6979987007874016
0
LINE
8
BLACK
6
CONTINUOUS
10
1.3119539763779526
20
0.6979987007874016
11
1.3118330314960629
21
0.6980227559055118
0
LINE
8
BLACK
6
CONTINUOUS
10
1.3118330314960629
20
0.6980227559055118
11
1.3117795669291339
21
0.6980049212598425
0
LINE
8
BLACK
6
CONTINUOUS
10
1.3117795669291339
20
0.6980049212598425
11
1.3113992125984251
21
0.6981090944881889
0
LINE
8
BLACK
6
CONTINUOUS
10
1.3113992125984251
20
0.6981090944881889
11
1.3110123228346457
21
0.6981860236220472
0
LINE
8
BLACK
6
CONTINUOUS
10
1.3110123228346457
20
0.6981860236220472
11
1.3109724015748032
21
0.6982259448818897
0
LINE
8
BLACK
6
CONTINUOUS
10
1.3109724015748032
20
0.6982259448818897
11
1.3108535433070865
21
0.6982584645669291
0
LINE
8
BLACK
6
CONTINUOUS
10
1.3108535433070865
20
0.6982584645669291
11
1.3076664566929133
21
0.6998520078740157
0
LINE
8
BLACK
6
CONTINUOUS
10
1.3076664566929133
20
0.6998520078740157
11
1.3073546062992125
21
0.7000940551181102
0
LINE
8
BLACK
6
CONTINUOUS
10
1.3073546062992125
20
0.7000940551181102
11
1.3070269291338583
21
0.7003129921259842
0
LINE
8
BLACK
6
CONTINUOUS
10
1.3070269291338583
20
0.7003129921259842
11
1.3054333858267717
21
0.7019065354330708
0
LINE
8
BLACK
6
CONTINUOUS
10
1.3054333858267717
20
0.7019065354330708
11
1.3052142913385827
21
0.7022344488188976
0
LINE
8
BLACK
6
CONTINUOUS
10
1.3052142913385827
20
0.7022344488188976
11
1.3049724803149605
21
0.7025460236220472
0
LINE
8
BLACK
6
CONTINUOUS
10
1.3049724803149605
20
0.7025460236220472
11
1.3033789370078739
21
0.7057331102362204
0
LINE
8
BLACK
6
CONTINUOUS
10
1.3033789370078739
20
0.7057331102362204
11
1.3033463779527559
21
0.7058520078740157
0
LINE
8
BLACK
6
CONTINUOUS
10
1.3033463779527559
20
0.7058520078740157
11
1.3033064960629921
21
0.7058918897637795
0
LINE
8
BLACK
6
CONTINUOUS
10
1.3033064960629921
20
0.7058918897637795
11
1.3032295275590551
21
0.7062788188976378
0
LINE
8
BLACK
6
CONTINUOUS
10
1.3032295275590551
20
0.7062788188976378
11
1.3031253937007874
21
0.7066591338582677
0
LINE
8
BLACK
6
CONTINUOUS
10
1.3031253937007874
20
0.7066591338582677
11
1.3031431889763778
21
0.7067126377952756
0
LINE
8
BLACK
6
CONTINUOUS
10
1.3031431889763778
20
0.7067126377952756
11
1.3031191732283465
21
0.7068335433070866
0
LINE
8
BLACK
6
CONTINUOUS
10
1.3031191732283465
20
0.7068335433070866
11
1.3031191732283465
21
0.719581968503937
0
LINE
8
BLACK
6
CONTINUOUS
10
1.3031191732283465
20
0.719581968503937
11
1.3033064960629921
21
0.7205236220472441
0
LINE
8
BLACK
6
CONTINUOUS
10
1.3033064960629921
20
0.7205236220472441
11
1.3046381496062991
21
0.7218552755905512
0
LINE
8
BLACK
6
CONTINUOUS
10
1.3046381496062991
20
0.7218552755905512
11
1.3055798031496062
21
0.7220425984251968
0
LINE
8
BLACK
6
CONTINUOUS
10
1.3055798031496062
20
0.7220425984251968
11
1.3390443700787402
21
0.7220425984251968
0
LINE
8
BLACK
6
CONTINUOUS
10
1.3390443700787402
20
0.7220425984251968
11
1.3399860236220471
21
0.7218552755905512
0
LINE
8
BLACK
6
CONTINUOUS
10
1.3080404330708661
20
0.7074144488188976
11
1.3091956299212597
21
0.7051040551181103
0
LINE
8
BLACK
6
CONTINUOUS
10
1.3091956299212597
20
0.7051040551181103
11
1.3102244094488189
21
0.7040751968503937
0
LINE
8
BLACK
6
CONTINUOUS
10
1.3102244094488189
20
0.7040751968503937
11
1.3125348818897637
21
0.7029199606299212
0
LINE
8
BLACK
6
CONTINUOUS
10
1.3125348818897637
20
0.7029199606299212
11
1.3161537401574803
21
0.7029199606299212
0
LINE
8
BLACK
6
CONTINUOUS
10
1.3161537401574803
20
0.7029199606299212
11
1.3184642125984252
21
0.7040751968503937
0
LINE
8
BLACK
6
CONTINUOUS
10
1.3184642125984252
20
0.7040751968503937
11
1.3194929921259841
21
0.7051039763779527
0
LINE
8
BLACK
6
CONTINUOUS
10
1.3194929921259841
20
0.7051039763779527
11
1.3206482283464567
21
0.7074144488188976
0
LINE
8
BLACK
6
CONTINUOUS
10
1.3206482283464567
20
0.7074144488188976
11
1.3206482283464567
21
0.7171213385826771
0
LINE
8
BLACK
6
CONTINUOUS
10
1.3206482283464567
20
0.7171213385826771
11
1.3080404330708661
21
0.7171213385826771
0
LINE
8
BLACK
6
CONTINUOUS
10
1.3080404330708661
20
0.7171213385826771
11
1.3080404330708661
21
0.7074144488188976
0
LINE
8
BLACK
6
CONTINUOUS
10
1.1543477559055118
20
0.7277249212598424
11
1.1545275590551181
21
0.7268209448818898
0
LINE
8
BLACK
6
CONTINUOUS
10
1.1545275590551181
20
0.7268209448818898
11
1.1545275590551181
21
0.7062499212598425
0
LINE
8
BLACK
6
CONTINUOUS
10
1.1545275590551181
20
0.7062499212598425
11
1.1543477559055118
21
0.7053459448818897
0
LINE
8
BLACK
6
CONTINUOUS
10
1.1543477559055118
20
0.7053459448818897
11
1.1530693307086615
21
0.7040675196850393
0
LINE
8
BLACK
6
CONTINUOUS
10
1.1530693307086615
20
0.7040675196850393
11
1.1512613779527558
21
0.7040675196850393
0
LINE
8
BLACK
6
CONTINUOUS
10
1.1512613779527558
20
0.7040675196850393
11
1.1499829527559056
21
0.7053459448818897
0
LINE
8
BLACK
6
CONTINUOUS
10
1.1499829527559056
20
0.7053459448818897
11
1.1498031496062993
21
0.7062499212598425
0
LINE
8
BLACK
6
CONTINUOUS
10
1.1498031496062993
20
0.7062499212598425
11
1.1498031496062993
21
0.7268209448818898
0
LINE
8
BLACK
6
CONTINUOUS
10
1.1498031496062993
20
0.7268209448818898
11
1.1499829527559056
21
0.7277249212598424
0
LINE
8
BLACK
6
CONTINUOUS
10
1.1499829527559056
20
0.7277249212598424
11
1.1512613779527558
21
0.7290033464566928
0
LINE
8
BLACK
6
CONTINUOUS
10
1.1512613779527558
20
0.7290033464566928
11
1.1530693307086615
21
0.7290033464566928
0
LINE
8
BLACK
6
CONTINUOUS
10
1.1530693307086615
20
0.7290033464566928
11
1.1543477559055118
21
0.7277249212598424
0
LINE
8
BLACK
6
CONTINUOUS
10
1.2122217716535433
20
0.7277249212598424
11
1.2124015748031496
21
0.7268209448818898
0
LINE
8
BLACK
6
CONTINUOUS
10
1.2124015748031496
20
0.7268209448818898
11
1.2124015748031496
21
0.7062499212598425
0
LINE
8
BLACK
6
CONTINUOUS
10
1.2124015748031496
20
0.7062499212598425
11
1.2122217716535433
21
0.7053459448818897
0
LINE
8
BLACK
6
CONTINUOUS
10
1.2122217716535433
20
0.7053459448818897
11
1.210943346456693
21
0.7040675196850393
0
LINE
8
BLACK
6
CONTINUOUS
10
1.210943346456693
20
0.7040675196850393
11
1.2091353937007874
21
0.7040675196850393
0
LINE
8
BLACK
6
CONTINUOUS
10
1.2091353937007874
20
0.7040675196850393
11
1.2078569685039371
21
0.7053459448818897
0
LINE
8
BLACK
6
CONTINUOUS
10
1.2078569685039371
20
0.7053459448818897
11
1.2076771653543308
21
0.7062499212598425
0
LINE
8
BLACK
6
CONTINUOUS
10
1.2076771653543308
20
0.7062499212598425
11
1.2076771653543308
21
0.7268209448818898
0
LINE
8
BLACK
6
CONTINUOUS
10
1.2076771653543308
20
0.7268209448818898
11
1.2078569685039371
21
0.7277249212598424
0
LINE
8
BLACK
6
CONTINUOUS
10
1.2078569685039371
20
0.7277249212598424
11
1.2091353937007874
21
0.7290033464566928
0
LINE
8
BLACK
6
CONTINUOUS
10
1.2091353937007874
20
0.7290033464566928
11
1.210943346456693
21
0.7290033464566928
0
LINE
8
BLACK
6
CONTINUOUS
10
1.210943346456693
20
0.7290033464566928
11
1.2122217716535433
21
0.7277249212598424
0
LINE
8
BLACK
6
CONTINUOUS
10
0.714761811023622
20
0.7334198818897638
11
0.7150629527559055
21
0.7334051968503937
0
LINE
8
BLACK
6
CONTINUOUS
10
0.7150629527559055
20
0.7334051968503937
11
0.7214372047244094
21
0.731811653543307
0
LINE
8
BLACK
6
CONTINUOUS
10
0.7214372047244094
20
0.731811653543307
11
0.7216809842519685
21
0.7316964960629921
0
LINE
8
BLACK
6
CONTINUOUS
10
0.7216809842519685
20
0.7316964960629921
11
0.7219408267716535
21
0.7316253149606299
0
LINE
8
BLACK
6
CONTINUOUS
10
0.7219408267716535
20
0.7316253149606299
11
0.7251279527559055
21
0.7300317322834645
0
LINE
8
BLACK
6
CONTINUOUS
10
0.7251279527559055
20
0.7300317322834645
11
0.7254396850393701
21
0.7297898031496063
0
LINE
8
BLACK
6
CONTINUOUS
10
0.7254396850393701
20
0.7297898031496063
11
0.7257674015748031
21
0.7295708267716535
0
LINE
8
BLACK
6
CONTINUOUS
10
0.7257674015748031
20
0.7295708267716535
11
0.7289545275590551
21
0.7263837795275591
0
LINE
8
BLACK
6
CONTINUOUS
10
0.7289545275590551
20
0.7263837795275591
11
0.729023031496063
21
0.7262812598425197
0
LINE
8
BLACK
6
CONTINUOUS
10
0.729023031496063
20
0.7262812598425197
11
0.7290734645669291
21
0.7262560236220472
0
LINE
8
BLACK
6
CONTINUOUS
10
0.7290734645669291
20
0.7262560236220472
11
0.7292686614173228
21
0.7259135826771653
0
LINE
8
BLACK
6
CONTINUOUS
10
0.7292686614173228
20
0.7259135826771653
11
0.7294879133858267
21
0.7255854724409448
0
LINE
8
BLACK
6
CONTINUOUS
10
0.7294879133858267
20
0.7255854724409448
11
0.7294879133858267
21
0.7255290551181102
0
LINE
8
BLACK
6
CONTINUOUS
10
0.7294879133858267
20
0.7255290551181102
11
0.7295489763779527
21
0.7254219291338583
0
LINE
8
BLACK
6
CONTINUOUS
10
0.7295489763779527
20
0.7254219291338583
11
0.7311425196850394
21
0.7206412598425197
0
LINE
8
BLACK
6
CONTINUOUS
10
0.7311425196850394
20
0.7206412598425197
11
0.7311918110236221
21
0.7202499999999999
0
LINE
8
BLACK
6
CONTINUOUS
10
0.7311918110236221
20
0.7202499999999999
11
0.7312687795275591
21
0.7198631496062992
0
LINE
8
BLACK
6
CONTINUOUS
10
0.7312687795275591
20
0.7198631496062992
11
0.7312687795275591
21
0.7166760629921259
0
LINE
8
BLACK
6
CONTINUOUS
10
0.7312687795275591
20
0.7166760629921259
11
0.7311918110236221
21
0.7162892519685039
0
LINE
8
BLACK
6
CONTINUOUS
10
0.7311918110236221
20
0.7162892519685039
11
0.7311425196850394
21
0.7158979527559055
0
LINE
8
BLACK
6
CONTINUOUS
10
0.7311425196850394
20
0.7158979527559055
11
0.7295489763779527
21
0.7111172834645669
0
LINE
8
BLACK
6
CONTINUOUS
10
0.7295489763779527
20
0.7111172834645669
11
0.7294879133858267
21
0.7110101968503937
0
LINE
8
BLACK
6
CONTINUOUS
10
0.7294879133858267
20
0.7110101968503937
11
0.7294879133858267
21
0.7109537401574803
0
LINE
8
BLACK
6
CONTINUOUS
10
0.7294879133858267
20
0.7109537401574803
11
0.7292687795275591
21
0.7106258267716535
0
LINE
8
BLACK
6
CONTINUOUS
10
0.7292687795275591
20
0.7106258267716535
11
0.7290734645669291
21
0.710283188976378
0
LINE
8
BLACK
6
CONTINUOUS
10
0.7290734645669291
20
0.710283188976378
11
0.7290229527559055
21
0.7102579527559055
0
LINE
8
BLACK
6
CONTINUOUS
10
0.7290229527559055
20
0.7102579527559055
11
0.7289544881889763
21
0.7101554330708661
0
LINE
8
BLACK
6
CONTINUOUS
10
0.7289544881889763
20
0.7101554330708661
11
0.7273609448818897
21
0.7085618897637795
0
LINE
8
BLACK
6
CONTINUOUS
10
0.7273609448818897
20
0.7085618897637795
11
0.7265625984251969
21
0.7080285039370079
0
LINE
8
BLACK
6
CONTINUOUS
10
0.7265625984251969
20
0.7080285039370079
11
0.7246793700787402
21
0.7080285433070866
0
LINE
8
BLACK
6
CONTINUOUS
10
0.7246793700787402
20
0.7080285433070866
11
0.7233476771653543
21
0.7093602755905511
0
LINE
8
BLACK
6
CONTINUOUS
10
0.7233476771653543
20
0.7093602755905511
11
0.7233477165354331
21
0.7112435039370079
0
LINE
8
BLACK
6
CONTINUOUS
10
0.7233477165354331
20
0.7112435039370079
11
0.7238811023622047
21
0.7120418110236221
0
LINE
8
BLACK
6
CONTINUOUS
10
0.7238811023622047
20
0.7120418110236221
11
0.7250638976377952
21
0.7132246062992126
0
LINE
8
BLACK
6
CONTINUOUS
10
0.7250638976377952
20
0.7132246062992126
11
0.7263475196850393
21
0.7170753937007874
0
LINE
8
BLACK
6
CONTINUOUS
10
0.7263475196850393
20
0.7170753937007874
11
0.7263475196850393
21
0.7194638582677165
0
LINE
8
BLACK
6
CONTINUOUS
10
0.7263475196850393
20
0.7194638582677165
11
0.7250638976377952
21
0.72331468503937
0
LINE
8
BLACK
6
CONTINUOUS
10
0.7250638976377952
20
0.72331468503937
11
0.7225699212598425
21
0.7258086220472441
0
LINE
8
BLACK
6
CONTINUOUS
10
0.7225699212598425
20
0.7258086220472441
11
0.7199816141732284
21
0.7271028346456693
0
LINE
8
BLACK
6
CONTINUOUS
10
0.7199816141732284
20
0.7271028346456693
11
0.7141632677165354
21
0.7285574015748031
0
LINE
8
BLACK
6
CONTINUOUS
10
0.7141632677165354
20
0.7285574015748031
11
0.7099884645669291
21
0.7285574015748031
0
LINE
8
BLACK
6
CONTINUOUS
10
0.7099884645669291
20
0.7285574015748031
11
0.7041702362204725
21
0.727102874015748
0
LINE
8
BLACK
6
CONTINUOUS
10
0.7041702362204725
20
0.727102874015748
11
0.7015817322834645
21
0.7258086220472441
0
LINE
8
BLACK
6
CONTINUOUS
10
0.7015817322834645
20
0.7258086220472441
11
0.6990877952755905
21
0.72331468503937
0
LINE
8
BLACK
6
CONTINUOUS
10
0.6990877952755905
20
0.72331468503937
11
0.6978042125984252
21
0.7194638582677165
0
LINE
8
BLACK
6
CONTINUOUS
10
0.6978042125984252
20
0.7194638582677165
11
0.6978042125984252
21
0.7170753937007874
0
LINE
8
BLACK
6
CONTINUOUS
10
0.6978042125984252
20
0.7170753937007874
11
0.6990877952755905
21
0.7132245669291338
0
LINE
8
BLACK
6
CONTINUOUS
10
0.6990877952755905
20
0.7132245669291338
11
0.7002705905511811
21
0.7120417716535433
0
LINE
8
BLACK
6
CONTINUOUS
10
0.7002705905511811
20
0.7120417716535433
11
0.7008040157480315
21
0.7112434645669291
0
LINE
8
BLACK
6
CONTINUOUS
10
0.7008040157480315
20
0.7112434645669291
11
0.7008040157480315
21
0.7093602362204724
0
LINE
8
BLACK
6
CONTINUOUS
10
0.7008040157480315
20
0.7093602362204724
11
0.6994722834645669
21
0.7080285039370079
0
LINE
8
BLACK
6
CONTINUOUS
10
0.6994722834645669
20
0.7080285039370079
11
0.6975890551181102
21
0.7080285039370079
0
LINE
8
BLACK
6
CONTINUOUS
10
0.6975890551181102
20
0.7080285039370079
11
0.6967907480314961
21
0.7085619291338583
0
LINE
8
BLACK
6
CONTINUOUS
10
0.6967907480314961
20
0.7085619291338583
11
0.6951972047244094
21
0.7101554724409449
0
LINE
8
BLACK
6
CONTINUOUS
10
0.6951972047244094
20
0.7101554724409449
11
0.6951287401574803
21
0.7102579527559055
0
LINE
8
BLACK
6
CONTINUOUS
10
0.6951287401574803
20
0.7102579527559055
11
0.6950782283464567
21
0.710283188976378
0
LINE
8
BLACK
6
CONTINUOUS
10
0.6950782283464567
20
0.710283188976378
11
0.6948827165354331
21
0.7106261417322834
0
LINE
8
BLACK
6
CONTINUOUS
10
0.6948827165354331
20
0.7106261417322834
11
0.6946638188976377
21
0.710953779527559
0
LINE
8
BLACK
6
CONTINUOUS
10
0.6946638188976377
20
0.710953779527559
11
0.6946638188976377
21
0.7110101968503937
0
LINE
8
BLACK
6
CONTINUOUS
10
0.6946638188976377
20
0.7110101968503937
11
0.6946027559055118
21
0.7111172834645669
0
LINE
8
BLACK
6
CONTINUOUS
10
0.6946027559055118
20
0.7111172834645669
11
0.6930092125984252
21
0.7158979527559055
0
LINE
8
BLACK
6
CONTINUOUS
10
0.6930092125984252
20
0.7158979527559055
11
0.6929598818897638
21
0.7162892519685039
0
LINE
8
BLACK
6
CONTINUOUS
10
0.6929598818897638
20
0.7162892519685039
11
0.6928829527559055
21
0.7166760629921259
0
LINE
8
BLACK
6
CONTINUOUS
10
0.6928829527559055
20
0.7166760629921259
11
0.6928829527559055
21
0.7198631496062992
0
LINE
8
BLACK
6
CONTINUOUS
10
0.6928829527559055
20
0.7198631496062992
11
0.6929598818897638
21
0.7202499999999999
0
LINE
8
BLACK
6
CONTINUOUS
10
0.6929598818897638
20
0.7202499999999999
11
0.6930092125984252
21
0.7206412598425197
0
LINE
8
BLACK
6
CONTINUOUS
10
0.6930092125984252
20
0.7206412598425197
11
0.6946027559055118
21
0.7254219291338583
0
LINE
8
BLACK
6
CONTINUOUS
10
0.6946027559055118
20
0.7254219291338583
11
0.6946638188976377
21
0.7255290551181102
0
LINE
8
BLACK
6
CONTINUOUS
10
0.6946638188976377
20
0.7255290551181102
11
0.6946638188976377
21
0.7255854330708661
0
LINE
8
BLACK
6
CONTINUOUS
10
0.6946638188976377
20
0.7255854330708661
11
0.6948827165354331
21
0.7259131102362204
0
LINE
8
BLACK
6
CONTINUOUS
10
0.6948827165354331
20
0.7259131102362204
11
0.6950782283464567
21
0.7262560236220472
0
LINE
8
BLACK
6
CONTINUOUS
10
0.6950782283464567
20
0.7262560236220472
11
0.6951287401574803
21
0.7262812992125984
0
LINE
8
BLACK
6
CONTINUOUS
10
0.6951287401574803
20
0.7262812992125984
11
0.6951972047244094
21
0.7263837401574803
0
LINE
8
BLACK
6
CONTINUOUS
10
0.6951972047244094
20
0.7263837401574803
11
0.6983842913385827
21
0.7295708267716535
0
LINE
8
BLACK
6
CONTINUOUS
10
0.6983842913385827
20
0.7295708267716535
11
0.6987120472440945
21
0.729789842519685
0
LINE
8
BLACK
6
CONTINUOUS
10
0.6987120472440945
20
0.729789842519685
11
0.699023779527559
21
0.7300317716535433
0
LINE
8
BLACK
6
CONTINUOUS
10
0.699023779527559
20
0.7300317716535433
11
0.7022108661417322
21
0.7316253149606299
0
LINE
8
BLACK
6
CONTINUOUS
10
0.7022108661417322
20
0.7316253149606299
11
0.7024707874015748
21
0.7316965354330709
0
LINE
8
BLACK
6
CONTINUOUS
10
0.7024707874015748
20
0.7316965354330709
11
0.7027145669291338
21
0.731811653543307
0
LINE
8
BLACK
6
CONTINUOUS
10
0.7027145669291338
20
0.731811653543307
11
0.7090887401574802
21
0.7334051968503937
0
LINE
8
BLACK
6
CONTINUOUS
10
0.7090887401574802
20
0.7334051968503937
11
0.7093898425196851
21
0.7334198818897638
0
LINE
8
BLACK
6
CONTINUOUS
10
0.7093898425196851
20
0.7334198818897638
11
0.7096855118110236
21
0.7334786614173228
0
LINE
8
BLACK
6
CONTINUOUS
10
0.7096855118110236
20
0.7334786614173228
11
0.7144661811023622
21
0.7334786614173228
0
LINE
8
BLACK
6
CONTINUOUS
10
0.7144661811023622
20
0.7334786614173228
11
0.714761811023622
21
0.7334198818897638
0
LINE
8
BLACK
6
CONTINUOUS
10
1.8013159842519684
20
0.7511536614173229
11
1.8016171259842519
21
0.7511389763779528
0
LINE
8
BLACK
6
CONTINUOUS
10
1.8016171259842519
20
0.7511389763779528
11
1.8079913779527559
21
0.7495454330708661
0
LINE
8
BLACK
6
CONTINUOUS
10
1.8079913779527559
20
0.7495454330708661
11
1.8082351574803148
21
0.7494302755905512
0
LINE
8
BLACK
6
CONTINUOUS
10
1.8082351574803148
20
0.7494302755905512
11
1.808495
21
0.7493590944881889
0
LINE
8
BLACK
6
CONTINUOUS
10
1.808495
20
0.7493590944881889
11
1.8116821259842519
21
0.7477655118110236
0
LINE
8
BLACK
6
CONTINUOUS
10
1.8116821259842519
20
0.7477655118110236
11
1.8119935826771654
21
0.747523779527559
0
LINE
8
BLACK
6
CONTINUOUS
10
1.8119935826771654
20
0.747523779527559
11
1.8123215748031496
21
0.7473046456692913
0
LINE
8
BLACK
6
CONTINUOUS
10
1.8123215748031496
20
0.7473046456692913
11
1.8139151181102362
21
0.7457111023622047
0
LINE
8
BLACK
6
CONTINUOUS
10
1.8139151181102362
20
0.7457111023622047
11
1.8141340551181102
21
0.7453834251968504
0
LINE
8
BLACK
6
CONTINUOUS
10
1.8141340551181102
20
0.7453834251968504
11
1.8143761023622047
21
0.7450715748031496
0
LINE
8
BLACK
6
CONTINUOUS
10
1.8143761023622047
20
0.7450715748031496
11
1.8159696456692913
21
0.7418844881889763
0
LINE
8
BLACK
6
CONTINUOUS
10
1.8159696456692913
20
0.7418844881889763
11
1.8160021653543306
21
0.7417656299212598
0
LINE
8
BLACK
6
CONTINUOUS
10
1.8160021653543306
20
0.7417656299212598
11
1.8160420866141731
21
0.7417257086614173
0
LINE
8
BLACK
6
CONTINUOUS
10
1.8160420866141731
20
0.7417257086614173
11
1.8161190157480314
21
0.7413388188976378
0
LINE
8
BLACK
6
CONTINUOUS
10
1.8161190157480314
20
0.7413388188976378
11
1.816223188976378
21
0.7409584645669292
0
LINE
8
BLACK
6
CONTINUOUS
10
1.816223188976378
20
0.7409584645669292
11
1.8162053543307086
21
0.740905
0
LINE
8
BLACK
6
CONTINUOUS
10
1.8162053543307086
20
0.740905
11
1.8162294094488189
21
0.7407840551181102
0
LINE
8
BLACK
6
CONTINUOUS
10
1.8162294094488189
20
0.7407840551181102
11
1.8162294094488189
21
0.7375969291338582
0
LINE
8
BLACK
6
CONTINUOUS
10
1.8162294094488189
20
0.7375969291338582
11
1.8162053543307086
21
0.7374760236220472
0
LINE
8
BLACK
6
CONTINUOUS
10
1.8162053543307086
20
0.7374760236220472
11
1.816223188976378
21
0.7374225196850394
0
LINE
8
BLACK
6
CONTINUOUS
10
1.816223188976378
20
0.7374225196850394
11
1.8161190157480314
21
0.7370422047244094
0
LINE
8
BLACK
6
CONTINUOUS
10
1.8161190157480314
20
0.7370422047244094
11
1.8160420866141731
21
0.7366552755905512
0
LINE
8
BLACK
6
CONTINUOUS
10
1.8160420866141731
20
0.7366552755905512
11
1.8160021653543306
21
0.7366153937007874
0
LINE
8
BLACK
6
CONTINUOUS
10
1.8160021653543306
20
0.7366153937007874
11
1.8159696456692913
21
0.7364964960629921
0
LINE
8
BLACK
6
CONTINUOUS
10
1.8159696456692913
20
0.7364964960629921
11
1.8143761023622047
21
0.7333094094488188
0
LINE
8
BLACK
6
CONTINUOUS
10
1.8143761023622047
20
0.7333094094488188
11
1.8141340551181102
21
0.7329975984251969
0
LINE
8
BLACK
6
CONTINUOUS
10
1.8141340551181102
20
0.7329975984251969
11
1.8139151181102362
21
0.7326698818897638
0
LINE
8
BLACK
6
CONTINUOUS
10
1.8139151181102362
20
0.7326698818897638
11
1.8123215748031496
21
0.7310763385826772
0
LINE
8
BLACK
6
CONTINUOUS
10
1.8123215748031496
20
0.7310763385826772
11
1.8119936614173229
21
0.7308572834645669
0
LINE
8
BLACK
6
CONTINUOUS
10
1.8119936614173229
20
0.7308572834645669
11
1.8116820866141732
21
0.7306154330708661
0
LINE
8
BLACK
6
CONTINUOUS
10
1.8116820866141732
20
0.7306154330708661
11
1.808495
21
0.7290218897637795
0
LINE
8
BLACK
6
CONTINUOUS
10
1.808495
20
0.7290218897637795
11
1.8082350787401575
21
0.7289507480314961
0
LINE
8
BLACK
6
CONTINUOUS
10
1.8082350787401575
20
0.7289507480314961
11
1.8079913779527559
21
0.7288355905511811
0
LINE
8
BLACK
6
CONTINUOUS
10
1.8079913779527559
20
0.7288355905511811
11
1.8016171653543307
21
0.7272420078740157
0
LINE
8
BLACK
6
CONTINUOUS
10
1.8016171653543307
20
0.7272420078740157
11
1.8013159842519684
21
0.7272273622047244
0
LINE
8
BLACK
6
CONTINUOUS
10
1.8013159842519684
20
0.7272273622047244
11
1.8010203543307086
21
0.7271685433070866
0
LINE
8
BLACK
6
CONTINUOUS
10
1.8010203543307086
20
0.7271685433070866
11
1.7930525984251968
21
0.7271685433070866
0
LINE
8
BLACK
6
CONTINUOUS
10
1.7930525984251968
20
0.7271685433070866
11
1.7927569291338583
21
0.7272273622047244
0
LINE
8
BLACK
6
CONTINUOUS
10
1.7927569291338583
20
0.7272273622047244
11
1.7924557874015747
21
0.7272420078740157
0
LINE
8
BLACK
6
CONTINUOUS
10
1.7924557874015747
20
0.7272420078740157
11
1.7860815748031496
21
0.7288355905511811
0
LINE
8
BLACK
6
CONTINUOUS
10
1.7860815748031496
20
0.7288355905511811
11
1.7858378346456691
21
0.7289507480314961
0
LINE
8
BLACK
6
CONTINUOUS
10
1.7858378346456691
20
0.7289507480314961
11
1.7855779527559055
21
0.7290218897637795
0
LINE
8
BLACK
6
CONTINUOUS
10
1.7855779527559055
20
0.7290218897637795
11
1.7823908661417323
21
0.7306154330708661
0
LINE
8
BLACK
6
CONTINUOUS
10
1.7823908661417323
20
0.7306154330708661
11
1.7820791338582678
21
0.7308573622047244
0
LINE
8
BLACK
6
CONTINUOUS
10
1.7820791338582678
20
0.7308573622047244
11
1.7817513779527558
21
0.7310763779527559
0
LINE
8
BLACK
6
CONTINUOUS
10
1.7817513779527558
20
0.7310763779527559
11
1.7801578346456692
21
0.7326699212598425
0
LINE
8
BLACK
6
CONTINUOUS
10
1.7801578346456692
20
0.7326699212598425
11
1.7799388976377952
21
0.7329975590551181
0
LINE
8
BLACK
6
CONTINUOUS
10
1.7799388976377952
20
0.7329975590551181
11
1.7796968897637795
21
0.7333094094488188
0
LINE
8
BLACK
6
CONTINUOUS
10
1.7796968897637795
20
0.7333094094488188
11
1.7781033464566929
21
0.7364964960629921
0
LINE
8
BLACK
6
CONTINUOUS
10
1.7781033464566929
20
0.7364964960629921
11
1.7780707874015749
21
0.7366153937007874
0
LINE
8
BLACK
6
CONTINUOUS
10
1.7780707874015749
20
0.7366153937007874
11
1.7780309055118111
21
0.7366552755905512
0
LINE
8
BLACK
6
CONTINUOUS
10
1.7780309055118111
20
0.7366552755905512
11
1.7779539370078741
21
0.7370422047244094
0
LINE
8
BLACK
6
CONTINUOUS
10
1.7779539370078741
20
0.7370422047244094
11
1.7778498031496062
21
0.7374225196850394
0
LINE
8
BLACK
6
CONTINUOUS
10
1.7778498031496062
20
0.7374225196850394
11
1.7778675984251968
21
0.7374760236220472
0
LINE
8
BLACK
6
CONTINUOUS
10
1.7778675984251968
20
0.7374760236220472
11
1.7778435826771652
21
0.7375969291338582
0
LINE
8
BLACK
6
CONTINUOUS
10
1.7778435826771652
20
0.7375969291338582
11
1.7778435826771652
21
0.7407840551181102
0
LINE
8
BLACK
6
CONTINUOUS
10
1.7778435826771652
20
0.7407840551181102
11
1.7778675984251968
21
0.740905
0
LINE
8
BLACK
6
CONTINUOUS
10
1.7778675984251968
20
0.740905
11
1.7778498031496062
21
0.7409584645669292
0
LINE
8
BLACK
6
CONTINUOUS
10
1.7778498031496062
20
0.7409584645669292
11
1.7779539370078741
21
0.7413388188976378
0
LINE
8
BLACK
6
CONTINUOUS
10
1.7779539370078741
20
0.7413388188976378
11
1.7780309055118111
21
0.7417257086614173
0
LINE
8
BLACK
6
CONTINUOUS
10
1.7780309055118111
20
0.7417257086614173
11
1.7780707874015749
21
0.7417656299212598
0
LINE
8
BLACK
6
CONTINUOUS
10
1.7780707874015749
20
0.7417656299212598
11
1.7781033464566929
21
0.7418844881889763
0
LINE
8
BLACK
6
CONTINUOUS
10
1.7781033464566929
20
0.7418844881889763
11
1.7796968897637795
21
0.7450715748031496
0
LINE
8
BLACK
6
CONTINUOUS
10
1.7796968897637795
20
0.7450715748031496
11
1.7799388976377952
21
0.7453834645669292
0
LINE
8
BLACK
6
CONTINUOUS
10
1.7799388976377952
20
0.7453834645669292
11
1.7801578346456692
21
0.745711062992126
0
LINE
8
BLACK
6
CONTINUOUS
10
1.7801578346456692
20
0.745711062992126
11
1.7817513779527558
21
0.7473046062992126
0
LINE
8
BLACK
6
CONTINUOUS
10
1.7817513779527558
20
0.7473046062992126
11
1.7820794881889763
21
0.7475238976377953
0
LINE
8
BLACK
6
CONTINUOUS
10
1.7820794881889763
20
0.7475238976377953
11
1.7823908661417323
21
0.7477655118110236
0
LINE
8
BLACK
6
CONTINUOUS
10
1.7823908661417323
20
0.7477655118110236
11
1.7855779527559055
21
0.7493591338582677
0
LINE
8
BLACK
6
CONTINUOUS
10
1.7855779527559055
20
0.7493591338582677
11
1.7858379921259842
21
0.7494303543307086
0
LINE
8
BLACK
6
CONTINUOUS
10
1.7858379921259842
20
0.7494303543307086
11
1.7860816141732283
21
0.7495454330708661
0
LINE
8
BLACK
6
CONTINUOUS
10
1.7860816141732283
20
0.7495454330708661
11
1.7924558267716535
21
0.7511389763779528
0
LINE
8
BLACK
6
CONTINUOUS
10
1.7924558267716535
20
0.7511389763779528
11
1.7927569291338583
21
0.7511536614173229
0
LINE
8
BLACK
6
CONTINUOUS
10
1.7927569291338583
20
0.7511536614173229
11
1.7930525984251968
21
0.7512124409448818
0
LINE
8
BLACK
6
CONTINUOUS
10
1.7930525984251968
20
0.7512124409448818
11
1.8010203543307086
21
0.7512124409448818
0
LINE
8
BLACK
6
CONTINUOUS
10
1.8010203543307086
20
0.7512124409448818
11
1.8013159842519684
21
0.7511536614173229
0
LINE
8
BLACK
6
CONTINUOUS
10
1.7875372047244094
20
0.7448366141732283
11
1.7849488976377952
21
0.7435424803149606
0
LINE
8
BLACK
6
CONTINUOUS
10
1.7849488976377952
20
0.7435424803149606
11
1.7839200787401575
21
0.742513622047244
0
LINE
8
BLACK
6
CONTINUOUS
10
1.7839200787401575
20
0.742513622047244
11
1.7827648425196849
21
0.7402031496062992
0
LINE
8
BLACK
6
CONTINUOUS
10
1.7827648425196849
20
0.7402031496062992
11
1.7827648425196849
21
0.7381778346456693
0
LINE
8
BLACK
6
CONTINUOUS
10
1.7827648425196849
20
0.7381778346456693
11
1.7839200787401575
21
0.7358673622047244
0
LINE
8
BLACK
6
CONTINUOUS
10
1.7839200787401575
20
0.7358673622047244
11
1.7849488188976377
21
0.734838622047244
0
LINE
8
BLACK
6
CONTINUOUS
10
1.7849488188976377
20
0.734838622047244
11
1.7875372440944881
21
0.7335444094488189
0
LINE
8
BLACK
6
CONTINUOUS
10
1.7875372440944881
20
0.7335444094488189
11
1.7933555511811023
21
0.7320898031496063
0
LINE
8
BLACK
6
CONTINUOUS
10
1.7933555511811023
20
0.7320898031496063
11
1.8007174015748031
21
0.7320898031496063
0
LINE
8
BLACK
6
CONTINUOUS
10
1.8007174015748031
20
0.7320898031496063
11
1.8065356692913386
21
0.7335444094488189
0
LINE
8
BLACK
6
CONTINUOUS
10
1.8065356692913386
20
0.7335444094488189
11
1.8091240551181103
21
0.734838622047244
0
LINE
8
BLACK
6
CONTINUOUS
10
1.8091240551181103
20
0.734838622047244
11
1.8101529133858267
21
0.7358674015748031
0
LINE
8
BLACK
6
CONTINUOUS
10
1.8101529133858267
20
0.7358674015748031
11
1.8113081496062993
21
0.7381778346456693
0
LINE
8
BLACK
6
CONTINUOUS
10
1.8113081496062993
20
0.7381778346456693
11
1.8113081496062993
21
0.7402031496062992
0
LINE
8
BLACK
6
CONTINUOUS
10
1.8113081496062993
20
0.7402031496062992
11
1.8101529133858267
21
0.742513622047244
0
LINE
8
BLACK
6
CONTINUOUS
10
1.8101529133858267
20
0.742513622047244
11
1.8091240551181103
21
0.7435424409448819
0
LINE
8
BLACK
6
CONTINUOUS
10
1.8091240551181103
20
0.7435424409448819
11
1.8065357874015748
21
0.7448366141732283
0
LINE
8
BLACK
6
CONTINUOUS
10
1.8065357874015748
20
0.7448366141732283
11
1.8007174409448818
21
0.7462911811023621
0
LINE
8
BLACK
6
CONTINUOUS
10
1.8007174409448818
20
0.7462911811023621
11
1.7933555511811023
21
0.7462911811023621
0
LINE
8
BLACK
6
CONTINUOUS
10
1.7933555511811023
20
0.7462911811023621
11
1.7875372047244094
21
0.7448366141732283
0
LINE
8
BLACK
6
CONTINUOUS
10
1.4437244094488189
20
0.7533640157480315
11
1.4443199212598425
21
0.7515774015748031
0
LINE
8
BLACK
6
CONTINUOUS
10
1.4443199212598425
20
0.7515774015748031
11
1.4440663779527558
21
0.7506513779527559
0
LINE
8
BLACK
6
CONTINUOUS
10
1.4440663779527558
20
0.7506513779527559
11
1.4424728346456692
21
0.747464251968504
0
LINE
8
BLACK
6
CONTINUOUS
10
1.4424728346456692
20
0.747464251968504
11
1.4422309448818897
21
0.7471526377952755
0
LINE
8
BLACK
6
CONTINUOUS
10
1.4422309448818897
20
0.7471526377952755
11
1.4420118897637795
21
0.7468247244094488
0
LINE
8
BLACK
6
CONTINUOUS
10
1.4420118897637795
20
0.7468247244094488
11
1.4398382677165353
21
0.7446511417322834
0
LINE
8
BLACK
6
CONTINUOUS
10
1.4398382677165353
20
0.7446511417322834
11
1.4633081496062992
21
0.7446511417322834
0
LINE
8
BLACK
6
CONTINUOUS
10
1.4633081496062992
20
0.7446511417322834
11
1.4633081496062992
21
0.751751811023622
0
LINE
8
BLACK
6
CONTINUOUS
10
1.4633081496062992
20
0.751751811023622
11
1.4634954724409448
21
0.7526934645669291
0
LINE
8
BLACK
6
CONTINUOUS
10
1.4634954724409448
20
0.7526934645669291
11
1.464827125984252
21
0.7540251181102362
0
LINE
8
BLACK
6
CONTINUOUS
10
1.464827125984252
20
0.7540251181102362
11
1.466710433070866
21
0.7540251181102362
0
LINE
8
BLACK
6
CONTINUOUS
10
1.466710433070866
20
0.7540251181102362
11
1.4680420866141732
21
0.7526934645669291
0
LINE
8
BLACK
6
CONTINUOUS
10
1.4680420866141732
20
0.7526934645669291
11
1.4682294094488189
21
0.751751811023622
0
LINE
8
BLACK
6
CONTINUOUS
10
1.4682294094488189
20
0.751751811023622
11
1.4682294094488189
21
0.7326291732283464
0
LINE
8
BLACK
6
CONTINUOUS
10
1.4682294094488189
20
0.7326291732283464
11
1.4680420866141732
21
0.7316875196850393
0
LINE
8
BLACK
6
CONTINUOUS
10
1.4680420866141732
20
0.7316875196850393
11
1.466710433070866
21
0.7303558661417323
0
LINE
8
BLACK
6
CONTINUOUS
10
1.466710433070866
20
0.7303558661417323
11
1.464827125984252
21
0.7303558661417323
0
LINE
8
BLACK
6
CONTINUOUS
10
1.464827125984252
20
0.7303558661417323
11
1.4634954724409448
21
0.7316875196850393
0
LINE
8
BLACK
6
CONTINUOUS
10
1.4634954724409448
20
0.7316875196850393
11
1.4633081496062992
21
0.7326291732283464
0
LINE
8
BLACK
6
CONTINUOUS
10
1.4633081496062992
20
0.7326291732283464
11
1.4633081496062992
21
0.7397298818897637
0
LINE
8
BLACK
6
CONTINUOUS
10
1.4633081496062992
20
0.7397298818897637
11
1.4323042125984251
21
0.7397298818897637
0
LINE
8
BLACK
6
CONTINUOUS
10
1.4323042125984251
20
0.7397298818897637
11
1.431362559055118
21
0.7399172047244095
0
LINE
8
BLACK
6
CONTINUOUS
10
1.431362559055118
20
0.7399172047244095
11
1.4311833858267715
21
0.7400963779527558
0
LINE
8
BLACK
6
CONTINUOUS
10
1.4311833858267715
20
0.7400963779527558
11
1.4309350393700786
21
0.7401460236220472
0
LINE
8
BLACK
6
CONTINUOUS
10
1.4309350393700786
20
0.7401460236220472
11
1.4305375590551181
21
0.7407422047244094
0
LINE
8
BLACK
6
CONTINUOUS
10
1.4305375590551181
20
0.7407422047244094
11
1.430030905511811
21
0.7412488582677165
0
LINE
8
BLACK
6
CONTINUOUS
10
1.430030905511811
20
0.7412488582677165
11
1.430030905511811
21
0.7415022047244094
0
LINE
8
BLACK
6
CONTINUOUS
10
1.430030905511811
20
0.7415022047244094
11
1.4298903543307087
21
0.7417129921259842
0
LINE
8
BLACK
6
CONTINUOUS
10
1.4298903543307087
20
0.7417129921259842
11
1.430030905511811
21
0.7424157086614173
0
LINE
8
BLACK
6
CONTINUOUS
10
1.430030905511811
20
0.7424157086614173
11
1.430030905511811
21
0.7431321653543307
0
LINE
8
BLACK
6
CONTINUOUS
10
1.430030905511811
20
0.7431321653543307
11
1.4302100393700787
21
0.7433113385826772
0
LINE
8
BLACK
6
CONTINUOUS
10
1.4302100393700787
20
0.7433113385826772
11
1.4302597244094488
21
0.7435596850393701
0
LINE
8
BLACK
6
CONTINUOUS
10
1.4302597244094488
20
0.7435596850393701
11
1.4309392913385826
21
0.744237874015748
0
LINE
8
BLACK
6
CONTINUOUS
10
1.4309392913385826
20
0.744237874015748
11
1.4355172440944881
21
0.7472898818897638
0
LINE
8
BLACK
6
CONTINUOUS
10
1.4355172440944881
20
0.7472898818897638
11
1.4382496062992125
21
0.7500222440944881
0
LINE
8
BLACK
6
CONTINUOUS
10
1.4382496062992125
20
0.7500222440944881
11
1.4396646456692912
21
0.7528522440944881
0
LINE
8
BLACK
6
CONTINUOUS
10
1.4396646456692912
20
0.7528522440944881
11
1.4402533070866141
21
0.7536107086614173
0
LINE
8
BLACK
6
CONTINUOUS
10
1.4402533070866141
20
0.7536107086614173
11
1.4420399212598425
21
0.7542062598425197
0
LINE
8
BLACK
6
CONTINUOUS
10
1.4420399212598425
20
0.7542062598425197
11
1.4437244094488189
21
0.7533640157480315
0
LINE
8
BLACK
6
CONTINUOUS
10
1.6963985826771653
20
0.7534562992125984
11
1.6968503937007873
21
0.7520669291338582
0
LINE
8
BLACK
6
CONTINUOUS
10
1.6968503937007873
20
0.7520669291338582
11
1.6968503937007873
21
0.7331692913385827
0
LINE
8
BLACK
6
CONTINUOUS
10
1.6968503937007873
20
0.7331692913385827
11
1.6961585039370077
21
0.7314989763779527
0
LINE
8
BLACK
6
CONTINUOUS
10
1.6961585039370077
20
0.7314989763779527
11
1.6944881889763779
21
0.7308070866141733
0
LINE
8
BLACK
6
CONTINUOUS
10
1.6944881889763779
20
0.7308070866141733
11
1.6930988188976377
21
0.7312588976377953
0
LINE
8
BLACK
6
CONTINUOUS
10
1.6930988188976377
20
0.7312588976377953
11
1.6801066929133859
21
0.7407077165354331
0
LINE
8
BLACK
6
CONTINUOUS
10
1.6801066929133859
20
0.7407077165354331
11
1.6791627559055118
21
0.7422496850393701
0
LINE
8
BLACK
6
CONTINUOUS
10
1.6791627559055118
20
0.7422496850393701
11
1.6795856692913385
21
0.7440074803149607
0
LINE
8
BLACK
6
CONTINUOUS
10
1.6795856692913385
20
0.7440074803149607
11
1.6801066929133859
21
0.7445285039370079
0
LINE
8
BLACK
6
CONTINUOUS
10
1.6801066929133859
20
0.7445285039370079
11
1.6930988188976377
21
0.7539773228346457
0
LINE
8
BLACK
6
CONTINUOUS
10
1.6930988188976377
20
0.7539773228346457
11
1.6948566141732284
21
0.7544002362204725
0
LINE
8
BLACK
6
CONTINUOUS
10
1.6948566141732284
20
0.7544002362204725
11
1.6963985826771653
21
0.7534562992125984
0
LINE
8
BLACK
6
CONTINUOUS
10
1.7917244094488189
20
0.7822350393700788
11
1.7923199212598424
21
0.7804484251968504
0
LINE
8
BLACK
6
CONTINUOUS
10
1.7923199212598424
20
0.7804484251968504
11
1.7920663779527559
21
0.7795224015748031
0
LINE
8
BLACK
6
CONTINUOUS
10
1.7920663779527559
20
0.7795224015748031
11
1.7904728346456693
21
0.7763352755905512
0
LINE
8
BLACK
6
CONTINUOUS
10
1.7904728346456693
20
0.7763352755905512
11
1.7902309448818898
21
0.7760236614173228
0
LINE
8
BLACK
6
CONTINUOUS
10
1.7902309448818898
20
0.7760236614173228
11
1.7900118897637796
21
0.775695748031496
0
LINE
8
BLACK
6
CONTINUOUS
10
1.7900118897637796
20
0.775695748031496
11
1.7878382677165354
21
0.7735221653543307
0
LINE
8
BLACK
6
CONTINUOUS
10
1.7878382677165354
20
0.7735221653543307
11
1.8113081496062993
21
0.7735221653543307
0
LINE
8
BLACK
6
CONTINUOUS
10
1.8113081496062993
20
0.7735221653543307
11
1.8113081496062993
21
0.7806228346456693
0
LINE
8
BLACK
6
CONTINUOUS
10
1.8113081496062993
20
0.7806228346456693
11
1.8114954724409449
21
0.7815644881889764
0
LINE
8
BLACK
6
CONTINUOUS
10
1.8114954724409449
20
0.7815644881889764
11
1.8128271259842519
21
0.7828961417322835
0
LINE
8
BLACK
6
CONTINUOUS
10
1.8128271259842519
20
0.7828961417322835
11
1.8147104330708661
21
0.7828961417322835
0
LINE
8
BLACK
6
CONTINUOUS
10
1.8147104330708661
20
0.7828961417322835
11
1.8160420866141731
21
0.7815644881889764
0
LINE
8
BLACK
6
CONTINUOUS
10
1.8160420866141731
20
0.7815644881889764
11
1.8162294094488189
21
0.7806228346456693
0
LINE
8
BLACK
6
CONTINUOUS
10
1.8162294094488189
20
0.7806228346456693
11
1.8162294094488189
21
0.7615001968503937
0
LINE
8
BLACK
6
CONTINUOUS
10
1.8162294094488189
20
0.7615001968503937
11
1.8160420866141731
21
0.7605585433070866
0
LINE
8
BLACK
6
CONTINUOUS
10
1.8160420866141731
20
0.7605585433070866
11
1.8147104330708661
21
0.7592268897637795
0
LINE
8
BLACK
6
CONTINUOUS
10
1.8147104330708661
20
0.7592268897637795
11
1.8128271259842519
21
0.7592268897637795
0
LINE
8
BLACK
6
CONTINUOUS
10
1.8128271259842519
20
0.7592268897637795
11
1.8114954724409449
21
0.7605585433070866
0
LINE
8
BLACK
6
CONTINUOUS
10
1.8114954724409449
20
0.7605585433070866
11
1.8113081496062993
21
0.7615001968503937
0
LINE
8
BLACK
6
CONTINUOUS
10
1.8113081496062993
20
0.7615001968503937
11
1.8113081496062993
21
0.768600905511811
0
LINE
8
BLACK
6
CONTINUOUS
10
1.8113081496062993
20
0.768600905511811
11
1.7803042125984252
21
0.768600905511811
0
LINE
8
BLACK
6
CONTINUOUS
10
1.7803042125984252
20
0.768600905511811
11
1.7793625590551181
21
0.7687882283464567
0
LINE
8
BLACK
6
CONTINUOUS
10
1.7793625590551181
20
0.7687882283464567
11
1.7791833858267716
21
0.7689674015748031
0
LINE
8
BLACK
6
CONTINUOUS
10
1.7791833858267716
20
0.7689674015748031
11
1.7789350393700787
21
0.7690170472440945
0
LINE
8
BLACK
6
CONTINUOUS
10
1.7789350393700787
20
0.7690170472440945
11
1.778537559055118
21
0.7696132283464566
0
LINE
8
BLACK
6
CONTINUOUS
10
1.778537559055118
20
0.7696132283464566
11
1.7780309055118111
21
0.7701198818897638
0
LINE
8
BLACK
6
CONTINUOUS
10
1.7780309055118111
20
0.7701198818897638
11
1.7780309055118111
21
0.7703732283464567
0
LINE
8
BLACK
6
CONTINUOUS
10
1.7780309055118111
20
0.7703732283464567
11
1.7778903543307085
21
0.7705840157480315
0
LINE
8
BLACK
6
CONTINUOUS
10
1.7778903543307085
20
0.7705840157480315
11
1.7780309055118111
21
0.7712867322834646
0
LINE
8
BLACK
6
CONTINUOUS
10
1.7780309055118111
20
0.7712867322834646
11
1.7780309055118111
21
0.772003188976378
0
LINE
8
BLACK
6
CONTINUOUS
10
1.7780309055118111
20
0.772003188976378
11
1.7782100393700786
21
0.7721823622047244
0
LINE
8
BLACK
6
CONTINUOUS
10
1.7782100393700786
20
0.7721823622047244
11
1.7782597244094487
21
0.7724307086614173
0
LINE
8
BLACK
6
CONTINUOUS
10
1.7782597244094487
20
0.7724307086614173
11
1.7789392913385826
21
0.7731088976377952
0
LINE
8
BLACK
6
CONTINUOUS
10
1.7789392913385826
20
0.7731088976377952
11
1.7835172440944882
21
0.7761609055118111
0
LINE
8
BLACK
6
CONTINUOUS
10
1.7835172440944882
20
0.7761609055118111
11
1.7862496062992126
21
0.7788932677165354
0
LINE
8
BLACK
6
CONTINUOUS
10
1.7862496062992126
20
0.7788932677165354
11
1.7876646456692913
21
0.7817232677165354
0
LINE
8
BLACK
6
CONTINUOUS
10
1.7876646456692913
20
0.7817232677165354
11
1.7882533070866142
21
0.7824817322834645
0
LINE
8
BLACK
6
CONTINUOUS
10
1.7882533070866142
20
0.7824817322834645
11
1.7900399212598426
21
0.783077283464567
0
LINE
8
BLACK
6
CONTINUOUS
10
1.7900399212598426
20
0.783077283464567
11
1.7917244094488189
21
0.7822350393700788
0
LINE
8
BLACK
6
CONTINUOUS
10
1.7055288582677166
20
0.7814970472440945
11
1.7057086614173227
21
0.7805930708661417
0
LINE
8
BLACK
6
CONTINUOUS
10
1.7057086614173227
20
0.7805930708661417
11
1.7057086614173227
21
0.7627140157480314
0
LINE
8
BLACK
6
CONTINUOUS
10
1.7057086614173227
20
0.7627140157480314
11
1.7055288582677166
21
0.7618100393700787
0
LINE
8
BLACK
6
CONTINUOUS
10
1.7055288582677166
20
0.7618100393700787
11
1.7042504330708661
21
0.7605316141732283
0
LINE
8
BLACK
6
CONTINUOUS
10
1.7042504330708661
20
0.7605316141732283
11
1.7024424803149605
21
0.7605316141732283
0
LINE
8
BLACK
6
CONTINUOUS
10
1.7024424803149605
20
0.7605316141732283
11
1.7011640551181102
21
0.7618100393700787
0
LINE
8
BLACK
6
CONTINUOUS
10
1.7011640551181102
20
0.7618100393700787
11
1.7009842519685039
21
0.7627140157480314
0
LINE
8
BLACK
6
CONTINUOUS
10
1.7009842519685039
20
0.7627140157480314
11
1.7009842519685039
21
0.7805930708661417
0
LINE
8
BLACK
6
CONTINUOUS
10
1.7009842519685039
20
0.7805930708661417
11
1.7011640551181102
21
0.7814970472440945
0
LINE
8
BLACK
6
CONTINUOUS
10
1.7011640551181102
20
0.7814970472440945
11
1.7024424803149605
21
0.7827754724409449
0
LINE
8
BLACK
6
CONTINUOUS
10
1.7024424803149605
20
0.7827754724409449
11
1.7042504330708661
21
0.7827754724409449
0
LINE
8
BLACK
6
CONTINUOUS
10
1.7042504330708661
20
0.7827754724409449
11
1.7055288582677166
21
0.7814970472440945
0
LINE
8
BLACK
6
CONTINUOUS
10
1.7634028740157479
20
0.7814970472440945
11
1.7635826771653542
21
0.7805930708661417
0
LINE
8
BLACK
6
CONTINUOUS
10
1.7635826771653542
20
0.7805930708661417
11
1.7635826771653542
21
0.7627140157480314
0
LINE
8
BLACK
6
CONTINUOUS
10
1.7635826771653542
20
0.7627140157480314
11
1.7634028740157479
21
0.7618100393700787
0
LINE
8
BLACK
6
CONTINUOUS
10
1.7634028740157479
20
0.7618100393700787
11
1.7621244488188976
21
0.7605316141732283
0
LINE
8
BLACK
6
CONTINUOUS
10
1.7621244488188976
20
0.7605316141732283
11
1.760316496062992
21
0.7605316141732283
0
LINE
8
BLACK
6
CONTINUOUS
10
1.760316496062992
20
0.7605316141732283
11
1.7590380708661417
21
0.7618100393700787
0
LINE
8
BLACK
6
CONTINUOUS
10
1.7590380708661417
20
0.7618100393700787
11
1.7588582677165354
21
0.7627140157480314
0
LINE
8
BLACK
6
CONTINUOUS
10
1.7588582677165354
20
0.7627140157480314
11
1.7588582677165354
21
0.7805930708661417
0
LINE
8
BLACK
6
CONTINUOUS
10
1.7588582677165354
20
0.7805930708661417
11
1.7590380708661417
21
0.7814970472440945
0
LINE
8
BLACK
6
CONTINUOUS
10
1.7590380708661417
20
0.7814970472440945
11
1.760316496062992
21
0.7827754724409449
0
LINE
8
BLACK
6
CONTINUOUS
10
1.760316496062992
20
0.7827754724409449
11
1.7621244488188976
21
0.7827754724409449
0
LINE
8
BLACK
6
CONTINUOUS
10
1.7621244488188976
20
0.7827754724409449
11
1.7634028740157479
21
0.7814970472440945
0
LINE
8
BLACK
6
CONTINUOUS
10
1.5628123228346456
20
0.8148803543307086
11
1.5629921259842519
21
0.8139763779527559
0
LINE
8
BLACK
6
CONTINUOUS
10
1.5629921259842519
20
0.8139763779527559
11
1.5629921259842519
21
0.7883858267716535
0
LINE
8
BLACK
6
CONTINUOUS
10
1.5629921259842519
20
0.7883858267716535
11
1.5629921259842519
21
0.7627952755905512
0
LINE
8
BLACK
6
CONTINUOUS
10
1.5629921259842519
20
0.7627952755905512
11
1.5628123228346456
21
0.7618912992125985
0
LINE
8
BLACK
6
CONTINUOUS
10
1.5628123228346456
20
0.7618912992125985
11
1.5615338976377953
21
0.7606128740157481
0
LINE
8
BLACK
6
CONTINUOUS
10
1.5615338976377953
20
0.7606128740157481
11
1.5597259448818896
21
0.7606128740157481
0
LINE
8
BLACK
6
CONTINUOUS
10
1.5597259448818896
20
0.7606128740157481
11
1.5584475196850394
21
0.7618912992125985
0
LINE
8
BLACK
6
CONTINUOUS
10
1.5584475196850394
20
0.7618912992125985
11
1.5582677165354331
21
0.7627952755905512
0
LINE
8
BLACK
6
CONTINUOUS
10
1.5582677165354331
20
0.7627952755905512
11
1.5582677165354331
21
0.7883858267716535
0
LINE
8
BLACK
6
CONTINUOUS
10
1.5582677165354331
20
0.7883858267716535
11
1.5582677165354331
21
0.8139763779527559
0
LINE
8
BLACK
6
CONTINUOUS
10
1.5582677165354331
20
0.8139763779527559
11
1.5584475196850394
21
0.8148803543307086
0
LINE
8
BLACK
6
CONTINUOUS
10
1.5584475196850394
20
0.8148803543307086
11
1.5597259448818896
21
0.816158779527559
0
LINE
8
BLACK
6
CONTINUOUS
10
1.5597259448818896
20
0.816158779527559
11
1.5615338976377953
21
0.816158779527559
0
LINE
8
BLACK
6
CONTINUOUS
10
1.5615338976377953
20
0.816158779527559
11
1.5628123228346456
21
0.8148803543307086
0
LINE
8
BLACK
6
CONTINUOUS
10
1.685646968503937
20
0.8148803543307086
11
1.6858267716535433
21
0.8139763779527559
0
LINE
8
BLACK
6
CONTINUOUS
10
1.6858267716535433
20
0.8139763779527559
11
1.6858267716535433
21
0.7883858267716535
0
LINE
8
BLACK
6
CONTINUOUS
10
1.6858267716535433
20
0.7883858267716535
11
1.6858267716535433
21
0.7627952755905512
0
LINE
8
BLACK
6
CONTINUOUS
10
1.6858267716535433
20
0.7627952755905512
11
1.685646968503937
21
0.7618912992125985
0
LINE
8
BLACK
6
CONTINUOUS
10
1.685646968503937
20
0.7618912992125985
11
1.6843685433070865
21
0.7606128740157481
0
LINE
8
BLACK
6
CONTINUOUS
10
1.6843685433070865
20
0.7606128740157481
11
1.6825605905511811
21
0.7606128740157481
0
LINE
8
BLACK
6
CONTINUOUS
10
1.6825605905511811
20
0.7606128740157481
11
1.6812821653543306
21
0.7618912992125985
0
LINE
8
BLACK
6
CONTINUOUS
10
1.6812821653543306
20
0.7618912992125985
11
1.6811023622047243
21
0.7627952755905512
0
LINE
8
BLACK
6
CONTINUOUS
10
1.6811023622047243
20
0.7627952755905512
11
1.6811023622047243
21
0.7883858267716535
0
LINE
8
BLACK
6
CONTINUOUS
10
1.6811023622047243
20
0.7883858267716535
11
1.6811023622047243
21
0.8139763779527559
0
LINE
8
BLACK
6
CONTINUOUS
10
1.6811023622047243
20
0.8139763779527559
11
1.6812821653543306
21
0.8148803543307086
0
LINE
8
BLACK
6
CONTINUOUS
10
1.6812821653543306
20
0.8148803543307086
11
1.6825605905511811
21
0.816158779527559
0
LINE
8
BLACK
6
CONTINUOUS
10
1.6825605905511811
20
0.816158779527559
11
1.6843685433070865
21
0.816158779527559
0
LINE
8
BLACK
6
CONTINUOUS
10
1.6843685433070865
20
0.816158779527559
11
1.685646968503937
21
0.8148803543307086
0
LINE
8
BLACK
6
CONTINUOUS
10
1.4437244094488189
20
0.7852350393700788
11
1.4443199212598425
21
0.7834484251968504
0
LINE
8
BLACK
6
CONTINUOUS
10
1.4443199212598425
20
0.7834484251968504
11
1.4440663779527558
21
0.7825224015748031
0
LINE
8
BLACK
6
CONTINUOUS
10
1.4440663779527558
20
0.7825224015748031
11
1.4424728346456692
21
0.7793352755905512
0
LINE
8
BLACK
6
CONTINUOUS
10
1.4424728346456692
20
0.7793352755905512
11
1.4422309448818897
21
0.7790236614173228
0
LINE
8
BLACK
6
CONTINUOUS
10
1.4422309448818897
20
0.7790236614173228
11
1.4420118897637795
21
0.778695748031496
0
LINE
8
BLACK
6
CONTINUOUS
10
1.4420118897637795
20
0.778695748031496
11
1.4398382677165353
21
0.7765221653543307
0
LINE
8
BLACK
6
CONTINUOUS
10
1.4398382677165353
20
0.7765221653543307
11
1.4633081496062992
21
0.7765221653543307
0
LINE
8
BLACK
6
CONTINUOUS
10
1.4633081496062992
20
0.7765221653543307
11
1.4633081496062992
21
0.7836228346456693
0
LINE
8
BLACK
6
CONTINUOUS
10
1.4633081496062992
20
0.7836228346456693
11
1.4634954724409448
21
0.7845644881889764
0
LINE
8
BLACK
6
CONTINUOUS
10
1.4634954724409448
20
0.7845644881889764
11
1.464827125984252
21
0.7858961417322834
0
LINE
8
BLACK
6
CONTINUOUS
10
1.464827125984252
20
0.7858961417322834
11
1.466710433070866
21
0.7858961417322834
0
LINE
8
BLACK
6
CONTINUOUS
10
1.466710433070866
20
0.7858961417322834
11
1.4680420866141732
21
0.7845644881889764
0
LINE
8
BLACK
6
CONTINUOUS
10
1.4680420866141732
20
0.7845644881889764
11
1.4682294094488189
21
0.7836228346456693
0
LINE
8
BLACK
6
CONTINUOUS
10
1.4682294094488189
20
0.7836228346456693
11
1.4682294094488189
21
0.7645001968503937
0
LINE
8
BLACK
6
CONTINUOUS
10
1.4682294094488189
20
0.7645001968503937
11
1.4680420866141732
21
0.7635585433070866
0
LINE
8
BLACK
6
CONTINUOUS
10
1.4680420866141732
20
0.7635585433070866
11
1.466710433070866
21
0.7622268897637795
0
LINE
8
BLACK
6
CONTINUOUS
10
1.466710433070866
20
0.7622268897637795
11
1.464827125984252
21
0.7622268897637795
0
LINE
8
BLACK
6
CONTINUOUS
10
1.464827125984252
20
0.7622268897637795
11
1.4634954724409448
21
0.7635585433070866
0
LINE
8
BLACK
6
CONTINUOUS
10
1.4634954724409448
20
0.7635585433070866
11
1.4633081496062992
21
0.7645001968503937
0
LINE
8
BLACK
6
CONTINUOUS
10
1.4633081496062992
20
0.7645001968503937
11
1.4633081496062992
21
0.771600905511811
0
LINE
8
BLACK
6
CONTINUOUS
10
1.4633081496062992
20
0.771600905511811
11
1.4323042125984251
21
0.771600905511811
0
LINE
8
BLACK
6
CONTINUOUS
10
1.4323042125984251
20
0.771600905511811
11
1.431362559055118
21
0.7717882283464567
0
LINE
8
BLACK
6
CONTINUOUS
10
1.431362559055118
20
0.7717882283464567
11
1.4311833858267715
21
0.7719674015748031
0
LINE
8
BLACK
6
CONTINUOUS
10
1.4311833858267715
20
0.7719674015748031
11
1.4309350393700786
21
0.7720170472440945
0
LINE
8
BLACK
6
CONTINUOUS
10
1.4309350393700786
20
0.7720170472440945
11
1.4305375590551181
21
0.7726132283464566
0
LINE
8
BLACK
6
CONTINUOUS
10
1.4305375590551181
20
0.7726132283464566
11
1.430030905511811
21
0.7731198818897638
0
LINE
8
BLACK
6
CONTINUOUS
10
1.430030905511811
20
0.7731198818897638
11
1.430030905511811
21
0.7733732283464567
0
LINE
8
BLACK
6
CONTINUOUS
10
1.430030905511811
20
0.7733732283464567
11
1.4298903543307087
21
0.7735840157480315
0
LINE
8
BLACK
6
CONTINUOUS
10
1.4298903543307087
20
0.7735840157480315
11
1.430030905511811
21
0.7742867322834646
0
LINE
8
BLACK
6
CONTINUOUS
10
1.430030905511811
20
0.7742867322834646
11
1.430030905511811
21
0.775003188976378
0
LINE
8
BLACK
6
CONTINUOUS
10
1.430030905511811
20
0.775003188976378
11
1.4302100393700787
21
0.7751823622047244
0
LINE
8
BLACK
6
CONTINUOUS
10
1.4302100393700787
20
0.7751823622047244
11
1.4302597244094488
21
0.7754307086614173
0
LINE
8
BLACK
6
CONTINUOUS
10
1.4302597244094488
20
0.7754307086614173
11
1.4309392913385826
21
0.7761088976377952
0
LINE
8
BLACK
6
CONTINUOUS
10
1.4309392913385826
20
0.7761088976377952
11
1.4355172440944881
21
0.7791609055118111
0
LINE
8
BLACK
6
CONTINUOUS
10
1.4355172440944881
20
0.7791609055118111
11
1.4382496062992125
21
0.7818932677165354
0
LINE
8
BLACK
6
CONTINUOUS
10
1.4382496062992125
20
0.7818932677165354
11
1.4396646456692912
21
0.7847232677165354
0
LINE
8
BLACK
6
CONTINUOUS
10
1.4396646456692912
20
0.7847232677165354
11
1.4402533070866141
21
0.7854817322834645
0
LINE
8
BLACK
6
CONTINUOUS
10
1.4402533070866141
20
0.7854817322834645
11
1.4420399212598425
21
0.786077283464567
0
LINE
8
BLACK
6
CONTINUOUS
10
1.4420399212598425
20
0.786077283464567
11
1.4437244094488189
21
0.7852350393700788
0
LINE
8
BLACK
6
CONTINUOUS
10
1.4850564173228347
20
0.7859261811023622
11
1.485236220472441
21
0.7850222047244094
0
LINE
8
BLACK
6
CONTINUOUS
10
1.485236220472441
20
0.7850222047244094
11
1.485236220472441
21
0.7671431496062991
0
LINE
8
BLACK
6
CONTINUOUS
10
1.485236220472441
20
0.7671431496062991
11
1.4850564173228347
21
0.7662391732283464
0
LINE
8
BLACK
6
CONTINUOUS
10
1.4850564173228347
20
0.7662391732283464
11
1.4837779921259842
21
0.7649607480314961
0
LINE
8
BLACK
6
CONTINUOUS
10
1.4837779921259842
20
0.7649607480314961
11
1.4819700393700788
21
0.7649607480314961
0
LINE
8
BLACK
6
CONTINUOUS
10
1.4819700393700788
20
0.7649607480314961
11
1.4806916141732283
21
0.7662391732283464
0
LINE
8
BLACK
6
CONTINUOUS
10
1.4806916141732283
20
0.7662391732283464
11
1.4805118110236219
21
0.7671431496062991
0
LINE
8
BLACK
6
CONTINUOUS
10
1.4805118110236219
20
0.7671431496062991
11
1.4805118110236219
21
0.7850222047244094
0
LINE
8
BLACK
6
CONTINUOUS
10
1.4805118110236219
20
0.7850222047244094
11
1.4806916141732283
21
0.7859261811023622
0
LINE
8
BLACK
6
CONTINUOUS
10
1.4806916141732283
20
0.7859261811023622
11
1.4819700393700788
21
0.7872046062992126
0
LINE
8
BLACK
6
CONTINUOUS
10
1.4819700393700788
20
0.7872046062992126
11
1.4837779921259842
21
0.7872046062992126
0
LINE
8
BLACK
6
CONTINUOUS
10
1.4837779921259842
20
0.7872046062992126
11
1.4850564173228347
21
0.7859261811023622
0
LINE
8
BLACK
6
CONTINUOUS
10
1.5429304330708662
20
0.7859261811023622
11
1.5431102362204725
21
0.7850222047244094
0
LINE
8
BLACK
6
CONTINUOUS
10
1.5431102362204725
20
0.7850222047244094
11
1.5431102362204725
21
0.7671431496062991
0
LINE
8
BLACK
6
CONTINUOUS
10
1.5431102362204725
20
0.7671431496062991
11
1.5429304330708662
21
0.7662391732283464
0
LINE
8
BLACK
6
CONTINUOUS
10
1.5429304330708662
20
0.7662391732283464
11
1.5416520078740157
21
0.7649607480314961
0
LINE
8
BLACK
6
CONTINUOUS
10
1.5416520078740157
20
0.7649607480314961
11
1.5398440551181103
21
0.7649607480314961
0
LINE
8
BLACK
6
CONTINUOUS
10
1.5398440551181103
20
0.7649607480314961
11
1.5385656299212598
21
0.7662391732283464
0
LINE
8
BLACK
6
CONTINUOUS
10
1.5385656299212598
20
0.7662391732283464
11
1.5383858267716535
21
0.7671431496062991
0
LINE
8
BLACK
6
CONTINUOUS
10
1.5383858267716535
20
0.7671431496062991
11
1.5383858267716535
21
0.7850222047244094
0
LINE
8
BLACK
6
CONTINUOUS
10
1.5383858267716535
20
0.7850222047244094
11
1.5385656299212598
21
0.7859261811023622
0
LINE
8
BLACK
6
CONTINUOUS
10
1.5385656299212598
20
0.7859261811023622
11
1.5398440551181103
21
0.7872046062992126
0
LINE
8
BLACK
6
CONTINUOUS
10
1.5398440551181103
20
0.7872046062992126
11
1.5416520078740157
21
0.7872046062992126
0
LINE
8
BLACK
6
CONTINUOUS
10
1.5416520078740157
20
0.7872046062992126
11
1.5429304330708662
21
0.7859261811023622
0
LINE
8
BLACK
6
CONTINUOUS
10
1.2330879133858268
20
0.8011820866141732
11
1.2332677165354331
21
0.8002781102362204
0
LINE
8
BLACK
6
CONTINUOUS
10
1.2332677165354331
20
0.8002781102362204
11
1.2332677165354331
21
0.7823990551181103
0
LINE
8
BLACK
6
CONTINUOUS
10
1.2332677165354331
20
0.7823990551181103
11
1.2330879133858268
21
0.7814950787401574
0
LINE
8
BLACK
6
CONTINUOUS
10
1.2330879133858268
20
0.7814950787401574
11
1.2318094881889763
21
0.780216653543307
0
LINE
8
BLACK
6
CONTINUOUS
10
1.2318094881889763
20
0.780216653543307
11
1.2300015354330709
21
0.780216653543307
0
LINE
8
BLACK
6
CONTINUOUS
10
1.2300015354330709
20
0.780216653543307
11
1.2287231102362204
21
0.7814950787401574
0
LINE
8
BLACK
6
CONTINUOUS
10
1.2287231102362204
20
0.7814950787401574
11
1.2285433070866141
21
0.7823990551181103
0
LINE
8
BLACK
6
CONTINUOUS
10
1.2285433070866141
20
0.7823990551181103
11
1.2285433070866141
21
0.8002781102362204
0
LINE
8
BLACK
6
CONTINUOUS
10
1.2285433070866141
20
0.8002781102362204
11
1.2287231102362204
21
0.8011820866141732
0
LINE
8
BLACK
6
CONTINUOUS
10
1.2287231102362204
20
0.8011820866141732
11
1.2300015354330709
21
0.8024605118110236
0
LINE
8
BLACK
6
CONTINUOUS
10
1.2300015354330709
20
0.8024605118110236
11
1.2318094881889763
21
0.8024605118110236
0
LINE
8
BLACK
6
CONTINUOUS
10
1.2318094881889763
20
0.8024605118110236
11
1.2330879133858268
21
0.8011820866141732
0
LINE
8
BLACK
6
CONTINUOUS
10
1.2909619291338583
20
0.8011820866141732
11
1.2911417322834646
21
0.8002781102362204
0
LINE
8
BLACK
6
CONTINUOUS
10
1.2911417322834646
20
0.8002781102362204
11
1.2911417322834646
21
0.7823990551181103
0
LINE
8
BLACK
6
CONTINUOUS
10
1.2911417322834646
20
0.7823990551181103
11
1.2909619291338583
21
0.7814950787401574
0
LINE
8
BLACK
6
CONTINUOUS
10
1.2909619291338583
20
0.7814950787401574
11
1.2896835039370078
21
0.780216653543307
0
LINE
8
BLACK
6
CONTINUOUS
10
1.2896835039370078
20
0.780216653543307
11
1.2878755511811024
21
0.780216653543307
0
LINE
8
BLACK
6
CONTINUOUS
10
1.2878755511811024
20
0.780216653543307
11
1.2865971259842519
21
0.7814950787401574
0
LINE
8
BLACK
6
CONTINUOUS
10
1.2865971259842519
20
0.7814950787401574
11
1.2864173228346456
21
0.7823990551181103
0
LINE
8
BLACK
6
CONTINUOUS
10
1.2864173228346456
20
0.7823990551181103
11
1.2864173228346456
21
0.8002781102362204
0
LINE
8
BLACK
6
CONTINUOUS
10
1.2864173228346456
20
0.8002781102362204
11
1.2865971259842519
21
0.8011820866141732
0
LINE
8
BLACK
6
CONTINUOUS
10
1.2865971259842519
20
0.8011820866141732
11
1.2878755511811024
21
0.8024605118110236
0
LINE
8
BLACK
6
CONTINUOUS
10
1.2878755511811024
20
0.8024605118110236
11
1.2896835039370078
21
0.8024605118110236
0
LINE
8
BLACK
6
CONTINUOUS
10
1.2896835039370078
20
0.8024605118110236
11
1.2909619291338583
21
0.8011820866141732
0
LINE
8
BLACK
6
CONTINUOUS
10
1.3118280708661416
20
0.8011820866141732
11
1.3120078740157479
21
0.8002781102362204
0
LINE
8
BLACK
6
CONTINUOUS
10
1.3120078740157479
20
0.8002781102362204
11
1.3120078740157479
21
0.7823990551181103
0
LINE
8
BLACK
6
CONTINUOUS
10
1.3120078740157479
20
0.7823990551181103
11
1.3118280708661416
21
0.7814950787401574
0
LINE
8
BLACK
6
CONTINUOUS
10
1.3118280708661416
20
0.7814950787401574
11
1.3105496456692913
21
0.780216653543307
0
LINE
8
BLACK
6
CONTINUOUS
10
1.3105496456692913
20
0.780216653543307
11
1.3087416929133857
21
0.780216653543307
0
LINE
8
BLACK
6
CONTINUOUS
10
1.3087416929133857
20
0.780216653543307
11
1.3074632677165354
21
0.7814950787401574
0
LINE
8
BLACK
6
CONTINUOUS
10
1.3074632677165354
20
0.7814950787401574
11
1.3072834645669291
21
0.7823990551181103
0
LINE
8
BLACK
6
CONTINUOUS
10
1.3072834645669291
20
0.7823990551181103
11
1.3072834645669291
21
0.8002781102362204
0
LINE
8
BLACK
6
CONTINUOUS
10
1.3072834645669291
20
0.8002781102362204
11
1.3074632677165354
21
0.8011820866141732
0
LINE
8
BLACK
6
CONTINUOUS
10
1.3074632677165354
20
0.8011820866141732
11
1.3087416929133857
21
0.8024605118110236
0
LINE
8
BLACK
6
CONTINUOUS
10
1.3087416929133857
20
0.8024605118110236
11
1.3105496456692913
21
0.8024605118110236
0
LINE
8
BLACK
6
CONTINUOUS
10
1.3105496456692913
20
0.8024605118110236
11
1.3118280708661416
21
0.8011820866141732
0
LINE
8
BLACK
6
CONTINUOUS
10
1.3697020866141731
20
0.8011820866141732
11
1.3698818897637794
21
0.8002781102362204
0
LINE
8
BLACK
6
CONTINUOUS
10
1.3698818897637794
20
0.8002781102362204
11
1.3698818897637794
21
0.7823990551181103
0
LINE
8
BLACK
6
CONTINUOUS
10
1.3698818897637794
20
0.7823990551181103
11
1.3697020866141731
21
0.7814950787401574
0
LINE
8
BLACK
6
CONTINUOUS
10
1.3697020866141731
20
0.7814950787401574
11
1.3684236614173229
21
0.780216653543307
0
LINE
8
BLACK
6
CONTINUOUS
10
1.3684236614173229
20
0.780216653543307
11
1.3666157086614172
21
0.780216653543307
0
LINE
8
BLACK
6
CONTINUOUS
10
1.3666157086614172
20
0.780216653543307
11
1.365337283464567
21
0.7814950787401574
0
LINE
8
BLACK
6
CONTINUOUS
10
1.365337283464567
20
0.7814950787401574
11
1.3651574803149606
21
0.7823990551181103
0
LINE
8
BLACK
6
CONTINUOUS
10
1.3651574803149606
20
0.7823990551181103
11
1.3651574803149606
21
0.8002781102362204
0
LINE
8
BLACK
6
CONTINUOUS
10
1.3651574803149606
20
0.8002781102362204
11
1.365337283464567
21
0.8011820866141732
0
LINE
8
BLACK
6
CONTINUOUS
10
1.365337283464567
20
0.8011820866141732
11
1.3666157086614172
21
0.8024605118110236
0
LINE
8
BLACK
6
CONTINUOUS
10
1.3666157086614172
20
0.8024605118110236
11
1.3684236614173229
21
0.8024605118110236
0
LINE
8
BLACK
6
CONTINUOUS
10
1.3684236614173229
20
0.8024605118110236
11
1.3697020866141731
21
0.8011820866141732
0
LINE
8
BLACK
6
CONTINUOUS
10
0.5657244094488189
20
0.8042995275590551
11
0.5663199212598425
21
0.8025129133858268
0
LINE
8
BLACK
6
CONTINUOUS
10
0.5663199212598425
20
0.8025129133858268
11
0.5660663779527559
21
0.8015868897637796
0
LINE
8
BLACK
6
CONTINUOUS
10
0.5660663779527559
20
0.8015868897637796
11
0.5644728346456693
21
0.7983997637795276
0
LINE
8
BLACK
6
CONTINUOUS
10
0.5644728346456693
20
0.7983997637795276
11
0.5642309448818897
21
0.7980881496062991
0
LINE
8
BLACK
6
CONTINUOUS
10
0.5642309448818897
20
0.7980881496062991
11
0.5640118897637795
21
0.7977602362204724
0
LINE
8
BLACK
6
CONTINUOUS
10
0.5640118897637795
20
0.7977602362204724
11
0.5618382677165354
21
0.795586653543307
0
LINE
8
BLACK
6
CONTINUOUS
10
0.5618382677165354
20
0.795586653543307
11
0.5853081496062992
21
0.795586653543307
0
LINE
8
BLACK
6
CONTINUOUS
10
0.5853081496062992
20
0.795586653543307
11
0.5853081496062992
21
0.8026873228346456
0
LINE
8
BLACK
6
CONTINUOUS
10
0.5853081496062992
20
0.8026873228346456
11
0.5854954724409449
21
0.8036289763779527
0
LINE
8
BLACK
6
CONTINUOUS
10
0.5854954724409449
20
0.8036289763779527
11
0.5868271259842519
21
0.8049606299212598
0
LINE
8
BLACK
6
CONTINUOUS
10
0.5868271259842519
20
0.8049606299212598
11
0.5887104330708661
21
0.8049606299212598
0
LINE
8
BLACK
6
CONTINUOUS
10
0.5887104330708661
20
0.8049606299212598
11
0.5900420866141732
21
0.8036289763779527
0
LINE
8
BLACK
6
CONTINUOUS
10
0.5900420866141732
20
0.8036289763779527
11
0.5902294094488189
21
0.8026873228346456
0
LINE
8
BLACK
6
CONTINUOUS
10
0.5902294094488189
20
0.8026873228346456
11
0.5902294094488189
21
0.78356468503937
0
LINE
8
BLACK
6
CONTINUOUS
10
0.5902294094488189
20
0.78356468503937
11
0.5900420866141732
21
0.7826230314960629
0
LINE
8
BLACK
6
CONTINUOUS
10
0.5900420866141732
20
0.7826230314960629
11
0.5887104330708661
21
0.7812913779527559
0
LINE
8
BLACK
6
CONTINUOUS
10
0.5887104330708661
20
0.7812913779527559
11
0.5868271259842519
21
0.7812913779527559
0
LINE
8
BLACK
6
CONTINUOUS
10
0.5868271259842519
20
0.7812913779527559
11
0.5854954724409449
21
0.7826230314960629
0
LINE
8
BLACK
6
CONTINUOUS
10
0.5854954724409449
20
0.7826230314960629
11
0.5853081496062992
21
0.78356468503937
0
LINE
8
BLACK
6
CONTINUOUS
10
0.5853081496062992
20
0.78356468503937
11
0.5853081496062992
21
0.7906653937007874
0
LINE
8
BLACK
6
CONTINUOUS
10
0.5853081496062992
20
0.7906653937007874
11
0.5543042125984252
21
0.7906653937007874
0
LINE
8
BLACK
6
CONTINUOUS
10
0.5543042125984252
20
0.7906653937007874
11
0.5533625590551181
21
0.7908527165354331
0
LINE
8
BLACK
6
CONTINUOUS
10
0.5533625590551181
20
0.7908527165354331
11
0.5531833858267716
21
0.7910318897637795
0
LINE
8
BLACK
6
CONTINUOUS
10
0.5531833858267716
20
0.7910318897637795
11
0.5529350393700787
21
0.7910815354330708
0
LINE
8
BLACK
6
CONTINUOUS
10
0.5529350393700787
20
0.7910815354330708
11
0.5525375590551181
21
0.7916777165354331
0
LINE
8
BLACK
6
CONTINUOUS
10
0.5525375590551181
20
0.7916777165354331
11
0.552030905511811
21
0.7921843700787401
0
LINE
8
BLACK
6
CONTINUOUS
10
0.552030905511811
20
0.7921843700787401
11
0.552030905511811
21
0.792437716535433
0
LINE
8
BLACK
6
CONTINUOUS
10
0.552030905511811
20
0.792437716535433
11
0.5518903543307087
21
0.7926485039370078
0
LINE
8
BLACK
6
CONTINUOUS
10
0.5518903543307087
20
0.7926485039370078
11
0.552030905511811
21
0.7933512204724409
0
LINE
8
BLACK
6
CONTINUOUS
10
0.552030905511811
20
0.7933512204724409
11
0.552030905511811
21
0.7940676771653543
0
LINE
8
BLACK
6
CONTINUOUS
10
0.552030905511811
20
0.7940676771653543
11
0.5522100393700787
21
0.7942468503937008
0
LINE
8
BLACK
6
CONTINUOUS
10
0.5522100393700787
20
0.7942468503937008
11
0.5522597244094488
21
0.7944951968503937
0
LINE
8
BLACK
6
CONTINUOUS
10
0.5522597244094488
20
0.7944951968503937
11
0.5529392913385827
21
0.7951733858267717
0
LINE
8
BLACK
6
CONTINUOUS
10
0.5529392913385827
20
0.7951733858267717
11
0.5575172440944882
21
0.7982253937007874
0
LINE
8
BLACK
6
CONTINUOUS
10
0.5575172440944882
20
0.7982253937007874
11
0.5602496062992126
21
0.8009577559055118
0
LINE
8
BLACK
6
CONTINUOUS
10
0.5602496062992126
20
0.8009577559055118
11
0.5616646456692913
21
0.8037877559055118
0
LINE
8
BLACK
6
CONTINUOUS
10
0.5616646456692913
20
0.8037877559055118
11
0.5622533070866141
21
0.804546220472441
0
LINE
8
BLACK
6
CONTINUOUS
10
0.5622533070866141
20
0.804546220472441
11
0.5640399212598425
21
0.8051417716535433
0
LINE
8
BLACK
6
CONTINUOUS
10
0.5640399212598425
20
0.8051417716535433
11
0.5657244094488189
21
0.8042995275590551
0
LINE
8
BLACK
6
CONTINUOUS
10
0.7091545275590551
20
0.7901745275590552
11
0.7104329527559055
21
0.7888961023622048
0
LINE
8
BLACK
6
CONTINUOUS
10
0.7104329527559055
20
0.7888961023622048
11
0.7104329527559055
21
0.7870881496062992
0
LINE
8
BLACK
6
CONTINUOUS
10
0.7104329527559055
20
0.7870881496062992
11
0.7091545275590551
21
0.7858097244094489
0
LINE
8
BLACK
6
CONTINUOUS
10
0.7091545275590551
20
0.7858097244094489
11
0.7082505511811024
21
0.7856299212598425
0
LINE
8
BLACK
6
CONTINUOUS
10
0.7082505511811024
20
0.7856299212598425
11
0.6903714960629921
21
0.7856299212598425
0
LINE
8
BLACK
6
CONTINUOUS
10
0.6903714960629921
20
0.7856299212598425
11
0.6894675196850394
21
0.7858097244094489
0
LINE
8
BLACK
6
CONTINUOUS
10
0.6894675196850394
20
0.7858097244094489
11
0.688189094488189
21
0.7870881496062992
0
LINE
8
BLACK
6
CONTINUOUS
10
0.688189094488189
20
0.7870881496062992
11
0.688189094488189
21
0.7888961023622048
0
LINE
8
BLACK
6
CONTINUOUS
10
0.688189094488189
20
0.7888961023622048
11
0.6894675196850394
21
0.7901745275590552
0
LINE
8
BLACK
6
CONTINUOUS
10
0.6894675196850394
20
0.7901745275590552
11
0.6903714960629921
21
0.7903543307086613
0
LINE
8
BLACK
6
CONTINUOUS
10
0.6903714960629921
20
0.7903543307086613
11
0.7082505511811024
21
0.7903543307086613
0
LINE
8
BLACK
6
CONTINUOUS
10
0.7082505511811024
20
0.7903543307086613
11
0.7091545275590551
21
0.7901745275590552
0
LINE
8
BLACK
6
CONTINUOUS
10
1.8147104330708661
20
0.8147671653543307
11
1.8160420866141731
21
0.8134355118110236
0
LINE
8
BLACK
6
CONTINUOUS
10
1.8160420866141731
20
0.8134355118110236
11
1.8160420866141731
21
0.8115522047244095
0
LINE
8
BLACK
6
CONTINUOUS
10
1.8160420866141731
20
0.8115522047244095
11
1.8147104330708661
21
0.8102205511811024
0
LINE
8
BLACK
6
CONTINUOUS
10
1.8147104330708661
20
0.8102205511811024
11
1.813768779527559
21
0.8100332283464566
0
LINE
8
BLACK
6
CONTINUOUS
10
1.813768779527559
20
0.8100332283464566
11
1.8002938976377951
21
0.8100332283464566
0
LINE
8
BLACK
6
CONTINUOUS
10
1.8002938976377951
20
0.8100332283464566
11
1.8002938976377951
21
0.8058072440944881
0
LINE
8
BLACK
6
CONTINUOUS
10
1.8002938976377951
20
0.8058072440944881
11
1.815179842519685
21
0.7953870472440945
0
LINE
8
BLACK
6
CONTINUOUS
10
1.815179842519685
20
0.7953870472440945
11
1.8158438582677165
21
0.7946935826771654
0
LINE
8
BLACK
6
CONTINUOUS
10
1.8158438582677165
20
0.7946935826771654
11
1.8161711417322834
21
0.7928390157480315
0
LINE
8
BLACK
6
CONTINUOUS
10
1.8161711417322834
20
0.7928390157480315
11
1.8150911417322835
21
0.7912961417322835
0
LINE
8
BLACK
6
CONTINUOUS
10
1.8150911417322835
20
0.7912961417322835
11
1.8132365354330708
21
0.7909688582677166
0
LINE
8
BLACK
6
CONTINUOUS
10
1.8132365354330708
20
0.7909688582677166
11
1.8123576771653542
21
0.7913553937007873
0
LINE
8
BLACK
6
CONTINUOUS
10
1.8123576771653542
20
0.7913553937007873
11
1.8002938976377951
21
0.7998000787401575
0
LINE
8
BLACK
6
CONTINUOUS
10
1.8002938976377951
20
0.7998000787401575
11
1.8002938976377951
21
0.7997454330708661
0
LINE
8
BLACK
6
CONTINUOUS
10
1.8002938976377951
20
0.7997454330708661
11
1.800269842519685
21
0.7996245275590551
0
LINE
8
BLACK
6
CONTINUOUS
10
1.800269842519685
20
0.7996245275590551
11
1.8002876771653542
21
0.7995710236220472
0
LINE
8
BLACK
6
CONTINUOUS
10
1.8002876771653542
20
0.7995710236220472
11
1.8001835039370078
21
0.7991907086614173
0
LINE
8
BLACK
6
CONTINUOUS
10
1.8001835039370078
20
0.7991907086614173
11
1.8001065748031495
21
0.798803779527559
0
LINE
8
BLACK
6
CONTINUOUS
10
1.8001065748031495
20
0.798803779527559
11
1.800066653543307
21
0.7987638976377952
0
LINE
8
BLACK
6
CONTINUOUS
10
1.800066653543307
20
0.7987638976377952
11
1.8000341338582677
21
0.7986449999999999
0
LINE
8
BLACK
6
CONTINUOUS
10
1.8000341338582677
20
0.7986449999999999
11
1.7984405905511811
21
0.7954579133858267
0
LINE
8
BLACK
6
CONTINUOUS
10
1.7984405905511811
20
0.7954579133858267
11
1.7981985433070866
21
0.795146062992126
0
LINE
8
BLACK
6
CONTINUOUS
10
1.7981985433070866
20
0.795146062992126
11
1.7979796456692914
21
0.7948184251968504
0
LINE
8
BLACK
6
CONTINUOUS
10
1.7979796456692914
20
0.7948184251968504
11
1.796386062992126
21
0.7932248425196851
0
LINE
8
BLACK
6
CONTINUOUS
10
1.796386062992126
20
0.7932248425196851
11
1.7960584251968503
21
0.7930059448818897
0
LINE
8
BLACK
6
CONTINUOUS
10
1.7960584251968503
20
0.7930059448818897
11
1.7957465748031496
21
0.7927638976377953
0
LINE
8
BLACK
6
CONTINUOUS
10
1.7957465748031496
20
0.7927638976377953
11
1.7925594881889764
21
0.7911703543307086
0
LINE
8
BLACK
6
CONTINUOUS
10
1.7925594881889764
20
0.7911703543307086
11
1.7924405905511811
21
0.7911378346456692
0
LINE
8
BLACK
6
CONTINUOUS
10
1.7924405905511811
20
0.7911378346456692
11
1.7924007086614173
21
0.7910979133858268
0
LINE
8
BLACK
6
CONTINUOUS
10
1.7924007086614173
20
0.7910979133858268
11
1.792013779527559
21
0.7910209842519685
0
LINE
8
BLACK
6
CONTINUOUS
10
1.792013779527559
20
0.7910209842519685
11
1.7916334645669292
21
0.790916811023622
0
LINE
8
BLACK
6
CONTINUOUS
10
1.7916334645669292
20
0.790916811023622
11
1.7915799606299212
21
0.7909346456692913
0
LINE
8
BLACK
6
CONTINUOUS
10
1.7915799606299212
20
0.7909346456692913
11
1.7914590551181102
21
0.7909105905511811
0
LINE
8
BLACK
6
CONTINUOUS
10
1.7914590551181102
20
0.7909105905511811
11
1.7866783858267716
21
0.7909105905511811
0
LINE
8
BLACK
6
CONTINUOUS
10
1.7866783858267716
20
0.7909105905511811
11
1.7865574409448819
21
0.7909346456692913
0
LINE
8
BLACK
6
CONTINUOUS
10
1.7865574409448819
20
0.7909346456692913
11
1.7865039763779527
21
0.790916811023622
0
LINE
8
BLACK
6
CONTINUOUS
10
1.7865039763779527
20
0.790916811023622
11
1.7861236220472441
21
0.7910209842519685
0
LINE
8
BLACK
6
CONTINUOUS
10
1.7861236220472441
20
0.7910209842519685
11
1.7857367322834645
21
0.7910979133858268
0
LINE
8
BLACK
6
CONTINUOUS
10
1.7857367322834645
20
0.7910979133858268
11
1.785696811023622
21
0.7911378346456692
0
LINE
8
BLACK
6
CONTINUOUS
10
1.785696811023622
20
0.7911378346456692
11
1.7855779527559055
21
0.7911703543307086
0
LINE
8
BLACK
6
CONTINUOUS
10
1.7855779527559055
20
0.7911703543307086
11
1.7823908661417323
21
0.7927638976377953
0
LINE
8
BLACK
6
CONTINUOUS
10
1.7823908661417323
20
0.7927638976377953
11
1.7820790157480315
21
0.7930059448818897
0
LINE
8
BLACK
6
CONTINUOUS
10
1.7820790157480315
20
0.7930059448818897
11
1.7817513385826771
21
0.7932248818897638
0
LINE
8
BLACK
6
CONTINUOUS
10
1.7817513385826771
20
0.7932248818897638
11
1.7801577952755905
21
0.7948184251968504
0
LINE
8
BLACK
6
CONTINUOUS
10
1.7801577952755905
20
0.7948184251968504
11
1.7799387007874015
21
0.7951463385826771
0
LINE
8
BLACK
6
CONTINUOUS
10
1.7799387007874015
20
0.7951463385826771
11
1.7796968897637795
21
0.7954579133858267
0
LINE
8
BLACK
6
CONTINUOUS
10
1.7796968897637795
20
0.7954579133858267
11
1.7781033464566929
21
0.7986449999999999
0
LINE
8
BLACK
6
CONTINUOUS
10
1.7781033464566929
20
0.7986449999999999
11
1.7780707874015749
21
0.7987638976377952
0
LINE
8
BLACK
6
CONTINUOUS
10
1.7780707874015749
20
0.7987638976377952
11
1.7780309055118111
21
0.798803779527559
0
LINE
8
BLACK
6
CONTINUOUS
10
1.7780309055118111
20
0.798803779527559
11
1.7779539370078741
21
0.7991907086614173
0
LINE
8
BLACK
6
CONTINUOUS
10
1.7779539370078741
20
0.7991907086614173
11
1.7778498031496062
21
0.7995710236220472
0
LINE
8
BLACK
6
CONTINUOUS
10
1.7778498031496062
20
0.7995710236220472
11
1.7778675984251968
21
0.7996245275590551
0
LINE
8
BLACK
6
CONTINUOUS
10
1.7778675984251968
20
0.7996245275590551
11
1.7778435826771652
21
0.7997454330708661
0
LINE
8
BLACK
6
CONTINUOUS
10
1.7778435826771652
20
0.7997454330708661
11
1.7778435826771652
21
0.8124938582677165
0
LINE
8
BLACK
6
CONTINUOUS
10
1.7778435826771652
20
0.8124938582677165
11
1.7780309055118111
21
0.8134355118110236
0
LINE
8
BLACK
6
CONTINUOUS
10
1.7780309055118111
20
0.8134355118110236
11
1.7793625590551181
21
0.8147671653543307
0
LINE
8
BLACK
6
CONTINUOUS
10
1.7793625590551181
20
0.8147671653543307
11
1.7803042125984252
21
0.8149544881889763
0
LINE
8
BLACK
6
CONTINUOUS
10
1.7803042125984252
20
0.8149544881889763
11
1.813768779527559
21
0.8149544881889763
0
LINE
8
BLACK
6
CONTINUOUS
10
1.813768779527559
20
0.8149544881889763
11
1.8147104330708661
21
0.8147671653543307
0
LINE
8
BLACK
6
CONTINUOUS
10
1.7827648425196849
20
0.8003263385826771
11
1.7839200393700787
21
0.7980159448818898
0
LINE
8
BLACK
6
CONTINUOUS
10
1.7839200393700787
20
0.7980159448818898
11
1.7849488188976377
21
0.7969870866141732
0
LINE
8
BLACK
6
CONTINUOUS
10
1.7849488188976377
20
0.7969870866141732
11
1.7872592913385827
21
0.7958318503937007
0
LINE
8
BLACK
6
CONTINUOUS
10
1.7872592913385827
20
0.7958318503937007
11
1.7908781496062991
21
0.7958318503937007
0
LINE
8
BLACK
6
CONTINUOUS
10
1.7908781496062991
20
0.7958318503937007
11
1.7931886220472442
21
0.7969870866141732
0
LINE
8
BLACK
6
CONTINUOUS
10
1.7931886220472442
20
0.7969870866141732
11
1.7942174015748031
21
0.7980158661417323
0
LINE
8
BLACK
6
CONTINUOUS
10
1.7942174015748031
20
0.7980158661417323
11
1.7953726377952755
21
0.8003263385826771
0
LINE
8
BLACK
6
CONTINUOUS
10
1.7953726377952755
20
0.8003263385826771
11
1.7953726377952755
21
0.8100332283464566
0
LINE
8
BLACK
6
CONTINUOUS
10
1.7953726377952755
20
0.8100332283464566
11
1.7827648425196849
21
0.8100332283464566
0
LINE
8
BLACK
6
CONTINUOUS
10
1.7827648425196849
20
0.8100332283464566
11
1.7827648425196849
21
0.8003263385826771
0
LINE
8
BLACK
6
CONTINUOUS
10
1.466710433070866
20
0.8177671653543307
11
1.4680420866141732
21
0.8164355118110236
0
LINE
8
BLACK
6
CONTINUOUS
10
1.4680420866141732
20
0.8164355118110236
11
1.4680420866141732
21
0.8145522047244095
0
LINE
8
BLACK
6
CONTINUOUS
10
1.4680420866141732
20
0.8145522047244095
11
1.466710433070866
21
0.8132205511811024
0
LINE
8
BLACK
6
CONTINUOUS
10
1.466710433070866
20
0.8132205511811024
11
1.4657687795275591
21
0.8130332283464566
0
LINE
8
BLACK
6
CONTINUOUS
10
1.4657687795275591
20
0.8130332283464566
11
1.4522938976377953
21
0.8130332283464566
0
LINE
8
BLACK
6
CONTINUOUS
10
1.4522938976377953
20
0.8130332283464566
11
1.4522938976377953
21
0.8088072440944881
0
LINE
8
BLACK
6
CONTINUOUS
10
1.4522938976377953
20
0.8088072440944881
11
1.4671798425196849
21
0.7983870472440945
0
LINE
8
BLACK
6
CONTINUOUS
10
1.4671798425196849
20
0.7983870472440945
11
1.4678438582677165
21
0.7976935826771654
0
LINE
8
BLACK
6
CONTINUOUS
10
1.4678438582677165
20
0.7976935826771654
11
1.4681711417322834
21
0.7958390157480315
0
LINE
8
BLACK
6
CONTINUOUS
10
1.4681711417322834
20
0.7958390157480315
11
1.4670911417322834
21
0.7942961417322835
0
LINE
8
BLACK
6
CONTINUOUS
10
1.4670911417322834
20
0.7942961417322835
11
1.4652365354330708
21
0.7939688582677166
0
LINE
8
BLACK
6
CONTINUOUS
10
1.4652365354330708
20
0.7939688582677166
11
1.4643576771653544
21
0.7943553937007873
0
LINE
8
BLACK
6
CONTINUOUS
10
1.4643576771653544
20
0.7943553937007873
11
1.4522938976377953
21
0.8028000787401575
0
LINE
8
BLACK
6
CONTINUOUS
10
1.4522938976377953
20
0.8028000787401575
11
1.4522938976377953
21
0.8027454330708661
0
LINE
8
BLACK
6
CONTINUOUS
10
1.4522938976377953
20
0.8027454330708661
11
1.4522698425196849
21
0.8026245275590551
0
LINE
8
BLACK
6
CONTINUOUS
10
1.4522698425196849
20
0.8026245275590551
11
1.4522876771653543
21
0.8025710236220472
0
LINE
8
BLACK
6
CONTINUOUS
10
1.4522876771653543
20
0.8025710236220472
11
1.4521835039370079
21
0.8021907086614173
0
LINE
8
BLACK
6
CONTINUOUS
10
1.4521835039370079
20
0.8021907086614173
11
1.4521065748031496
21
0.801803779527559
0
LINE
8
BLACK
6
CONTINUOUS
10
1.4521065748031496
20
0.801803779527559
11
1.4520666535433071
21
0.8017638976377952
0
LINE
8
BLACK
6
CONTINUOUS
10
1.4520666535433071
20
0.8017638976377952
11
1.4520341338582676
21
0.8016449999999999
0
LINE
8
BLACK
6
CONTINUOUS
10
1.4520341338582676
20
0.8016449999999999
11
1.450440590551181
21
0.7984579133858267
0
LINE
8
BLACK
6
CONTINUOUS
10
1.450440590551181
20
0.7984579133858267
11
1.4501985433070865
21
0.798146062992126
0
LINE
8
BLACK
6
CONTINUOUS
10
1.4501985433070865
20
0.798146062992126
11
1.4499796456692913
21
0.7978184251968504
0
LINE
8
BLACK
6
CONTINUOUS
10
1.4499796456692913
20
0.7978184251968504
11
1.4483860629921259
21
0.7962248425196851
0
LINE
8
BLACK
6
CONTINUOUS
10
1.4483860629921259
20
0.7962248425196851
11
1.4480584251968505
21
0.7960059448818897
0
LINE
8
BLACK
6
CONTINUOUS
10
1.4480584251968505
20
0.7960059448818897
11
1.4477465748031495
21
0.7957638976377952
0
LINE
8
BLACK
6
CONTINUOUS
10
1.4477465748031495
20
0.7957638976377952
11
1.4445594881889763
21
0.7941703543307086
0
LINE
8
BLACK
6
CONTINUOUS
10
1.4445594881889763
20
0.7941703543307086
11
1.444440590551181
21
0.7941378346456692
0
LINE
8
BLACK
6
CONTINUOUS
10
1.444440590551181
20
0.7941378346456692
11
1.4444007086614172
21
0.7940979133858268
0
LINE
8
BLACK
6
CONTINUOUS
10
1.4444007086614172
20
0.7940979133858268
11
1.4440137795275589
21
0.7940209842519684
0
LINE
8
BLACK
6
CONTINUOUS
10
1.4440137795275589
20
0.7940209842519684
11
1.4436334645669291
21
0.793916811023622
0
LINE
8
BLACK
6
CONTINUOUS
10
1.4436334645669291
20
0.793916811023622
11
1.4435799606299213
21
0.7939346456692913
0
LINE
8
BLACK
6
CONTINUOUS
10
1.4435799606299213
20
0.7939346456692913
11
1.4434590551181101
21
0.7939105905511811
0
LINE
8
BLACK
6
CONTINUOUS
10
1.4434590551181101
20
0.7939105905511811
11
1.4386783858267715
21
0.7939105905511811
0
LINE
8
BLACK
6
CONTINUOUS
10
1.4386783858267715
20
0.7939105905511811
11
1.4385574409448818
21
0.7939346456692913
0
LINE
8
BLACK
6
CONTINUOUS
10
1.4385574409448818
20
0.7939346456692913
11
1.4385039763779528
21
0.793916811023622
0
LINE
8
BLACK
6
CONTINUOUS
10
1.4385039763779528
20
0.793916811023622
11
1.438123622047244
21
0.7940209842519684
0
LINE
8
BLACK
6
CONTINUOUS
10
1.438123622047244
20
0.7940209842519684
11
1.4377367322834644
21
0.7940979133858268
0
LINE
8
BLACK
6
CONTINUOUS
10
1.4377367322834644
20
0.7940979133858268
11
1.4376968110236221
21
0.7941378346456692
0
LINE
8
BLACK
6
CONTINUOUS
10
1.4376968110236221
20
0.7941378346456692
11
1.4375779527559054
21
0.7941703543307086
0
LINE
8
BLACK
6
CONTINUOUS
10
1.4375779527559054
20
0.7941703543307086
11
1.4343908661417322
21
0.7957638976377952
0
LINE
8
BLACK
6
CONTINUOUS
10
1.4343908661417322
20
0.7957638976377952
11
1.4340790157480314
21
0.7960059448818897
0
LINE
8
BLACK
6
CONTINUOUS
10
1.4340790157480314
20
0.7960059448818897
11
1.4337513385826772
21
0.7962248818897638
0
LINE
8
BLACK
6
CONTINUOUS
10
1.4337513385826772
20
0.7962248818897638
11
1.4321577952755906
21
0.7978184251968504
0
LINE
8
BLACK
6
CONTINUOUS
10
1.4321577952755906
20
0.7978184251968504
11
1.4319387007874016
21
0.7981463385826771
0
LINE
8
BLACK
6
CONTINUOUS
10
1.4319387007874016
20
0.7981463385826771
11
1.4316968897637794
21
0.7984579133858267
0
LINE
8
BLACK
6
CONTINUOUS
10
1.4316968897637794
20
0.7984579133858267
11
1.4301033464566928
21
0.8016449999999999
0
LINE
8
BLACK
6
CONTINUOUS
10
1.4301033464566928
20
0.8016449999999999
11
1.4300707874015748
21
0.8017638976377952
0
LINE
8
BLACK
6
CONTINUOUS
10
1.4300707874015748
20
0.8017638976377952
11
1.430030905511811
21
0.801803779527559
0
LINE
8
BLACK
6
CONTINUOUS
10
1.430030905511811
20
0.801803779527559
11
1.429953937007874
21
0.8021907086614173
0
LINE
8
BLACK
6
CONTINUOUS
10
1.429953937007874
20
0.8021907086614173
11
1.4298498031496063
21
0.8025710236220472
0
LINE
8
BLACK
6
CONTINUOUS
10
1.4298498031496063
20
0.8025710236220472
11
1.4298675984251967
21
0.8026245275590551
0
LINE
8
BLACK
6
CONTINUOUS
10
1.4298675984251967
20
0.8026245275590551
11
1.4298435826771654
21
0.8027454330708661
0
LINE
8
BLACK
6
CONTINUOUS
10
1.4298435826771654
20
0.8027454330708661
11
1.4298435826771654
21
0.8154938582677165
0
LINE
8
BLACK
6
CONTINUOUS
10
1.4298435826771654
20
0.8154938582677165
11
1.430030905511811
21
0.8164355118110236
0
LINE
8
BLACK
6
CONTINUOUS
10
1.430030905511811
20
0.8164355118110236
11
1.431362559055118
21
0.8177671653543307
0
LINE
8
BLACK
6
CONTINUOUS
10
1.431362559055118
20
0.8177671653543307
11
1.4323042125984251
21
0.8179544881889763
0
LINE
8
BLACK
6
CONTINUOUS
10
1.4323042125984251
20
0.8179544881889763
11
1.4657687795275591
21
0.8179544881889763
0
LINE
8
BLACK
6
CONTINUOUS
10
1.4657687795275591
20
0.8179544881889763
11
1.466710433070866
21
0.8177671653543307
0
LINE
8
BLACK
6
CONTINUOUS
10
1.4347648425196851
20
0.8033263385826771
11
1.4359200393700786
21
0.8010159448818898
0
LINE
8
BLACK
6
CONTINUOUS
10
1.4359200393700786
20
0.8010159448818898
11
1.4369488188976378
21
0.7999870866141732
0
LINE
8
BLACK
6
CONTINUOUS
10
1.4369488188976378
20
0.7999870866141732
11
1.4392592913385827
21
0.7988318503937007
0
LINE
8
BLACK
6
CONTINUOUS
10
1.4392592913385827
20
0.7988318503937007
11
1.4428781496062992
21
0.7988318503937007
0
LINE
8
BLACK
6
CONTINUOUS
10
1.4428781496062992
20
0.7988318503937007
11
1.4451886220472441
21
0.7999870866141732
0
LINE
8
BLACK
6
CONTINUOUS
10
1.4451886220472441
20
0.7999870866141732
11
1.4462174015748031
21
0.8010158661417323
0
LINE
8
BLACK
6
CONTINUOUS
10
1.4462174015748031
20
0.8010158661417323
11
1.4473726377952756
21
0.8033263385826771
0
LINE
8
BLACK
6
CONTINUOUS
10
1.4473726377952756
20
0.8033263385826771
11
1.4473726377952756
21
0.8130332283464566
0
LINE
8
BLACK
6
CONTINUOUS
10
1.4473726377952756
20
0.8130332283464566
11
1.4347648425196851
21
0.8130332283464566
0
LINE
8
BLACK
6
CONTINUOUS
10
1.4347648425196851
20
0.8130332283464566
11
1.4347648425196851
21
0.8033263385826771
0
LINE
8
BLACK
6
CONTINUOUS
10
0.5737224409448819
20
0.8385537401574803
11
0.5740235826771654
21
0.8385390551181102
0
LINE
8
BLACK
6
CONTINUOUS
10
0.5740235826771654
20
0.8385390551181102
11
0.5803978346456693
21
0.8369455118110236
0
LINE
8
BLACK
6
CONTINUOUS
10
0.5803978346456693
20
0.8369455118110236
11
0.5806416141732283
21
0.8368303543307086
0
LINE
8
BLACK
6
CONTINUOUS
10
0.5806416141732283
20
0.8368303543307086
11
0.5809014566929134
21
0.8367591732283465
0
LINE
8
BLACK
6
CONTINUOUS
10
0.5809014566929134
20
0.8367591732283465
11
0.5840885826771653
21
0.8351655905511811
0
LINE
8
BLACK
6
CONTINUOUS
10
0.5840885826771653
20
0.8351655905511811
11
0.5844003149606299
21
0.8349236614173228
0
LINE
8
BLACK
6
CONTINUOUS
10
0.5844003149606299
20
0.8349236614173228
11
0.584728031496063
21
0.83470468503937
0
LINE
8
BLACK
6
CONTINUOUS
10
0.584728031496063
20
0.83470468503937
11
0.587915157480315
21
0.8315176377952755
0
LINE
8
BLACK
6
CONTINUOUS
10
0.587915157480315
20
0.8315176377952755
11
0.5879836614173228
21
0.8314151181102362
0
LINE
8
BLACK
6
CONTINUOUS
10
0.5879836614173228
20
0.8314151181102362
11
0.588034094488189
21
0.8313898818897638
0
LINE
8
BLACK
6
CONTINUOUS
10
0.588034094488189
20
0.8313898818897638
11
0.5882292913385827
21
0.8310474409448819
0
LINE
8
BLACK
6
CONTINUOUS
10
0.5882292913385827
20
0.8310474409448819
11
0.5884485433070866
21
0.8307193307086614
0
LINE
8
BLACK
6
CONTINUOUS
10
0.5884485433070866
20
0.8307193307086614
11
0.5884485433070866
21
0.8306629133858268
0
LINE
8
BLACK
6
CONTINUOUS
10
0.5884485433070866
20
0.8306629133858268
11
0.5885096062992126
21
0.8305557874015748
0
LINE
8
BLACK
6
CONTINUOUS
10
0.5885096062992126
20
0.8305557874015748
11
0.5901031496062992
21
0.8257751181102362
0
LINE
8
BLACK
6
CONTINUOUS
10
0.5901031496062992
20
0.8257751181102362
11
0.5901524409448818
21
0.8253838582677165
0
LINE
8
BLACK
6
CONTINUOUS
10
0.5901524409448818
20
0.8253838582677165
11
0.5902294094488189
21
0.8249970078740158
0
LINE
8
BLACK
6
CONTINUOUS
10
0.5902294094488189
20
0.8249970078740158
11
0.5902294094488189
21
0.8218099212598425
0
LINE
8
BLACK
6
CONTINUOUS
10
0.5902294094488189
20
0.8218099212598425
11
0.5901524409448818
21
0.8214231102362205
0
LINE
8
BLACK
6
CONTINUOUS
10
0.5901524409448818
20
0.8214231102362205
11
0.5901031496062992
21
0.821031811023622
0
LINE
8
BLACK
6
CONTINUOUS
10
0.5901031496062992
20
0.821031811023622
11
0.5885096062992126
21
0.8162511417322834
0
LINE
8
BLACK
6
CONTINUOUS
10
0.5885096062992126
20
0.8162511417322834
11
0.5884485433070866
21
0.8161440551181102
0
LINE
8
BLACK
6
CONTINUOUS
10
0.5884485433070866
20
0.8161440551181102
11
0.5884485433070866
21
0.8160875984251968
0
LINE
8
BLACK
6
CONTINUOUS
10
0.5884485433070866
20
0.8160875984251968
11
0.5882294094488189
21
0.81575968503937
0
LINE
8
BLACK
6
CONTINUOUS
10
0.5882294094488189
20
0.81575968503937
11
0.588034094488189
21
0.8154170472440945
0
LINE
8
BLACK
6
CONTINUOUS
10
0.588034094488189
20
0.8154170472440945
11
0.5879835826771653
21
0.815391811023622
0
LINE
8
BLACK
6
CONTINUOUS
10
0.5879835826771653
20
0.815391811023622
11
0.5879151181102362
21
0.8152892913385826
0
LINE
8
BLACK
6
CONTINUOUS
10
0.5879151181102362
20
0.8152892913385826
11
0.5863215748031496
21
0.813695748031496
0
LINE
8
BLACK
6
CONTINUOUS
10
0.5863215748031496
20
0.813695748031496
11
0.5855232283464566
21
0.8131623622047244
0
LINE
8
BLACK
6
CONTINUOUS
10
0.5855232283464566
20
0.8131623622047244
11
0.5836399999999999
21
0.8131624015748031
0
LINE
8
BLACK
6
CONTINUOUS
10
0.5836399999999999
20
0.8131624015748031
11
0.5823083070866142
21
0.8144941338582677
0
LINE
8
BLACK
6
CONTINUOUS
10
0.5823083070866142
20
0.8144941338582677
11
0.5823083464566929
21
0.8163773622047243
0
LINE
8
BLACK
6
CONTINUOUS
10
0.5823083464566929
20
0.8163773622047243
11
0.5828417322834646
21
0.8171756692913386
0
LINE
8
BLACK
6
CONTINUOUS
10
0.5828417322834646
20
0.8171756692913386
11
0.5840245275590551
21
0.8183584645669291
0
LINE
8
BLACK
6
CONTINUOUS
10
0.5840245275590551
20
0.8183584645669291
11
0.5853081496062992
21
0.8222092519685039
0
LINE
8
BLACK
6
CONTINUOUS
10
0.5853081496062992
20
0.8222092519685039
11
0.5853081496062992
21
0.824597716535433
0
LINE
8
BLACK
6
CONTINUOUS
10
0.5853081496062992
20
0.824597716535433
11
0.5840245275590551
21
0.8284485433070866
0
LINE
8
BLACK
6
CONTINUOUS
10
0.5840245275590551
20
0.8284485433070866
11
0.5815305511811023
21
0.8309424803149607
0
LINE
8
BLACK
6
CONTINUOUS
10
0.5815305511811023
20
0.8309424803149607
11
0.5789422440944881
21
0.8322366929133858
0
LINE
8
BLACK
6
CONTINUOUS
10
0.5789422440944881
20
0.8322366929133858
11
0.5731238976377953
21
0.8336912598425197
0
LINE
8
BLACK
6
CONTINUOUS
10
0.5731238976377953
20
0.8336912598425197
11
0.568949094488189
21
0.8336912598425197
0
LINE
8
BLACK
6
CONTINUOUS
10
0.568949094488189
20
0.8336912598425197
11
0.5631308661417322
21
0.8322367322834645
0
LINE
8
BLACK
6
CONTINUOUS
10
0.5631308661417322
20
0.8322367322834645
11
0.5605423622047244
21
0.8309424803149607
0
LINE
8
BLACK
6
CONTINUOUS
10
0.5605423622047244
20
0.8309424803149607
11
0.5580484251968504
21
0.8284485433070866
0
LINE
8
BLACK
6
CONTINUOUS
10
0.5580484251968504
20
0.8284485433070866
11
0.5567648425196851
21
0.824597716535433
0
LINE
8
BLACK
6
CONTINUOUS
10
0.5567648425196851
20
0.824597716535433
11
0.5567648425196851
21
0.8222092519685039
0
LINE
8
BLACK
6
CONTINUOUS
10
0.5567648425196851
20
0.8222092519685039
11
0.5580484251968504
21
0.8183584251968504
0
LINE
8
BLACK
6
CONTINUOUS
10
0.5580484251968504
20
0.8183584251968504
11
0.5592312204724409
21
0.8171756299212598
0
LINE
8
BLACK
6
CONTINUOUS
10
0.5592312204724409
20
0.8171756299212598
11
0.5597646456692913
21
0.8163773228346457
0
LINE
8
BLACK
6
CONTINUOUS
10
0.5597646456692913
20
0.8163773228346457
11
0.5597646456692913
21
0.814494094488189
0
LINE
8
BLACK
6
CONTINUOUS
10
0.5597646456692913
20
0.814494094488189
11
0.5584329133858268
21
0.8131623622047244
0
LINE
8
BLACK
6
CONTINUOUS
10
0.5584329133858268
20
0.8131623622047244
11
0.5565496850393701
21
0.8131623622047244
0
LINE
8
BLACK
6
CONTINUOUS
10
0.5565496850393701
20
0.8131623622047244
11
0.5557513779527559
21
0.8136957874015748
0
LINE
8
BLACK
6
CONTINUOUS
10
0.5557513779527559
20
0.8136957874015748
11
0.5541578346456693
21
0.8152893307086614
0
LINE
8
BLACK
6
CONTINUOUS
10
0.5541578346456693
20
0.8152893307086614
11
0.5540893700787402
21
0.815391811023622
0
LINE
8
BLACK
6
CONTINUOUS
10
0.5540893700787402
20
0.815391811023622
11
0.5540388582677165
21
0.8154170472440945
0
LINE
8
BLACK
6
CONTINUOUS
10
0.5540388582677165
20
0.8154170472440945
11
0.5538433464566929
21
0.8157599999999999
0
LINE
8
BLACK
6
CONTINUOUS
10
0.5538433464566929
20
0.8157599999999999
11
0.5536244488188976
21
0.8160876377952756
0
LINE
8
BLACK
6
CONTINUOUS
10
0.5536244488188976
20
0.8160876377952756
11
0.5536244488188976
21
0.8161440551181102
0
LINE
8
BLACK
6
CONTINUOUS
10
0.5536244488188976
20
0.8161440551181102
11
0.5535633858267717
21
0.8162511417322834
0
LINE
8
BLACK
6
CONTINUOUS
10
0.5535633858267717
20
0.8162511417322834
11
0.5519698425196851
21
0.821031811023622
0
LINE
8
BLACK
6
CONTINUOUS
10
0.5519698425196851
20
0.821031811023622
11
0.5519205118110236
21
0.8214231102362205
0
LINE
8
BLACK
6
CONTINUOUS
10
0.5519205118110236
20
0.8214231102362205
11
0.5518435826771654
21
0.8218099212598425
0
LINE
8
BLACK
6
CONTINUOUS
10
0.5518435826771654
20
0.8218099212598425
11
0.5518435826771654
21
0.8249970078740158
0
LINE
8
BLACK
6
CONTINUOUS
10
0.5518435826771654
20
0.8249970078740158
11
0.5519205118110236
21
0.8253838582677165
0
LINE
8
BLACK
6
CONTINUOUS
10
0.5519205118110236
20
0.8253838582677165
11
0.5519698425196851
21
0.8257751181102362
0
LINE
8
BLACK
6
CONTINUOUS
10
0.5519698425196851
20
0.8257751181102362
11
0.5535633858267717
21
0.8305557874015748
0
LINE
8
BLACK
6
CONTINUOUS
10
0.5535633858267717
20
0.8305557874015748
11
0.5536244488188976
21
0.8306629133858268
0
LINE
8
BLACK
6
CONTINUOUS
10
0.5536244488188976
20
0.8306629133858268
11
0.5536244488188976
21
0.8307192913385827
0
LINE
8
BLACK
6
CONTINUOUS
10
0.5536244488188976
20
0.8307192913385827
11
0.5538433464566929
21
0.831046968503937
0
LINE
8
BLACK
6
CONTINUOUS
10
0.5538433464566929
20
0.831046968503937
11
0.5540388582677165
21
0.8313898818897638
0
LINE
8
BLACK
6
CONTINUOUS
10
0.5540388582677165
20
0.8313898818897638
11
0.5540893700787402
21
0.8314151574803149
0
LINE
8
BLACK
6
CONTINUOUS
10
0.5540893700787402
20
0.8314151574803149
11
0.5541578346456693
21
0.8315175984251968
0
LINE
8
BLACK
6
CONTINUOUS
10
0.5541578346456693
20
0.8315175984251968
11
0.5573449212598425
21
0.83470468503937
0
LINE
8
BLACK
6
CONTINUOUS
10
0.5573449212598425
20
0.83470468503937
11
0.5576726771653543
21
0.8349237007874015
0
LINE
8
BLACK
6
CONTINUOUS
10
0.5576726771653543
20
0.8349237007874015
11
0.5579844094488189
21
0.8351656299212599
0
LINE
8
BLACK
6
CONTINUOUS
10
0.5579844094488189
20
0.8351656299212599
11
0.5611714960629921
21
0.8367591732283465
0
LINE
8
BLACK
6
CONTINUOUS
10
0.5611714960629921
20
0.8367591732283465
11
0.5614314173228346
21
0.8368303937007874
0
LINE
8
BLACK
6
CONTINUOUS
10
0.5614314173228346
20
0.8368303937007874
11
0.5616751968503937
21
0.8369455118110236
0
LINE
8
BLACK
6
CONTINUOUS
10
0.5616751968503937
20
0.8369455118110236
11
0.5680493700787401
21
0.8385390551181102
0
LINE
8
BLACK
6
CONTINUOUS
10
0.5680493700787401
20
0.8385390551181102
11
0.5683504724409448
21
0.8385537401574803
0
LINE
8
BLACK
6
CONTINUOUS
10
0.5683504724409448
20
0.8385537401574803
11
0.5686461417322834
21
0.8386125196850394
0
LINE
8
BLACK
6
CONTINUOUS
10
0.5686461417322834
20
0.8386125196850394
11
0.573426811023622
21
0.8386125196850394
0
LINE
8
BLACK
6
CONTINUOUS
10
0.573426811023622
20
0.8386125196850394
11
0.5737224409448819
21
0.8385537401574803
0
LINE
8
BLACK
6
CONTINUOUS
10
0.7091545275590551
20
0.8480485433070866
11
0.7104329527559055
21
0.8467701181102362
0
LINE
8
BLACK
6
CONTINUOUS
10
0.7104329527559055
20
0.8467701181102362
11
0.7104329527559055
21
0.8449621653543307
0
LINE
8
BLACK
6
CONTINUOUS
10
0.7104329527559055
20
0.8449621653543307
11
0.7091545275590551
21
0.8436837401574803
0
LINE
8
BLACK
6
CONTINUOUS
10
0.7091545275590551
20
0.8436837401574803
11
0.7082505511811024
21
0.843503937007874
0
LINE
8
BLACK
6
CONTINUOUS
10
0.7082505511811024
20
0.843503937007874
11
0.6903714960629921
21
0.843503937007874
0
LINE
8
BLACK
6
CONTINUOUS
10
0.6903714960629921
20
0.843503937007874
11
0.6894675196850394
21
0.8436837401574803
0
LINE
8
BLACK
6
CONTINUOUS
10
0.6894675196850394
20
0.8436837401574803
11
0.688189094488189
21
0.8449621653543307
0
LINE
8
BLACK
6
CONTINUOUS
10
0.688189094488189
20
0.8449621653543307
11
0.688189094488189
21
0.8467701181102362
0
LINE
8
BLACK
6
CONTINUOUS
10
0.688189094488189
20
0.8467701181102362
11
0.6894675196850394
21
0.8480485433070866
0
LINE
8
BLACK
6
CONTINUOUS
10
0.6894675196850394
20
0.8480485433070866
11
0.6903714960629921
21
0.8482283464566929
0
LINE
8
BLACK
6
CONTINUOUS
10
0.6903714960629921
20
0.8482283464566929
11
0.7082505511811024
21
0.8482283464566929
0
LINE
8
BLACK
6
CONTINUOUS
10
0.7082505511811024
20
0.8482283464566929
11
0.7091545275590551
21
0.8480485433070866
0
LINE
8
BLACK
6
CONTINUOUS
10
0.724952716535433
20
0.897480905511811
11
0.7262843700787401
21
0.8961492519685039
0
LINE
8
BLACK
6
CONTINUOUS
10
0.7262843700787401
20
0.8961492519685039
11
0.7264716929133858
21
0.8952075984251968
0
LINE
8
BLACK
6
CONTINUOUS
10
0.7264716929133858
20
0.8952075984251968
11
0.7264716929133858
21
0.861743031496063
0
LINE
8
BLACK
6
CONTINUOUS
10
0.7264716929133858
20
0.861743031496063
11
0.7262843700787401
21
0.8608013779527559
0
LINE
8
BLACK
6
CONTINUOUS
10
0.7262843700787401
20
0.8608013779527559
11
0.724952716535433
21
0.8594697244094488
0
LINE
8
BLACK
6
CONTINUOUS
10
0.724952716535433
20
0.8594697244094488
11
0.7230694094488189
21
0.8594697244094488
0
LINE
8
BLACK
6
CONTINUOUS
10
0.7230694094488189
20
0.8594697244094488
11
0.7217377559055118
21
0.8608013779527559
0
LINE
8
BLACK
6
CONTINUOUS
10
0.7217377559055118
20
0.8608013779527559
11
0.7215504330708661
21
0.861743031496063
0
LINE
8
BLACK
6
CONTINUOUS
10
0.7215504330708661
20
0.861743031496063
11
0.7215504330708661
21
0.8752179133858268
0
LINE
8
BLACK
6
CONTINUOUS
10
0.7215504330708661
20
0.8752179133858268
11
0.7173244488188977
21
0.8752179133858268
0
LINE
8
BLACK
6
CONTINUOUS
10
0.7173244488188977
20
0.8752179133858268
11
0.7069042519685039
21
0.860331968503937
0
LINE
8
BLACK
6
CONTINUOUS
10
0.7069042519685039
20
0.860331968503937
11
0.7062107874015748
21
0.8596679527559055
0
LINE
8
BLACK
6
CONTINUOUS
10
0.7062107874015748
20
0.8596679527559055
11
0.7043561811023622
21
0.8593406692913386
0
LINE
8
BLACK
6
CONTINUOUS
10
0.7043561811023622
20
0.8593406692913386
11
0.7028133464566929
21
0.8604206692913385
0
LINE
8
BLACK
6
CONTINUOUS
10
0.7028133464566929
20
0.8604206692913385
11
0.702486062992126
21
0.8622752755905512
0
LINE
8
BLACK
6
CONTINUOUS
10
0.702486062992126
20
0.8622752755905512
11
0.7028725984251968
21
0.8631540944881889
0
LINE
8
BLACK
6
CONTINUOUS
10
0.7028725984251968
20
0.8631540944881889
11
0.7113172834645669
21
0.8752179133858268
0
LINE
8
BLACK
6
CONTINUOUS
10
0.7113172834645669
20
0.8752179133858268
11
0.7112626377952755
21
0.8752179133858268
0
LINE
8
BLACK
6
CONTINUOUS
10
0.7112626377952755
20
0.8752179133858268
11
0.7111416929133858
21
0.875241968503937
0
LINE
8
BLACK
6
CONTINUOUS
10
0.7111416929133858
20
0.875241968503937
11
0.7110882283464567
21
0.8752241338582677
0
LINE
8
BLACK
6
CONTINUOUS
10
0.7110882283464567
20
0.8752241338582677
11
0.710707874015748
21
0.8753283070866141
0
LINE
8
BLACK
6
CONTINUOUS
10
0.710707874015748
20
0.8753283070866141
11
0.7103209842519684
21
0.8754052362204724
0
LINE
8
BLACK
6
CONTINUOUS
10
0.7103209842519684
20
0.8754052362204724
11
0.710281062992126
21
0.8754451574803149
0
LINE
8
BLACK
6
CONTINUOUS
10
0.710281062992126
20
0.8754451574803149
11
0.7101622047244094
21
0.8754776771653543
0
LINE
8
BLACK
6
CONTINUOUS
10
0.7101622047244094
20
0.8754776771653543
11
0.7069751181102362
21
0.8770712204724409
0
LINE
8
BLACK
6
CONTINUOUS
10
0.7069751181102362
20
0.8770712204724409
11
0.7066632283464567
21
0.8773132677165354
0
LINE
8
BLACK
6
CONTINUOUS
10
0.7066632283464567
20
0.8773132677165354
11
0.7063356299212599
21
0.8775321653543307
0
LINE
8
BLACK
6
CONTINUOUS
10
0.7063356299212599
20
0.8775321653543307
11
0.7047420472440945
21
0.879125748031496
0
LINE
8
BLACK
6
CONTINUOUS
10
0.7047420472440945
20
0.879125748031496
11
0.7045231102362205
21
0.8794533858267717
0
LINE
8
BLACK
6
CONTINUOUS
10
0.7045231102362205
20
0.8794533858267717
11
0.7042811023622048
21
0.8797652362204724
0
LINE
8
BLACK
6
CONTINUOUS
10
0.7042811023622048
20
0.8797652362204724
11
0.7026875590551181
21
0.8829523228346456
0
LINE
8
BLACK
6
CONTINUOUS
10
0.7026875590551181
20
0.8829523228346456
11
0.702655
21
0.8830712204724409
0
LINE
8
BLACK
6
CONTINUOUS
10
0.702655
20
0.8830712204724409
11
0.7026151181102362
21
0.8831111023622047
0
LINE
8
BLACK
6
CONTINUOUS
10
0.7026151181102362
20
0.8831111023622047
11
0.7025381496062992
21
0.883498031496063
0
LINE
8
BLACK
6
CONTINUOUS
10
0.7025381496062992
20
0.883498031496063
11
0.7024340157480314
21
0.8838783464566929
0
LINE
8
BLACK
6
CONTINUOUS
10
0.7024340157480314
20
0.8838783464566929
11
0.7024518110236221
21
0.8839318503937008
0
LINE
8
BLACK
6
CONTINUOUS
10
0.7024518110236221
20
0.8839318503937008
11
0.7024277952755905
21
0.8840527559055118
0
LINE
8
BLACK
6
CONTINUOUS
10
0.7024277952755905
20
0.8840527559055118
11
0.7024277952755905
21
0.8888334251968504
0
LINE
8
BLACK
6
CONTINUOUS
10
0.7024277952755905
20
0.8888334251968504
11
0.7024518110236221
21
0.8889543700787401
0
LINE
8
BLACK
6
CONTINUOUS
10
0.7024518110236221
20
0.8889543700787401
11
0.7024340157480314
21
0.8890078346456692
0
LINE
8
BLACK
6
CONTINUOUS
10
0.7024340157480314
20
0.8890078346456692
11
0.7025381496062992
21
0.8893881889763779
0
LINE
8
BLACK
6
CONTINUOUS
10
0.7025381496062992
20
0.8893881889763779
11
0.7026151181102362
21
0.8897750787401575
0
LINE
8
BLACK
6
CONTINUOUS
10
0.7026151181102362
20
0.8897750787401575
11
0.702655
21
0.889815
0
LINE
8
BLACK
6
CONTINUOUS
10
0.702655
20
0.889815
11
0.7026875590551181
21
0.8899338582677165
0
LINE
8
BLACK
6
CONTINUOUS
10
0.7026875590551181
20
0.8899338582677165
11
0.7042811023622048
21
0.8931209448818898
0
LINE
8
BLACK
6
CONTINUOUS
10
0.7042811023622048
20
0.8931209448818898
11
0.7045229527559055
21
0.8934325984251968
0
LINE
8
BLACK
6
CONTINUOUS
10
0.7045229527559055
20
0.8934325984251968
11
0.7047420472440945
21
0.8937604724409448
0
LINE
8
BLACK
6
CONTINUOUS
10
0.7047420472440945
20
0.8937604724409448
11
0.7063356299212599
21
0.8953539763779528
0
LINE
8
BLACK
6
CONTINUOUS
10
0.7063356299212599
20
0.8953539763779528
11
0.7066632283464567
21
0.8955729133858268
0
LINE
8
BLACK
6
CONTINUOUS
10
0.7066632283464567
20
0.8955729133858268
11
0.7069751181102362
21
0.8958149212598425
0
LINE
8
BLACK
6
CONTINUOUS
10
0.7069751181102362
20
0.8958149212598425
11
0.7101622047244094
21
0.8974084645669291
0
LINE
8
BLACK
6
CONTINUOUS
10
0.7101622047244094
20
0.8974084645669291
11
0.710281062992126
21
0.8974410236220473
0
LINE
8
BLACK
6
CONTINUOUS
10
0.710281062992126
20
0.8974410236220473
11
0.7103209842519684
21
0.897480905511811
0
LINE
8
BLACK
6
CONTINUOUS
10
0.7103209842519684
20
0.897480905511811
11
0.710707874015748
21
0.897557874015748
0
LINE
8
BLACK
6
CONTINUOUS
10
0.710707874015748
20
0.897557874015748
11
0.7110882283464567
21
0.8976620078740157
0
LINE
8
BLACK
6
CONTINUOUS
10
0.7110882283464567
20
0.8976620078740157
11
0.7111416929133858
21
0.8976442125984252
0
LINE
8
BLACK
6
CONTINUOUS
10
0.7111416929133858
20
0.8976442125984252
11
0.7112626377952755
21
0.8976682283464567
0
LINE
8
BLACK
6
CONTINUOUS
10
0.7112626377952755
20
0.8976682283464567
11
0.7240110629921259
21
0.8976682283464567
0
LINE
8
BLACK
6
CONTINUOUS
10
0.7240110629921259
20
0.8976682283464567
11
0.724952716535433
21
0.897480905511811
0
LINE
8
BLACK
6
CONTINUOUS
10
0.7095330708661417
20
0.8915917322834646
11
0.708504251968504
21
0.8905629133858267
0
LINE
8
BLACK
6
CONTINUOUS
10
0.708504251968504
20
0.8905629133858267
11
0.7073490551181102
21
0.8882525196850394
0
LINE
8
BLACK
6
CONTINUOUS
10
0.7073490551181102
20
0.8882525196850394
11
0.7073490551181102
21
0.8846336614173228
0
LINE
8
BLACK
6
CONTINUOUS
10
0.7073490551181102
20
0.8846336614173228
11
0.7085042913385826
21
0.882323188976378
0
LINE
8
BLACK
6
CONTINUOUS
10
0.7085042913385826
20
0.882323188976378
11
0.7095330708661417
21
0.8812944094488189
0
LINE
8
BLACK
6
CONTINUOUS
10
0.7095330708661417
20
0.8812944094488189
11
0.7118435433070865
21
0.8801391732283464
0
LINE
8
BLACK
6
CONTINUOUS
10
0.7118435433070865
20
0.8801391732283464
11
0.7215504330708661
21
0.8801391732283464
0
LINE
8
BLACK
6
CONTINUOUS
10
0.7215504330708661
20
0.8801391732283464
11
0.7215504330708661
21
0.892746968503937
0
LINE
8
BLACK
6
CONTINUOUS
10
0.7215504330708661
20
0.892746968503937
11
0.7118435433070865
21
0.892746968503937
0
LINE
8
BLACK
6
CONTINUOUS
10
0.7118435433070865
20
0.892746968503937
11
0.7095330708661417
21
0.8915917322834646
0
LINE
8
BLACK
6
CONTINUOUS
10
0.6860311417322834
20
0.8984133464566929
11
0.6865066535433071
21
0.897579251968504
0
LINE
8
BLACK
6
CONTINUOUS
10
0.6865066535433071
20
0.897579251968504
11
0.6944744094488189
21
0.8736760236220472
0
LINE
8
BLACK
6
CONTINUOUS
10
0.6944744094488189
20
0.8736760236220472
11
0.6945944488188976
21
0.8727234645669291
0
LINE
8
BLACK
6
CONTINUOUS
10
0.6945944488188976
20
0.8727234645669291
11
0.6944133464566929
21
0.8723612598425197
0
LINE
8
BLACK
6
CONTINUOUS
10
0.6944133464566929
20
0.8723612598425197
11
0.6944133464566929
21
0.8719562598425197
0
LINE
8
BLACK
6
CONTINUOUS
10
0.6944133464566929
20
0.8719562598425197
11
0.6940083464566928
21
0.8715512598425197
0
LINE
8
BLACK
6
CONTINUOUS
10
0.6940083464566928
20
0.8715512598425197
11
0.6937522440944882
21
0.8710390551181102
0
LINE
8
BLACK
6
CONTINUOUS
10
0.6937522440944882
20
0.8710390551181102
11
0.6933680708661417
21
0.8709110236220472
0
LINE
8
BLACK
6
CONTINUOUS
10
0.6933680708661417
20
0.8709110236220472
11
0.6930816929133858
21
0.8706246062992126
0
LINE
8
BLACK
6
CONTINUOUS
10
0.6930816929133858
20
0.8706246062992126
11
0.6921400393700787
21
0.8704372834645669
0
LINE
8
BLACK
6
CONTINUOUS
10
0.6921400393700787
20
0.8704372834645669
11
0.678665157480315
21
0.8704372834645669
0
LINE
8
BLACK
6
CONTINUOUS
10
0.678665157480315
20
0.8704372834645669
11
0.678665157480315
21
0.861743031496063
0
LINE
8
BLACK
6
CONTINUOUS
10
0.678665157480315
20
0.861743031496063
11
0.6784778346456692
21
0.8608013779527559
0
LINE
8
BLACK
6
CONTINUOUS
10
0.6784778346456692
20
0.8608013779527559
11
0.6771461811023622
21
0.8594697244094488
0
LINE
8
BLACK
6
CONTINUOUS
10
0.6771461811023622
20
0.8594697244094488
11
0.675262874015748
21
0.8594697244094488
0
LINE
8
BLACK
6
CONTINUOUS
10
0.675262874015748
20
0.8594697244094488
11
0.6739312204724409
21
0.8608013779527559
0
LINE
8
BLACK
6
CONTINUOUS
10
0.6739312204724409
20
0.8608013779527559
11
0.6737438976377953
21
0.861743031496063
0
LINE
8
BLACK
6
CONTINUOUS
10
0.6737438976377953
20
0.861743031496063
11
0.6737438976377953
21
0.8704372834645669
0
LINE
8
BLACK
6
CONTINUOUS
10
0.6737438976377953
20
0.8704372834645669
11
0.6714238582677166
21
0.8704372834645669
0
LINE
8
BLACK
6
CONTINUOUS
10
0.6714238582677166
20
0.8704372834645669
11
0.6704822047244094
21
0.8706246062992126
0
LINE
8
BLACK
6
CONTINUOUS
10
0.6704822047244094
20
0.8706246062992126
11
0.6691505511811023
21
0.8719562598425197
0
LINE
8
BLACK
6
CONTINUOUS
10
0.6691505511811023
20
0.8719562598425197
11
0.6691505511811023
21
0.8738395669291339
0
LINE
8
BLACK
6
CONTINUOUS
10
0.6691505511811023
20
0.8738395669291339
11
0.6704822047244094
21
0.8751712204724409
0
LINE
8
BLACK
6
CONTINUOUS
10
0.6704822047244094
20
0.8751712204724409
11
0.6714238582677166
21
0.8753585433070866
0
LINE
8
BLACK
6
CONTINUOUS
10
0.6714238582677166
20
0.8753585433070866
11
0.6737438976377953
21
0.8753585433070866
0
LINE
8
BLACK
6
CONTINUOUS
10
0.6737438976377953
20
0.8753585433070866
11
0.6737438976377953
21
0.8840527559055118
0
LINE
8
BLACK
6
CONTINUOUS
10
0.6737438976377953
20
0.8840527559055118
11
0.6739312204724409
21
0.8849944094488189
0
LINE
8
BLACK
6
CONTINUOUS
10
0.6739312204724409
20
0.8849944094488189
11
0.675262874015748
21
0.886326062992126
0
LINE
8
BLACK
6
CONTINUOUS
10
0.675262874015748
20
0.886326062992126
11
0.6771461811023622
21
0.886326062992126
0
LINE
8
BLACK
6
CONTINUOUS
10
0.6771461811023622
20
0.886326062992126
11
0.6784778346456692
21
0.8849944094488189
0
LINE
8
BLACK
6
CONTINUOUS
10
0.6784778346456692
20
0.8849944094488189
11
0.678665157480315
21
0.8840527559055118
0
LINE
8
BLACK
6
CONTINUOUS
10
0.678665157480315
20
0.8840527559055118
11
0.678665157480315
21
0.8753585433070866
0
LINE
8
BLACK
6
CONTINUOUS
10
0.678665157480315
20
0.8753585433070866
11
0.6887261023622047
21
0.8753585433070866
0
LINE
8
BLACK
6
CONTINUOUS
10
0.6887261023622047
20
0.8753585433070866
11
0.6818379133858268
21
0.896023031496063
0
LINE
8
BLACK
6
CONTINUOUS
10
0.6818379133858268
20
0.896023031496063
11
0.681717874015748
21
0.896975590551181
0
LINE
8
BLACK
6
CONTINUOUS
10
0.681717874015748
20
0.896975590551181
11
0.6825600787401574
21
0.89866
0
LINE
8
BLACK
6
CONTINUOUS
10
0.6825600787401574
20
0.89866
11
0.6843467322834645
21
0.8992555511811023
0
LINE
8
BLACK
6
CONTINUOUS
10
0.6843467322834645
20
0.8992555511811023
11
0.6860311417322834
21
0.8984133464566929
0
LINE
8
BLACK
6
CONTINUOUS
10
1.3852052362204723
20
0.870883188976378
11
1.3864836614173228
21
0.8696047637795276
0
LINE
8
BLACK
6
CONTINUOUS
10
1.3864836614173228
20
0.8696047637795276
11
1.3864836614173228
21
0.8677968110236221
0
LINE
8
BLACK
6
CONTINUOUS
10
1.3864836614173228
20
0.8677968110236221
11
1.3852052362204723
21
0.8665183858267717
0
LINE
8
BLACK
6
CONTINUOUS
10
1.3852052362204723
20
0.8665183858267717
11
1.3843012598425197
21
0.8663385826771653
0
LINE
8
BLACK
6
CONTINUOUS
10
1.3843012598425197
20
0.8663385826771653
11
1.3637302362204724
21
0.8663385826771653
0
LINE
8
BLACK
6
CONTINUOUS
10
1.3637302362204724
20
0.8663385826771653
11
1.3628262598425196
21
0.8665183858267717
0
LINE
8
BLACK
6
CONTINUOUS
10
1.3628262598425196
20
0.8665183858267717
11
1.3615478346456693
21
0.8677968110236221
0
LINE
8
BLACK
6
CONTINUOUS
10
1.3615478346456693
20
0.8677968110236221
11
1.3615478346456693
21
0.8696047637795276
0
LINE
8
BLACK
6
CONTINUOUS
10
1.3615478346456693
20
0.8696047637795276
11
1.3628262598425196
21
0.870883188976378
0
LINE
8
BLACK
6
CONTINUOUS
10
1.3628262598425196
20
0.870883188976378
11
1.3637302362204724
21
0.8710629921259843
0
LINE
8
BLACK
6
CONTINUOUS
10
1.3637302362204724
20
0.8710629921259843
11
1.3843012598425197
21
0.8710629921259843
0
LINE
8
BLACK
6
CONTINUOUS
10
1.3843012598425197
20
0.8710629921259843
11
1.3852052362204723
21
0.870883188976378
0
LINE
8
BLACK
6
CONTINUOUS
10
1.6427868110236221
20
0.9115339763779527
11
1.6428403149606299
21
0.9115517716535433
0
LINE
8
BLACK
6
CONTINUOUS
10
1.6428403149606299
20
0.9115517716535433
11
1.6432206299212597
21
0.9114476377952756
0
LINE
8
BLACK
6
CONTINUOUS
10
1.6432206299212597
20
0.9114476377952756
11
1.643607559055118
21
0.9113706692913386
0
LINE
8
BLACK
6
CONTINUOUS
10
1.643607559055118
20
0.9113706692913386
11
1.6436474409448818
21
0.9113307874015748
0
LINE
8
BLACK
6
CONTINUOUS
10
1.6436474409448818
20
0.9113307874015748
11
1.6437663385826771
21
0.9112982283464567
0
LINE
8
BLACK
6
CONTINUOUS
10
1.6437663385826771
20
0.9112982283464567
11
1.6469534251968503
21
0.9097046850393701
0
LINE
8
BLACK
6
CONTINUOUS
10
1.6469534251968503
20
0.9097046850393701
11
1.6472652755905512
21
0.9094626771653543
0
LINE
8
BLACK
6
CONTINUOUS
10
1.6472652755905512
20
0.9094626771653543
11
1.6475929133858267
21
0.9092437401574803
0
LINE
8
BLACK
6
CONTINUOUS
10
1.6475929133858267
20
0.9092437401574803
11
1.6507800393700787
21
0.9060566929133858
0
LINE
8
BLACK
6
CONTINUOUS
10
1.6507800393700787
20
0.9060566929133858
11
1.6509281102362203
21
0.9058350393700787
0
LINE
8
BLACK
6
CONTINUOUS
10
1.6509281102362203
20
0.9058350393700787
11
1.6510171653543306
21
0.9057816141732283
0
LINE
8
BLACK
6
CONTINUOUS
10
1.6510171653543306
20
0.9057816141732283
11
1.6511458661417322
21
0.9055091338582677
0
LINE
8
BLACK
6
CONTINUOUS
10
1.6511458661417322
20
0.9055091338582677
11
1.6513134251968504
21
0.9052583858267716
0
LINE
8
BLACK
6
CONTINUOUS
10
1.6513134251968504
20
0.9052583858267716
11
1.6513134251968504
21
0.9051545275590551
0
LINE
8
BLACK
6
CONTINUOUS
10
1.6513134251968504
20
0.9051545275590551
11
1.6514272834645669
21
0.9049135039370079
0
LINE
8
BLACK
6
CONTINUOUS
10
1.6514272834645669
20
0.9049135039370079
11
1.6530208267716535
21
0.8985392913385827
0
LINE
8
BLACK
6
CONTINUOUS
10
1.6530208267716535
20
0.8985392913385827
11
1.6530354724409448
21
0.898238188976378
0
LINE
8
BLACK
6
CONTINUOUS
10
1.6530354724409448
20
0.898238188976378
11
1.6530942913385827
21
0.8979425196850394
0
LINE
8
BLACK
6
CONTINUOUS
10
1.6530942913385827
20
0.8979425196850394
11
1.6530942913385827
21
0.8867876771653543
0
LINE
8
BLACK
6
CONTINUOUS
10
1.6530942913385827
20
0.8867876771653543
11
1.6530354724409448
21
0.8864920472440945
0
LINE
8
BLACK
6
CONTINUOUS
10
1.6530354724409448
20
0.8864920472440945
11
1.6530208267716535
21
0.886190905511811
0
LINE
8
BLACK
6
CONTINUOUS
10
1.6530208267716535
20
0.886190905511811
11
1.6514272834645669
21
0.8798166929133858
0
LINE
8
BLACK
6
CONTINUOUS
10
1.6514272834645669
20
0.8798166929133858
11
1.6513134251968504
21
0.8795757086614173
0
LINE
8
BLACK
6
CONTINUOUS
10
1.6513134251968504
20
0.8795757086614173
11
1.6513134251968504
21
0.8794718503937008
0
LINE
8
BLACK
6
CONTINUOUS
10
1.6513134251968504
20
0.8794718503937008
11
1.6511459448818897
21
0.8792212204724409
0
LINE
8
BLACK
6
CONTINUOUS
10
1.6511459448818897
20
0.8792212204724409
11
1.6510171653543306
21
0.8789485826771654
0
LINE
8
BLACK
6
CONTINUOUS
10
1.6510171653543306
20
0.8789485826771654
11
1.6509280708661418
21
0.878895157480315
0
LINE
8
BLACK
6
CONTINUOUS
10
1.6509280708661418
20
0.878895157480315
11
1.6507800393700787
21
0.8786735433070866
0
LINE
8
BLACK
6
CONTINUOUS
10
1.6507800393700787
20
0.8786735433070866
11
1.6475929133858267
21
0.8754864173228346
0
LINE
8
BLACK
6
CONTINUOUS
10
1.6475929133858267
20
0.8754864173228346
11
1.6472652755905512
21
0.8752675196850394
0
LINE
8
BLACK
6
CONTINUOUS
10
1.6472652755905512
20
0.8752675196850394
11
1.6469534251968503
21
0.8750254724409449
0
LINE
8
BLACK
6
CONTINUOUS
10
1.6469534251968503
20
0.8750254724409449
11
1.6437663385826771
21
0.8734319291338583
0
LINE
8
BLACK
6
CONTINUOUS
10
1.6437663385826771
20
0.8734319291338583
11
1.6436474409448818
21
0.8733994094488189
0
LINE
8
BLACK
6
CONTINUOUS
10
1.6436474409448818
20
0.8733994094488189
11
1.643607559055118
21
0.8733594881889764
0
LINE
8
BLACK
6
CONTINUOUS
10
1.643607559055118
20
0.8733594881889764
11
1.6432206299212597
21
0.8732825590551181
0
LINE
8
BLACK
6
CONTINUOUS
10
1.6432206299212597
20
0.8732825590551181
11
1.6428403149606299
21
0.8731783858267717
0
LINE
8
BLACK
6
CONTINUOUS
10
1.6428403149606299
20
0.8731783858267717
11
1.6427868110236221
21
0.8731962204724409
0
LINE
8
BLACK
6
CONTINUOUS
10
1.6427868110236221
20
0.8731962204724409
11
1.6426659055118109
21
0.8731721653543307
0
LINE
8
BLACK
6
CONTINUOUS
10
1.6426659055118109
20
0.8731721653543307
11
1.6362916929133857
21
0.8731721653543307
0
LINE
8
BLACK
6
CONTINUOUS
10
1.6362916929133857
20
0.8731721653543307
11
1.636170748031496
21
0.8731962204724409
0
LINE
8
BLACK
6
CONTINUOUS
10
1.636170748031496
20
0.8731962204724409
11
1.636117283464567
21
0.8731783858267717
0
LINE
8
BLACK
6
CONTINUOUS
10
1.636117283464567
20
0.8731783858267717
11
1.6357369291338582
21
0.8732825590551181
0
LINE
8
BLACK
6
CONTINUOUS
10
1.6357369291338582
20
0.8732825590551181
11
1.6353500393700786
21
0.8733594881889764
0
LINE
8
BLACK
6
CONTINUOUS
10
1.6353500393700786
20
0.8733594881889764
11
1.6353101181102361
21
0.8733994094488189
0
LINE
8
BLACK
6
CONTINUOUS
10
1.6353101181102361
20
0.8733994094488189
11
1.6351912598425196
21
0.8734319291338583
0
LINE
8
BLACK
6
CONTINUOUS
10
1.6351912598425196
20
0.8734319291338583
11
1.6335904330708662
21
0.8742323622047244
0
LINE
8
BLACK
6
CONTINUOUS
10
1.6335904330708662
20
0.8742323622047244
11
1.6316574015748031
21
0.8722993307086614
0
LINE
8
BLACK
6
CONTINUOUS
10
1.6316574015748031
20
0.8722993307086614
11
1.6313297637795274
21
0.8720804330708661
0
LINE
8
BLACK
6
CONTINUOUS
10
1.6313297637795274
20
0.8720804330708661
11
1.6310179133858267
21
0.8718383858267716
0
LINE
8
BLACK
6
CONTINUOUS
10
1.6310179133858267
20
0.8718383858267716
11
1.6278308267716535
21
0.870244842519685
0
LINE
8
BLACK
6
CONTINUOUS
10
1.6278308267716535
20
0.870244842519685
11
1.6269048031496063
21
0.8699912992125984
0
LINE
8
BLACK
6
CONTINUOUS
10
1.6269048031496063
20
0.8699912992125984
11
1.6251181889763779
21
0.870586811023622
0
LINE
8
BLACK
6
CONTINUOUS
10
1.6251181889763779
20
0.870586811023622
11
1.6242759842519685
21
0.8722712992125984
0
LINE
8
BLACK
6
CONTINUOUS
10
1.6242759842519685
20
0.8722712992125984
11
1.6248714960629922
21
0.8740579133858267
0
LINE
8
BLACK
6
CONTINUOUS
10
1.6248714960629922
20
0.8740579133858267
11
1.6256299606299212
21
0.8746465748031496
0
LINE
8
BLACK
6
CONTINUOUS
10
1.6256299606299212
20
0.8746465748031496
11
1.6284599606299213
21
0.8760616141732284
0
LINE
8
BLACK
6
CONTINUOUS
10
1.6284599606299213
20
0.8760616141732284
11
1.6296247244094488
21
0.8772263779527559
0
LINE
8
BLACK
6
CONTINUOUS
10
1.6296247244094488
20
0.8772263779527559
11
1.628177559055118
21
0.8786735433070866
0
LINE
8
BLACK
6
CONTINUOUS
10
1.628177559055118
20
0.8786735433070866
11
1.6280294881889763
21
0.878895157480315
0
LINE
8
BLACK
6
CONTINUOUS
10
1.6280294881889763
20
0.878895157480315
11
1.627940433070866
21
0.8789485826771654
0
LINE
8
BLACK
6
CONTINUOUS
10
1.627940433070866
20
0.8789485826771654
11
1.6278116141732284
21
0.8792212598425196
0
LINE
8
BLACK
6
CONTINUOUS
10
1.6278116141732284
20
0.8792212598425196
11
1.6276441732283464
21
0.8794718503937008
0
LINE
8
BLACK
6
CONTINUOUS
10
1.6276441732283464
20
0.8794718503937008
11
1.6276441732283464
21
0.8795756692913386
0
LINE
8
BLACK
6
CONTINUOUS
10
1.6276441732283464
20
0.8795756692913386
11
1.6275303149606299
21
0.8798166535433071
0
LINE
8
BLACK
6
CONTINUOUS
10
1.6275303149606299
20
0.8798166535433071
11
1.6259367716535433
21
0.886190905511811
0
LINE
8
BLACK
6
CONTINUOUS
10
1.6259367716535433
20
0.886190905511811
11
1.6259220866141733
21
0.8864920472440945
0
LINE
8
BLACK
6
CONTINUOUS
10
1.6259220866141733
20
0.8864920472440945
11
1.6258633070866142
21
0.8867876771653543
0
LINE
8
BLACK
6
CONTINUOUS
10
1.6258633070866142
20
0.8867876771653543
11
1.6258633070866142
21
0.8979425196850394
0
LINE
8
BLACK
6
CONTINUOUS
10
1.6258633070866142
20
0.8979425196850394
11
1.6259220866141733
21
0.898238188976378
0
LINE
8
BLACK
6
CONTINUOUS
10
1.6259220866141733
20
0.898238188976378
11
1.6259367716535433
21
0.8985392913385827
0
LINE
8
BLACK
6
CONTINUOUS
10
1.6259367716535433
20
0.8985392913385827
11
1.6275303149606299
21
0.9049135433070866
0
LINE
8
BLACK
6
CONTINUOUS
10
1.6275303149606299
20
0.9049135433070866
11
1.6276441732283464
21
0.9051545669291339
0
LINE
8
BLACK
6
CONTINUOUS
10
1.6276441732283464
20
0.9051545669291339
11
1.6276441732283464
21
0.9052583858267716
0
LINE
8
BLACK
6
CONTINUOUS
10
1.6276441732283464
20
0.9052583858267716
11
1.6278116535433071
21
0.9055090551181102
0
LINE
8
BLACK
6
CONTINUOUS
10
1.6278116535433071
20
0.9055090551181102
11
1.627940433070866
21
0.9057816141732283
0
LINE
8
BLACK
6
CONTINUOUS
10
1.627940433070866
20
0.9057816141732283
11
1.6280294488188976
21
0.9058350787401575
0
LINE
8
BLACK
6
CONTINUOUS
10
1.6280294488188976
20
0.9058350787401575
11
1.628177559055118
21
0.9060566535433071
0
LINE
8
BLACK
6
CONTINUOUS
10
1.628177559055118
20
0.9060566535433071
11
1.6313646850393699
21
0.9092437401574803
0
LINE
8
BLACK
6
CONTINUOUS
10
1.6313646850393699
20
0.9092437401574803
11
1.6316922834645669
21
0.9094626771653543
0
LINE
8
BLACK
6
CONTINUOUS
10
1.6316922834645669
20
0.9094626771653543
11
1.6320041732283463
21
0.9097046850393701
0
LINE
8
BLACK
6
CONTINUOUS
10
1.6320041732283463
20
0.9097046850393701
11
1.6351912598425196
21
0.9112982283464567
0
LINE
8
BLACK
6
CONTINUOUS
10
1.6351912598425196
20
0.9112982283464567
11
1.6353101181102361
21
0.9113307874015748
0
LINE
8
BLACK
6
CONTINUOUS
10
1.6353101181102361
20
0.9113307874015748
11
1.6353500393700786
21
0.9113706692913386
0
LINE
8
BLACK
6
CONTINUOUS
10
1.6353500393700786
20
0.9113706692913386
11
1.6357369291338582
21
0.9114476377952756
0
LINE
8
BLACK
6
CONTINUOUS
10
1.6357369291338582
20
0.9114476377952756
11
1.636117283464567
21
0.9115517716535433
0
LINE
8
BLACK
6
CONTINUOUS
10
1.636117283464567
20
0.9115517716535433
11
1.636170748031496
21
0.9115339763779527
0
LINE
8
BLACK
6
CONTINUOUS
10
1.636170748031496
20
0.9115339763779527
11
1.6362916929133857
21
0.9115579921259842
0
LINE
8
BLACK
6
CONTINUOUS
10
1.6362916929133857
20
0.9115579921259842
11
1.6426659055118109
21
0.9115579921259842
0
LINE
8
BLACK
6
CONTINUOUS
10
1.6426659055118109
20
0.9115579921259842
11
1.6427868110236221
21
0.9115339763779527
0
LINE
8
BLACK
6
CONTINUOUS
10
1.6345621653543307
20
0.9054815354330709
11
1.6321393307086614
21
0.9030587401574803
0
LINE
8
BLACK
6
CONTINUOUS
10
1.6321393307086614
20
0.9030587401574803
11
1.6307845669291339
21
0.8976396456692913
0
LINE
8
BLACK
6
CONTINUOUS
10
1.6307845669291339
20
0.8976396456692913
11
1.6307845669291339
21
0.8870905905511811
0
LINE
8
BLACK
6
CONTINUOUS
10
1.6307845669291339
20
0.8870905905511811
11
1.6321393307086614
21
0.8816714566929134
0
LINE
8
BLACK
6
CONTINUOUS
10
1.6321393307086614
20
0.8816714566929134
11
1.6331045669291337
21
0.880706220472441
0
LINE
8
BLACK
6
CONTINUOUS
10
1.6331045669291337
20
0.880706220472441
11
1.63614531496063
21
0.8837469291338582
0
LINE
8
BLACK
6
CONTINUOUS
10
1.63614531496063
20
0.8837469291338582
11
1.6364729133858267
21
0.8839658661417322
0
LINE
8
BLACK
6
CONTINUOUS
10
1.6364729133858267
20
0.8839658661417322
11
1.6367848031496062
21
0.884207874015748
0
LINE
8
BLACK
6
CONTINUOUS
10
1.6367848031496062
20
0.884207874015748
11
1.6399719291338581
21
0.8858014173228346
0
LINE
8
BLACK
6
CONTINUOUS
10
1.6399719291338581
20
0.8858014173228346
11
1.6400907874015747
21
0.8858339763779527
0
LINE
8
BLACK
6
CONTINUOUS
10
1.6400907874015747
20
0.8858339763779527
11
1.6401307086614172
21
0.8858738582677165
0
LINE
8
BLACK
6
CONTINUOUS
10
1.6401307086614172
20
0.8858738582677165
11
1.6405175984251967
21
0.8859508267716535
0
LINE
8
BLACK
6
CONTINUOUS
10
1.6405175984251967
20
0.8859508267716535
11
1.6408979527559056
21
0.8860549606299213
0
LINE
8
BLACK
6
CONTINUOUS
10
1.6408979527559056
20
0.8860549606299213
11
1.6409514173228346
21
0.8860371653543306
0
LINE
8
BLACK
6
CONTINUOUS
10
1.6409514173228346
20
0.8860371653543306
11
1.6410723622047243
21
0.8860611811023622
0
LINE
8
BLACK
6
CONTINUOUS
10
1.6410723622047243
20
0.8860611811023622
11
1.6442594488188975
21
0.8860611811023622
0
LINE
8
BLACK
6
CONTINUOUS
10
1.6442594488188975
20
0.8860611811023622
11
1.6452011023622046
21
0.8858738582677165
0
LINE
8
BLACK
6
CONTINUOUS
10
1.6452011023622046
20
0.8858738582677165
11
1.6465327559055118
21
0.8845422047244095
0
LINE
8
BLACK
6
CONTINUOUS
10
1.6465327559055118
20
0.8845422047244095
11
1.6465327559055118
21
0.8826588976377953
0
LINE
8
BLACK
6
CONTINUOUS
10
1.6465327559055118
20
0.8826588976377953
11
1.6452011023622046
21
0.8813272440944881
0
LINE
8
BLACK
6
CONTINUOUS
10
1.6452011023622046
20
0.8813272440944881
11
1.6442594488188975
21
0.8811399212598425
0
LINE
8
BLACK
6
CONTINUOUS
10
1.6442594488188975
20
0.8811399212598425
11
1.6416532677165354
21
0.8811399212598425
0
LINE
8
BLACK
6
CONTINUOUS
10
1.6416532677165354
20
0.8811399212598425
11
1.6393427559055118
21
0.8799846850393701
0
LINE
8
BLACK
6
CONTINUOUS
10
1.6393427559055118
20
0.8799846850393701
11
1.637451496062992
21
0.8780934251968504
0
LINE
8
BLACK
6
CONTINUOUS
10
1.637451496062992
20
0.8780934251968504
11
1.642085
21
0.8780934251968504
0
LINE
8
BLACK
6
CONTINUOUS
10
1.642085
20
0.8780934251968504
11
1.6443954724409449
21
0.8792486614173228
0
LINE
8
BLACK
6
CONTINUOUS
10
1.6443954724409449
20
0.8792486614173228
11
1.6468182283464567
21
0.8816714566929134
0
LINE
8
BLACK
6
CONTINUOUS
10
1.6468182283464567
20
0.8816714566929134
11
1.648173031496063
21
0.8870906299212599
0
LINE
8
BLACK
6
CONTINUOUS
10
1.648173031496063
20
0.8870906299212599
11
1.648173031496063
21
0.8976396062992126
0
LINE
8
BLACK
6
CONTINUOUS
10
1.648173031496063
20
0.8976396062992126
11
1.6468182283464567
21
0.9030587795275591
0
LINE
8
BLACK
6
CONTINUOUS
10
1.6468182283464567
20
0.9030587795275591
11
1.6443954724409449
21
0.9054814960629921
0
LINE
8
BLACK
6
CONTINUOUS
10
1.6443954724409449
20
0.9054814960629921
11
1.642085
21
0.9066367322834645
0
LINE
8
BLACK
6
CONTINUOUS
10
1.642085
20
0.9066367322834645
11
1.6368725984251968
21
0.9066367322834645
0
LINE
8
BLACK
6
CONTINUOUS
10
1.6368725984251968
20
0.9066367322834645
11
1.6345621653543307
21
0.9054815354330709
0
LINE
8
BLACK
6
CONTINUOUS
10
1.6062394094488188
20
0.9113706692913386
11
1.606955905511811
21
0.9113706692913386
0
LINE
8
BLACK
6
CONTINUOUS
10
1.606955905511811
20
0.9113706692913386
11
1.6071350393700787
21
0.9111915354330709
0
LINE
8
BLACK
6
CONTINUOUS
10
1.6071350393700787
20
0.9111915354330709
11
1.6073834251968504
21
0.9111418503937008
0
LINE
8
BLACK
6
CONTINUOUS
10
1.6073834251968504
20
0.9111418503937008
11
1.6080616141732282
21
0.9104622834645669
0
LINE
8
BLACK
6
CONTINUOUS
10
1.6080616141732282
20
0.9104622834645669
11
1.6111135826771654
21
0.9058843307086614
0
LINE
8
BLACK
6
CONTINUOUS
10
1.6111135826771654
20
0.9058843307086614
11
1.6138459448818898
21
0.903151968503937
0
LINE
8
BLACK
6
CONTINUOUS
10
1.6138459448818898
20
0.903151968503937
11
1.6166759842519685
21
0.9017369291338583
0
LINE
8
BLACK
6
CONTINUOUS
10
1.6166759842519685
20
0.9017369291338583
11
1.6174344488188976
21
0.9011482677165354
0
LINE
8
BLACK
6
CONTINUOUS
10
1.6174344488188976
20
0.9011482677165354
11
1.6180299999999999
21
0.8993616535433071
0
LINE
8
BLACK
6
CONTINUOUS
10
1.6180299999999999
20
0.8993616535433071
11
1.6171877559055117
21
0.8976771653543307
0
LINE
8
BLACK
6
CONTINUOUS
10
1.6171877559055117
20
0.8976771653543307
11
1.6154011417322833
21
0.897081653543307
0
LINE
8
BLACK
6
CONTINUOUS
10
1.6154011417322833
20
0.897081653543307
11
1.6144751181102361
21
0.8973351968503936
0
LINE
8
BLACK
6
CONTINUOUS
10
1.6144751181102361
20
0.8973351968503936
11
1.6112879921259842
21
0.8989287401574803
0
LINE
8
BLACK
6
CONTINUOUS
10
1.6112879921259842
20
0.8989287401574803
11
1.6109763385826772
21
0.8991706299212598
0
LINE
8
BLACK
6
CONTINUOUS
10
1.6109763385826772
20
0.8991706299212598
11
1.610648464566929
21
0.8993896850393701
0
LINE
8
BLACK
6
CONTINUOUS
10
1.610648464566929
20
0.8993896850393701
11
1.6084748818897638
21
0.9015633464566929
0
LINE
8
BLACK
6
CONTINUOUS
10
1.6084748818897638
20
0.9015633464566929
11
1.6084748818897638
21
0.8780934251968504
0
LINE
8
BLACK
6
CONTINUOUS
10
1.6084748818897638
20
0.8780934251968504
11
1.6155755511811023
21
0.8780934251968504
0
LINE
8
BLACK
6
CONTINUOUS
10
1.6155755511811023
20
0.8780934251968504
11
1.6165172047244094
21
0.8779061023622047
0
LINE
8
BLACK
6
CONTINUOUS
10
1.6165172047244094
20
0.8779061023622047
11
1.6178488582677164
21
0.8765744488188976
0
LINE
8
BLACK
6
CONTINUOUS
10
1.6178488582677164
20
0.8765744488188976
11
1.6178488582677164
21
0.8746911417322835
0
LINE
8
BLACK
6
CONTINUOUS
10
1.6178488582677164
20
0.8746911417322835
11
1.6165172047244094
21
0.8733594881889764
0
LINE
8
BLACK
6
CONTINUOUS
10
1.6165172047244094
20
0.8733594881889764
11
1.6155755511811023
21
0.8731721653543307
0
LINE
8
BLACK
6
CONTINUOUS
10
1.6155755511811023
20
0.8731721653543307
11
1.5964529133858267
21
0.8731721653543307
0
LINE
8
BLACK
6
CONTINUOUS
10
1.5964529133858267
20
0.8731721653543307
11
1.5955112598425196
21
0.8733594881889764
0
LINE
8
BLACK
6
CONTINUOUS
10
1.5955112598425196
20
0.8733594881889764
11
1.5941796062992126
21
0.8746911417322835
0
LINE
8
BLACK
6
CONTINUOUS
10
1.5941796062992126
20
0.8746911417322835
11
1.5941796062992126
21
0.8765744488188976
0
LINE
8
BLACK
6
CONTINUOUS
10
1.5941796062992126
20
0.8765744488188976
11
1.5955112598425196
21
0.8779061023622047
0
LINE
8
BLACK
6
CONTINUOUS
10
1.5955112598425196
20
0.8779061023622047
11
1.5964529133858267
21
0.8780934251968504
0
LINE
8
BLACK
6
CONTINUOUS
10
1.5964529133858267
20
0.8780934251968504
11
1.6035536220472442
21
0.8780934251968504
0
LINE
8
BLACK
6
CONTINUOUS
10
1.6035536220472442
20
0.8780934251968504
11
1.6035536220472442
21
0.9090973622047244
0
LINE
8
BLACK
6
CONTINUOUS
10
1.6035536220472442
20
0.9090973622047244
11
1.6037409448818898
21
0.9100390157480315
0
LINE
8
BLACK
6
CONTINUOUS
10
1.6037409448818898
20
0.9100390157480315
11
1.6039200787401575
21
0.910218188976378
0
LINE
8
BLACK
6
CONTINUOUS
10
1.6039200787401575
20
0.910218188976378
11
1.6039697637795276
21
0.9104665354330709
0
LINE
8
BLACK
6
CONTINUOUS
10
1.6039697637795276
20
0.9104665354330709
11
1.6045659055118109
21
0.9108640157480314
0
LINE
8
BLACK
6
CONTINUOUS
10
1.6045659055118109
20
0.9108640157480314
11
1.6050725984251968
21
0.9113706692913386
0
LINE
8
BLACK
6
CONTINUOUS
10
1.6050725984251968
20
0.9113706692913386
11
1.605325905511811
21
0.9113706692913386
0
LINE
8
BLACK
6
CONTINUOUS
10
1.605325905511811
20
0.9113706692913386
11
1.6055367322834646
21
0.9115112204724409
0
LINE
8
BLACK
6
CONTINUOUS
10
1.6055367322834646
20
0.9115112204724409
11
1.6062394094488188
21
0.9113706692913386
0
LINE
8
BLACK
6
CONTINUOUS
10
1.5543159842519685
20
0.9081536614173228
11
1.5546171259842518
21
0.9081389763779527
0
LINE
8
BLACK
6
CONTINUOUS
10
1.5546171259842518
20
0.9081389763779527
11
1.5609913779527558
21
0.9065454330708661
0
LINE
8
BLACK
6
CONTINUOUS
10
1.5609913779527558
20
0.9065454330708661
11
1.5612351574803149
21
0.9064302755905511
0
LINE
8
BLACK
6
CONTINUOUS
10
1.5612351574803149
20
0.9064302755905511
11
1.5614949999999999
21
0.906359094488189
0
LINE
8
BLACK
6
CONTINUOUS
10
1.5614949999999999
20
0.906359094488189
11
1.5646821259842518
21
0.9047655118110236
0
LINE
8
BLACK
6
CONTINUOUS
10
1.5646821259842518
20
0.9047655118110236
11
1.5649935826771653
21
0.904523779527559
0
LINE
8
BLACK
6
CONTINUOUS
10
1.5649935826771653
20
0.904523779527559
11
1.5653215748031495
21
0.9043046456692914
0
LINE
8
BLACK
6
CONTINUOUS
10
1.5653215748031495
20
0.9043046456692914
11
1.5669151181102361
21
0.9027111023622048
0
LINE
8
BLACK
6
CONTINUOUS
10
1.5669151181102361
20
0.9027111023622048
11
1.5671340551181101
21
0.9023834251968503
0
LINE
8
BLACK
6
CONTINUOUS
10
1.5671340551181101
20
0.9023834251968503
11
1.5673761023622046
21
0.9020715748031496
0
LINE
8
BLACK
6
CONTINUOUS
10
1.5673761023622046
20
0.9020715748031496
11
1.5689696456692912
21
0.8988844881889764
0
LINE
8
BLACK
6
CONTINUOUS
10
1.5689696456692912
20
0.8988844881889764
11
1.5690021653543307
21
0.8987656299212599
0
LINE
8
BLACK
6
CONTINUOUS
10
1.5690021653543307
20
0.8987656299212599
11
1.5690420866141732
21
0.8987257086614173
0
LINE
8
BLACK
6
CONTINUOUS
10
1.5690420866141732
20
0.8987257086614173
11
1.5691190157480315
21
0.8983388188976378
0
LINE
8
BLACK
6
CONTINUOUS
10
1.5691190157480315
20
0.8983388188976378
11
1.5692231889763779
21
0.8979584645669291
0
LINE
8
BLACK
6
CONTINUOUS
10
1.5692231889763779
20
0.8979584645669291
11
1.5692053543307087
21
0.897905
0
LINE
8
BLACK
6
CONTINUOUS
10
1.5692053543307087
20
0.897905
11
1.5692294094488188
21
0.8977840551181102
0
LINE
8
BLACK
6
CONTINUOUS
10
1.5692294094488188
20
0.8977840551181102
11
1.5692294094488188
21
0.8945969291338582
0
LINE
8
BLACK
6
CONTINUOUS
10
1.5692294094488188
20
0.8945969291338582
11
1.5692053543307087
21
0.8944760236220473
0
LINE
8
BLACK
6
CONTINUOUS
10
1.5692053543307087
20
0.8944760236220473
11
1.5692231889763779
21
0.8944225196850394
0
LINE
8
BLACK
6
CONTINUOUS
10
1.5692231889763779
20
0.8944225196850394
11
1.5691190157480315
21
0.8940422047244094
0
LINE
8
BLACK
6
CONTINUOUS
10
1.5691190157480315
20
0.8940422047244094
11
1.5690420866141732
21
0.8936552755905511
0
LINE
8
BLACK
6
CONTINUOUS
10
1.5690420866141732
20
0.8936552755905511
11
1.5690021653543307
21
0.8936153937007874
0
LINE
8
BLACK
6
CONTINUOUS
10
1.5690021653543307
20
0.8936153937007874
11
1.5689696456692912
21
0.8934964960629921
0
LINE
8
BLACK
6
CONTINUOUS
10
1.5689696456692912
20
0.8934964960629921
11
1.5673761023622046
21
0.8903094094488189
0
LINE
8
BLACK
6
CONTINUOUS
10
1.5673761023622046
20
0.8903094094488189
11
1.5671340551181101
21
0.8899975984251969
0
LINE
8
BLACK
6
CONTINUOUS
10
1.5671340551181101
20
0.8899975984251969
11
1.5669151181102361
21
0.8896698818897638
0
LINE
8
BLACK
6
CONTINUOUS
10
1.5669151181102361
20
0.8896698818897638
11
1.5653215748031495
21
0.8880763385826771
0
LINE
8
BLACK
6
CONTINUOUS
10
1.5653215748031495
20
0.8880763385826771
11
1.5649936614173228
21
0.8878572834645669
0
LINE
8
BLACK
6
CONTINUOUS
10
1.5649936614173228
20
0.8878572834645669
11
1.5646820866141733
21
0.8876154330708661
0
LINE
8
BLACK
6
CONTINUOUS
10
1.5646820866141733
20
0.8876154330708661
11
1.5614949999999999
21
0.8860218897637795
0
LINE
8
BLACK
6
CONTINUOUS
10
1.5614949999999999
20
0.8860218897637795
11
1.5612350787401574
21
0.8859507480314961
0
LINE
8
BLACK
6
CONTINUOUS
10
1.5612350787401574
20
0.8859507480314961
11
1.5609913779527558
21
0.8858355905511811
0
LINE
8
BLACK
6
CONTINUOUS
10
1.5609913779527558
20
0.8858355905511811
11
1.5546171653543306
21
0.8842420078740157
0
LINE
8
BLACK
6
CONTINUOUS
10
1.5546171653543306
20
0.8842420078740157
11
1.5543159842519685
21
0.8842273622047244
0
LINE
8
BLACK
6
CONTINUOUS
10
1.5543159842519685
20
0.8842273622047244
11
1.5540203543307087
21
0.8841685433070866
0
LINE
8
BLACK
6
CONTINUOUS
10
1.5540203543307087
20
0.8841685433070866
11
1.5460525984251967
21
0.8841685433070866
0
LINE
8
BLACK
6
CONTINUOUS
10
1.5460525984251967
20
0.8841685433070866
11
1.5457569291338582
21
0.8842273622047244
0
LINE
8
BLACK
6
CONTINUOUS
10
1.5457569291338582
20
0.8842273622047244
11
1.5454557874015749
21
0.8842420078740157
0
LINE
8
BLACK
6
CONTINUOUS
10
1.5454557874015749
20
0.8842420078740157
11
1.5390815748031497
21
0.8858355905511811
0
LINE
8
BLACK
6
CONTINUOUS
10
1.5390815748031497
20
0.8858355905511811
11
1.5388378346456693
21
0.8859507480314961
0
LINE
8
BLACK
6
CONTINUOUS
10
1.5388378346456693
20
0.8859507480314961
11
1.5385779527559056
21
0.8860218897637795
0
LINE
8
BLACK
6
CONTINUOUS
10
1.5385779527559056
20
0.8860218897637795
11
1.5353908661417321
21
0.8876154330708661
0
LINE
8
BLACK
6
CONTINUOUS
10
1.5353908661417321
20
0.8876154330708661
11
1.5350791338582677
21
0.8878573622047244
0
LINE
8
BLACK
6
CONTINUOUS
10
1.5350791338582677
20
0.8878573622047244
11
1.534751377952756
21
0.8880763779527558
0
LINE
8
BLACK
6
CONTINUOUS
10
1.534751377952756
20
0.8880763779527558
11
1.5331578346456693
21
0.8896699212598425
0
LINE
8
BLACK
6
CONTINUOUS
10
1.5331578346456693
20
0.8896699212598425
11
1.5329388976377953
21
0.8899975590551181
0
LINE
8
BLACK
6
CONTINUOUS
10
1.5329388976377953
20
0.8899975590551181
11
1.5326968897637796
21
0.8903094094488189
0
LINE
8
BLACK
6
CONTINUOUS
10
1.5326968897637796
20
0.8903094094488189
11
1.5311033464566928
21
0.8934964960629921
0
LINE
8
BLACK
6
CONTINUOUS
10
1.5311033464566928
20
0.8934964960629921
11
1.5310707874015748
21
0.8936153937007874
0
LINE
8
BLACK
6
CONTINUOUS
10
1.5310707874015748
20
0.8936153937007874
11
1.531030905511811
21
0.8936552755905511
0
LINE
8
BLACK
6
CONTINUOUS
10
1.531030905511811
20
0.8936552755905511
11
1.530953937007874
21
0.8940422047244094
0
LINE
8
BLACK
6
CONTINUOUS
10
1.530953937007874
20
0.8940422047244094
11
1.5308498031496063
21
0.8944225196850394
0
LINE
8
BLACK
6
CONTINUOUS
10
1.5308498031496063
20
0.8944225196850394
11
1.5308675984251967
21
0.8944760236220473
0
LINE
8
BLACK
6
CONTINUOUS
10
1.5308675984251967
20
0.8944760236220473
11
1.5308435826771654
21
0.8945969291338582
0
LINE
8
BLACK
6
CONTINUOUS
10
1.5308435826771654
20
0.8945969291338582
11
1.5308435826771654
21
0.8977840551181102
0
LINE
8
BLACK
6
CONTINUOUS
10
1.5308435826771654
20
0.8977840551181102
11
1.5308675984251967
21
0.897905
0
LINE
8
BLACK
6
CONTINUOUS
10
1.5308675984251967
20
0.897905
11
1.5308498031496063
21
0.8979584645669291
0
LINE
8
BLACK
6
CONTINUOUS
10
1.5308498031496063
20
0.8979584645669291
11
1.530953937007874
21
0.8983388188976378
0
LINE
8
BLACK
6
CONTINUOUS
10
1.530953937007874
20
0.8983388188976378
11
1.531030905511811
21
0.8987257086614173
0
LINE
8
BLACK
6
CONTINUOUS
10
1.531030905511811
20
0.8987257086614173
11
1.5310707874015748
21
0.8987656299212599
0
LINE
8
BLACK
6
CONTINUOUS
10
1.5310707874015748
20
0.8987656299212599
11
1.5311033464566928
21
0.8988844881889764
0
LINE
8
BLACK
6
CONTINUOUS
10
1.5311033464566928
20
0.8988844881889764
11
1.5326968897637796
21
0.9020715748031496
0
LINE
8
BLACK
6
CONTINUOUS
10
1.5326968897637796
20
0.9020715748031496
11
1.5329388976377953
21
0.9023834645669291
0
LINE
8
BLACK
6
CONTINUOUS
10
1.5329388976377953
20
0.9023834645669291
11
1.5331578346456693
21
0.902711062992126
0
LINE
8
BLACK
6
CONTINUOUS
10
1.5331578346456693
20
0.902711062992126
11
1.534751377952756
21
0.9043046062992126
0
LINE
8
BLACK
6
CONTINUOUS
10
1.534751377952756
20
0.9043046062992126
11
1.5350794881889764
21
0.9045238976377953
0
LINE
8
BLACK
6
CONTINUOUS
10
1.5350794881889764
20
0.9045238976377953
11
1.5353908661417321
21
0.9047655118110236
0
LINE
8
BLACK
6
CONTINUOUS
10
1.5353908661417321
20
0.9047655118110236
11
1.5385779527559056
21
0.9063591338582677
0
LINE
8
BLACK
6
CONTINUOUS
10
1.5385779527559056
20
0.9063591338582677
11
1.5388379921259843
21
0.9064303543307086
0
LINE
8
BLACK
6
CONTINUOUS
10
1.5388379921259843
20
0.9064303543307086
11
1.5390816141732284
21
0.9065454330708661
0
LINE
8
BLACK
6
CONTINUOUS
10
1.5390816141732284
20
0.9065454330708661
11
1.5454558267716536
21
0.9081389763779527
0
LINE
8
BLACK
6
CONTINUOUS
10
1.5454558267716536
20
0.9081389763779527
11
1.5457569291338582
21
0.9081536614173228
0
LINE
8
BLACK
6
CONTINUOUS
10
1.5457569291338582
20
0.9081536614173228
11
1.5460525984251967
21
0.9082124409448818
0
LINE
8
BLACK
6
CONTINUOUS
10
1.5460525984251967
20
0.9082124409448818
11
1.5540203543307087
21
0.9082124409448818
0
LINE
8
BLACK
6
CONTINUOUS
10
1.5540203543307087
20
0.9082124409448818
11
1.5543159842519685
21
0.9081536614173228
0
LINE
8
BLACK
6
CONTINUOUS
10
1.5405372047244095
20
0.9018366141732284
11
1.5379488976377953
21
0.9005424803149606
0
LINE
8
BLACK
6
CONTINUOUS
10
1.5379488976377953
20
0.9005424803149606
11
1.5369200787401573
21
0.8995136220472441
0
LINE
8
BLACK
6
CONTINUOUS
10
1.5369200787401573
20
0.8995136220472441
11
1.535764842519685
21
0.8972031496062992
0
LINE
8
BLACK
6
CONTINUOUS
10
1.535764842519685
20
0.8972031496062992
11
1.535764842519685
21
0.8951778346456692
0
LINE
8
BLACK
6
CONTINUOUS
10
1.535764842519685
20
0.8951778346456692
11
1.5369200787401573
21
0.8928673622047244
0
LINE
8
BLACK
6
CONTINUOUS
10
1.5369200787401573
20
0.8928673622047244
11
1.5379488188976378
21
0.8918386220472441
0
LINE
8
BLACK
6
CONTINUOUS
10
1.5379488188976378
20
0.8918386220472441
11
1.5405372440944882
21
0.8905444094488189
0
LINE
8
BLACK
6
CONTINUOUS
10
1.5405372440944882
20
0.8905444094488189
11
1.5463555511811022
21
0.8890898031496063
0
LINE
8
BLACK
6
CONTINUOUS
10
1.5463555511811022
20
0.8890898031496063
11
1.5537174015748032
21
0.8890898031496063
0
LINE
8
BLACK
6
CONTINUOUS
10
1.5537174015748032
20
0.8890898031496063
11
1.5595356692913385
21
0.8905444094488189
0
LINE
8
BLACK
6
CONTINUOUS
10
1.5595356692913385
20
0.8905444094488189
11
1.5621240551181101
21
0.8918386220472441
0
LINE
8
BLACK
6
CONTINUOUS
10
1.5621240551181101
20
0.8918386220472441
11
1.5631529133858266
21
0.8928674015748032
0
LINE
8
BLACK
6
CONTINUOUS
10
1.5631529133858266
20
0.8928674015748032
11
1.5643081496062992
21
0.8951778346456692
0
LINE
8
BLACK
6
CONTINUOUS
10
1.5643081496062992
20
0.8951778346456692
11
1.5643081496062992
21
0.8972031496062992
0
LINE
8
BLACK
6
CONTINUOUS
10
1.5643081496062992
20
0.8972031496062992
11
1.5631529133858266
21
0.8995136220472441
0
LINE
8
BLACK
6
CONTINUOUS
10
1.5631529133858266
20
0.8995136220472441
11
1.5621240551181101
21
0.9005424409448819
0
LINE
8
BLACK
6
CONTINUOUS
10
1.5621240551181101
20
0.9005424409448819
11
1.5595357874015747
21
0.9018366141732284
0
LINE
8
BLACK
6
CONTINUOUS
10
1.5595357874015747
20
0.9018366141732284
11
1.553717440944882
21
0.9032911811023622
0
LINE
8
BLACK
6
CONTINUOUS
10
1.553717440944882
20
0.9032911811023622
11
1.5463555511811022
21
0.9032911811023622
0
LINE
8
BLACK
6
CONTINUOUS
10
1.5463555511811022
20
0.9032911811023622
11
1.5405372047244095
21
0.9018366141732284
0
LINE
8
BLACK
6
CONTINUOUS
10
0.952755905511811
20
0.9024606299212599
11
1.0600393700787401
21
0.9024606299212599
0
LINE
8
BLACK
6
CONTINUOUS
10
1.0600393700787401
20
0.9024606299212599
11
1.0609433464566929
21
0.9022808267716536
0
LINE
8
BLACK
6
CONTINUOUS
10
1.0609433464566929
20
0.9022808267716536
11
1.0622217716535434
21
0.9010024015748032
0
LINE
8
BLACK
6
CONTINUOUS
10
1.0622217716535434
20
0.9010024015748032
11
1.0624015748031497
21
0.9000984251968503
0
LINE
8
BLACK
6
CONTINUOUS
10
1.0624015748031497
20
0.9000984251968503
11
1.0624015748031497
21
0.8898622047244095
0
LINE
8
BLACK
6
CONTINUOUS
10
1.0624015748031497
20
0.8898622047244095
11
1.0622217716535434
21
0.8889582283464567
0
LINE
8
BLACK
6
CONTINUOUS
10
1.0622217716535434
20
0.8889582283464567
11
1.0609433464566929
21
0.8876798031496063
0
LINE
8
BLACK
6
CONTINUOUS
10
1.0609433464566929
20
0.8876798031496063
11
1.0591353937007875
21
0.8876798031496063
0
LINE
8
BLACK
6
CONTINUOUS
10
1.0591353937007875
20
0.8876798031496063
11
1.057856968503937
21
0.8889582283464567
0
LINE
8
BLACK
6
CONTINUOUS
10
1.057856968503937
20
0.8889582283464567
11
1.0576771653543307
21
0.8898622047244095
0
LINE
8
BLACK
6
CONTINUOUS
10
1.0576771653543307
20
0.8898622047244095
11
1.0576771653543307
21
0.8977362204724409
0
LINE
8
BLACK
6
CONTINUOUS
10
1.0576771653543307
20
0.8977362204724409
11
0.952755905511811
21
0.8977362204724409
0
LINE
8
BLACK
6
CONTINUOUS
10
0.952755905511811
20
0.8977362204724409
11
0.8478346456692913
21
0.8977362204724409
0
LINE
8
BLACK
6
CONTINUOUS
10
0.8478346456692913
20
0.8977362204724409
11
0.8478346456692913
21
0.8898622047244095
0
LINE
8
BLACK
6
CONTINUOUS
10
0.8478346456692913
20
0.8898622047244095
11
0.847654842519685
21
0.8889582283464567
0
LINE
8
BLACK
6
CONTINUOUS
10
0.847654842519685
20
0.8889582283464567
11
0.8463764173228346
21
0.8876798031496063
0
LINE
8
BLACK
6
CONTINUOUS
10
0.8463764173228346
20
0.8876798031496063
11
0.8445684645669291
21
0.8876798031496063
0
LINE
8
BLACK
6
CONTINUOUS
10
0.8445684645669291
20
0.8876798031496063
11
0.8432900393700787
21
0.8889582283464567
0
LINE
8
BLACK
6
CONTINUOUS
10
0.8432900393700787
20
0.8889582283464567
11
0.8431102362204724
21
0.8898622047244095
0
LINE
8
BLACK
6
CONTINUOUS
10
0.8431102362204724
20
0.8898622047244095
11
0.8431102362204724
21
0.9000984251968503
0
LINE
8
BLACK
6
CONTINUOUS
10
0.8431102362204724
20
0.9000984251968503
11
0.8432900393700787
21
0.9010024015748032
0
LINE
8
BLACK
6
CONTINUOUS
10
0.8432900393700787
20
0.9010024015748032
11
0.8445684645669291
21
0.9022808267716536
0
LINE
8
BLACK
6
CONTINUOUS
10
0.8445684645669291
20
0.9022808267716536
11
0.8454724409448818
21
0.9024606299212599
0
LINE
8
BLACK
6
CONTINUOUS
10
0.8454724409448818
20
0.9024606299212599
11
0.952755905511811
21
0.9024606299212599
0
LINE
8
BLACK
6
CONTINUOUS
10
1.2930845669291338
20
0.9300716141732284
11
1.2934758661417323
21
0.9300222834645669
0
LINE
8
BLACK
6
CONTINUOUS
10
1.2934758661417323
20
0.9300222834645669
11
1.2982565354330708
21
0.9284287401574803
0
LINE
8
BLACK
6
CONTINUOUS
10
1.2982565354330708
20
0.9284287401574803
11
1.2983636614173228
21
0.9283676771653543
0
LINE
8
BLACK
6
CONTINUOUS
10
1.2983636614173228
20
0.9283676771653543
11
1.2984200393700787
21
0.9283676771653543
0
LINE
8
BLACK
6
CONTINUOUS
10
1.2984200393700787
20
0.9283676771653543
11
1.2987476771653543
21
0.928148779527559
0
LINE
8
BLACK
6
CONTINUOUS
10
1.2987476771653543
20
0.928148779527559
11
1.2990906299212599
21
0.9279532677165354
0
LINE
8
BLACK
6
CONTINUOUS
10
1.2990906299212599
20
0.9279532677165354
11
1.2991158661417324
21
0.9279027559055117
0
LINE
8
BLACK
6
CONTINUOUS
10
1.2991158661417324
20
0.9279027559055117
11
1.2992183464566929
21
0.9278342913385826
0
LINE
8
BLACK
6
CONTINUOUS
10
1.2992183464566929
20
0.9278342913385826
11
1.3024054330708661
21
0.9246472047244094
0
LINE
8
BLACK
6
CONTINUOUS
10
1.3024054330708661
20
0.9246472047244094
11
1.3026244094488189
21
0.9243194488188976
0
LINE
8
BLACK
6
CONTINUOUS
10
1.3026244094488189
20
0.9243194488188976
11
1.3028663779527558
21
0.924007716535433
0
LINE
8
BLACK
6
CONTINUOUS
10
1.3028663779527558
20
0.924007716535433
11
1.3044599212598424
21
0.9208206299212598
0
LINE
8
BLACK
6
CONTINUOUS
10
1.3044599212598424
20
0.9208206299212598
11
1.3045311023622046
21
0.9205607086614173
0
LINE
8
BLACK
6
CONTINUOUS
10
1.3045311023622046
20
0.9205607086614173
11
1.3046462598425197
21
0.9203169291338582
0
LINE
8
BLACK
6
CONTINUOUS
10
1.3046462598425197
20
0.9203169291338582
11
1.3062398031496063
21
0.9139427559055118
0
LINE
8
BLACK
6
CONTINUOUS
10
1.3062398031496063
20
0.9139427559055118
11
1.3062544488188976
21
0.9136416535433071
0
LINE
8
BLACK
6
CONTINUOUS
10
1.3062544488188976
20
0.9136416535433071
11
1.3063132677165354
21
0.9133459842519684
0
LINE
8
BLACK
6
CONTINUOUS
10
1.3063132677165354
20
0.9133459842519684
11
1.3063132677165354
21
0.9085653149606299
0
LINE
8
BLACK
6
CONTINUOUS
10
1.3063132677165354
20
0.9085653149606299
11
1.3062544488188976
21
0.9082696850393701
0
LINE
8
BLACK
6
CONTINUOUS
10
1.3062544488188976
20
0.9082696850393701
11
1.3062398031496063
21
0.9079685433070865
0
LINE
8
BLACK
6
CONTINUOUS
10
1.3062398031496063
20
0.9079685433070865
11
1.3046462598425197
21
0.9015943307086614
0
LINE
8
BLACK
6
CONTINUOUS
10
1.3046462598425197
20
0.9015943307086614
11
1.3045311417322834
21
0.9013507480314961
0
LINE
8
BLACK
6
CONTINUOUS
10
1.3045311417322834
20
0.9013507480314961
11
1.3044599606299212
21
0.9010906692913385
0
LINE
8
BLACK
6
CONTINUOUS
10
1.3044599606299212
20
0.9010906692913385
11
1.3028663385826771
21
0.8979035826771653
0
LINE
8
BLACK
6
CONTINUOUS
10
1.3028663385826771
20
0.8979035826771653
11
1.3026245669291339
21
0.897592125984252
0
LINE
8
BLACK
6
CONTINUOUS
10
1.3026245669291339
20
0.897592125984252
11
1.3024054330708661
21
0.897264094488189
0
LINE
8
BLACK
6
CONTINUOUS
10
1.3024054330708661
20
0.897264094488189
11
1.2992183464566929
21
0.894076968503937
0
LINE
8
BLACK
6
CONTINUOUS
10
1.2992183464566929
20
0.894076968503937
11
1.2991158661417324
21
0.8940085433070866
0
LINE
8
BLACK
6
CONTINUOUS
10
1.2991158661417324
20
0.8940085433070866
11
1.2990906299212599
21
0.8939579921259843
0
LINE
8
BLACK
6
CONTINUOUS
10
1.2990906299212599
20
0.8939579921259843
11
1.2987478346456693
21
0.8937625984251968
0
LINE
8
BLACK
6
CONTINUOUS
10
1.2987478346456693
20
0.8937625984251968
11
1.2984200787401574
21
0.8935435826771654
0
LINE
8
BLACK
6
CONTINUOUS
10
1.2984200787401574
20
0.8935435826771654
11
1.2983636614173228
21
0.8935435826771654
0
LINE
8
BLACK
6
CONTINUOUS
10
1.2983636614173228
20
0.8935435826771654
11
1.2982565354330708
21
0.8934825196850393
0
LINE
8
BLACK
6
CONTINUOUS
10
1.2982565354330708
20
0.8934825196850393
11
1.2934758661417323
21
0.8918889763779527
0
LINE
8
BLACK
6
CONTINUOUS
10
1.2934758661417323
20
0.8918889763779527
11
1.2930845669291338
21
0.8918396850393701
0
LINE
8
BLACK
6
CONTINUOUS
10
1.2930845669291338
20
0.8918396850393701
11
1.2926977559055117
21
0.891762716535433
0
LINE
8
BLACK
6
CONTINUOUS
10
1.2926977559055117
20
0.891762716535433
11
1.2895106692913385
21
0.891762716535433
0
LINE
8
BLACK
6
CONTINUOUS
10
1.2895106692913385
20
0.891762716535433
11
1.2891238188976377
21
0.8918396850393701
0
LINE
8
BLACK
6
CONTINUOUS
10
1.2891238188976377
20
0.8918396850393701
11
1.2887325590551182
21
0.8918889763779527
0
LINE
8
BLACK
6
CONTINUOUS
10
1.2887325590551182
20
0.8918889763779527
11
1.2839518897637796
21
0.8934825196850393
0
LINE
8
BLACK
6
CONTINUOUS
10
1.2839518897637796
20
0.8934825196850393
11
1.2838447637795276
21
0.8935435826771654
0
LINE
8
BLACK
6
CONTINUOUS
10
1.2838447637795276
20
0.8935435826771654
11
1.2837883464566928
21
0.8935435826771654
0
LINE
8
BLACK
6
CONTINUOUS
10
1.2837883464566928
20
0.8935435826771654
11
1.2834603937007873
21
0.893762716535433
0
LINE
8
BLACK
6
CONTINUOUS
10
1.2834603937007873
20
0.893762716535433
11
1.2831177952755906
21
0.893958031496063
0
LINE
8
BLACK
6
CONTINUOUS
10
1.2831177952755906
20
0.893958031496063
11
1.2830925196850393
21
0.8940085433070866
0
LINE
8
BLACK
6
CONTINUOUS
10
1.2830925196850393
20
0.8940085433070866
11
1.2829900393700786
21
0.8940770078740157
0
LINE
8
BLACK
6
CONTINUOUS
10
1.2829900393700786
20
0.8940770078740157
11
1.281396496062992
21
0.8956705511811024
0
LINE
8
BLACK
6
CONTINUOUS
10
1.281396496062992
20
0.8956705511811024
11
1.2808631102362205
21
0.8964688976377952
0
LINE
8
BLACK
6
CONTINUOUS
10
1.2808631102362205
20
0.8964688976377952
11
1.2808631496062992
21
0.898352125984252
0
LINE
8
BLACK
6
CONTINUOUS
10
1.2808631496062992
20
0.898352125984252
11
1.2821948818897637
21
0.8996838188976378
0
LINE
8
BLACK
6
CONTINUOUS
10
1.2821948818897637
20
0.8996838188976378
11
1.2840781102362204
21
0.8996837795275591
0
LINE
8
BLACK
6
CONTINUOUS
10
1.2840781102362204
20
0.8996837795275591
11
1.2848764173228346
21
0.8991503937007874
0
LINE
8
BLACK
6
CONTINUOUS
10
1.2848764173228346
20
0.8991503937007874
11
1.2860591732283464
21
0.8979675984251968
0
LINE
8
BLACK
6
CONTINUOUS
10
1.2860591732283464
20
0.8979675984251968
11
1.2899099999999999
21
0.8966839763779527
0
LINE
8
BLACK
6
CONTINUOUS
10
1.2899099999999999
20
0.8966839763779527
11
1.2922984251968503
21
0.8966839763779527
0
LINE
8
BLACK
6
CONTINUOUS
10
1.2922984251968503
20
0.8966839763779527
11
1.2961492519685038
21
0.8979675984251968
0
LINE
8
BLACK
6
CONTINUOUS
10
1.2961492519685038
20
0.8979675984251968
11
1.2986432677165354
21
0.9004616929133858
0
LINE
8
BLACK
6
CONTINUOUS
10
1.2986432677165354
20
0.9004616929133858
11
1.2999374015748031
21
0.9030499606299213
0
LINE
8
BLACK
6
CONTINUOUS
10
1.2999374015748031
20
0.9030499606299213
11
1.3013920078740158
21
0.9088682677165354
0
LINE
8
BLACK
6
CONTINUOUS
10
1.3013920078740158
20
0.9088682677165354
11
1.3013920078740158
21
0.9130430708661417
0
LINE
8
BLACK
6
CONTINUOUS
10
1.3013920078740158
20
0.9130430708661417
11
1.2999374409448818
21
0.9188612598425197
0
LINE
8
BLACK
6
CONTINUOUS
10
1.2999374409448818
20
0.9188612598425197
11
1.2986431889763779
21
0.9214497637795276
0
LINE
8
BLACK
6
CONTINUOUS
10
1.2986431889763779
20
0.9214497637795276
11
1.2961492519685038
21
0.9239437007874015
0
LINE
8
BLACK
6
CONTINUOUS
10
1.2961492519685038
20
0.9239437007874015
11
1.2922984251968503
21
0.925227283464567
0
LINE
8
BLACK
6
CONTINUOUS
10
1.2922984251968503
20
0.925227283464567
11
1.2899099999999999
21
0.925227283464567
0
LINE
8
BLACK
6
CONTINUOUS
10
1.2899099999999999
20
0.925227283464567
11
1.2860591338582676
21
0.9239437007874015
0
LINE
8
BLACK
6
CONTINUOUS
10
1.2860591338582676
20
0.9239437007874015
11
1.2848763779527559
21
0.922760905511811
0
LINE
8
BLACK
6
CONTINUOUS
10
1.2848763779527559
20
0.922760905511811
11
1.2840780708661417
21
0.9222275196850394
0
LINE
8
BLACK
6
CONTINUOUS
10
1.2840780708661417
20
0.9222275196850394
11
1.282194842519685
21
0.9222275196850394
0
LINE
8
BLACK
6
CONTINUOUS
10
1.282194842519685
20
0.9222275196850394
11
1.2808631496062992
21
0.9235592125984252
0
LINE
8
BLACK
6
CONTINUOUS
10
1.2808631496062992
20
0.9235592125984252
11
1.2808631496062992
21
0.9254424409448818
0
LINE
8
BLACK
6
CONTINUOUS
10
1.2808631496062992
20
0.9254424409448818
11
1.2813965354330707
21
0.926240748031496
0
LINE
8
BLACK
6
CONTINUOUS
10
1.2813965354330707
20
0.926240748031496
11
1.2829900787401574
21
0.9278342913385826
0
LINE
8
BLACK
6
CONTINUOUS
10
1.2829900787401574
20
0.9278342913385826
11
1.2830925590551181
21
0.9279027952755905
0
LINE
8
BLACK
6
CONTINUOUS
10
1.2830925590551181
20
0.9279027952755905
11
1.2831177952755906
21
0.9279532283464567
0
LINE
8
BLACK
6
CONTINUOUS
10
1.2831177952755906
20
0.9279532283464567
11
1.2834602362204723
21
0.9281485039370079
0
LINE
8
BLACK
6
CONTINUOUS
10
1.2834602362204723
20
0.9281485039370079
11
1.2837883858267716
21
0.928367716535433
0
LINE
8
BLACK
6
CONTINUOUS
10
1.2837883858267716
20
0.928367716535433
11
1.2838448425196851
21
0.928367716535433
0
LINE
8
BLACK
6
CONTINUOUS
10
1.2838448425196851
20
0.928367716535433
11
1.2839518897637796
21
0.9284287401574803
0
LINE
8
BLACK
6
CONTINUOUS
10
1.2839518897637796
20
0.9284287401574803
11
1.2887325590551182
21
0.9300222834645669
0
LINE
8
BLACK
6
CONTINUOUS
10
1.2887325590551182
20
0.9300222834645669
11
1.2891238188976377
21
0.9300716141732284
0
LINE
8
BLACK
6
CONTINUOUS
10
1.2891238188976377
20
0.9300716141732284
11
1.2895106692913385
21
0.9301485433070866
0
LINE
8
BLACK
6
CONTINUOUS
10
1.2895106692913385
20
0.9301485433070866
11
1.2926977559055117
21
0.9301485433070866
0
LINE
8
BLACK
6
CONTINUOUS
10
1.2926977559055117
20
0.9301485433070866
11
1.2930845669291338
21
0.9300716141732284
0
LINE
8
BLACK
6
CONTINUOUS
10
1.2642791732283465
20
0.9308936614173228
11
1.2647546850393701
21
0.9300595669291338
0
LINE
8
BLACK
6
CONTINUOUS
10
1.2647546850393701
20
0.9300595669291338
11
1.2727224409448818
21
0.9061563385826772
0
LINE
8
BLACK
6
CONTINUOUS
10
1.2727224409448818
20
0.9061563385826772
11
1.2728424803149605
21
0.905203779527559
0
LINE
8
BLACK
6
CONTINUOUS
10
1.2728424803149605
20
0.905203779527559
11
1.2726613779527558
21
0.9048415748031496
0
LINE
8
BLACK
6
CONTINUOUS
10
1.2726613779527558
20
0.9048415748031496
11
1.2726613779527558
21
0.9044365748031495
0
LINE
8
BLACK
6
CONTINUOUS
10
1.2726613779527558
20
0.9044365748031495
11
1.2722563779527558
21
0.9040315748031496
0
LINE
8
BLACK
6
CONTINUOUS
10
1.2722563779527558
20
0.9040315748031496
11
1.2720002755905511
21
0.9035193700787402
0
LINE
8
BLACK
6
CONTINUOUS
10
1.2720002755905511
20
0.9035193700787402
11
1.2716161023622048
21
0.9033913385826772
0
LINE
8
BLACK
6
CONTINUOUS
10
1.2716161023622048
20
0.9033913385826772
11
1.2713297244094488
21
0.9031049212598425
0
LINE
8
BLACK
6
CONTINUOUS
10
1.2713297244094488
20
0.9031049212598425
11
1.2703880708661417
21
0.9029175984251968
0
LINE
8
BLACK
6
CONTINUOUS
10
1.2703880708661417
20
0.9029175984251968
11
1.2569131889763778
21
0.9029175984251968
0
LINE
8
BLACK
6
CONTINUOUS
10
1.2569131889763778
20
0.9029175984251968
11
1.2569131889763778
21
0.8942233464566929
0
LINE
8
BLACK
6
CONTINUOUS
10
1.2569131889763778
20
0.8942233464566929
11
1.2567258661417322
21
0.8932816929133858
0
LINE
8
BLACK
6
CONTINUOUS
10
1.2567258661417322
20
0.8932816929133858
11
1.2553942125984252
21
0.8919500393700788
0
LINE
8
BLACK
6
CONTINUOUS
10
1.2553942125984252
20
0.8919500393700788
11
1.253510905511811
21
0.8919500393700788
0
LINE
8
BLACK
6
CONTINUOUS
10
1.253510905511811
20
0.8919500393700788
11
1.252179251968504
21
0.8932816929133858
0
LINE
8
BLACK
6
CONTINUOUS
10
1.252179251968504
20
0.8932816929133858
11
1.2519919291338582
21
0.8942233464566929
0
LINE
8
BLACK
6
CONTINUOUS
10
1.2519919291338582
20
0.8942233464566929
11
1.2519919291338582
21
0.9029175984251968
0
LINE
8
BLACK
6
CONTINUOUS
10
1.2519919291338582
20
0.9029175984251968
11
1.2496718897637795
21
0.9029175984251968
0
LINE
8
BLACK
6
CONTINUOUS
10
1.2496718897637795
20
0.9029175984251968
11
1.2487302362204724
21
0.9031049212598425
0
LINE
8
BLACK
6
CONTINUOUS
10
1.2487302362204724
20
0.9031049212598425
11
1.2473985826771654
21
0.9044365748031495
0
LINE
8
BLACK
6
CONTINUOUS
10
1.2473985826771654
20
0.9044365748031495
11
1.2473985826771654
21
0.9063198818897638
0
LINE
8
BLACK
6
CONTINUOUS
10
1.2473985826771654
20
0.9063198818897638
11
1.2487302362204724
21
0.9076515354330709
0
LINE
8
BLACK
6
CONTINUOUS
10
1.2487302362204724
20
0.9076515354330709
11
1.2496718897637795
21
0.9078388582677165
0
LINE
8
BLACK
6
CONTINUOUS
10
1.2496718897637795
20
0.9078388582677165
11
1.2519919291338582
21
0.9078388582677165
0
LINE
8
BLACK
6
CONTINUOUS
10
1.2519919291338582
20
0.9078388582677165
11
1.2519919291338582
21
0.9165330708661417
0
LINE
8
BLACK
6
CONTINUOUS
10
1.2519919291338582
20
0.9165330708661417
11
1.252179251968504
21
0.9174747244094488
0
LINE
8
BLACK
6
CONTINUOUS
10
1.252179251968504
20
0.9174747244094488
11
1.253510905511811
21
0.9188063779527559
0
LINE
8
BLACK
6
CONTINUOUS
10
1.253510905511811
20
0.9188063779527559
11
1.2553942125984252
21
0.9188063779527559
0
LINE
8
BLACK
6
CONTINUOUS
10
1.2553942125984252
20
0.9188063779527559
11
1.2567258661417322
21
0.9174747244094488
0
LINE
8
BLACK
6
CONTINUOUS
10
1.2567258661417322
20
0.9174747244094488
11
1.2569131889763778
21
0.9165330708661417
0
LINE
8
BLACK
6
CONTINUOUS
10
1.2569131889763778
20
0.9165330708661417
11
1.2569131889763778
21
0.9078388582677165
0
LINE
8
BLACK
6
CONTINUOUS
10
1.2569131889763778
20
0.9078388582677165
11
1.2669741338582676
21
0.9078388582677165
0
LINE
8
BLACK
6
CONTINUOUS
10
1.2669741338582676
20
0.9078388582677165
11
1.2600859448818897
21
0.9285033464566929
0
LINE
8
BLACK
6
CONTINUOUS
10
1.2600859448818897
20
0.9285033464566929
11
1.2599659055118111
21
0.929455905511811
0
LINE
8
BLACK
6
CONTINUOUS
10
1.2599659055118111
20
0.929455905511811
11
1.2608081102362205
21
0.9311403149606299
0
LINE
8
BLACK
6
CONTINUOUS
10
1.2608081102362205
20
0.9311403149606299
11
1.2625947637795276
21
0.9317358661417323
0
LINE
8
BLACK
6
CONTINUOUS
10
1.2625947637795276
20
0.9317358661417323
11
1.2642791732283465
21
0.9308936614173228
0
LINE
8
BLACK
6
CONTINUOUS
10
1.4614343700787402
20
0.9226068110236221
11
1.4616141732283465
21
0.9217028346456693
0
LINE
8
BLACK
6
CONTINUOUS
10
1.4616141732283465
20
0.9217028346456693
11
1.4616141732283465
21
0.9011318110236221
0
LINE
8
BLACK
6
CONTINUOUS
10
1.4616141732283465
20
0.9011318110236221
11
1.4614343700787402
21
0.9002278346456692
0
LINE
8
BLACK
6
CONTINUOUS
10
1.4614343700787402
20
0.9002278346456692
11
1.4601559448818897
21
0.8989494094488188
0
LINE
8
BLACK
6
CONTINUOUS
10
1.4601559448818897
20
0.8989494094488188
11
1.4583479921259843
21
0.8989494094488188
0
LINE
8
BLACK
6
CONTINUOUS
10
1.4583479921259843
20
0.8989494094488188
11
1.4570695669291338
21
0.9002278346456692
0
LINE
8
BLACK
6
CONTINUOUS
10
1.4570695669291338
20
0.9002278346456692
11
1.4568897637795275
21
0.9011318110236221
0
LINE
8
BLACK
6
CONTINUOUS
10
1.4568897637795275
20
0.9011318110236221
11
1.4568897637795275
21
0.9217028346456693
0
LINE
8
BLACK
6
CONTINUOUS
10
1.4568897637795275
20
0.9217028346456693
11
1.4570695669291338
21
0.9226068110236221
0
LINE
8
BLACK
6
CONTINUOUS
10
1.4570695669291338
20
0.9226068110236221
11
1.4583479921259843
21
0.9238852362204725
0
LINE
8
BLACK
6
CONTINUOUS
10
1.4583479921259843
20
0.9238852362204725
11
1.4601559448818897
21
0.9238852362204725
0
LINE
8
BLACK
6
CONTINUOUS
10
1.4601559448818897
20
0.9238852362204725
11
1.4614343700787402
21
0.9226068110236221
0
LINE
8
BLACK
6
CONTINUOUS
10
1.5193083858267715
20
0.9226068110236221
11
1.5194881889763778
21
0.9217028346456693
0
LINE
8
BLACK
6
CONTINUOUS
10
1.5194881889763778
20
0.9217028346456693
11
1.5194881889763778
21
0.9011318110236221
0
LINE
8
BLACK
6
CONTINUOUS
10
1.5194881889763778
20
0.9011318110236221
11
1.5193083858267715
21
0.9002278346456692
0
LINE
8
BLACK
6
CONTINUOUS
10
1.5193083858267715
20
0.9002278346456692
11
1.5180299606299212
21
0.8989494094488188
0
LINE
8
BLACK
6
CONTINUOUS
10
1.5180299606299212
20
0.8989494094488188
11
1.5162220078740156
21
0.8989494094488188
0
LINE
8
BLACK
6
CONTINUOUS
10
1.5162220078740156
20
0.8989494094488188
11
1.5149435826771653
21
0.9002278346456692
0
LINE
8
BLACK
6
CONTINUOUS
10
1.5149435826771653
20
0.9002278346456692
11
1.514763779527559
21
0.9011318110236221
0
LINE
8
BLACK
6
CONTINUOUS
10
1.514763779527559
20
0.9011318110236221
11
1.514763779527559
21
0.9217028346456693
0
LINE
8
BLACK
6
CONTINUOUS
10
1.514763779527559
20
0.9217028346456693
11
1.5149435826771653
21
0.9226068110236221
0
LINE
8
BLACK
6
CONTINUOUS
10
1.5149435826771653
20
0.9226068110236221
11
1.5162220078740156
21
0.9238852362204725
0
LINE
8
BLACK
6
CONTINUOUS
10
1.5162220078740156
20
0.9238852362204725
11
1.5180299606299212
21
0.9238852362204725
0
LINE
8
BLACK
6
CONTINUOUS
10
1.5180299606299212
20
0.9238852362204725
11
1.5193083858267715
21
0.9226068110236221
0
LINE
8
BLACK
6
CONTINUOUS
10
1.5447244094488188
20
0.9392350393700787
11
1.5453199212598425
21
0.9374484251968503
0
LINE
8
BLACK
6
CONTINUOUS
10
1.5453199212598425
20
0.9374484251968503
11
1.5450663779527558
21
0.9365224015748032
0
LINE
8
BLACK
6
CONTINUOUS
10
1.5450663779527558
20
0.9365224015748032
11
1.5434728346456692
21
0.9333352755905512
0
LINE
8
BLACK
6
CONTINUOUS
10
1.5434728346456692
20
0.9333352755905512
11
1.5432309448818897
21
0.9330236614173228
0
LINE
8
BLACK
6
CONTINUOUS
10
1.5432309448818897
20
0.9330236614173228
11
1.5430118897637795
21
0.932695748031496
0
LINE
8
BLACK
6
CONTINUOUS
10
1.5430118897637795
20
0.932695748031496
11
1.5408382677165353
21
0.9305221653543306
0
LINE
8
BLACK
6
CONTINUOUS
10
1.5408382677165353
20
0.9305221653543306
11
1.5643081496062992
21
0.9305221653543306
0
LINE
8
BLACK
6
CONTINUOUS
10
1.5643081496062992
20
0.9305221653543306
11
1.5643081496062992
21
0.9376228346456693
0
LINE
8
BLACK
6
CONTINUOUS
10
1.5643081496062992
20
0.9376228346456693
11
1.5644954724409448
21
0.9385644881889763
0
LINE
8
BLACK
6
CONTINUOUS
10
1.5644954724409448
20
0.9385644881889763
11
1.565827125984252
21
0.9398961417322834
0
LINE
8
BLACK
6
CONTINUOUS
10
1.565827125984252
20
0.9398961417322834
11
1.5677104330708662
21
0.9398961417322834
0
LINE
8
BLACK
6
CONTINUOUS
10
1.5677104330708662
20
0.9398961417322834
11
1.5690420866141732
21
0.9385644881889763
0
LINE
8
BLACK
6
CONTINUOUS
10
1.5690420866141732
20
0.9385644881889763
11
1.5692294094488188
21
0.9376228346456693
0
LINE
8
BLACK
6
CONTINUOUS
10
1.5692294094488188
20
0.9376228346456693
11
1.5692294094488188
21
0.9185001968503936
0
LINE
8
BLACK
6
CONTINUOUS
10
1.5692294094488188
20
0.9185001968503936
11
1.5690420866141732
21
0.9175585433070866
0
LINE
8
BLACK
6
CONTINUOUS
10
1.5690420866141732
20
0.9175585433070866
11
1.5677104330708662
21
0.9162268897637795
0
LINE
8
BLACK
6
CONTINUOUS
10
1.5677104330708662
20
0.9162268897637795
11
1.565827125984252
21
0.9162268897637795
0
LINE
8
BLACK
6
CONTINUOUS
10
1.565827125984252
20
0.9162268897637795
11
1.5644954724409448
21
0.9175585433070866
0
LINE
8
BLACK
6
CONTINUOUS
10
1.5644954724409448
20
0.9175585433070866
11
1.5643081496062992
21
0.9185001968503936
0
LINE
8
BLACK
6
CONTINUOUS
10
1.5643081496062992
20
0.9185001968503936
11
1.5643081496062992
21
0.925600905511811
0
LINE
8
BLACK
6
CONTINUOUS
10
1.5643081496062992
20
0.925600905511811
11
1.5333042125984251
21
0.925600905511811
0
LINE
8
BLACK
6
CONTINUOUS
10
1.5333042125984251
20
0.925600905511811
11
1.532362559055118
21
0.9257882283464567
0
LINE
8
BLACK
6
CONTINUOUS
10
1.532362559055118
20
0.9257882283464567
11
1.5321833858267717
21
0.9259674015748032
0
LINE
8
BLACK
6
CONTINUOUS
10
1.5321833858267717
20
0.9259674015748032
11
1.5319350393700788
21
0.9260170472440945
0
LINE
8
BLACK
6
CONTINUOUS
10
1.5319350393700788
20
0.9260170472440945
11
1.5315375590551181
21
0.9266132283464567
0
LINE
8
BLACK
6
CONTINUOUS
10
1.5315375590551181
20
0.9266132283464567
11
1.531030905511811
21
0.9271198818897638
0
LINE
8
BLACK
6
CONTINUOUS
10
1.531030905511811
20
0.9271198818897638
11
1.531030905511811
21
0.9273732283464566
0
LINE
8
BLACK
6
CONTINUOUS
10
1.531030905511811
20
0.9273732283464566
11
1.5308903543307086
21
0.9275840157480315
0
LINE
8
BLACK
6
CONTINUOUS
10
1.5308903543307086
20
0.9275840157480315
11
1.531030905511811
21
0.9282867322834646
0
LINE
8
BLACK
6
CONTINUOUS
10
1.531030905511811
20
0.9282867322834646
11
1.531030905511811
21
0.9290031889763779
0
LINE
8
BLACK
6
CONTINUOUS
10
1.531030905511811
20
0.9290031889763779
11
1.5312100393700787
21
0.9291823622047244
0
LINE
8
BLACK
6
CONTINUOUS
10
1.5312100393700787
20
0.9291823622047244
11
1.5312597244094488
21
0.9294307086614173
0
LINE
8
BLACK
6
CONTINUOUS
10
1.5312597244094488
20
0.9294307086614173
11
1.5319392913385825
21
0.9301088976377953
0
LINE
8
BLACK
6
CONTINUOUS
10
1.5319392913385825
20
0.9301088976377953
11
1.5365172440944881
21
0.933160905511811
0
LINE
8
BLACK
6
CONTINUOUS
10
1.5365172440944881
20
0.933160905511811
11
1.5392496062992125
21
0.9358932677165354
0
LINE
8
BLACK
6
CONTINUOUS
10
1.5392496062992125
20
0.9358932677165354
11
1.5406646456692914
21
0.9387232677165354
0
LINE
8
BLACK
6
CONTINUOUS
10
1.5406646456692914
20
0.9387232677165354
11
1.5412533070866141
21
0.9394817322834645
0
LINE
8
BLACK
6
CONTINUOUS
10
1.5412533070866141
20
0.9394817322834645
11
1.5430399212598425
21
0.9400772834645669
0
LINE
8
BLACK
6
CONTINUOUS
10
1.5430399212598425
20
0.9400772834645669
11
1.5447244094488188
21
0.9392350393700787
0
LINE
8
BLACK
6
CONTINUOUS
10
0.843866653543307
20
0.9220642913385827
11
0.8451450787401574
21
0.9207858661417323
0
LINE
8
BLACK
6
CONTINUOUS
10
0.8451450787401574
20
0.9207858661417323
11
0.8451450787401574
21
0.9189779133858268
0
LINE
8
BLACK
6
CONTINUOUS
10
0.8451450787401574
20
0.9189779133858268
11
0.843866653543307
21
0.9176994881889764
0
LINE
8
BLACK
6
CONTINUOUS
10
0.843866653543307
20
0.9176994881889764
11
0.8429626771653543
21
0.9175196850393701
0
LINE
8
BLACK
6
CONTINUOUS
10
0.8429626771653543
20
0.9175196850393701
11
0.8223916535433071
21
0.9175196850393701
0
LINE
8
BLACK
6
CONTINUOUS
10
0.8223916535433071
20
0.9175196850393701
11
0.8214876771653543
21
0.9176994881889764
0
LINE
8
BLACK
6
CONTINUOUS
10
0.8214876771653543
20
0.9176994881889764
11
0.8202092519685039
21
0.9189779133858268
0
LINE
8
BLACK
6
CONTINUOUS
10
0.8202092519685039
20
0.9189779133858268
11
0.8202092519685039
21
0.9207858661417323
0
LINE
8
BLACK
6
CONTINUOUS
10
0.8202092519685039
20
0.9207858661417323
11
0.8214876771653543
21
0.9220642913385827
0
LINE
8
BLACK
6
CONTINUOUS
10
0.8214876771653543
20
0.9220642913385827
11
0.8223916535433071
21
0.922244094488189
0
LINE
8
BLACK
6
CONTINUOUS
10
0.8223916535433071
20
0.922244094488189
11
0.8429626771653543
21
0.922244094488189
0
LINE
8
BLACK
6
CONTINUOUS
10
0.8429626771653543
20
0.922244094488189
11
0.843866653543307
21
0.9220642913385827
0
LINE
8
BLACK
6
CONTINUOUS
10
0.9816619291338582
20
0.9220642913385827
11
0.9829403543307086
21
0.9207858661417323
0
LINE
8
BLACK
6
CONTINUOUS
10
0.9829403543307086
20
0.9207858661417323
11
0.9829403543307086
21
0.9189779133858268
0
LINE
8
BLACK
6
CONTINUOUS
10
0.9829403543307086
20
0.9189779133858268
11
0.9816619291338582
21
0.9176994881889764
0
LINE
8
BLACK
6
CONTINUOUS
10
0.9816619291338582
20
0.9176994881889764
11
0.9807579527559055
21
0.9175196850393701
0
LINE
8
BLACK
6
CONTINUOUS
10
0.9807579527559055
20
0.9175196850393701
11
0.9601869291338583
21
0.9175196850393701
0
LINE
8
BLACK
6
CONTINUOUS
10
0.9601869291338583
20
0.9175196850393701
11
0.9592829527559055
21
0.9176994881889764
0
LINE
8
BLACK
6
CONTINUOUS
10
0.9592829527559055
20
0.9176994881889764
11
0.9580045275590551
21
0.9189779133858268
0
LINE
8
BLACK
6
CONTINUOUS
10
0.9580045275590551
20
0.9189779133858268
11
0.9580045275590551
21
0.9207858661417323
0
LINE
8
BLACK
6
CONTINUOUS
10
0.9580045275590551
20
0.9207858661417323
11
0.9592829527559055
21
0.9220642913385827
0
LINE
8
BLACK
6
CONTINUOUS
10
0.9592829527559055
20
0.9220642913385827
11
0.9601869291338583
21
0.922244094488189
0
LINE
8
BLACK
6
CONTINUOUS
10
0.9601869291338583
20
0.922244094488189
11
0.9807579527559055
21
0.922244094488189
0
LINE
8
BLACK
6
CONTINUOUS
10
0.9807579527559055
20
0.922244094488189
11
0.9816619291338582
21
0.9220642913385827
0
LINE
8
BLACK
6
CONTINUOUS
10
1.3852052362204723
20
0.9287572047244095
11
1.3864836614173228
21
0.9274787795275591
0
LINE
8
BLACK
6
CONTINUOUS
10
1.3864836614173228
20
0.9274787795275591
11
1.3864836614173228
21
0.9256708267716536
0
LINE
8
BLACK
6
CONTINUOUS
10
1.3864836614173228
20
0.9256708267716536
11
1.3852052362204723
21
0.9243924015748032
0
LINE
8
BLACK
6
CONTINUOUS
10
1.3852052362204723
20
0.9243924015748032
11
1.3843012598425197
21
0.9242125984251969
0
LINE
8
BLACK
6
CONTINUOUS
10
1.3843012598425197
20
0.9242125984251969
11
1.3637302362204724
21
0.9242125984251969
0
LINE
8
BLACK
6
CONTINUOUS
10
1.3637302362204724
20
0.9242125984251969
11
1.3628262598425196
21
0.9243924015748032
0
LINE
8
BLACK
6
CONTINUOUS
10
1.3628262598425196
20
0.9243924015748032
11
1.3615478346456693
21
0.9256708267716536
0
LINE
8
BLACK
6
CONTINUOUS
10
1.3615478346456693
20
0.9256708267716536
11
1.3615478346456693
21
0.9274787795275591
0
LINE
8
BLACK
6
CONTINUOUS
10
1.3615478346456693
20
0.9274787795275591
11
1.3628262598425196
21
0.9287572047244095
0
LINE
8
BLACK
6
CONTINUOUS
10
1.3628262598425196
20
0.9287572047244095
11
1.3637302362204724
21
0.9289370078740157
0
LINE
8
BLACK
6
CONTINUOUS
10
1.3637302362204724
20
0.9289370078740157
11
1.3843012598425197
21
0.9289370078740157
0
LINE
8
BLACK
6
CONTINUOUS
10
1.3843012598425197
20
0.9289370078740157
11
1.3852052362204723
21
0.9287572047244095
0
LINE
8
BLACK
6
CONTINUOUS
10
1.5527224409448819
20
0.9734892519685039
11
1.5530235826771652
21
0.9734745669291338
0
LINE
8
BLACK
6
CONTINUOUS
10
1.5530235826771652
20
0.9734745669291338
11
1.5593978346456692
21
0.9718810236220472
0
LINE
8
BLACK
6
CONTINUOUS
10
1.5593978346456692
20
0.9718810236220472
11
1.5596416141732283
21
0.9717658661417322
0
LINE
8
BLACK
6
CONTINUOUS
10
1.5596416141732283
20
0.9717658661417322
11
1.5599014566929132
21
0.9716946850393701
0
LINE
8
BLACK
6
CONTINUOUS
10
1.5599014566929132
20
0.9716946850393701
11
1.5630885826771652
21
0.9701011023622047
0
LINE
8
BLACK
6
CONTINUOUS
10
1.5630885826771652
20
0.9701011023622047
11
1.5634003149606299
21
0.9698591732283465
0
LINE
8
BLACK
6
CONTINUOUS
10
1.5634003149606299
20
0.9698591732283465
11
1.5637280314960629
21
0.9696401968503937
0
LINE
8
BLACK
6
CONTINUOUS
10
1.5637280314960629
20
0.9696401968503937
11
1.5669151574803148
21
0.9664531496062992
0
LINE
8
BLACK
6
CONTINUOUS
10
1.5669151574803148
20
0.9664531496062992
11
1.5669836614173227
21
0.9663506299212599
0
LINE
8
BLACK
6
CONTINUOUS
10
1.5669836614173227
20
0.9663506299212599
11
1.5670340944881889
21
0.9663253937007874
0
LINE
8
BLACK
6
CONTINUOUS
10
1.5670340944881889
20
0.9663253937007874
11
1.5672292913385826
21
0.9659829527559055
0
LINE
8
BLACK
6
CONTINUOUS
10
1.5672292913385826
20
0.9659829527559055
11
1.5674485433070866
21
0.965654842519685
0
LINE
8
BLACK
6
CONTINUOUS
10
1.5674485433070866
20
0.965654842519685
11
1.5674485433070866
21
0.9655984251968504
0
LINE
8
BLACK
6
CONTINUOUS
10
1.5674485433070866
20
0.9655984251968504
11
1.5675096062992127
21
0.9654912992125984
0
LINE
8
BLACK
6
CONTINUOUS
10
1.5675096062992127
20
0.9654912992125984
11
1.5691031496062993
21
0.9607106299212598
0
LINE
8
BLACK
6
CONTINUOUS
10
1.5691031496062993
20
0.9607106299212598
11
1.5691524409448818
21
0.9603193700787401
0
LINE
8
BLACK
6
CONTINUOUS
10
1.5691524409448818
20
0.9603193700787401
11
1.5692294094488188
21
0.9599325196850393
0
LINE
8
BLACK
6
CONTINUOUS
10
1.5692294094488188
20
0.9599325196850393
11
1.5692294094488188
21
0.9567454330708661
0
LINE
8
BLACK
6
CONTINUOUS
10
1.5692294094488188
20
0.9567454330708661
11
1.5691524409448818
21
0.9563586220472441
0
LINE
8
BLACK
6
CONTINUOUS
10
1.5691524409448818
20
0.9563586220472441
11
1.5691031496062993
21
0.9559673228346457
0
LINE
8
BLACK
6
CONTINUOUS
10
1.5691031496062993
20
0.9559673228346457
11
1.5675096062992127
21
0.9511866535433071
0
LINE
8
BLACK
6
CONTINUOUS
10
1.5675096062992127
20
0.9511866535433071
11
1.5674485433070866
21
0.9510795669291339
0
LINE
8
BLACK
6
CONTINUOUS
10
1.5674485433070866
20
0.9510795669291339
11
1.5674485433070866
21
0.9510231102362204
0
LINE
8
BLACK
6
CONTINUOUS
10
1.5674485433070866
20
0.9510231102362204
11
1.5672294094488188
21
0.9506951968503937
0
LINE
8
BLACK
6
CONTINUOUS
10
1.5672294094488188
20
0.9506951968503937
11
1.5670340944881889
21
0.9503525590551181
0
LINE
8
BLACK
6
CONTINUOUS
10
1.5670340944881889
20
0.9503525590551181
11
1.5669835826771654
21
0.9503273228346456
0
LINE
8
BLACK
6
CONTINUOUS
10
1.5669835826771654
20
0.9503273228346456
11
1.5669151181102361
21
0.9502248031496062
0
LINE
8
BLACK
6
CONTINUOUS
10
1.5669151181102361
20
0.9502248031496062
11
1.5653215748031495
21
0.9486312598425196
0
LINE
8
BLACK
6
CONTINUOUS
10
1.5653215748031495
20
0.9486312598425196
11
1.5645232283464567
21
0.948097874015748
0
LINE
8
BLACK
6
CONTINUOUS
10
1.5645232283464567
20
0.948097874015748
11
1.56264
21
0.9480979133858267
0
LINE
8
BLACK
6
CONTINUOUS
10
1.56264
20
0.9480979133858267
11
1.5613083070866141
21
0.9494296456692913
0
LINE
8
BLACK
6
CONTINUOUS
10
1.5613083070866141
20
0.9494296456692913
11
1.5613083464566928
21
0.951312874015748
0
LINE
8
BLACK
6
CONTINUOUS
10
1.5613083464566928
20
0.951312874015748
11
1.5618417322834646
21
0.9521111811023621
0
LINE
8
BLACK
6
CONTINUOUS
10
1.5618417322834646
20
0.9521111811023621
11
1.5630245275590551
21
0.9532939763779528
0
LINE
8
BLACK
6
CONTINUOUS
10
1.5630245275590551
20
0.9532939763779528
11
1.5643081496062992
21
0.9571447637795275
0
LINE
8
BLACK
6
CONTINUOUS
10
1.5643081496062992
20
0.9571447637795275
11
1.5643081496062992
21
0.9595332283464567
0
LINE
8
BLACK
6
CONTINUOUS
10
1.5643081496062992
20
0.9595332283464567
11
1.5630245275590551
21
0.9633840551181102
0
LINE
8
BLACK
6
CONTINUOUS
10
1.5630245275590551
20
0.9633840551181102
11
1.5605305511811023
21
0.9658779921259842
0
LINE
8
BLACK
6
CONTINUOUS
10
1.5605305511811023
20
0.9658779921259842
11
1.5579422440944881
21
0.9671722047244095
0
LINE
8
BLACK
6
CONTINUOUS
10
1.5579422440944881
20
0.9671722047244095
11
1.5521238976377953
21
0.9686267716535433
0
LINE
8
BLACK
6
CONTINUOUS
10
1.5521238976377953
20
0.9686267716535433
11
1.5479490944881888
21
0.9686267716535433
0
LINE
8
BLACK
6
CONTINUOUS
10
1.5479490944881888
20
0.9686267716535433
11
1.5421308661417323
21
0.9671722440944882
0
LINE
8
BLACK
6
CONTINUOUS
10
1.5421308661417323
20
0.9671722440944882
11
1.5395423622047244
21
0.9658779921259842
0
LINE
8
BLACK
6
CONTINUOUS
10
1.5395423622047244
20
0.9658779921259842
11
1.5370484251968504
21
0.9633840551181102
0
LINE
8
BLACK
6
CONTINUOUS
10
1.5370484251968504
20
0.9633840551181102
11
1.535764842519685
21
0.9595332283464567
0
LINE
8
BLACK
6
CONTINUOUS
10
1.535764842519685
20
0.9595332283464567
11
1.535764842519685
21
0.9571447637795275
0
LINE
8
BLACK
6
CONTINUOUS
10
1.535764842519685
20
0.9571447637795275
11
1.5370484251968504
21
0.953293937007874
0
LINE
8
BLACK
6
CONTINUOUS
10
1.5370484251968504
20
0.953293937007874
11
1.5382312204724409
21
0.9521111417322834
0
LINE
8
BLACK
6
CONTINUOUS
10
1.5382312204724409
20
0.9521111417322834
11
1.5387646456692914
21
0.9513128346456693
0
LINE
8
BLACK
6
CONTINUOUS
10
1.5387646456692914
20
0.9513128346456693
11
1.5387646456692914
21
0.9494296062992126
0
LINE
8
BLACK
6
CONTINUOUS
10
1.5387646456692914
20
0.9494296062992126
11
1.5374329133858267
21
0.948097874015748
0
LINE
8
BLACK
6
CONTINUOUS
10
1.5374329133858267
20
0.948097874015748
11
1.5355496850393699
21
0.948097874015748
0
LINE
8
BLACK
6
CONTINUOUS
10
1.5355496850393699
20
0.948097874015748
11
1.534751377952756
21
0.9486312992125984
0
LINE
8
BLACK
6
CONTINUOUS
10
1.534751377952756
20
0.9486312992125984
11
1.5331578346456693
21
0.950224842519685
0
LINE
8
BLACK
6
CONTINUOUS
10
1.5331578346456693
20
0.950224842519685
11
1.53308937007874
21
0.9503273228346456
0
LINE
8
BLACK
6
CONTINUOUS
10
1.53308937007874
20
0.9503273228346456
11
1.5330388582677166
21
0.9503525590551181
0
LINE
8
BLACK
6
CONTINUOUS
10
1.5330388582677166
20
0.9503525590551181
11
1.5328433464566928
21
0.9506955118110236
0
LINE
8
BLACK
6
CONTINUOUS
10
1.5328433464566928
20
0.9506955118110236
11
1.5326244488188976
21
0.9510231496062992
0
LINE
8
BLACK
6
CONTINUOUS
10
1.5326244488188976
20
0.9510231496062992
11
1.5326244488188976
21
0.9510795669291339
0
LINE
8
BLACK
6
CONTINUOUS
10
1.5326244488188976
20
0.9510795669291339
11
1.5325633858267715
21
0.9511866535433071
0
LINE
8
BLACK
6
CONTINUOUS
10
1.5325633858267715
20
0.9511866535433071
11
1.5309698425196849
21
0.9559673228346457
0
LINE
8
BLACK
6
CONTINUOUS
10
1.5309698425196849
20
0.9559673228346457
11
1.5309205118110236
21
0.9563586220472441
0
LINE
8
BLACK
6
CONTINUOUS
10
1.5309205118110236
20
0.9563586220472441
11
1.5308435826771654
21
0.9567454330708661
0
LINE
8
BLACK
6
CONTINUOUS
10
1.5308435826771654
20
0.9567454330708661
11
1.5308435826771654
21
0.9599325196850393
0
LINE
8
BLACK
6
CONTINUOUS
10
1.5308435826771654
20
0.9599325196850393
11
1.5309205118110236
21
0.9603193700787401
0
LINE
8
BLACK
6
CONTINUOUS
10
1.5309205118110236
20
0.9603193700787401
11
1.5309698425196849
21
0.9607106299212598
0
LINE
8
BLACK
6
CONTINUOUS
10
1.5309698425196849
20
0.9607106299212598
11
1.5325633858267715
21
0.9654912992125984
0
LINE
8
BLACK
6
CONTINUOUS
10
1.5325633858267715
20
0.9654912992125984
11
1.5326244488188976
21
0.9655984251968504
0
LINE
8
BLACK
6
CONTINUOUS
10
1.5326244488188976
20
0.9655984251968504
11
1.5326244488188976
21
0.9656548031496063
0
LINE
8
BLACK
6
CONTINUOUS
10
1.5326244488188976
20
0.9656548031496063
11
1.5328433464566928
21
0.9659824803149606
0
LINE
8
BLACK
6
CONTINUOUS
10
1.5328433464566928
20
0.9659824803149606
11
1.5330388582677166
21
0.9663253937007874
0
LINE
8
BLACK
6
CONTINUOUS
10
1.5330388582677166
20
0.9663253937007874
11
1.53308937007874
21
0.9663506692913386
0
LINE
8
BLACK
6
CONTINUOUS
10
1.53308937007874
20
0.9663506692913386
11
1.5331578346456693
21
0.9664531102362205
0
LINE
8
BLACK
6
CONTINUOUS
10
1.5331578346456693
20
0.9664531102362205
11
1.5363449212598426
21
0.9696401968503937
0
LINE
8
BLACK
6
CONTINUOUS
10
1.5363449212598426
20
0.9696401968503937
11
1.5366726771653543
21
0.9698592125984252
0
LINE
8
BLACK
6
CONTINUOUS
10
1.5366726771653543
20
0.9698592125984252
11
1.5369844094488188
21
0.9701011417322835
0
LINE
8
BLACK
6
CONTINUOUS
10
1.5369844094488188
20
0.9701011417322835
11
1.5401714960629922
21
0.9716946850393701
0
LINE
8
BLACK
6
CONTINUOUS
10
1.5401714960629922
20
0.9716946850393701
11
1.5404314173228346
21
0.971765905511811
0
LINE
8
BLACK
6
CONTINUOUS
10
1.5404314173228346
20
0.971765905511811
11
1.5406751968503936
21
0.9718810236220472
0
LINE
8
BLACK
6
CONTINUOUS
10
1.5406751968503936
20
0.9718810236220472
11
1.5470493700787402
21
0.9734745669291338
0
LINE
8
BLACK
6
CONTINUOUS
10
1.5470493700787402
20
0.9734745669291338
11
1.5473504724409448
21
0.9734892519685039
0
LINE
8
BLACK
6
CONTINUOUS
10
1.5473504724409448
20
0.9734892519685039
11
1.5476461417322833
21
0.9735480314960629
0
LINE
8
BLACK
6
CONTINUOUS
10
1.5476461417322833
20
0.9735480314960629
11
1.5524268110236221
21
0.9735480314960629
0
LINE
8
BLACK
6
CONTINUOUS
10
1.5524268110236221
20
0.9735480314960629
11
1.5527224409448819
21
0.9734892519685039
0
LINE
8
BLACK
6
CONTINUOUS
10
1.1072948818897637
20
0.9700206299212598
11
1.1078159055118111
21
0.9694996062992126
0
LINE
8
BLACK
6
CONTINUOUS
10
1.1078159055118111
20
0.9694996062992126
11
1.1172647244094487
21
0.9565074803149606
0
LINE
8
BLACK
6
CONTINUOUS
10
1.1172647244094487
20
0.9565074803149606
11
1.1176876377952756
21
0.9547496850393701
0
LINE
8
BLACK
6
CONTINUOUS
10
1.1176876377952756
20
0.9547496850393701
11
1.1167437007874015
21
0.953207716535433
0
LINE
8
BLACK
6
CONTINUOUS
10
1.1167437007874015
20
0.953207716535433
11
1.1153543307086613
21
0.952755905511811
0
LINE
8
BLACK
6
CONTINUOUS
10
1.1153543307086613
20
0.952755905511811
11
1.0964566929133859
21
0.952755905511811
0
LINE
8
BLACK
6
CONTINUOUS
10
1.0964566929133859
20
0.952755905511811
11
1.0947863779527558
21
0.9534477952755905
0
LINE
8
BLACK
6
CONTINUOUS
10
1.0947863779527558
20
0.9534477952755905
11
1.0940944881889763
21
0.9551181102362204
0
LINE
8
BLACK
6
CONTINUOUS
10
1.0940944881889763
20
0.9551181102362204
11
1.0945462992125985
21
0.9565074803149606
0
LINE
8
BLACK
6
CONTINUOUS
10
1.0945462992125985
20
0.9565074803149606
11
1.1039951181102361
21
0.9694996062992126
0
LINE
8
BLACK
6
CONTINUOUS
10
1.1039951181102361
20
0.9694996062992126
11
1.1055370866141732
21
0.9704435433070866
0
LINE
8
BLACK
6
CONTINUOUS
10
1.1055370866141732
20
0.9704435433070866
11
1.1072948818897637
21
0.9700206299212598
0
LINE
8
BLACK
6
CONTINUOUS
10
1.1324000393700786
20
0.9702926377952755
11
1.1336784645669291
21
0.9690142125984251
0
LINE
8
BLACK
6
CONTINUOUS
10
1.1336784645669291
20
0.9690142125984251
11
1.1336784645669291
21
0.9672062598425196
0
LINE
8
BLACK
6
CONTINUOUS
10
1.1336784645669291
20
0.9672062598425196
11
1.1324000393700786
21
0.9659278346456692
0
LINE
8
BLACK
6
CONTINUOUS
10
1.1324000393700786
20
0.9659278346456692
11
1.131496062992126
21
0.9657480314960629
0
LINE
8
BLACK
6
CONTINUOUS
10
1.131496062992126
20
0.9657480314960629
11
1.1177165354330709
21
0.9657480314960629
0
LINE
8
BLACK
6
CONTINUOUS
10
1.1177165354330709
20
0.9657480314960629
11
1.1168125590551181
21
0.9659278346456692
0
LINE
8
BLACK
6
CONTINUOUS
10
1.1168125590551181
20
0.9659278346456692
11
1.1155341338582676
21
0.9672062598425196
0
LINE
8
BLACK
6
CONTINUOUS
10
1.1155341338582676
20
0.9672062598425196
11
1.1155341338582676
21
0.9690142125984251
0
LINE
8
BLACK
6
CONTINUOUS
10
1.1155341338582676
20
0.9690142125984251
11
1.1168125590551181
21
0.9702926377952755
0
LINE
8
BLACK
6
CONTINUOUS
10
1.1168125590551181
20
0.9702926377952755
11
1.1177165354330709
21
0.9704724409448818
0
LINE
8
BLACK
6
CONTINUOUS
10
1.1177165354330709
20
0.9704724409448818
11
1.131496062992126
21
0.9704724409448818
0
LINE
8
BLACK
6
CONTINUOUS
10
1.131496062992126
20
0.9704724409448818
11
1.1324000393700786
21
0.9702926377952755
0
LINE
8
BLACK
6
CONTINUOUS
10
1.3923398818897637
20
0.9946047637795276
11
1.39251968503937
21
0.9937007874015747
0
LINE
8
BLACK
6
CONTINUOUS
10
1.39251968503937
20
0.9937007874015747
11
1.39251968503937
21
0.9681102362204724
0
LINE
8
BLACK
6
CONTINUOUS
10
1.39251968503937
20
0.9681102362204724
11
1.3923398818897637
21
0.9672062598425196
0
LINE
8
BLACK
6
CONTINUOUS
10
1.3923398818897637
20
0.9672062598425196
11
1.3910614566929134
21
0.9659278346456692
0
LINE
8
BLACK
6
CONTINUOUS
10
1.3910614566929134
20
0.9659278346456692
11
1.3901574803149606
21
0.9657480314960629
0
LINE
8
BLACK
6
CONTINUOUS
10
1.3901574803149606
20
0.9657480314960629
11
1.3645669291338582
21
0.9657480314960629
0
LINE
8
BLACK
6
CONTINUOUS
10
1.3645669291338582
20
0.9657480314960629
11
1.3636629527559054
21
0.9659278346456692
0
LINE
8
BLACK
6
CONTINUOUS
10
1.3636629527559054
20
0.9659278346456692
11
1.3623845275590551
21
0.9672062598425196
0
LINE
8
BLACK
6
CONTINUOUS
10
1.3623845275590551
20
0.9672062598425196
11
1.3623845275590551
21
0.9690142125984251
0
LINE
8
BLACK
6
CONTINUOUS
10
1.3623845275590551
20
0.9690142125984251
11
1.3636629527559054
21
0.9702926377952755
0
LINE
8
BLACK
6
CONTINUOUS
10
1.3636629527559054
20
0.9702926377952755
11
1.3645669291338582
21
0.9704724409448818
0
LINE
8
BLACK
6
CONTINUOUS
10
1.3645669291338582
20
0.9704724409448818
11
1.3877952755905512
21
0.9704724409448818
0
LINE
8
BLACK
6
CONTINUOUS
10
1.3877952755905512
20
0.9704724409448818
11
1.3877952755905512
21
0.9937007874015747
0
LINE
8
BLACK
6
CONTINUOUS
10
1.3877952755905512
20
0.9937007874015747
11
1.3879750787401575
21
0.9946047637795276
0
LINE
8
BLACK
6
CONTINUOUS
10
1.3879750787401575
20
0.9946047637795276
11
1.3892535039370077
21
0.995883188976378
0
LINE
8
BLACK
6
CONTINUOUS
10
1.3892535039370077
20
0.995883188976378
11
1.3910614566929134
21
0.995883188976378
0
LINE
8
BLACK
6
CONTINUOUS
10
1.3910614566929134
20
0.995883188976378
11
1.3923398818897637
21
0.9946047637795276
0
LINE
8
BLACK
6
CONTINUOUS
10
1.1080879133858268
20
0.9946047637795276
11
1.1082677165354331
21
0.9937007874015747
0
LINE
8
BLACK
6
CONTINUOUS
10
1.1082677165354331
20
0.9937007874015747
11
1.1082677165354331
21
0.9775590551181103
0
LINE
8
BLACK
6
CONTINUOUS
10
1.1082677165354331
20
0.9775590551181103
11
1.1080879133858268
21
0.9766550787401574
0
LINE
8
BLACK
6
CONTINUOUS
10
1.1080879133858268
20
0.9766550787401574
11
1.1068094881889763
21
0.975376653543307
0
LINE
8
BLACK
6
CONTINUOUS
10
1.1068094881889763
20
0.975376653543307
11
1.1050015354330709
21
0.975376653543307
0
LINE
8
BLACK
6
CONTINUOUS
10
1.1050015354330709
20
0.975376653543307
11
1.1037231102362204
21
0.9766550787401574
0
LINE
8
BLACK
6
CONTINUOUS
10
1.1037231102362204
20
0.9766550787401574
11
1.1035433070866141
21
0.9775590551181103
0
LINE
8
BLACK
6
CONTINUOUS
10
1.1035433070866141
20
0.9775590551181103
11
1.1035433070866141
21
0.9937007874015747
0
LINE
8
BLACK
6
CONTINUOUS
10
1.1035433070866141
20
0.9937007874015747
11
1.1037231102362204
21
0.9946047637795276
0
LINE
8
BLACK
6
CONTINUOUS
10
1.1037231102362204
20
0.9946047637795276
11
1.1050015354330709
21
0.995883188976378
0
LINE
8
BLACK
6
CONTINUOUS
10
1.1050015354330709
20
0.995883188976378
11
1.1068094881889763
21
0.995883188976378
0
LINE
8
BLACK
6
CONTINUOUS
10
1.1068094881889763
20
0.995883188976378
11
1.1080879133858268
21
0.9946047637795276
0
LINE
8
BLACK
6
CONTINUOUS
10
0.843866653543307
20
0.9799383070866141
11
0.8451450787401574
21
0.9786598818897637
0
LINE
8
BLACK
6
CONTINUOUS
10
0.8451450787401574
20
0.9786598818897637
11
0.8451450787401574
21
0.9768519291338582
0
LINE
8
BLACK
6
CONTINUOUS
10
0.8451450787401574
20
0.9768519291338582
11
0.843866653543307
21
0.9755735039370078
0
LINE
8
BLACK
6
CONTINUOUS
10
0.843866653543307
20
0.9755735039370078
11
0.8429626771653543
21
0.9753937007874015
0
LINE
8
BLACK
6
CONTINUOUS
10
0.8429626771653543
20
0.9753937007874015
11
0.8223916535433071
21
0.9753937007874015
0
LINE
8
BLACK
6
CONTINUOUS
10
0.8223916535433071
20
0.9753937007874015
11
0.8214876771653543
21
0.9755735039370078
0
LINE
8
BLACK
6
CONTINUOUS
10
0.8214876771653543
20
0.9755735039370078
11
0.8202092519685039
21
0.9768519291338582
0
LINE
8
BLACK
6
CONTINUOUS
10
0.8202092519685039
20
0.9768519291338582
11
0.8202092519685039
21
0.9786598818897637
0
LINE
8
BLACK
6
CONTINUOUS
10
0.8202092519685039
20
0.9786598818897637
11
0.8214876771653543
21
0.9799383070866141
0
LINE
8
BLACK
6
CONTINUOUS
10
0.8214876771653543
20
0.9799383070866141
11
0.8223916535433071
21
0.9801181102362204
0
LINE
8
BLACK
6
CONTINUOUS
10
0.8223916535433071
20
0.9801181102362204
11
0.8429626771653543
21
0.9801181102362204
0
LINE
8
BLACK
6
CONTINUOUS
10
0.8429626771653543
20
0.9801181102362204
11
0.843866653543307
21
0.9799383070866141
0
LINE
8
BLACK
6
CONTINUOUS
10
0.9816619291338582
20
0.9799383070866141
11
0.9829403543307086
21
0.9786598818897637
0
LINE
8
BLACK
6
CONTINUOUS
10
0.9829403543307086
20
0.9786598818897637
11
0.9829403543307086
21
0.9768519291338582
0
LINE
8
BLACK
6
CONTINUOUS
10
0.9829403543307086
20
0.9768519291338582
11
0.9816619291338582
21
0.9755735039370078
0
LINE
8
BLACK
6
CONTINUOUS
10
0.9816619291338582
20
0.9755735039370078
11
0.9807579527559055
21
0.9753937007874015
0
LINE
8
BLACK
6
CONTINUOUS
10
0.9807579527559055
20
0.9753937007874015
11
0.9601869291338583
21
0.9753937007874015
0
LINE
8
BLACK
6
CONTINUOUS
10
0.9601869291338583
20
0.9753937007874015
11
0.9592829527559055
21
0.9755735039370078
0
LINE
8
BLACK
6
CONTINUOUS
10
0.9592829527559055
20
0.9755735039370078
11
0.9580045275590551
21
0.9768519291338582
0
LINE
8
BLACK
6
CONTINUOUS
10
0.9580045275590551
20
0.9768519291338582
11
0.9580045275590551
21
0.9786598818897637
0
LINE
8
BLACK
6
CONTINUOUS
10
0.9580045275590551
20
0.9786598818897637
11
0.9592829527559055
21
0.9799383070866141
0
LINE
8
BLACK
6
CONTINUOUS
10
0.9592829527559055
20
0.9799383070866141
11
0.9601869291338583
21
0.9801181102362204
0
LINE
8
BLACK
6
CONTINUOUS
10
0.9601869291338583
20
0.9801181102362204
11
0.9807579527559055
21
0.9801181102362204
0
LINE
8
BLACK
6
CONTINUOUS
10
0.9807579527559055
20
0.9801181102362204
11
0.9816619291338582
21
0.9799383070866141
0
LINE
8
BLACK
6
CONTINUOUS
10
0.9658366535433071
20
1.0283864173228345
11
0.9671683070866142
21
1.0270547637795275
0
LINE
8
BLACK
6
CONTINUOUS
10
0.9671683070866142
20
1.0270547637795275
11
0.9671683070866142
21
1.0251714566929133
0
LINE
8
BLACK
6
CONTINUOUS
10
0.9671683070866142
20
1.0251714566929133
11
0.9658366535433071
21
1.0238398031496063
0
LINE
8
BLACK
6
CONTINUOUS
10
0.9658366535433071
20
1.0238398031496063
11
0.9648949999999999
21
1.0236524803149607
0
LINE
8
BLACK
6
CONTINUOUS
10
0.9648949999999999
20
1.0236524803149607
11
0.9496014960629922
21
1.0236524803149607
0
LINE
8
BLACK
6
CONTINUOUS
10
0.9496014960629922
20
1.0236524803149607
11
0.9571855118110236
21
1.0149850787401575
0
LINE
8
BLACK
6
CONTINUOUS
10
0.9571855118110236
20
1.0149850787401575
11
0.9575346062992126
21
1.0143787795275589
0
LINE
8
BLACK
6
CONTINUOUS
10
0.9575346062992126
20
1.0143787795275589
11
0.9576070078740158
21
1.0143063779527559
0
LINE
8
BLACK
6
CONTINUOUS
10
0.9576070078740158
20
1.0143063779527559
11
0.9576070078740158
21
1.0142530708661417
0
LINE
8
BLACK
6
CONTINUOUS
10
0.9576070078740158
20
1.0142530708661417
11
0.9576646062992126
21
1.014153031496063
0
LINE
8
BLACK
6
CONTINUOUS
10
0.9576646062992126
20
1.014153031496063
11
0.9576070078740158
21
1.0132888582677164
0
LINE
8
BLACK
6
CONTINUOUS
10
0.9576070078740158
20
1.0132888582677164
11
0.9576070078740158
21
1.0124230708661417
0
LINE
8
BLACK
6
CONTINUOUS
10
0.9576070078740158
20
1.0124230708661417
11
0.957545157480315
21
1.0123612598425196
0
LINE
8
BLACK
6
CONTINUOUS
10
0.957545157480315
20
1.0123612598425196
11
0.9575393700787401
21
1.0122739763779527
0
LINE
8
BLACK
6
CONTINUOUS
10
0.9575393700787401
20
1.0122739763779527
11
0.9568878346456693
21
1.011703937007874
0
LINE
8
BLACK
6
CONTINUOUS
10
0.9568878346456693
20
1.011703937007874
11
0.9562753543307086
21
1.0110914173228347
0
LINE
8
BLACK
6
CONTINUOUS
10
0.9562753543307086
20
1.0110914173228347
11
0.9561620472440945
21
1.0110688976377953
0
LINE
8
BLACK
6
CONTINUOUS
10
0.9561620472440945
20
1.0110688976377953
11
0.9561220078740157
21
1.0110338188976378
0
LINE
8
BLACK
6
CONTINUOUS
10
0.9561220078740157
20
1.0110338188976378
11
0.9560199606299212
21
1.0110406299212598
0
LINE
8
BLACK
6
CONTINUOUS
10
0.9560199606299212
20
1.0110406299212598
11
0.9553337007874015
21
1.0109040944881889
0
LINE
8
BLACK
6
CONTINUOUS
10
0.9553337007874015
20
1.0109040944881889
11
0.951133937007874
21
1.0109040944881889
0
LINE
8
BLACK
6
CONTINUOUS
10
0.951133937007874
20
1.0109040944881889
11
0.9488234645669291
21
1.0097488976377953
0
LINE
8
BLACK
6
CONTINUOUS
10
0.9488234645669291
20
1.0097488976377953
11
0.9477946456692913
21
1.0087200393700788
0
LINE
8
BLACK
6
CONTINUOUS
10
0.9477946456692913
20
1.0087200393700788
11
0.9466394488188976
21
1.00640968503937
0
LINE
8
BLACK
6
CONTINUOUS
10
0.9466394488188976
20
1.00640968503937
11
0.9466394488188976
21
0.9996036220472441
0
LINE
8
BLACK
6
CONTINUOUS
10
0.9466394488188976
20
0.9996036220472441
11
0.9477946456692913
21
0.9972932677165354
0
LINE
8
BLACK
6
CONTINUOUS
10
0.9477946456692913
20
0.9972932677165354
11
0.9488234645669291
21
0.9962644094488189
0
LINE
8
BLACK
6
CONTINUOUS
10
0.9488234645669291
20
0.9962644094488189
11
0.951133937007874
21
0.9951091732283465
0
LINE
8
BLACK
6
CONTINUOUS
10
0.951133937007874
20
0.9951091732283465
11
0.9595334251968504
21
0.9951091732283465
0
LINE
8
BLACK
6
CONTINUOUS
10
0.9595334251968504
20
0.9951091732283465
11
0.9618438582677166
21
0.9962644094488189
0
LINE
8
BLACK
6
CONTINUOUS
10
0.9618438582677166
20
0.9962644094488189
11
0.9631550393700787
21
0.9975755511811023
0
LINE
8
BLACK
6
CONTINUOUS
10
0.9631550393700787
20
0.9975755511811023
11
0.9639533464566928
21
0.9981089763779527
0
LINE
8
BLACK
6
CONTINUOUS
10
0.9639533464566928
20
0.9981089763779527
11
0.9658365748031496
21
0.9981089763779527
0
LINE
8
BLACK
6
CONTINUOUS
10
0.9658365748031496
20
0.9981089763779527
11
0.9671683070866142
21
0.9967773228346456
0
LINE
8
BLACK
6
CONTINUOUS
10
0.9671683070866142
20
0.9967773228346456
11
0.9671683070866142
21
0.9948940551181102
0
LINE
8
BLACK
6
CONTINUOUS
10
0.9671683070866142
20
0.9948940551181102
11
0.9666349212598425
21
0.994095748031496
0
LINE
8
BLACK
6
CONTINUOUS
10
0.9666349212598425
20
0.994095748031496
11
0.9650414173228347
21
0.9925021653543307
0
LINE
8
BLACK
6
CONTINUOUS
10
0.9650414173228347
20
0.9925021653543307
11
0.9647135039370078
21
0.9922831102362204
0
LINE
8
BLACK
6
CONTINUOUS
10
0.9647135039370078
20
0.9922831102362204
11
0.9644018897637795
21
0.9920412204724409
0
LINE
8
BLACK
6
CONTINUOUS
10
0.9644018897637795
20
0.9920412204724409
11
0.9612147637795275
21
0.9904476771653543
0
LINE
8
BLACK
6
CONTINUOUS
10
0.9612147637795275
20
0.9904476771653543
11
0.9610958661417323
21
0.9904151574803149
0
LINE
8
BLACK
6
CONTINUOUS
10
0.9610958661417323
20
0.9904151574803149
11
0.9610559842519685
21
0.9903752362204724
0
LINE
8
BLACK
6
CONTINUOUS
10
0.9610559842519685
20
0.9903752362204724
11
0.9606690551181102
21
0.9902983070866141
0
LINE
8
BLACK
6
CONTINUOUS
10
0.9606690551181102
20
0.9902983070866141
11
0.9602887401574803
21
0.9901941338582677
0
LINE
8
BLACK
6
CONTINUOUS
10
0.9602887401574803
20
0.9901941338582677
11
0.9602352362204725
21
0.990211968503937
0
LINE
8
BLACK
6
CONTINUOUS
10
0.9602352362204725
20
0.990211968503937
11
0.9601143307086614
21
0.9901879133858268
0
LINE
8
BLACK
6
CONTINUOUS
10
0.9601143307086614
20
0.9901879133858268
11
0.950553031496063
21
0.9901879133858268
0
LINE
8
BLACK
6
CONTINUOUS
10
0.950553031496063
20
0.9901879133858268
11
0.9504320866141732
21
0.990211968503937
0
LINE
8
BLACK
6
CONTINUOUS
10
0.9504320866141732
20
0.990211968503937
11
0.9503786220472441
21
0.9901941338582677
0
LINE
8
BLACK
6
CONTINUOUS
10
0.9503786220472441
20
0.9901941338582677
11
0.9499982677165354
21
0.9902983070866141
0
LINE
8
BLACK
6
CONTINUOUS
10
0.9499982677165354
20
0.9902983070866141
11
0.9496113779527559
21
0.9903752362204724
0
LINE
8
BLACK
6
CONTINUOUS
10
0.9496113779527559
20
0.9903752362204724
11
0.9495714566929133
21
0.9904151574803149
0
LINE
8
BLACK
6
CONTINUOUS
10
0.9495714566929133
20
0.9904151574803149
11
0.9494525984251968
21
0.9904476771653543
0
LINE
8
BLACK
6
CONTINUOUS
10
0.9494525984251968
20
0.9904476771653543
11
0.9462655118110236
21
0.9920412204724409
0
LINE
8
BLACK
6
CONTINUOUS
10
0.9462655118110236
20
0.9920412204724409
11
0.9459536614173228
21
0.9922832677165354
0
LINE
8
BLACK
6
CONTINUOUS
10
0.9459536614173228
20
0.9922832677165354
11
0.9456259842519685
21
0.9925022047244094
0
LINE
8
BLACK
6
CONTINUOUS
10
0.9456259842519685
20
0.9925022047244094
11
0.9440324409448819
21
0.994095748031496
0
LINE
8
BLACK
6
CONTINUOUS
10
0.9440324409448819
20
0.994095748031496
11
0.9438133070866142
21
0.9944237401574803
0
LINE
8
BLACK
6
CONTINUOUS
10
0.9438133070866142
20
0.9944237401574803
11
0.9435715748031496
21
0.9947351968503937
0
LINE
8
BLACK
6
CONTINUOUS
10
0.9435715748031496
20
0.9947351968503937
11
0.9419779921259842
21
0.9979223228346457
0
LINE
8
BLACK
6
CONTINUOUS
10
0.9419779921259842
20
0.9979223228346457
11
0.9419454330708661
21
0.9980411811023622
0
LINE
8
BLACK
6
CONTINUOUS
10
0.9419454330708661
20
0.9980411811023622
11
0.9419055118110236
21
0.9980811023622047
0
LINE
8
BLACK
6
CONTINUOUS
10
0.9419055118110236
20
0.9980811023622047
11
0.9418285039370079
21
0.9984681496062991
0
LINE
8
BLACK
6
CONTINUOUS
10
0.9418285039370079
20
0.9984681496062991
11
0.9417244094488189
21
0.9988483070866141
0
LINE
8
BLACK
6
CONTINUOUS
10
0.9417244094488189
20
0.9988483070866141
11
0.9417422440944881
21
0.9989018503937007
0
LINE
8
BLACK
6
CONTINUOUS
10
0.9417422440944881
20
0.9989018503937007
11
0.9417181889763779
21
0.9990227559055118
0
LINE
8
BLACK
6
CONTINUOUS
10
0.9417181889763779
20
0.9990227559055118
11
0.9417181889763779
21
1.0069905118110236
0
LINE
8
BLACK
6
CONTINUOUS
10
0.9417181889763779
20
1.0069905118110236
11
0.9417422440944881
21
1.0071114566929134
0
LINE
8
BLACK
6
CONTINUOUS
10
0.9417422440944881
20
1.0071114566929134
11
0.9417244094488189
21
1.0071649606299213
0
LINE
8
BLACK
6
CONTINUOUS
10
0.9417244094488189
20
1.0071649606299213
11
0.9418285039370079
21
1.0075451574803149
0
LINE
8
BLACK
6
CONTINUOUS
10
0.9418285039370079
20
1.0075451574803149
11
0.9419055118110236
21
1.0079321653543307
0
LINE
8
BLACK
6
CONTINUOUS
10
0.9419055118110236
20
1.0079321653543307
11
0.9419454330708661
21
1.007972125984252
0
LINE
8
BLACK
6
CONTINUOUS
10
0.9419454330708661
20
1.007972125984252
11
0.9419779921259842
21
1.0080909448818898
0
LINE
8
BLACK
6
CONTINUOUS
10
0.9419779921259842
20
1.0080909448818898
11
0.9435715748031496
21
1.0112780708661417
0
LINE
8
BLACK
6
CONTINUOUS
10
0.9435715748031496
20
1.0112780708661417
11
0.9438133070866142
21
1.0115895669291339
0
LINE
8
BLACK
6
CONTINUOUS
10
0.9438133070866142
20
1.0115895669291339
11
0.9440324409448819
21
1.0119175196850394
0
LINE
8
BLACK
6
CONTINUOUS
10
0.9440324409448819
20
1.0119175196850394
11
0.9456259842519685
21
1.013511062992126
0
LINE
8
BLACK
6
CONTINUOUS
10
0.9456259842519685
20
1.013511062992126
11
0.9459536614173228
21
1.0137300393700788
0
LINE
8
BLACK
6
CONTINUOUS
10
0.9459536614173228
20
1.0137300393700788
11
0.9462655118110236
21
1.0139720472440945
0
LINE
8
BLACK
6
CONTINUOUS
10
0.9462655118110236
20
1.0139720472440945
11
0.9494525984251968
21
1.0155655905511811
0
LINE
8
BLACK
6
CONTINUOUS
10
0.9494525984251968
20
1.0155655905511811
11
0.9495714566929133
21
1.0155981496062991
0
LINE
8
BLACK
6
CONTINUOUS
10
0.9495714566929133
20
1.0155981496062991
11
0.9496113779527559
21
1.0156380314960629
0
LINE
8
BLACK
6
CONTINUOUS
10
0.9496113779527559
20
1.0156380314960629
11
0.9499982677165354
21
1.0157149999999999
0
LINE
8
BLACK
6
CONTINUOUS
10
0.9499982677165354
20
1.0157149999999999
11
0.9500057480314961
21
1.0157170866141731
0
LINE
8
BLACK
6
CONTINUOUS
10
0.9500057480314961
20
1.0157170866141731
11
0.9423270078740157
21
1.0244927559055117
0
LINE
8
BLACK
6
CONTINUOUS
10
0.9423270078740157
20
1.0244927559055117
11
0.9419778740157481
21
1.025099094488189
0
LINE
8
BLACK
6
CONTINUOUS
10
0.9419778740157481
20
1.025099094488189
11
0.9419055118110236
21
1.0251714566929133
0
LINE
8
BLACK
6
CONTINUOUS
10
0.9419055118110236
20
1.0251714566929133
11
0.9419055118110236
21
1.0252248031496063
0
LINE
8
BLACK
6
CONTINUOUS
10
0.9419055118110236
20
1.0252248031496063
11
0.9418479133858267
21
1.0253248031496063
0
LINE
8
BLACK
6
CONTINUOUS
10
0.9418479133858267
20
1.0253248031496063
11
0.9419055118110236
21
1.0261890157480316
0
LINE
8
BLACK
6
CONTINUOUS
10
0.9419055118110236
20
1.0261890157480316
11
0.9419055118110236
21
1.0270547637795275
0
LINE
8
BLACK
6
CONTINUOUS
10
0.9419055118110236
20
1.0270547637795275
11
0.9419673228346457
21
1.0271166141732284
0
LINE
8
BLACK
6
CONTINUOUS
10
0.9419673228346457
20
1.0271166141732284
11
0.9419731496062992
21
1.0272038582677165
0
LINE
8
BLACK
6
CONTINUOUS
10
0.9419731496062992
20
1.0272038582677165
11
0.9426246456692913
21
1.027773937007874
0
LINE
8
BLACK
6
CONTINUOUS
10
0.9426246456692913
20
1.027773937007874
11
0.9432371653543307
21
1.0283864173228345
0
LINE
8
BLACK
6
CONTINUOUS
10
0.9432371653543307
20
1.0283864173228345
11
0.9433504330708661
21
1.0284089763779527
0
LINE
8
BLACK
6
CONTINUOUS
10
0.9433504330708661
20
1.0284089763779527
11
0.9433905118110236
21
1.0284440157480315
0
LINE
8
BLACK
6
CONTINUOUS
10
0.9433905118110236
20
1.0284440157480315
11
0.9434925196850393
21
1.0284372440944882
0
LINE
8
BLACK
6
CONTINUOUS
10
0.9434925196850393
20
1.0284372440944882
11
0.9441788188976378
21
1.0285737401574804
0
LINE
8
BLACK
6
CONTINUOUS
10
0.9441788188976378
20
1.0285737401574804
11
0.9648949999999999
21
1.0285737401574804
0
LINE
8
BLACK
6
CONTINUOUS
10
0.9648949999999999
20
1.0285737401574804
11
0.9658366535433071
21
1.0283864173228345
0
LINE
8
BLACK
6
CONTINUOUS
10
0.9859979527559055
20
1.0284968110236221
11
0.9863892519685039
21
1.0284474803149606
0
LINE
8
BLACK
6
CONTINUOUS
10
0.9863892519685039
20
1.0284474803149606
11
0.9911699212598425
21
1.026853937007874
0
LINE
8
BLACK
6
CONTINUOUS
10
0.9911699212598425
20
1.026853937007874
11
0.9912770472440945
21
1.0267928740157479
0
LINE
8
BLACK
6
CONTINUOUS
10
0.9912770472440945
20
1.0267928740157479
11
0.9913334251968504
21
1.0267928740157479
0
LINE
8
BLACK
6
CONTINUOUS
10
0.9913334251968504
20
1.0267928740157479
11
0.991661062992126
21
1.0265739763779527
0
LINE
8
BLACK
6
CONTINUOUS
10
0.991661062992126
20
1.0265739763779527
11
0.9920040157480314
21
1.0263784645669292
0
LINE
8
BLACK
6
CONTINUOUS
10
0.9920040157480314
20
1.0263784645669292
11
0.9920292519685039
21
1.0263279527559055
0
LINE
8
BLACK
6
CONTINUOUS
10
0.9920292519685039
20
1.0263279527559055
11
0.9921317322834645
21
1.0262594881889764
0
LINE
8
BLACK
6
CONTINUOUS
10
0.9921317322834645
20
1.0262594881889764
11
0.9953188188976377
21
1.0230724015748032
0
LINE
8
BLACK
6
CONTINUOUS
10
0.9953188188976377
20
1.0230724015748032
11
0.9955377952755905
21
1.0227446456692912
0
LINE
8
BLACK
6
CONTINUOUS
10
0.9955377952755905
20
1.0227446456692912
11
0.9957797637795275
21
1.0224329133858268
0
LINE
8
BLACK
6
CONTINUOUS
10
0.9957797637795275
20
1.0224329133858268
11
0.9973733070866142
21
1.0192458267716535
0
LINE
8
BLACK
6
CONTINUOUS
10
0.9973733070866142
20
1.0192458267716535
11
0.9974444881889764
21
1.0189859055118109
0
LINE
8
BLACK
6
CONTINUOUS
10
0.9974444881889764
20
1.0189859055118109
11
0.9975596456692913
21
1.018742125984252
0
LINE
8
BLACK
6
CONTINUOUS
10
0.9975596456692913
20
1.018742125984252
11
0.9991531889763779
21
1.0123679527559055
0
LINE
8
BLACK
6
CONTINUOUS
10
0.9991531889763779
20
1.0123679527559055
11
0.9991678346456693
21
1.0120668503937007
0
LINE
8
BLACK
6
CONTINUOUS
10
0.9991678346456693
20
1.0120668503937007
11
0.9992266535433071
21
1.0117711811023622
0
LINE
8
BLACK
6
CONTINUOUS
10
0.9992266535433071
20
1.0117711811023622
11
0.9992266535433071
21
1.0069905118110236
0
LINE
8
BLACK
6
CONTINUOUS
10
0.9992266535433071
20
1.0069905118110236
11
0.9991678346456693
21
1.0066948818897639
0
LINE
8
BLACK
6
CONTINUOUS
10
0.9991678346456693
20
1.0066948818897639
11
0.9991531889763779
21
1.0063937401574803
0
LINE
8
BLACK
6
CONTINUOUS
10
0.9991531889763779
20
1.0063937401574803
11
0.9975596456692913
21
1.0000195275590551
0
LINE
8
BLACK
6
CONTINUOUS
10
0.9975596456692913
20
1.0000195275590551
11
0.9974445275590551
21
0.9997759448818897
0
LINE
8
BLACK
6
CONTINUOUS
10
0.9974445275590551
20
0.9997759448818897
11
0.9973733464566928
21
0.9995158661417323
0
LINE
8
BLACK
6
CONTINUOUS
10
0.9973733464566928
20
0.9995158661417323
11
0.9957797244094488
21
0.996328779527559
0
LINE
8
BLACK
6
CONTINUOUS
10
0.9957797244094488
20
0.996328779527559
11
0.9955379527559055
21
0.9960173228346456
0
LINE
8
BLACK
6
CONTINUOUS
10
0.9955379527559055
20
0.9960173228346456
11
0.9953188188976377
21
0.9956892913385826
0
LINE
8
BLACK
6
CONTINUOUS
10
0.9953188188976377
20
0.9956892913385826
11
0.9921317322834645
21
0.9925021653543307
0
LINE
8
BLACK
6
CONTINUOUS
10
0.9921317322834645
20
0.9925021653543307
11
0.9920292519685039
21
0.9924337401574803
0
LINE
8
BLACK
6
CONTINUOUS
10
0.9920292519685039
20
0.9924337401574803
11
0.9920040157480314
21
0.9923831889763779
0
LINE
8
BLACK
6
CONTINUOUS
10
0.9920040157480314
20
0.9923831889763779
11
0.9916612204724409
21
0.9921877952755905
0
LINE
8
BLACK
6
CONTINUOUS
10
0.9916612204724409
20
0.9921877952755905
11
0.9913334645669291
21
0.991968779527559
0
LINE
8
BLACK
6
CONTINUOUS
10
0.9913334645669291
20
0.991968779527559
11
0.9912770472440945
21
0.991968779527559
0
LINE
8
BLACK
6
CONTINUOUS
10
0.9912770472440945
20
0.991968779527559
11
0.9911699212598425
21
0.9919077165354331
0
LINE
8
BLACK
6
CONTINUOUS
10
0.9911699212598425
20
0.9919077165354331
11
0.9863892519685039
21
0.9903141732283465
0
LINE
8
BLACK
6
CONTINUOUS
10
0.9863892519685039
20
0.9903141732283465
11
0.9859979527559055
21
0.9902648818897638
0
LINE
8
BLACK
6
CONTINUOUS
10
0.9859979527559055
20
0.9902648818897638
11
0.9856111417322835
21
0.9901879133858268
0
LINE
8
BLACK
6
CONTINUOUS
10
0.9856111417322835
20
0.9901879133858268
11
0.9824240551181103
21
0.9901879133858268
0
LINE
8
BLACK
6
CONTINUOUS
10
0.9824240551181103
20
0.9901879133858268
11
0.9820372047244095
21
0.9902648818897638
0
LINE
8
BLACK
6
CONTINUOUS
10
0.9820372047244095
20
0.9902648818897638
11
0.9816459448818897
21
0.9903141732283465
0
LINE
8
BLACK
6
CONTINUOUS
10
0.9816459448818897
20
0.9903141732283465
11
0.9768652755905511
21
0.9919077165354331
0
LINE
8
BLACK
6
CONTINUOUS
10
0.9768652755905511
20
0.9919077165354331
11
0.9767581496062991
21
0.991968779527559
0
LINE
8
BLACK
6
CONTINUOUS
10
0.9767581496062991
20
0.991968779527559
11
0.9767017322834646
21
0.991968779527559
0
LINE
8
BLACK
6
CONTINUOUS
10
0.9767017322834646
20
0.991968779527559
11
0.976373779527559
21
0.9921879133858268
0
LINE
8
BLACK
6
CONTINUOUS
10
0.976373779527559
20
0.9921879133858268
11
0.9760311811023622
21
0.9923832283464566
0
LINE
8
BLACK
6
CONTINUOUS
10
0.9760311811023622
20
0.9923832283464566
11
0.976005905511811
21
0.9924337401574803
0
LINE
8
BLACK
6
CONTINUOUS
10
0.976005905511811
20
0.9924337401574803
11
0.9759034251968504
21
0.9925022047244094
0
LINE
8
BLACK
6
CONTINUOUS
10
0.9759034251968504
20
0.9925022047244094
11
0.9743098818897638
21
0.994095748031496
0
LINE
8
BLACK
6
CONTINUOUS
10
0.9743098818897638
20
0.994095748031496
11
0.9737764960629921
21
0.994894094488189
0
LINE
8
BLACK
6
CONTINUOUS
10
0.9737764960629921
20
0.994894094488189
11
0.9737765354330709
21
0.9967773228346456
0
LINE
8
BLACK
6
CONTINUOUS
10
0.9737765354330709
20
0.9967773228346456
11
0.9751082677165354
21
0.9981090157480315
0
LINE
8
BLACK
6
CONTINUOUS
10
0.9751082677165354
20
0.9981090157480315
11
0.9769914960629921
21
0.9981089763779527
0
LINE
8
BLACK
6
CONTINUOUS
10
0.9769914960629921
20
0.9981089763779527
11
0.9777898031496063
21
0.9975755905511811
0
LINE
8
BLACK
6
CONTINUOUS
10
0.9777898031496063
20
0.9975755905511811
11
0.978972559055118
21
0.9963927952755905
0
LINE
8
BLACK
6
CONTINUOUS
10
0.978972559055118
20
0.9963927952755905
11
0.9828233858267716
21
0.9951091732283465
0
LINE
8
BLACK
6
CONTINUOUS
10
0.9828233858267716
20
0.9951091732283465
11
0.985211811023622
21
0.9951091732283465
0
LINE
8
BLACK
6
CONTINUOUS
10
0.985211811023622
20
0.9951091732283465
11
0.9890626377952756
21
0.9963927952755905
0
LINE
8
BLACK
6
CONTINUOUS
10
0.9890626377952756
20
0.9963927952755905
11
0.991556653543307
21
0.9988868897637795
0
LINE
8
BLACK
6
CONTINUOUS
10
0.991556653543307
20
0.9988868897637795
11
0.9928507874015747
21
1.0014751574803149
0
LINE
8
BLACK
6
CONTINUOUS
10
0.9928507874015747
20
1.0014751574803149
11
0.9943053937007874
21
1.0072934645669291
0
LINE
8
BLACK
6
CONTINUOUS
10
0.9943053937007874
20
1.0072934645669291
11
0.9943053937007874
21
1.0114682677165354
0
LINE
8
BLACK
6
CONTINUOUS
10
0.9943053937007874
20
1.0114682677165354
11
0.9928508267716535
21
1.0172864566929134
0
LINE
8
BLACK
6
CONTINUOUS
10
0.9928508267716535
20
1.0172864566929134
11
0.9915565748031496
21
1.0198749606299213
0
LINE
8
BLACK
6
CONTINUOUS
10
0.9915565748031496
20
1.0198749606299213
11
0.9890626377952756
21
1.0223688976377951
0
LINE
8
BLACK
6
CONTINUOUS
10
0.9890626377952756
20
1.0223688976377951
11
0.985211811023622
21
1.0236524803149607
0
LINE
8
BLACK
6
CONTINUOUS
10
0.985211811023622
20
1.0236524803149607
11
0.9828233858267716
21
1.0236524803149607
0
LINE
8
BLACK
6
CONTINUOUS
10
0.9828233858267716
20
1.0236524803149607
11
0.9789725196850394
21
1.0223688976377951
0
LINE
8
BLACK
6
CONTINUOUS
10
0.9789725196850394
20
1.0223688976377951
11
0.9777897637795275
21
1.0211861023622046
0
LINE
8
BLACK
6
CONTINUOUS
10
0.9777897637795275
20
1.0211861023622046
11
0.9769914566929133
21
1.0206527165354331
0
LINE
8
BLACK
6
CONTINUOUS
10
0.9769914566929133
20
1.0206527165354331
11
0.9751082283464567
21
1.0206527165354331
0
LINE
8
BLACK
6
CONTINUOUS
10
0.9751082283464567
20
1.0206527165354331
11
0.9737765354330709
21
1.0219844094488189
0
LINE
8
BLACK
6
CONTINUOUS
10
0.9737765354330709
20
1.0219844094488189
11
0.9737765354330709
21
1.0238676377952756
0
LINE
8
BLACK
6
CONTINUOUS
10
0.9737765354330709
20
1.0238676377952756
11
0.9743099212598425
21
1.0246659448818898
0
LINE
8
BLACK
6
CONTINUOUS
10
0.9743099212598425
20
1.0246659448818898
11
0.9759034645669291
21
1.0262594881889764
0
LINE
8
BLACK
6
CONTINUOUS
10
0.9759034645669291
20
1.0262594881889764
11
0.9760059448818897
21
1.0263279921259842
0
LINE
8
BLACK
6
CONTINUOUS
10
0.9760059448818897
20
1.0263279921259842
11
0.9760311811023622
21
1.0263784251968504
0
LINE
8
BLACK
6
CONTINUOUS
10
0.9760311811023622
20
1.0263784251968504
11
0.9763736220472441
21
1.0265737007874016
0
LINE
8
BLACK
6
CONTINUOUS
10
0.9763736220472441
20
1.0265737007874016
11
0.9767017716535433
21
1.0267929133858267
0
LINE
8
BLACK
6
CONTINUOUS
10
0.9767017716535433
20
1.0267929133858267
11
0.9767582283464566
21
1.0267929133858267
0
LINE
8
BLACK
6
CONTINUOUS
10
0.9767582283464566
20
1.0267929133858267
11
0.9768652755905511
21
1.026853937007874
0
LINE
8
BLACK
6
CONTINUOUS
10
0.9768652755905511
20
1.026853937007874
11
0.9816459448818897
21
1.0284474803149606
0
LINE
8
BLACK
6
CONTINUOUS
10
0.9816459448818897
20
1.0284474803149606
11
0.9820372047244095
21
1.0284968110236221
0
LINE
8
BLACK
6
CONTINUOUS
10
0.9820372047244095
20
1.0284968110236221
11
0.9824240551181103
21
1.0285737401574804
0
LINE
8
BLACK
6
CONTINUOUS
10
0.9824240551181103
20
1.0285737401574804
11
0.9856111417322835
21
1.0285737401574804
0
LINE
8
BLACK
6
CONTINUOUS
10
0.9856111417322835
20
1.0285737401574804
11
0.9859979527559055
21
1.0284968110236221
0
LINE
8
BLACK
6
CONTINUOUS
10
0.8245013779527559
20
1.0355432677165355
11
0.8246234251968504
21
1.0355554330708661
0
LINE
8
BLACK
6
CONTINUOUS
10
0.8246234251968504
20
1.0355554330708661
11
0.8246823228346456
21
1.0355072440944881
0
LINE
8
BLACK
6
CONTINUOUS
10
0.8246823228346456
20
1.0355072440944881
11
0.8248542913385827
21
1.035473031496063
0
LINE
8
BLACK
6
CONTINUOUS
10
0.8248542913385827
20
1.035473031496063
11
0.8254398818897638
21
1.0348874409448818
0
LINE
8
BLACK
6
CONTINUOUS
10
0.8254398818897638
20
1.0348874409448818
11
0.8260809842519685
21
1.0343629133858268
0
LINE
8
BLACK
6
CONTINUOUS
10
0.8260809842519685
20
1.0343629133858268
11
0.8261321259842519
21
1.0341951968503937
0
LINE
8
BLACK
6
CONTINUOUS
10
0.8261321259842519
20
1.0341951968503937
11
0.8261859448818898
21
1.034141377952756
0
LINE
8
BLACK
6
CONTINUOUS
10
0.8261859448818898
20
1.034141377952756
11
0.8261859448818898
21
1.0340187795275591
0
LINE
8
BLACK
6
CONTINUOUS
10
0.8261859448818898
20
1.0340187795275591
11
0.826361062992126
21
1.0334445669291339
0
LINE
8
BLACK
6
CONTINUOUS
10
0.826361062992126
20
1.0334445669291339
11
0.8279546062992126
21
1.0175090551181103
0
LINE
8
BLACK
6
CONTINUOUS
10
0.8279546062992126
20
1.0175090551181103
11
0.8278618897637795
21
1.0165534251968504
0
LINE
8
BLACK
6
CONTINUOUS
10
0.8278618897637795
20
1.0165534251968504
11
0.8277794881889764
21
1.0164527165354331
0
LINE
8
BLACK
6
CONTINUOUS
10
0.8277794881889764
20
1.0164527165354331
11
0.8277794881889764
21
1.0163225590551181
0
LINE
8
BLACK
6
CONTINUOUS
10
0.8277794881889764
20
1.0163225590551181
11
0.8271940157480315
21
1.0157371653543308
0
LINE
8
BLACK
6
CONTINUOUS
10
0.8271940157480315
20
1.0157371653543308
11
0.8266693700787401
21
1.0150958661417322
0
LINE
8
BLACK
6
CONTINUOUS
10
0.8266693700787401
20
1.0150958661417322
11
0.8265397244094488
21
1.0150829133858268
0
LINE
8
BLACK
6
CONTINUOUS
10
0.8265397244094488
20
1.0150829133858268
11
0.8264477559055118
21
1.0149909055118109
0
LINE
8
BLACK
6
CONTINUOUS
10
0.8264477559055118
20
1.0149909055118109
11
0.8256198031496063
21
1.0149909055118109
0
LINE
8
BLACK
6
CONTINUOUS
10
0.8256198031496063
20
1.0149909055118109
11
0.8247953937007874
21
1.0149084645669291
0
LINE
8
BLACK
6
CONTINUOUS
10
0.8247953937007874
20
1.0149084645669291
11
0.8246946456692913
21
1.0149909055118109
0
LINE
8
BLACK
6
CONTINUOUS
10
0.8246946456692913
20
1.0149909055118109
11
0.8245645275590551
21
1.0149909055118109
0
LINE
8
BLACK
6
CONTINUOUS
10
0.8245645275590551
20
1.0149909055118109
11
0.823766220472441
21
1.0155243307086614
0
LINE
8
BLACK
6
CONTINUOUS
10
0.823766220472441
20
1.0155243307086614
11
0.8224550393700787
21
1.0168355118110235
0
LINE
8
BLACK
6
CONTINUOUS
10
0.8224550393700787
20
1.0168355118110235
11
0.8201446062992126
21
1.0179907086614173
0
LINE
8
BLACK
6
CONTINUOUS
10
0.8201446062992126
20
1.0179907086614173
11
0.8133386614173228
21
1.0179907086614173
0
LINE
8
BLACK
6
CONTINUOUS
10
0.8133386614173228
20
1.0179907086614173
11
0.811028188976378
21
1.0168355118110235
0
LINE
8
BLACK
6
CONTINUOUS
10
0.811028188976378
20
1.0168355118110235
11
0.8099993700787401
21
1.015806653543307
0
LINE
8
BLACK
6
CONTINUOUS
10
0.8099993700787401
20
1.015806653543307
11
0.8088441732283465
21
1.0134962992125984
0
LINE
8
BLACK
6
CONTINUOUS
10
0.8088441732283465
20
1.0134962992125984
11
0.8088441732283465
21
1.0066902362204724
0
LINE
8
BLACK
6
CONTINUOUS
10
0.8088441732283465
20
1.0066902362204724
11
0.8099993700787401
21
1.0043798818897638
0
LINE
8
BLACK
6
CONTINUOUS
10
0.8099993700787401
20
1.0043798818897638
11
0.811028188976378
21
1.0033510236220473
0
LINE
8
BLACK
6
CONTINUOUS
10
0.811028188976378
20
1.0033510236220473
11
0.8133386614173228
21
1.0021957874015748
0
LINE
8
BLACK
6
CONTINUOUS
10
0.8133386614173228
20
1.0021957874015748
11
0.8201446062992126
21
1.0021957874015748
0
LINE
8
BLACK
6
CONTINUOUS
10
0.8201446062992126
20
1.0021957874015748
11
0.8224550393700787
21
1.0033510236220473
0
LINE
8
BLACK
6
CONTINUOUS
10
0.8224550393700787
20
1.0033510236220473
11
0.823766220472441
21
1.0046621653543306
0
LINE
8
BLACK
6
CONTINUOUS
10
0.823766220472441
20
1.0046621653543306
11
0.8245645275590551
21
1.0051955905511811
0
LINE
8
BLACK
6
CONTINUOUS
10
0.8245645275590551
20
1.0051955905511811
11
0.8264477559055118
21
1.0051955905511811
0
LINE
8
BLACK
6
CONTINUOUS
10
0.8264477559055118
20
1.0051955905511811
11
0.8277794881889764
21
1.0038639370078739
0
LINE
8
BLACK
6
CONTINUOUS
10
0.8277794881889764
20
1.0038639370078739
11
0.8277794881889764
21
1.0019806692913387
0
LINE
8
BLACK
6
CONTINUOUS
10
0.8277794881889764
20
1.0019806692913387
11
0.8272461023622047
21
1.0011823622047245
0
LINE
8
BLACK
6
CONTINUOUS
10
0.8272461023622047
20
1.0011823622047245
11
0.8256525984251968
21
0.999588779527559
0
LINE
8
BLACK
6
CONTINUOUS
10
0.8256525984251968
20
0.999588779527559
11
0.8253246850393701
21
0.9993697244094488
0
LINE
8
BLACK
6
CONTINUOUS
10
0.8253246850393701
20
0.9993697244094488
11
0.8250130708661417
21
0.9991278346456692
0
LINE
8
BLACK
6
CONTINUOUS
10
0.8250130708661417
20
0.9991278346456692
11
0.8218259448818898
21
0.9975342913385826
0
LINE
8
BLACK
6
CONTINUOUS
10
0.8218259448818898
20
0.9975342913385826
11
0.8217070472440945
21
0.9975017716535433
0
LINE
8
BLACK
6
CONTINUOUS
10
0.8217070472440945
20
0.9975017716535433
11
0.8216671653543307
21
0.9974618503937007
0
LINE
8
BLACK
6
CONTINUOUS
10
0.8216671653543307
20
0.9974618503937007
11
0.8212802362204724
21
0.9973849212598425
0
LINE
8
BLACK
6
CONTINUOUS
10
0.8212802362204724
20
0.9973849212598425
11
0.8208999212598425
21
0.997280748031496
0
LINE
8
BLACK
6
CONTINUOUS
10
0.8208999212598425
20
0.997280748031496
11
0.8208464173228346
21
0.9972985826771653
0
LINE
8
BLACK
6
CONTINUOUS
10
0.8208464173228346
20
0.9972985826771653
11
0.8207255118110236
21
0.9972745275590551
0
LINE
8
BLACK
6
CONTINUOUS
10
0.8207255118110236
20
0.9972745275590551
11
0.8127577559055118
21
0.9972745275590551
0
LINE
8
BLACK
6
CONTINUOUS
10
0.8127577559055118
20
0.9972745275590551
11
0.8126368110236221
21
0.9972985826771653
0
LINE
8
BLACK
6
CONTINUOUS
10
0.8126368110236221
20
0.9972985826771653
11
0.8125833464566929
21
0.997280748031496
0
LINE
8
BLACK
6
CONTINUOUS
10
0.8125833464566929
20
0.997280748031496
11
0.8122029921259842
21
0.9973849212598425
0
LINE
8
BLACK
6
CONTINUOUS
10
0.8122029921259842
20
0.9973849212598425
11
0.8118161023622047
21
0.9974618503937007
0
LINE
8
BLACK
6
CONTINUOUS
10
0.8118161023622047
20
0.9974618503937007
11
0.8117761811023622
21
0.9975017716535433
0
LINE
8
BLACK
6
CONTINUOUS
10
0.8117761811023622
20
0.9975017716535433
11
0.8116573228346456
21
0.9975342913385826
0
LINE
8
BLACK
6
CONTINUOUS
10
0.8116573228346456
20
0.9975342913385826
11
0.8084702362204724
21
0.9991278346456692
0
LINE
8
BLACK
6
CONTINUOUS
10
0.8084702362204724
20
0.9991278346456692
11
0.8081583858267717
21
0.9993698818897637
0
LINE
8
BLACK
6
CONTINUOUS
10
0.8081583858267717
20
0.9993698818897637
11
0.8078307086614173
21
0.9995888188976377
0
LINE
8
BLACK
6
CONTINUOUS
10
0.8078307086614173
20
0.9995888188976377
11
0.8062371653543307
21
1.0011823622047245
0
LINE
8
BLACK
6
CONTINUOUS
10
0.8062371653543307
20
1.0011823622047245
11
0.806018031496063
21
1.0015103543307087
0
LINE
8
BLACK
6
CONTINUOUS
10
0.806018031496063
20
1.0015103543307087
11
0.8057762992125984
21
1.0018218110236221
0
LINE
8
BLACK
6
CONTINUOUS
10
0.8057762992125984
20
1.0018218110236221
11
0.8041827165354331
21
1.0050089370078741
0
LINE
8
BLACK
6
CONTINUOUS
10
0.8041827165354331
20
1.0050089370078741
11
0.8041501574803149
21
1.0051277952755906
0
LINE
8
BLACK
6
CONTINUOUS
10
0.8041501574803149
20
1.0051277952755906
11
0.8041102362204724
21
1.0051677165354331
0
LINE
8
BLACK
6
CONTINUOUS
10
0.8041102362204724
20
1.0051677165354331
11
0.8040332283464566
21
1.0055547637795275
0
LINE
8
BLACK
6
CONTINUOUS
10
0.8040332283464566
20
1.0055547637795275
11
0.8039291338582677
21
1.0059349212598425
0
LINE
8
BLACK
6
CONTINUOUS
10
0.8039291338582677
20
1.0059349212598425
11
0.803946968503937
21
1.005988464566929
0
LINE
8
BLACK
6
CONTINUOUS
10
0.803946968503937
20
1.005988464566929
11
0.8039229133858268
21
1.0061093700787402
0
LINE
8
BLACK
6
CONTINUOUS
10
0.8039229133858268
20
1.0061093700787402
11
0.8039229133858268
21
1.014077125984252
0
LINE
8
BLACK
6
CONTINUOUS
10
0.8039229133858268
20
1.014077125984252
11
0.803946968503937
21
1.0141980708661418
0
LINE
8
BLACK
6
CONTINUOUS
10
0.803946968503937
20
1.0141980708661418
11
0.8039291338582677
21
1.0142515748031495
0
LINE
8
BLACK
6
CONTINUOUS
10
0.8039291338582677
20
1.0142515748031495
11
0.8040332283464566
21
1.0146317716535433
0
LINE
8
BLACK
6
CONTINUOUS
10
0.8040332283464566
20
1.0146317716535433
11
0.8041102362204724
21
1.0150187795275589
0
LINE
8
BLACK
6
CONTINUOUS
10
0.8041102362204724
20
1.0150187795275589
11
0.8041501574803149
21
1.0150587401574802
0
LINE
8
BLACK
6
CONTINUOUS
10
0.8041501574803149
20
1.0150587401574802
11
0.8041827165354331
21
1.0151775590551182
0
LINE
8
BLACK
6
CONTINUOUS
10
0.8041827165354331
20
1.0151775590551182
11
0.8057762992125984
21
1.0183646850393702
0
LINE
8
BLACK
6
CONTINUOUS
10
0.8057762992125984
20
1.0183646850393702
11
0.806018031496063
21
1.0186761811023621
0
LINE
8
BLACK
6
CONTINUOUS
10
0.806018031496063
20
1.0186761811023621
11
0.8062371653543307
21
1.0190041338582676
0
LINE
8
BLACK
6
CONTINUOUS
10
0.8062371653543307
20
1.0190041338582676
11
0.8078307086614173
21
1.0205976771653542
0
LINE
8
BLACK
6
CONTINUOUS
10
0.8078307086614173
20
1.0205976771653542
11
0.8081583858267717
21
1.020816653543307
0
LINE
8
BLACK
6
CONTINUOUS
10
0.8081583858267717
20
1.020816653543307
11
0.8084702362204724
21
1.0210586614173227
0
LINE
8
BLACK
6
CONTINUOUS
10
0.8084702362204724
20
1.0210586614173227
11
0.8116573228346456
21
1.0226522047244093
0
LINE
8
BLACK
6
CONTINUOUS
10
0.8116573228346456
20
1.0226522047244093
11
0.8117761811023622
21
1.0226847637795276
0
LINE
8
BLACK
6
CONTINUOUS
10
0.8117761811023622
20
1.0226847637795276
11
0.8118161023622047
21
1.0227246456692913
0
LINE
8
BLACK
6
CONTINUOUS
10
0.8118161023622047
20
1.0227246456692913
11
0.8122029921259842
21
1.0228016141732283
0
LINE
8
BLACK
6
CONTINUOUS
10
0.8122029921259842
20
1.0228016141732283
11
0.8125833464566929
21
1.022905748031496
0
LINE
8
BLACK
6
CONTINUOUS
10
0.8125833464566929
20
1.022905748031496
11
0.8126368110236221
21
1.0228879527559054
0
LINE
8
BLACK
6
CONTINUOUS
10
0.8126368110236221
20
1.0228879527559054
11
0.8127577559055118
21
1.022911968503937
0
LINE
8
BLACK
6
CONTINUOUS
10
0.8127577559055118
20
1.022911968503937
11
0.8207255118110236
21
1.022911968503937
0
LINE
8
BLACK
6
CONTINUOUS
10
0.8207255118110236
20
1.022911968503937
11
0.8208464173228346
21
1.0228879527559054
0
LINE
8
BLACK
6
CONTINUOUS
10
0.8208464173228346
20
1.0228879527559054
11
0.8208999212598425
21
1.022905748031496
0
LINE
8
BLACK
6
CONTINUOUS
10
0.8208999212598425
20
1.022905748031496
11
0.8212802362204724
21
1.0228016141732283
0
LINE
8
BLACK
6
CONTINUOUS
10
0.8212802362204724
20
1.0228016141732283
11
0.8216671653543307
21
1.0227246456692913
0
LINE
8
BLACK
6
CONTINUOUS
10
0.8216671653543307
20
1.0227246456692913
11
0.8217070472440945
21
1.0226847637795276
0
LINE
8
BLACK
6
CONTINUOUS
10
0.8217070472440945
20
1.0226847637795276
11
0.8218259448818898
21
1.0226522047244093
0
LINE
8
BLACK
6
CONTINUOUS
10
0.8218259448818898
20
1.0226522047244093
11
0.8225296456692913
21
1.0223003543307085
0
LINE
8
BLACK
6
CONTINUOUS
10
0.8225296456692913
20
1.0223003543307085
11
0.8216857874015748
21
1.0307390944881889
0
LINE
8
BLACK
6
CONTINUOUS
10
0.8216857874015748
20
1.0307390944881889
11
0.807977125984252
21
1.0307390944881889
0
LINE
8
BLACK
6
CONTINUOUS
10
0.807977125984252
20
1.0307390944881889
11
0.8070354724409449
21
1.0309264173228345
0
LINE
8
BLACK
6
CONTINUOUS
10
0.8070354724409449
20
1.0309264173228345
11
0.8057038188976378
21
1.0322580708661417
0
LINE
8
BLACK
6
CONTINUOUS
10
0.8057038188976378
20
1.0322580708661417
11
0.8057038188976378
21
1.034141377952756
0
LINE
8
BLACK
6
CONTINUOUS
10
0.8057038188976378
20
1.034141377952756
11
0.8070354724409449
21
1.035473031496063
0
LINE
8
BLACK
6
CONTINUOUS
10
0.8070354724409449
20
1.035473031496063
11
0.807977125984252
21
1.0356603543307086
0
LINE
8
BLACK
6
CONTINUOUS
10
0.807977125984252
20
1.0356603543307086
11
0.8239126377952756
21
1.0356603543307086
0
LINE
8
BLACK
6
CONTINUOUS
10
0.8239126377952756
20
1.0356603543307086
11
0.8245013779527559
21
1.0355432677165355
0
LINE
8
BLACK
6
CONTINUOUS
10
0.8482026771653544
20
1.0355834251968503
11
0.8485939763779528
21
1.035534094488189
0
LINE
8
BLACK
6
CONTINUOUS
10
0.8485939763779528
20
1.035534094488189
11
0.8533746456692913
21
1.0339405511811024
0
LINE
8
BLACK
6
CONTINUOUS
10
0.8533746456692913
20
1.0339405511811024
11
0.8534817716535433
21
1.0338794881889763
0
LINE
8
BLACK
6
CONTINUOUS
10
0.8534817716535433
20
1.0338794881889763
11
0.8535381496062991
21
1.0338794881889763
0
LINE
8
BLACK
6
CONTINUOUS
10
0.8535381496062991
20
1.0338794881889763
11
0.8538657874015748
21
1.0336605905511811
0
LINE
8
BLACK
6
CONTINUOUS
10
0.8538657874015748
20
1.0336605905511811
11
0.8542087401574803
21
1.0334650787401574
0
LINE
8
BLACK
6
CONTINUOUS
10
0.8542087401574803
20
1.0334650787401574
11
0.8542339763779527
21
1.0334145669291339
0
LINE
8
BLACK
6
CONTINUOUS
10
0.8542339763779527
20
1.0334145669291339
11
0.8543364566929134
21
1.0333461023622048
0
LINE
8
BLACK
6
CONTINUOUS
10
0.8543364566929134
20
1.0333461023622048
11
0.8575235433070866
21
1.0301590157480314
0
LINE
8
BLACK
6
CONTINUOUS
10
0.8575235433070866
20
1.0301590157480314
11
0.8577425196850393
21
1.0298312598425197
0
LINE
8
BLACK
6
CONTINUOUS
10
0.8577425196850393
20
1.0298312598425197
11
0.8579844881889763
21
1.0295195275590552
0
LINE
8
BLACK
6
CONTINUOUS
10
0.8579844881889763
20
1.0295195275590552
11
0.8595780314960629
21
1.026332440944882
0
LINE
8
BLACK
6
CONTINUOUS
10
0.8595780314960629
20
1.026332440944882
11
0.8596492125984252
21
1.0260725196850393
0
LINE
8
BLACK
6
CONTINUOUS
10
0.8596492125984252
20
1.0260725196850393
11
0.8597643700787402
21
1.0258287401574804
0
LINE
8
BLACK
6
CONTINUOUS
10
0.8597643700787402
20
1.0258287401574804
11
0.8613579133858268
21
1.0194545669291339
0
LINE
8
BLACK
6
CONTINUOUS
10
0.8613579133858268
20
1.0194545669291339
11
0.8613725590551181
21
1.0191534645669291
0
LINE
8
BLACK
6
CONTINUOUS
10
0.8613725590551181
20
1.0191534645669291
11
0.8614313779527559
21
1.0188577952755906
0
LINE
8
BLACK
6
CONTINUOUS
10
0.8614313779527559
20
1.0188577952755906
11
0.8614313779527559
21
1.014077125984252
0
LINE
8
BLACK
6
CONTINUOUS
10
0.8614313779527559
20
1.014077125984252
11
0.8613725590551181
21
1.0137814960629921
0
LINE
8
BLACK
6
CONTINUOUS
10
0.8613725590551181
20
1.0137814960629921
11
0.8613579133858268
21
1.0134803543307087
0
LINE
8
BLACK
6
CONTINUOUS
10
0.8613579133858268
20
1.0134803543307087
11
0.8597643700787402
21
1.0071061417322835
0
LINE
8
BLACK
6
CONTINUOUS
10
0.8597643700787402
20
1.0071061417322835
11
0.8596492519685039
21
1.0068625590551181
0
LINE
8
BLACK
6
CONTINUOUS
10
0.8596492519685039
20
1.0068625590551181
11
0.8595780708661417
21
1.0066024803149607
0
LINE
8
BLACK
6
CONTINUOUS
10
0.8595780708661417
20
1.0066024803149607
11
0.8579844488188976
21
1.0034153937007875
0
LINE
8
BLACK
6
CONTINUOUS
10
0.8579844488188976
20
1.0034153937007875
11
0.8577426771653544
21
1.003103937007874
0
LINE
8
BLACK
6
CONTINUOUS
10
0.8577426771653544
20
1.003103937007874
11
0.8575235433070866
21
1.0027759055118111
0
LINE
8
BLACK
6
CONTINUOUS
10
0.8575235433070866
20
1.0027759055118111
11
0.8543364566929134
21
0.999588779527559
0
LINE
8
BLACK
6
CONTINUOUS
10
0.8543364566929134
20
0.999588779527559
11
0.8542339763779527
21
0.9995203543307086
0
LINE
8
BLACK
6
CONTINUOUS
10
0.8542339763779527
20
0.9995203543307086
11
0.8542087401574803
21
0.9994698031496063
0
LINE
8
BLACK
6
CONTINUOUS
10
0.8542087401574803
20
0.9994698031496063
11
0.8538659448818897
21
0.9992744094488188
0
LINE
8
BLACK
6
CONTINUOUS
10
0.8538659448818897
20
0.9992744094488188
11
0.8535381889763779
21
0.9990553937007873
0
LINE
8
BLACK
6
CONTINUOUS
10
0.8535381889763779
20
0.9990553937007873
11
0.8534817716535433
21
0.9990553937007873
0
LINE
8
BLACK
6
CONTINUOUS
10
0.8534817716535433
20
0.9990553937007873
11
0.8533746456692913
21
0.9989943307086614
0
LINE
8
BLACK
6
CONTINUOUS
10
0.8533746456692913
20
0.9989943307086614
11
0.8485939763779528
21
0.9974007874015748
0
LINE
8
BLACK
6
CONTINUOUS
10
0.8485939763779528
20
0.9974007874015748
11
0.8482026771653544
21
0.9973514960629921
0
LINE
8
BLACK
6
CONTINUOUS
10
0.8482026771653544
20
0.9973514960629921
11
0.8478158661417322
21
0.9972745275590551
0
LINE
8
BLACK
6
CONTINUOUS
10
0.8478158661417322
20
0.9972745275590551
11
0.844628779527559
21
0.9972745275590551
0
LINE
8
BLACK
6
CONTINUOUS
10
0.844628779527559
20
0.9972745275590551
11
0.8442419291338582
21
0.9973514960629921
0
LINE
8
BLACK
6
CONTINUOUS
10
0.8442419291338582
20
0.9973514960629921
11
0.8438506692913386
21
0.9974007874015748
0
LINE
8
BLACK
6
CONTINUOUS
10
0.8438506692913386
20
0.9974007874015748
11
0.83907
21
0.9989943307086614
0
LINE
8
BLACK
6
CONTINUOUS
10
0.83907
20
0.9989943307086614
11
0.838962874015748
21
0.9990553937007873
0
LINE
8
BLACK
6
CONTINUOUS
10
0.838962874015748
20
0.9990553937007873
11
0.8389064566929134
21
0.9990553937007873
0
LINE
8
BLACK
6
CONTINUOUS
10
0.8389064566929134
20
0.9990553937007873
11
0.8385785039370078
21
0.9992745275590551
0
LINE
8
BLACK
6
CONTINUOUS
10
0.8385785039370078
20
0.9992745275590551
11
0.838235905511811
21
0.9994698425196851
0
LINE
8
BLACK
6
CONTINUOUS
10
0.838235905511811
20
0.9994698425196851
11
0.8382106299212598
21
0.9995203543307086
0
LINE
8
BLACK
6
CONTINUOUS
10
0.8382106299212598
20
0.9995203543307086
11
0.8381081496062992
21
0.9995888188976377
0
LINE
8
BLACK
6
CONTINUOUS
10
0.8381081496062992
20
0.9995888188976377
11
0.8365146062992126
21
1.0011823622047245
0
LINE
8
BLACK
6
CONTINUOUS
10
0.8365146062992126
20
1.0011823622047245
11
0.8359812204724409
21
1.0019807086614172
0
LINE
8
BLACK
6
CONTINUOUS
10
0.8359812204724409
20
1.0019807086614172
11
0.8359812598425197
21
1.0038639370078739
0
LINE
8
BLACK
6
CONTINUOUS
10
0.8359812598425197
20
1.0038639370078739
11
0.8373129921259842
21
1.0051956299212599
0
LINE
8
BLACK
6
CONTINUOUS
10
0.8373129921259842
20
1.0051956299212599
11
0.8391962204724409
21
1.0051955905511811
0
LINE
8
BLACK
6
CONTINUOUS
10
0.8391962204724409
20
1.0051955905511811
11
0.8399945275590551
21
1.0046622047244094
0
LINE
8
BLACK
6
CONTINUOUS
10
0.8399945275590551
20
1.0046622047244094
11
0.8411772834645669
21
1.0034794094488189
0
LINE
8
BLACK
6
CONTINUOUS
10
0.8411772834645669
20
1.0034794094488189
11
0.8450281102362205
21
1.0021957874015748
0
LINE
8
BLACK
6
CONTINUOUS
10
0.8450281102362205
20
1.0021957874015748
11
0.8474165354330708
21
1.0021957874015748
0
LINE
8
BLACK
6
CONTINUOUS
10
0.8474165354330708
20
1.0021957874015748
11
0.8512673622047244
21
1.0034794094488189
0
LINE
8
BLACK
6
CONTINUOUS
10
0.8512673622047244
20
1.0034794094488189
11
0.8537613779527559
21
1.0059735039370079
0
LINE
8
BLACK
6
CONTINUOUS
10
0.8537613779527559
20
1.0059735039370079
11
0.8550555118110236
21
1.0085617716535433
0
LINE
8
BLACK
6
CONTINUOUS
10
0.8550555118110236
20
1.0085617716535433
11
0.8565101181102363
21
1.0143800787401576
0
LINE
8
BLACK
6
CONTINUOUS
10
0.8565101181102363
20
1.0143800787401576
11
0.8565101181102363
21
1.0185548818897638
0
LINE
8
BLACK
6
CONTINUOUS
10
0.8565101181102363
20
1.0185548818897638
11
0.8550555511811023
21
1.0243730708661416
0
LINE
8
BLACK
6
CONTINUOUS
10
0.8550555511811023
20
1.0243730708661416
11
0.8537612992125984
21
1.0269615748031495
0
LINE
8
BLACK
6
CONTINUOUS
10
0.8537612992125984
20
1.0269615748031495
11
0.8512673622047244
21
1.0294555118110236
0
LINE
8
BLACK
6
CONTINUOUS
10
0.8512673622047244
20
1.0294555118110236
11
0.8474165354330708
21
1.0307390944881889
0
LINE
8
BLACK
6
CONTINUOUS
10
0.8474165354330708
20
1.0307390944881889
11
0.8450281102362205
21
1.0307390944881889
0
LINE
8
BLACK
6
CONTINUOUS
10
0.8450281102362205
20
1.0307390944881889
11
0.8411772440944881
21
1.0294555118110236
0
LINE
8
BLACK
6
CONTINUOUS
10
0.8411772440944881
20
1.0294555118110236
11
0.8399944881889764
21
1.0282727165354331
0
LINE
8
BLACK
6
CONTINUOUS
10
0.8399944881889764
20
1.0282727165354331
11
0.8391961811023622
21
1.0277393307086613
0
LINE
8
BLACK
6
CONTINUOUS
10
0.8391961811023622
20
1.0277393307086613
11
0.8373129527559054
21
1.0277393307086613
0
LINE
8
BLACK
6
CONTINUOUS
10
0.8373129527559054
20
1.0277393307086613
11
0.8359812598425197
21
1.0290710236220473
0
LINE
8
BLACK
6
CONTINUOUS
10
0.8359812598425197
20
1.0290710236220473
11
0.8359812598425197
21
1.030954251968504
0
LINE
8
BLACK
6
CONTINUOUS
10
0.8359812598425197
20
1.030954251968504
11
0.8365146456692913
21
1.031752559055118
0
LINE
8
BLACK
6
CONTINUOUS
10
0.8365146456692913
20
1.031752559055118
11
0.838108188976378
21
1.0333461023622048
0
LINE
8
BLACK
6
CONTINUOUS
10
0.838108188976378
20
1.0333461023622048
11
0.8382106692913386
21
1.0334146062992127
0
LINE
8
BLACK
6
CONTINUOUS
10
0.8382106692913386
20
1.0334146062992127
11
0.838235905511811
21
1.0334650393700786
0
LINE
8
BLACK
6
CONTINUOUS
10
0.838235905511811
20
1.0334650393700786
11
0.8385783464566929
21
1.0336603149606298
0
LINE
8
BLACK
6
CONTINUOUS
10
0.8385783464566929
20
1.0336603149606298
11
0.8389064960629921
21
1.0338795275590551
0
LINE
8
BLACK
6
CONTINUOUS
10
0.8389064960629921
20
1.0338795275590551
11
0.8389629527559055
21
1.0338795275590551
0
LINE
8
BLACK
6
CONTINUOUS
10
0.8389629527559055
20
1.0338795275590551
11
0.83907
21
1.0339405511811024
0
LINE
8
BLACK
6
CONTINUOUS
10
0.83907
20
1.0339405511811024
11
0.8438506692913386
21
1.035534094488189
0
LINE
8
BLACK
6
CONTINUOUS
10
0.8438506692913386
20
1.035534094488189
11
0.8442419291338582
21
1.0355834251968503
0
LINE
8
BLACK
6
CONTINUOUS
10
0.8442419291338582
20
1.0355834251968503
11
0.844628779527559
21
1.0356603543307086
0
LINE
8
BLACK
6
CONTINUOUS
10
0.844628779527559
20
1.0356603543307086
11
0.8478158661417322
21
1.0356603543307086
0
LINE
8
BLACK
6
CONTINUOUS
10
0.8478158661417322
20
1.0356603543307086
11
0.8482026771653544
21
1.0355834251968503
0
LINE
8
BLACK
6
CONTINUOUS
10
1.4535293700787402
20
1.0457555511811023
11
1.4537166929133858
21
1.0448138976377952
0
LINE
8
BLACK
6
CONTINUOUS
10
1.4537166929133858
20
1.0448138976377952
11
1.4537166929133858
21
1.0183044488188977
0
LINE
8
BLACK
6
CONTINUOUS
10
1.4537166929133858
20
1.0183044488188977
11
1.4548719291338583
21
1.0159939763779526
0
LINE
8
BLACK
6
CONTINUOUS
10
1.4548719291338583
20
1.0159939763779526
11
1.4559007086614173
21
1.0149651968503937
0
LINE
8
BLACK
6
CONTINUOUS
10
1.4559007086614173
20
1.0149651968503937
11
1.4582111811023621
21
1.0138099606299213
0
LINE
8
BLACK
6
CONTINUOUS
10
1.4582111811023621
20
1.0138099606299213
11
1.4634235826771653
21
1.0138099606299213
0
LINE
8
BLACK
6
CONTINUOUS
10
1.4634235826771653
20
1.0138099606299213
11
1.4657339763779527
21
1.0149651574803149
0
LINE
8
BLACK
6
CONTINUOUS
10
1.4657339763779527
20
1.0149651574803149
11
1.4667628740157479
21
1.0159940944881889
0
LINE
8
BLACK
6
CONTINUOUS
10
1.4667628740157479
20
1.0159940944881889
11
1.4679180708661417
21
1.0183044488188977
0
LINE
8
BLACK
6
CONTINUOUS
10
1.4679180708661417
20
1.0183044488188977
11
1.4679180708661417
21
1.0448138976377952
0
LINE
8
BLACK
6
CONTINUOUS
10
1.4679180708661417
20
1.0448138976377952
11
1.4681053937007873
21
1.0457555511811023
0
LINE
8
BLACK
6
CONTINUOUS
10
1.4681053937007873
20
1.0457555511811023
11
1.4694370472440945
21
1.0470872047244095
0
LINE
8
BLACK
6
CONTINUOUS
10
1.4694370472440945
20
1.0470872047244095
11
1.4713203543307087
21
1.0470872047244095
0
LINE
8
BLACK
6
CONTINUOUS
10
1.4713203543307087
20
1.0470872047244095
11
1.4726520078740157
21
1.0457555511811023
0
LINE
8
BLACK
6
CONTINUOUS
10
1.4726520078740157
20
1.0457555511811023
11
1.4728393307086614
21
1.0448138976377952
0
LINE
8
BLACK
6
CONTINUOUS
10
1.4728393307086614
20
1.0448138976377952
11
1.4728393307086614
21
1.0177235433070866
0
LINE
8
BLACK
6
CONTINUOUS
10
1.4728393307086614
20
1.0177235433070866
11
1.4728152755905513
21
1.0176027165354331
0
LINE
8
BLACK
6
CONTINUOUS
10
1.4728152755905513
20
1.0176027165354331
11
1.4728331496062992
21
1.0175491338582676
0
LINE
8
BLACK
6
CONTINUOUS
10
1.4728331496062992
20
1.0175491338582676
11
1.4727288976377952
21
1.0171685039370078
0
LINE
8
BLACK
6
CONTINUOUS
10
1.4727288976377952
20
1.0171685039370078
11
1.4726520078740157
21
1.0167818897637795
0
LINE
8
BLACK
6
CONTINUOUS
10
1.4726520078740157
20
1.0167818897637795
11
1.4726120866141732
21
1.0167420078740157
0
LINE
8
BLACK
6
CONTINUOUS
10
1.4726120866141732
20
1.0167420078740157
11
1.4725795669291337
21
1.0166231102362204
0
LINE
8
BLACK
6
CONTINUOUS
10
1.4725795669291337
20
1.0166231102362204
11
1.4709859448818898
21
1.0134360236220472
0
LINE
8
BLACK
6
CONTINUOUS
10
1.4709859448818898
20
1.0134360236220472
11
1.4707441732283464
21
1.0131245669291338
0
LINE
8
BLACK
6
CONTINUOUS
10
1.4707441732283464
20
1.0131245669291338
11
1.4705250393700786
21
1.0127965354330708
0
LINE
8
BLACK
6
CONTINUOUS
10
1.4705250393700786
20
1.0127965354330708
11
1.4689315354330708
21
1.0112029527559054
0
LINE
8
BLACK
6
CONTINUOUS
10
1.4689315354330708
20
1.0112029527559054
11
1.468603622047244
21
1.0109838976377952
0
LINE
8
BLACK
6
CONTINUOUS
10
1.468603622047244
20
1.0109838976377952
11
1.4682920078740158
21
1.0107420078740157
0
LINE
8
BLACK
6
CONTINUOUS
10
1.4682920078740158
20
1.0107420078740157
11
1.4651049212598426
21
1.0091484645669291
0
LINE
8
BLACK
6
CONTINUOUS
10
1.4651049212598426
20
1.0091484645669291
11
1.4649860236220471
21
1.0091159448818898
0
LINE
8
BLACK
6
CONTINUOUS
10
1.4649860236220471
20
1.0091159448818898
11
1.4649461417322833
21
1.0090760236220473
0
LINE
8
BLACK
6
CONTINUOUS
10
1.4649461417322833
20
1.0090760236220473
11
1.4645592125984253
21
1.008999094488189
0
LINE
8
BLACK
6
CONTINUOUS
10
1.4645592125984253
20
1.008999094488189
11
1.4641788976377952
21
1.0088949212598426
0
LINE
8
BLACK
6
CONTINUOUS
10
1.4641788976377952
20
1.0088949212598426
11
1.4641253937007874
21
1.0089127559055118
0
LINE
8
BLACK
6
CONTINUOUS
10
1.4641253937007874
20
1.0089127559055118
11
1.4640044881889764
21
1.0088887007874014
0
LINE
8
BLACK
6
CONTINUOUS
10
1.4640044881889764
20
1.0088887007874014
11
1.4576302755905512
21
1.0088887007874014
0
LINE
8
BLACK
6
CONTINUOUS
10
1.4576302755905512
20
1.0088887007874014
11
1.4575093307086613
21
1.0089127559055118
0
LINE
8
BLACK
6
CONTINUOUS
10
1.4575093307086613
20
1.0089127559055118
11
1.4574558661417323
21
1.0088949212598426
0
LINE
8
BLACK
6
CONTINUOUS
10
1.4574558661417323
20
1.0088949212598426
11
1.4570755118110237
21
1.008999094488189
0
LINE
8
BLACK
6
CONTINUOUS
10
1.4570755118110237
20
1.008999094488189
11
1.4566886220472441
21
1.0090760236220473
0
LINE
8
BLACK
6
CONTINUOUS
10
1.4566886220472441
20
1.0090760236220473
11
1.4566487007874016
21
1.0091159448818898
0
LINE
8
BLACK
6
CONTINUOUS
10
1.4566487007874016
20
1.0091159448818898
11
1.4565298425196851
21
1.0091484645669291
0
LINE
8
BLACK
6
CONTINUOUS
10
1.4565298425196851
20
1.0091484645669291
11
1.4533427559055119
21
1.0107420078740157
0
LINE
8
BLACK
6
CONTINUOUS
10
1.4533427559055119
20
1.0107420078740157
11
1.4530308661417322
21
1.0109840551181102
0
LINE
8
BLACK
6
CONTINUOUS
10
1.4530308661417322
20
1.0109840551181102
11
1.4527032677165355
21
1.0112029527559054
0
LINE
8
BLACK
6
CONTINUOUS
10
1.4527032677165355
20
1.0112029527559054
11
1.4511096850393701
21
1.0127965354330708
0
LINE
8
BLACK
6
CONTINUOUS
10
1.4511096850393701
20
1.0127965354330708
11
1.4508907480314961
21
1.0131241732283465
0
LINE
8
BLACK
6
CONTINUOUS
10
1.4508907480314961
20
1.0131241732283465
11
1.4506487401574804
21
1.0134360236220472
0
LINE
8
BLACK
6
CONTINUOUS
10
1.4506487401574804
20
1.0134360236220472
11
1.4490551968503937
21
1.0166231102362204
0
LINE
8
BLACK
6
CONTINUOUS
10
1.4490551968503937
20
1.0166231102362204
11
1.4490226377952755
21
1.0167420078740157
0
LINE
8
BLACK
6
CONTINUOUS
10
1.4490226377952755
20
1.0167420078740157
11
1.4489827559055117
21
1.0167818897637795
0
LINE
8
BLACK
6
CONTINUOUS
10
1.4489827559055117
20
1.0167818897637795
11
1.4489057874015747
21
1.0171688188976378
0
LINE
8
BLACK
6
CONTINUOUS
10
1.4489057874015747
20
1.0171688188976378
11
1.448801653543307
21
1.0175491338582676
0
LINE
8
BLACK
6
CONTINUOUS
10
1.448801653543307
20
1.0175491338582676
11
1.4488194488188977
21
1.0176026377952756
0
LINE
8
BLACK
6
CONTINUOUS
10
1.4488194488188977
20
1.0176026377952756
11
1.4487954330708661
21
1.0177235433070866
0
LINE
8
BLACK
6
CONTINUOUS
10
1.4487954330708661
20
1.0177235433070866
11
1.4487954330708661
21
1.0448138976377952
0
LINE
8
BLACK
6
CONTINUOUS
10
1.4487954330708661
20
1.0448138976377952
11
1.4489827559055117
21
1.0457555511811023
0
LINE
8
BLACK
6
CONTINUOUS
10
1.4489827559055117
20
1.0457555511811023
11
1.450314409448819
21
1.0470872047244095
0
LINE
8
BLACK
6
CONTINUOUS
10
1.450314409448819
20
1.0470872047244095
11
1.4521977165354329
21
1.0470872047244095
0
LINE
8
BLACK
6
CONTINUOUS
10
1.4521977165354329
20
1.0470872047244095
11
1.4535293700787402
21
1.0457555511811023
0
LINE
8
BLACK
6
CONTINUOUS
10
1.4308052362204724
20
1.0480196456692914
11
1.431280748031496
21
1.0471855511811023
0
LINE
8
BLACK
6
CONTINUOUS
10
1.431280748031496
20
1.0471855511811023
11
1.4392485039370078
21
1.0232823228346457
0
LINE
8
BLACK
6
CONTINUOUS
10
1.4392485039370078
20
1.0232823228346457
11
1.4393685433070866
21
1.0223297637795274
0
LINE
8
BLACK
6
CONTINUOUS
10
1.4393685433070866
20
1.0223297637795274
11
1.4391874409448819
21
1.021967559055118
0
LINE
8
BLACK
6
CONTINUOUS
10
1.4391874409448819
20
1.021967559055118
11
1.4391874409448819
21
1.0215625590551181
0
LINE
8
BLACK
6
CONTINUOUS
10
1.4391874409448819
20
1.0215625590551181
11
1.4387824409448819
21
1.0211575590551181
0
LINE
8
BLACK
6
CONTINUOUS
10
1.4387824409448819
20
1.0211575590551181
11
1.4385263385826772
21
1.0206453543307086
0
LINE
8
BLACK
6
CONTINUOUS
10
1.4385263385826772
20
1.0206453543307086
11
1.4381421653543307
21
1.0205173228346456
0
LINE
8
BLACK
6
CONTINUOUS
10
1.4381421653543307
20
1.0205173228346456
11
1.4378557874015747
21
1.0202309055118111
0
LINE
8
BLACK
6
CONTINUOUS
10
1.4378557874015747
20
1.0202309055118111
11
1.4369141338582676
21
1.0200435826771654
0
LINE
8
BLACK
6
CONTINUOUS
10
1.4369141338582676
20
1.0200435826771654
11
1.423439251968504
21
1.0200435826771654
0
LINE
8
BLACK
6
CONTINUOUS
10
1.423439251968504
20
1.0200435826771654
11
1.423439251968504
21
1.0113493307086614
0
LINE
8
BLACK
6
CONTINUOUS
10
1.423439251968504
20
1.0113493307086614
11
1.4232519291338583
21
1.0104076771653543
0
LINE
8
BLACK
6
CONTINUOUS
10
1.4232519291338583
20
1.0104076771653543
11
1.4219202755905511
21
1.0090760236220473
0
LINE
8
BLACK
6
CONTINUOUS
10
1.4219202755905511
20
1.0090760236220473
11
1.4200369685039369
21
1.0090760236220473
0
LINE
8
BLACK
6
CONTINUOUS
10
1.4200369685039369
20
1.0090760236220473
11
1.4187053149606299
21
1.0104076771653543
0
LINE
8
BLACK
6
CONTINUOUS
10
1.4187053149606299
20
1.0104076771653543
11
1.4185179921259843
21
1.0113493307086614
0
LINE
8
BLACK
6
CONTINUOUS
10
1.4185179921259843
20
1.0113493307086614
11
1.4185179921259843
21
1.0200435826771654
0
LINE
8
BLACK
6
CONTINUOUS
10
1.4185179921259843
20
1.0200435826771654
11
1.4161979527559054
21
1.0200435826771654
0
LINE
8
BLACK
6
CONTINUOUS
10
1.4161979527559054
20
1.0200435826771654
11
1.4152562992125983
21
1.0202309055118111
0
LINE
8
BLACK
6
CONTINUOUS
10
1.4152562992125983
20
1.0202309055118111
11
1.4139246456692913
21
1.0215625590551181
0
LINE
8
BLACK
6
CONTINUOUS
10
1.4139246456692913
20
1.0215625590551181
11
1.4139246456692913
21
1.0234458661417323
0
LINE
8
BLACK
6
CONTINUOUS
10
1.4139246456692913
20
1.0234458661417323
11
1.4152562992125983
21
1.0247775196850393
0
LINE
8
BLACK
6
CONTINUOUS
10
1.4152562992125983
20
1.0247775196850393
11
1.4161979527559054
21
1.0249648425196851
0
LINE
8
BLACK
6
CONTINUOUS
10
1.4161979527559054
20
1.0249648425196851
11
1.4185179921259843
21
1.0249648425196851
0
LINE
8
BLACK
6
CONTINUOUS
10
1.4185179921259843
20
1.0249648425196851
11
1.4185179921259843
21
1.0336590551181102
0
LINE
8
BLACK
6
CONTINUOUS
10
1.4185179921259843
20
1.0336590551181102
11
1.4187053149606299
21
1.0346007086614173
0
LINE
8
BLACK
6
CONTINUOUS
10
1.4187053149606299
20
1.0346007086614173
11
1.4200369685039369
21
1.0359323622047243
0
LINE
8
BLACK
6
CONTINUOUS
10
1.4200369685039369
20
1.0359323622047243
11
1.4219202755905511
21
1.0359323622047243
0
LINE
8
BLACK
6
CONTINUOUS
10
1.4219202755905511
20
1.0359323622047243
11
1.4232519291338583
21
1.0346007086614173
0
LINE
8
BLACK
6
CONTINUOUS
10
1.4232519291338583
20
1.0346007086614173
11
1.423439251968504
21
1.0336590551181102
0
LINE
8
BLACK
6
CONTINUOUS
10
1.423439251968504
20
1.0336590551181102
11
1.423439251968504
21
1.0249648425196851
0
LINE
8
BLACK
6
CONTINUOUS
10
1.423439251968504
20
1.0249648425196851
11
1.4335001968503938
21
1.0249648425196851
0
LINE
8
BLACK
6
CONTINUOUS
10
1.4335001968503938
20
1.0249648425196851
11
1.4266120078740157
21
1.0456293307086615
0
LINE
8
BLACK
6
CONTINUOUS
10
1.4266120078740157
20
1.0456293307086615
11
1.426491968503937
21
1.0465818897637795
0
LINE
8
BLACK
6
CONTINUOUS
10
1.426491968503937
20
1.0465818897637795
11
1.4273341732283464
21
1.0482662992125984
0
LINE
8
BLACK
6
CONTINUOUS
10
1.4273341732283464
20
1.0482662992125984
11
1.4291208267716535
21
1.0488618503937008
0
LINE
8
BLACK
6
CONTINUOUS
10
1.4291208267716535
20
1.0488618503937008
11
1.4308052362204724
21
1.0480196456692914
0
LINE
8
BLACK
6
CONTINUOUS
10
1.5600770472440944
20
1.1236620078740158
11
1.5607935433070865
21
1.1236620078740158
0
LINE
8
BLACK
6
CONTINUOUS
10
1.5607935433070865
20
1.1236620078740158
11
1.5609726771653543
21
1.1234828740157481
0
LINE
8
BLACK
6
CONTINUOUS
10
1.5609726771653543
20
1.1234828740157481
11
1.5612210629921259
21
1.123433188976378
0
LINE
8
BLACK
6
CONTINUOUS
10
1.5612210629921259
20
1.123433188976378
11
1.561899251968504
21
1.122753622047244
0
LINE
8
BLACK
6
CONTINUOUS
10
1.561899251968504
20
1.122753622047244
11
1.564951220472441
21
1.1181756692913385
0
LINE
8
BLACK
6
CONTINUOUS
10
1.564951220472441
20
1.1181756692913385
11
1.5676835826771653
21
1.1154433070866141
0
LINE
8
BLACK
6
CONTINUOUS
10
1.5676835826771653
20
1.1154433070866141
11
1.570513622047244
21
1.1140282677165354
0
LINE
8
BLACK
6
CONTINUOUS
10
1.570513622047244
20
1.1140282677165354
11
1.5712720866141732
21
1.1134396062992127
0
LINE
8
BLACK
6
CONTINUOUS
10
1.5712720866141732
20
1.1134396062992127
11
1.5718676377952756
21
1.1116529921259841
0
LINE
8
BLACK
6
CONTINUOUS
10
1.5718676377952756
20
1.1116529921259841
11
1.5710253937007874
21
1.1099685039370077
0
LINE
8
BLACK
6
CONTINUOUS
10
1.5710253937007874
20
1.1099685039370077
11
1.5692387795275591
21
1.1093729921259843
0
LINE
8
BLACK
6
CONTINUOUS
10
1.5692387795275591
20
1.1093729921259843
11
1.5683127559055117
21
1.1096265354330708
0
LINE
8
BLACK
6
CONTINUOUS
10
1.5683127559055117
20
1.1096265354330708
11
1.5651256299212597
21
1.1112200787401574
0
LINE
8
BLACK
6
CONTINUOUS
10
1.5651256299212597
20
1.1112200787401574
11
1.5648139763779527
21
1.1114619685039371
0
LINE
8
BLACK
6
CONTINUOUS
10
1.5648139763779527
20
1.1114619685039371
11
1.5644861023622048
21
1.1116810236220471
0
LINE
8
BLACK
6
CONTINUOUS
10
1.5644861023622048
20
1.1116810236220471
11
1.5623125196850394
21
1.11385468503937
0
LINE
8
BLACK
6
CONTINUOUS
10
1.5623125196850394
20
1.11385468503937
11
1.5623125196850394
21
1.0903847637795276
0
LINE
8
BLACK
6
CONTINUOUS
10
1.5623125196850394
20
1.0903847637795276
11
1.5694131889763778
21
1.0903847637795276
0
LINE
8
BLACK
6
CONTINUOUS
10
1.5694131889763778
20
1.0903847637795276
11
1.5703548425196849
21
1.0901974409448818
0
LINE
8
BLACK
6
CONTINUOUS
10
1.5703548425196849
20
1.0901974409448818
11
1.5716864960629922
21
1.0888657874015748
0
LINE
8
BLACK
6
CONTINUOUS
10
1.5716864960629922
20
1.0888657874015748
11
1.5716864960629922
21
1.0869824803149606
0
LINE
8
BLACK
6
CONTINUOUS
10
1.5716864960629922
20
1.0869824803149606
11
1.5703548425196849
21
1.0856508267716536
0
LINE
8
BLACK
6
CONTINUOUS
10
1.5703548425196849
20
1.0856508267716536
11
1.5694131889763778
21
1.0854635039370077
0
LINE
8
BLACK
6
CONTINUOUS
10
1.5694131889763778
20
1.0854635039370077
11
1.5502905511811023
21
1.0854635039370077
0
LINE
8
BLACK
6
CONTINUOUS
10
1.5502905511811023
20
1.0854635039370077
11
1.5493488976377952
21
1.0856508267716536
0
LINE
8
BLACK
6
CONTINUOUS
10
1.5493488976377952
20
1.0856508267716536
11
1.5480172440944882
21
1.0869824803149606
0
LINE
8
BLACK
6
CONTINUOUS
10
1.5480172440944882
20
1.0869824803149606
11
1.5480172440944882
21
1.0888657874015748
0
LINE
8
BLACK
6
CONTINUOUS
10
1.5480172440944882
20
1.0888657874015748
11
1.5493488976377952
21
1.0901974409448818
0
LINE
8
BLACK
6
CONTINUOUS
10
1.5493488976377952
20
1.0901974409448818
11
1.5502905511811023
21
1.0903847637795276
0
LINE
8
BLACK
6
CONTINUOUS
10
1.5502905511811023
20
1.0903847637795276
11
1.5573912598425197
21
1.0903847637795276
0
LINE
8
BLACK
6
CONTINUOUS
10
1.5573912598425197
20
1.0903847637795276
11
1.5573912598425197
21
1.1213887007874015
0
LINE
8
BLACK
6
CONTINUOUS
10
1.5573912598425197
20
1.1213887007874015
11
1.5575785826771653
21
1.1223303543307086
0
LINE
8
BLACK
6
CONTINUOUS
10
1.5575785826771653
20
1.1223303543307086
11
1.557757716535433
21
1.1225095275590551
0
LINE
8
BLACK
6
CONTINUOUS
10
1.557757716535433
20
1.1225095275590551
11
1.5578074015748031
21
1.122757874015748
0
LINE
8
BLACK
6
CONTINUOUS
10
1.5578074015748031
20
1.122757874015748
11
1.5584035433070866
21
1.1231553543307087
0
LINE
8
BLACK
6
CONTINUOUS
10
1.5584035433070866
20
1.1231553543307087
11
1.5589102362204723
21
1.1236620078740158
0
LINE
8
BLACK
6
CONTINUOUS
10
1.5589102362204723
20
1.1236620078740158
11
1.5591635433070865
21
1.1236620078740158
0
LINE
8
BLACK
6
CONTINUOUS
10
1.5591635433070865
20
1.1236620078740158
11
1.5593743700787401
21
1.1238025590551182
0
LINE
8
BLACK
6
CONTINUOUS
10
1.5593743700787401
20
1.1238025590551182
11
1.5600770472440944
21
1.1236620078740158
0
LINE
8
BLACK
6
CONTINUOUS
10
1.5919480708661418
20
1.1236620078740158
11
1.5926645669291337
21
1.1236620078740158
0
LINE
8
BLACK
6
CONTINUOUS
10
1.5926645669291337
20
1.1236620078740158
11
1.5928437007874015
21
1.1234828740157481
0
LINE
8
BLACK
6
CONTINUOUS
10
1.5928437007874015
20
1.1234828740157481
11
1.5930920866141731
21
1.123433188976378
0
LINE
8
BLACK
6
CONTINUOUS
10
1.5930920866141731
20
1.123433188976378
11
1.5937702755905512
21
1.122753622047244
0
LINE
8
BLACK
6
CONTINUOUS
10
1.5937702755905512
20
1.122753622047244
11
1.5968222440944881
21
1.1181756692913385
0
LINE
8
BLACK
6
CONTINUOUS
10
1.5968222440944881
20
1.1181756692913385
11
1.5995546062992125
21
1.1154433070866141
0
LINE
8
BLACK
6
CONTINUOUS
10
1.5995546062992125
20
1.1154433070866141
11
1.6023846456692914
21
1.1140282677165354
0
LINE
8
BLACK
6
CONTINUOUS
10
1.6023846456692914
20
1.1140282677165354
11
1.6031431102362204
21
1.1134396062992127
0
LINE
8
BLACK
6
CONTINUOUS
10
1.6031431102362204
20
1.1134396062992127
11
1.6037386614173228
21
1.1116529921259841
0
LINE
8
BLACK
6
CONTINUOUS
10
1.6037386614173228
20
1.1116529921259841
11
1.6028964173228346
21
1.1099685039370077
0
LINE
8
BLACK
6
CONTINUOUS
10
1.6028964173228346
20
1.1099685039370077
11
1.6011098031496063
21
1.1093729921259843
0
LINE
8
BLACK
6
CONTINUOUS
10
1.6011098031496063
20
1.1093729921259843
11
1.6001837795275591
21
1.1096265354330708
0
LINE
8
BLACK
6
CONTINUOUS
10
1.6001837795275591
20
1.1096265354330708
11
1.5969966535433071
21
1.1112200787401574
0
LINE
8
BLACK
6
CONTINUOUS
10
1.5969966535433071
20
1.1112200787401574
11
1.5966849999999999
21
1.1114619685039371
0
LINE
8
BLACK
6
CONTINUOUS
10
1.5966849999999999
20
1.1114619685039371
11
1.5963571259842519
21
1.1116810236220471
0
LINE
8
BLACK
6
CONTINUOUS
10
1.5963571259842519
20
1.1116810236220471
11
1.5941835433070866
21
1.11385468503937
0
LINE
8
BLACK
6
CONTINUOUS
10
1.5941835433070866
20
1.11385468503937
11
1.5941835433070866
21
1.0903847637795276
0
LINE
8
BLACK
6
CONTINUOUS
10
1.5941835433070866
20
1.0903847637795276
11
1.6012842125984252
21
1.0903847637795276
0
LINE
8
BLACK
6
CONTINUOUS
10
1.6012842125984252
20
1.0903847637795276
11
1.6022258661417323
21
1.0901974409448818
0
LINE
8
BLACK
6
CONTINUOUS
10
1.6022258661417323
20
1.0901974409448818
11
1.6035575196850393
21
1.0888657874015748
0
LINE
8
BLACK
6
CONTINUOUS
10
1.6035575196850393
20
1.0888657874015748
11
1.6035575196850393
21
1.0869824803149606
0
LINE
8
BLACK
6
CONTINUOUS
10
1.6035575196850393
20
1.0869824803149606
11
1.6022258661417323
21
1.0856508267716536
0
LINE
8
BLACK
6
CONTINUOUS
10
1.6022258661417323
20
1.0856508267716536
11
1.6012842125984252
21
1.0854635039370077
0
LINE
8
BLACK
6
CONTINUOUS
10
1.6012842125984252
20
1.0854635039370077
11
1.5821615748031497
21
1.0854635039370077
0
LINE
8
BLACK
6
CONTINUOUS
10
1.5821615748031497
20
1.0854635039370077
11
1.5812199212598426
21
1.0856508267716536
0
LINE
8
BLACK
6
CONTINUOUS
10
1.5812199212598426
20
1.0856508267716536
11
1.5798882677165353
21
1.0869824803149606
0
LINE
8
BLACK
6
CONTINUOUS
10
1.5798882677165353
20
1.0869824803149606
11
1.5798882677165353
21
1.0888657874015748
0
LINE
8
BLACK
6
CONTINUOUS
10
1.5798882677165353
20
1.0888657874015748
11
1.5812199212598426
21
1.0901974409448818
0
LINE
8
BLACK
6
CONTINUOUS
10
1.5812199212598426
20
1.0901974409448818
11
1.5821615748031497
21
1.0903847637795276
0
LINE
8
BLACK
6
CONTINUOUS
10
1.5821615748031497
20
1.0903847637795276
11
1.5892622834645669
21
1.0903847637795276
0
LINE
8
BLACK
6
CONTINUOUS
10
1.5892622834645669
20
1.0903847637795276
11
1.5892622834645669
21
1.1213887007874015
0
LINE
8
BLACK
6
CONTINUOUS
10
1.5892622834645669
20
1.1213887007874015
11
1.5894496062992125
21
1.1223303543307086
0
LINE
8
BLACK
6
CONTINUOUS
10
1.5894496062992125
20
1.1223303543307086
11
1.5896287401574802
21
1.1225095275590551
0
LINE
8
BLACK
6
CONTINUOUS
10
1.5896287401574802
20
1.1225095275590551
11
1.5896784251968503
21
1.122757874015748
0
LINE
8
BLACK
6
CONTINUOUS
10
1.5896784251968503
20
1.122757874015748
11
1.5902745669291338
21
1.1231553543307087
0
LINE
8
BLACK
6
CONTINUOUS
10
1.5902745669291338
20
1.1231553543307087
11
1.5907812598425197
21
1.1236620078740158
0
LINE
8
BLACK
6
CONTINUOUS
10
1.5907812598425197
20
1.1236620078740158
11
1.5910345669291339
21
1.1236620078740158
0
LINE
8
BLACK
6
CONTINUOUS
10
1.5910345669291339
20
1.1236620078740158
11
1.5912453937007873
21
1.1238025590551182
0
LINE
8
BLACK
6
CONTINUOUS
10
1.5912453937007873
20
1.1238025590551182
11
1.5919480708661418
21
1.1236620078740158
0
LINE
8
BLACK
6
CONTINUOUS
10
1.6239807086614173
20
1.1237724015748032
11
1.6243720078740158
21
1.1237230708661416
0
LINE
8
BLACK
6
CONTINUOUS
10
1.6243720078740158
20
1.1237230708661416
11
1.6291526771653544
21
1.122129527559055
0
LINE
8
BLACK
6
CONTINUOUS
10
1.6291526771653544
20
1.122129527559055
11
1.6292598031496062
21
1.1220684645669292
0
LINE
8
BLACK
6
CONTINUOUS
10
1.6292598031496062
20
1.1220684645669292
11
1.6293161811023622
21
1.1220684645669292
0
LINE
8
BLACK
6
CONTINUOUS
10
1.6293161811023622
20
1.1220684645669292
11
1.6296438188976377
21
1.1218495669291337
0
LINE
8
BLACK
6
CONTINUOUS
10
1.6296438188976377
20
1.1218495669291337
11
1.6299867716535432
21
1.1216540551181102
0
LINE
8
BLACK
6
CONTINUOUS
10
1.6299867716535432
20
1.1216540551181102
11
1.6300120078740157
21
1.1216035433070866
0
LINE
8
BLACK
6
CONTINUOUS
10
1.6300120078740157
20
1.1216035433070866
11
1.6301144881889764
21
1.1215350787401575
0
LINE
8
BLACK
6
CONTINUOUS
10
1.6301144881889764
20
1.1215350787401575
11
1.6333015748031496
21
1.1183479921259842
0
LINE
8
BLACK
6
CONTINUOUS
10
1.6333015748031496
20
1.1183479921259842
11
1.6335205511811024
21
1.1180202362204723
0
LINE
8
BLACK
6
CONTINUOUS
10
1.6335205511811024
20
1.1180202362204723
11
1.6337625196850394
21
1.1177085039370078
0
LINE
8
BLACK
6
CONTINUOUS
10
1.6337625196850394
20
1.1177085039370078
11
1.635356062992126
21
1.1145214173228346
0
LINE
8
BLACK
6
CONTINUOUS
10
1.635356062992126
20
1.1145214173228346
11
1.6354272440944881
21
1.1142614960629922
0
LINE
8
BLACK
6
CONTINUOUS
10
1.6354272440944881
20
1.1142614960629922
11
1.635542401574803
21
1.114017716535433
0
LINE
8
BLACK
6
CONTINUOUS
10
1.635542401574803
20
1.114017716535433
11
1.6371359448818896
21
1.1076435433070866
0
LINE
8
BLACK
6
CONTINUOUS
10
1.6371359448818896
20
1.1076435433070866
11
1.6371505905511812
21
1.1073424409448818
0
LINE
8
BLACK
6
CONTINUOUS
10
1.6371505905511812
20
1.1073424409448818
11
1.6372094094488188
21
1.1070467716535433
0
LINE
8
BLACK
6
CONTINUOUS
10
1.6372094094488188
20
1.1070467716535433
11
1.6372094094488188
21
1.1022661023622047
0
LINE
8
BLACK
6
CONTINUOUS
10
1.6372094094488188
20
1.1022661023622047
11
1.6371505905511812
21
1.1019704724409449
0
LINE
8
BLACK
6
CONTINUOUS
10
1.6371505905511812
20
1.1019704724409449
11
1.6371359448818896
21
1.1016693307086614
0
LINE
8
BLACK
6
CONTINUOUS
10
1.6371359448818896
20
1.1016693307086614
11
1.635542401574803
21
1.0952951181102362
0
LINE
8
BLACK
6
CONTINUOUS
10
1.635542401574803
20
1.0952951181102362
11
1.6354272834645669
21
1.0950515354330708
0
LINE
8
BLACK
6
CONTINUOUS
10
1.6354272834645669
20
1.0950515354330708
11
1.6353561023622047
21
1.0947914566929133
0
LINE
8
BLACK
6
CONTINUOUS
10
1.6353561023622047
20
1.0947914566929133
11
1.6337624803149606
21
1.0916043700787401
0
LINE
8
BLACK
6
CONTINUOUS
10
1.6337624803149606
20
1.0916043700787401
11
1.6335207086614172
21
1.0912929133858267
0
LINE
8
BLACK
6
CONTINUOUS
10
1.6335207086614172
20
1.0912929133858267
11
1.6333015748031496
21
1.0909648818897637
0
LINE
8
BLACK
6
CONTINUOUS
10
1.6333015748031496
20
1.0909648818897637
11
1.6301144881889764
21
1.0877777559055117
0
LINE
8
BLACK
6
CONTINUOUS
10
1.6301144881889764
20
1.0877777559055117
11
1.6300120078740157
21
1.0877093307086614
0
LINE
8
BLACK
6
CONTINUOUS
10
1.6300120078740157
20
1.0877093307086614
11
1.6299867716535432
21
1.087658779527559
0
LINE
8
BLACK
6
CONTINUOUS
10
1.6299867716535432
20
1.087658779527559
11
1.6296439763779527
21
1.0874633858267717
0
LINE
8
BLACK
6
CONTINUOUS
10
1.6296439763779527
20
1.0874633858267717
11
1.629316220472441
21
1.0872443700787402
0
LINE
8
BLACK
6
CONTINUOUS
10
1.629316220472441
20
1.0872443700787402
11
1.6292598031496062
21
1.0872443700787402
0
LINE
8
BLACK
6
CONTINUOUS
10
1.6292598031496062
20
1.0872443700787402
11
1.6291526771653544
21
1.0871833070866141
0
LINE
8
BLACK
6
CONTINUOUS
10
1.6291526771653544
20
1.0871833070866141
11
1.6243720078740158
21
1.0855897637795275
0
LINE
8
BLACK
6
CONTINUOUS
10
1.6243720078740158
20
1.0855897637795275
11
1.6239807086614173
21
1.0855404724409448
0
LINE
8
BLACK
6
CONTINUOUS
10
1.6239807086614173
20
1.0855404724409448
11
1.6235938976377953
21
1.0854635039370077
0
LINE
8
BLACK
6
CONTINUOUS
10
1.6235938976377953
20
1.0854635039370077
11
1.6204068110236221
21
1.0854635039370077
0
LINE
8
BLACK
6
CONTINUOUS
10
1.6204068110236221
20
1.0854635039370077
11
1.6200199606299213
21
1.0855404724409448
0
LINE
8
BLACK
6
CONTINUOUS
10
1.6200199606299213
20
1.0855404724409448
11
1.6196287007874015
21
1.0855897637795275
0
LINE
8
BLACK
6
CONTINUOUS
10
1.6196287007874015
20
1.0855897637795275
11
1.6148480314960629
21
1.0871833070866141
0
LINE
8
BLACK
6
CONTINUOUS
10
1.6148480314960629
20
1.0871833070866141
11
1.6147409055118109
21
1.0872443700787402
0
LINE
8
BLACK
6
CONTINUOUS
10
1.6147409055118109
20
1.0872443700787402
11
1.6146844881889764
21
1.0872443700787402
0
LINE
8
BLACK
6
CONTINUOUS
10
1.6146844881889764
20
1.0872443700787402
11
1.6143565354330709
21
1.0874635039370077
0
LINE
8
BLACK
6
CONTINUOUS
10
1.6143565354330709
20
1.0874635039370077
11
1.6140139370078739
21
1.0876588188976377
0
LINE
8
BLACK
6
CONTINUOUS
10
1.6140139370078739
20
1.0876588188976377
11
1.6139886614173229
21
1.0877093307086614
0
LINE
8
BLACK
6
CONTINUOUS
10
1.6139886614173229
20
1.0877093307086614
11
1.6138861811023621
21
1.0877777952755905
0
LINE
8
BLACK
6
CONTINUOUS
10
1.6138861811023621
20
1.0877777952755905
11
1.6122926377952755
21
1.0893713385826771
0
LINE
8
BLACK
6
CONTINUOUS
10
1.6122926377952755
20
1.0893713385826771
11
1.611759251968504
21
1.0901696850393701
0
LINE
8
BLACK
6
CONTINUOUS
10
1.611759251968504
20
1.0901696850393701
11
1.6117592913385825
21
1.0920529133858268
0
LINE
8
BLACK
6
CONTINUOUS
10
1.6117592913385825
20
1.0920529133858268
11
1.6130910236220473
21
1.0933846062992125
0
LINE
8
BLACK
6
CONTINUOUS
10
1.6130910236220473
20
1.0933846062992125
11
1.614974251968504
21
1.0933845669291338
0
LINE
8
BLACK
6
CONTINUOUS
10
1.614974251968504
20
1.0933845669291338
11
1.615772559055118
21
1.0928511811023622
0
LINE
8
BLACK
6
CONTINUOUS
10
1.615772559055118
20
1.0928511811023622
11
1.6169553149606299
21
1.0916683858267717
0
LINE
8
BLACK
6
CONTINUOUS
10
1.6169553149606299
20
1.0916683858267717
11
1.6208061417322834
21
1.0903847637795276
0
LINE
8
BLACK
6
CONTINUOUS
10
1.6208061417322834
20
1.0903847637795276
11
1.6231945669291339
21
1.0903847637795276
0
LINE
8
BLACK
6
CONTINUOUS
10
1.6231945669291339
20
1.0903847637795276
11
1.6270453937007874
21
1.0916683858267717
0
LINE
8
BLACK
6
CONTINUOUS
10
1.6270453937007874
20
1.0916683858267717
11
1.6295394094488189
21
1.0941624803149606
0
LINE
8
BLACK
6
CONTINUOUS
10
1.6295394094488189
20
1.0941624803149606
11
1.6308335433070866
21
1.096750748031496
0
LINE
8
BLACK
6
CONTINUOUS
10
1.6308335433070866
20
1.096750748031496
11
1.6322881496062991
21
1.1025690551181102
0
LINE
8
BLACK
6
CONTINUOUS
10
1.6322881496062991
20
1.1025690551181102
11
1.6322881496062991
21
1.1067438582677165
0
LINE
8
BLACK
6
CONTINUOUS
10
1.6322881496062991
20
1.1067438582677165
11
1.6308335826771654
21
1.1125620472440945
0
LINE
8
BLACK
6
CONTINUOUS
10
1.6308335826771654
20
1.1125620472440945
11
1.6295393307086614
21
1.1151505511811024
0
LINE
8
BLACK
6
CONTINUOUS
10
1.6295393307086614
20
1.1151505511811024
11
1.6270453937007874
21
1.1176444881889764
0
LINE
8
BLACK
6
CONTINUOUS
10
1.6270453937007874
20
1.1176444881889764
11
1.6231945669291339
21
1.1189280708661418
0
LINE
8
BLACK
6
CONTINUOUS
10
1.6231945669291339
20
1.1189280708661418
11
1.6208061417322834
21
1.1189280708661418
0
LINE
8
BLACK
6
CONTINUOUS
10
1.6208061417322834
20
1.1189280708661418
11
1.6169552755905512
21
1.1176444881889764
0
LINE
8
BLACK
6
CONTINUOUS
10
1.6169552755905512
20
1.1176444881889764
11
1.6157725196850394
21
1.1164616929133857
0
LINE
8
BLACK
6
CONTINUOUS
10
1.6157725196850394
20
1.1164616929133857
11
1.6149742125984252
21
1.1159283070866142
0
LINE
8
BLACK
6
CONTINUOUS
10
1.6149742125984252
20
1.1159283070866142
11
1.6130909842519685
21
1.1159283070866142
0
LINE
8
BLACK
6
CONTINUOUS
10
1.6130909842519685
20
1.1159283070866142
11
1.6117592913385825
21
1.1172599999999999
0
LINE
8
BLACK
6
CONTINUOUS
10
1.6117592913385825
20
1.1172599999999999
11
1.6117592913385825
21
1.1191432283464566
0
LINE
8
BLACK
6
CONTINUOUS
10
1.6117592913385825
20
1.1191432283464566
11
1.6122926771653543
21
1.1199415354330708
0
LINE
8
BLACK
6
CONTINUOUS
10
1.6122926771653543
20
1.1199415354330708
11
1.6138862204724409
21
1.1215350787401575
0
LINE
8
BLACK
6
CONTINUOUS
10
1.6138862204724409
20
1.1215350787401575
11
1.6139887007874016
21
1.1216035826771653
0
LINE
8
BLACK
6
CONTINUOUS
10
1.6139887007874016
20
1.1216035826771653
11
1.6140139370078739
21
1.1216540157480315
0
LINE
8
BLACK
6
CONTINUOUS
10
1.6140139370078739
20
1.1216540157480315
11
1.6143563779527559
21
1.1218492913385827
0
LINE
8
BLACK
6
CONTINUOUS
10
1.6143563779527559
20
1.1218492913385827
11
1.6146845275590551
21
1.1220685039370077
0
LINE
8
BLACK
6
CONTINUOUS
10
1.6146845275590551
20
1.1220685039370077
11
1.6147409842519684
21
1.1220685039370077
0
LINE
8
BLACK
6
CONTINUOUS
10
1.6147409842519684
20
1.1220685039370077
11
1.6148480314960629
21
1.122129527559055
0
LINE
8
BLACK
6
CONTINUOUS
10
1.6148480314960629
20
1.122129527559055
11
1.6196287007874015
21
1.1237230708661416
0
LINE
8
BLACK
6
CONTINUOUS
10
1.6196287007874015
20
1.1237230708661416
11
1.6200199606299213
21
1.1237724015748032
0
LINE
8
BLACK
6
CONTINUOUS
10
1.6200199606299213
20
1.1237724015748032
11
1.6204068110236221
21
1.1238493307086614
0
LINE
8
BLACK
6
CONTINUOUS
10
1.6204068110236221
20
1.1238493307086614
11
1.6235938976377953
21
1.1238493307086614
0
LINE
8
BLACK
6
CONTINUOUS
10
1.6235938976377953
20
1.1238493307086614
11
1.6239807086614173
21
1.1237724015748032
0
LINE
8
BLACK
6
CONTINUOUS
10
1.6037091732283464
20
1.1425367322834645
11
1.6049875984251969
21
1.1412583070866142
0
LINE
8
BLACK
6
CONTINUOUS
10
1.6049875984251969
20
1.1412583070866142
11
1.6049875984251969
21
1.1394503543307086
0
LINE
8
BLACK
6
CONTINUOUS
10
1.6049875984251969
20
1.1394503543307086
11
1.6037091732283464
21
1.1381719291338583
0
LINE
8
BLACK
6
CONTINUOUS
10
1.6037091732283464
20
1.1381719291338583
11
1.6028051968503936
21
1.137992125984252
0
LINE
8
BLACK
6
CONTINUOUS
10
1.6028051968503936
20
1.137992125984252
11
1.5822341732283465
21
1.137992125984252
0
LINE
8
BLACK
6
CONTINUOUS
10
1.5822341732283465
20
1.137992125984252
11
1.5813301968503937
21
1.1381719291338583
0
LINE
8
BLACK
6
CONTINUOUS
10
1.5813301968503937
20
1.1381719291338583
11
1.5800517716535434
21
1.1394503543307086
0
LINE
8
BLACK
6
CONTINUOUS
10
1.5800517716535434
20
1.1394503543307086
11
1.5800517716535434
21
1.1412583070866142
0
LINE
8
BLACK
6
CONTINUOUS
10
1.5800517716535434
20
1.1412583070866142
11
1.5813301968503937
21
1.1425367322834645
0
LINE
8
BLACK
6
CONTINUOUS
10
1.5813301968503937
20
1.1425367322834645
11
1.5822341732283465
21
1.1427165354330708
0
LINE
8
BLACK
6
CONTINUOUS
10
1.5822341732283465
20
1.1427165354330708
11
1.6028051968503936
21
1.1427165354330708
0
LINE
8
BLACK
6
CONTINUOUS
10
1.6028051968503936
20
1.1427165354330708
11
1.6037091732283464
21
1.1425367322834645
0
LINE
8
BLACK
6
CONTINUOUS
10
1.6037091732283464
20
1.2004107480314961
11
1.6049875984251969
21
1.1991323228346455
0
LINE
8
BLACK
6
CONTINUOUS
10
1.6049875984251969
20
1.1991323228346455
11
1.6049875984251969
21
1.1973243700787402
0
LINE
8
BLACK
6
CONTINUOUS
10
1.6049875984251969
20
1.1973243700787402
11
1.6037091732283464
21
1.1960459448818896
0
LINE
8
BLACK
6
CONTINUOUS
10
1.6037091732283464
20
1.1960459448818896
11
1.6028051968503936
21
1.1958661417322833
0
LINE
8
BLACK
6
CONTINUOUS
10
1.6028051968503936
20
1.1958661417322833
11
1.5822341732283465
21
1.1958661417322833
0
LINE
8
BLACK
6
CONTINUOUS
10
1.5822341732283465
20
1.1958661417322833
11
1.5813301968503937
21
1.1960459448818896
0
LINE
8
BLACK
6
CONTINUOUS
10
1.5813301968503937
20
1.1960459448818896
11
1.5800517716535434
21
1.1973243700787402
0
LINE
8
BLACK
6
CONTINUOUS
10
1.5800517716535434
20
1.1973243700787402
11
1.5800517716535434
21
1.1991323228346455
0
LINE
8
BLACK
6
CONTINUOUS
10
1.5800517716535434
20
1.1991323228346455
11
1.5813301968503937
21
1.2004107480314961
0
LINE
8
BLACK
6
CONTINUOUS
10
1.5813301968503937
20
1.2004107480314961
11
1.5822341732283465
21
1.2005905511811024
0
LINE
8
BLACK
6
CONTINUOUS
10
1.5822341732283465
20
1.2005905511811024
11
1.6028051968503936
21
1.2005905511811024
0
LINE
8
BLACK
6
CONTINUOUS
10
1.6028051968503936
20
1.2005905511811024
11
1.6037091732283464
21
1.2004107480314961
0
LINE
8
BLACK
6
CONTINUOUS
10
1.6342209842519684
20
1.2222611417322835
11
1.6354994094488189
21
1.220982716535433
0
LINE
8
BLACK
6
CONTINUOUS
10
1.6354994094488189
20
1.220982716535433
11
1.6354994094488189
21
1.2191747637795276
0
LINE
8
BLACK
6
CONTINUOUS
10
1.6354994094488189
20
1.2191747637795276
11
1.6342209842519684
21
1.2178963385826771
0
LINE
8
BLACK
6
CONTINUOUS
10
1.6342209842519684
20
1.2178963385826771
11
1.6333170078740158
21
1.2177165354330708
0
LINE
8
BLACK
6
CONTINUOUS
10
1.6333170078740158
20
1.2177165354330708
11
1.6127459842519685
21
1.2177165354330708
0
LINE
8
BLACK
6
CONTINUOUS
10
1.6127459842519685
20
1.2177165354330708
11
1.6118420078740157
21
1.2178963385826771
0
LINE
8
BLACK
6
CONTINUOUS
10
1.6118420078740157
20
1.2178963385826771
11
1.6105635826771654
21
1.2191747637795276
0
LINE
8
BLACK
6
CONTINUOUS
10
1.6105635826771654
20
1.2191747637795276
11
1.6105635826771654
21
1.220982716535433
0
LINE
8
BLACK
6
CONTINUOUS
10
1.6105635826771654
20
1.220982716535433
11
1.6118420078740157
21
1.2222611417322835
0
LINE
8
BLACK
6
CONTINUOUS
10
1.6118420078740157
20
1.2222611417322835
11
1.6127459842519685
21
1.2224409448818898
0
LINE
8
BLACK
6
CONTINUOUS
10
1.6127459842519685
20
1.2224409448818898
11
1.6333170078740158
21
1.2224409448818898
0
LINE
8
BLACK
6
CONTINUOUS
10
1.6333170078740158
20
1.2224409448818898
11
1.6342209842519684
21
1.2222611417322835
0
LINE
8
BLACK
6
CONTINUOUS
10
1.1324000393700786
20
1.2545446062992125
11
1.1336784645669291
21
1.2532661811023622
0
LINE
8
BLACK
6
CONTINUOUS
10
1.1336784645669291
20
1.2532661811023622
11
1.1336784645669291
21
1.2514582283464566
0
LINE
8
BLACK
6
CONTINUOUS
10
1.1336784645669291
20
1.2514582283464566
11
1.1324000393700786
21
1.2501798031496063
0
LINE
8
BLACK
6
CONTINUOUS
10
1.1324000393700786
20
1.2501798031496063
11
1.131496062992126
21
1.25
0
LINE
8
BLACK
6
CONTINUOUS
10
1.131496062992126
20
1.25
11
1.1082677165354331
21
1.25
0
LINE
8
BLACK
6
CONTINUOUS
10
1.1082677165354331
20
1.25
11
1.1082677165354331
21
1.2267716535433071
0
LINE
8
BLACK
6
CONTINUOUS
10
1.1082677165354331
20
1.2267716535433071
11
1.1080879133858268
21
1.2258676771653543
0
LINE
8
BLACK
6
CONTINUOUS
10
1.1080879133858268
20
1.2258676771653543
11
1.1068094881889763
21
1.224589251968504
0
LINE
8
BLACK
6
CONTINUOUS
10
1.1068094881889763
20
1.224589251968504
11
1.1050015354330709
21
1.224589251968504
0
LINE
8
BLACK
6
CONTINUOUS
10
1.1050015354330709
20
1.224589251968504
11
1.1037231102362204
21
1.2258676771653543
0
LINE
8
BLACK
6
CONTINUOUS
10
1.1037231102362204
20
1.2258676771653543
11
1.1035433070866141
21
1.2267716535433071
0
LINE
8
BLACK
6
CONTINUOUS
10
1.1035433070866141
20
1.2267716535433071
11
1.1035433070866141
21
1.2523622047244094
0
LINE
8
BLACK
6
CONTINUOUS
10
1.1035433070866141
20
1.2523622047244094
11
1.1037231102362204
21
1.2532661811023622
0
LINE
8
BLACK
6
CONTINUOUS
10
1.1037231102362204
20
1.2532661811023622
11
1.1050015354330709
21
1.2545446062992125
0
LINE
8
BLACK
6
CONTINUOUS
10
1.1050015354330709
20
1.2545446062992125
11
1.1059055118110237
21
1.2547244094488188
0
LINE
8
BLACK
6
CONTINUOUS
10
1.1059055118110237
20
1.2547244094488188
11
1.131496062992126
21
1.2547244094488188
0
LINE
8
BLACK
6
CONTINUOUS
10
1.131496062992126
20
1.2547244094488188
11
1.1324000393700786
21
1.2545446062992125
0
LINE
8
BLACK
6
CONTINUOUS
10
1.3910614566929134
20
1.2545446062992125
11
1.3923398818897637
21
1.2532661811023622
0
LINE
8
BLACK
6
CONTINUOUS
10
1.3923398818897637
20
1.2532661811023622
11
1.39251968503937
21
1.2523622047244094
0
LINE
8
BLACK
6
CONTINUOUS
10
1.39251968503937
20
1.2523622047244094
11
1.39251968503937
21
1.2267716535433071
0
LINE
8
BLACK
6
CONTINUOUS
10
1.39251968503937
20
1.2267716535433071
11
1.3923398818897637
21
1.2258676771653543
0
LINE
8
BLACK
6
CONTINUOUS
10
1.3923398818897637
20
1.2258676771653543
11
1.3910614566929134
21
1.224589251968504
0
LINE
8
BLACK
6
CONTINUOUS
10
1.3910614566929134
20
1.224589251968504
11
1.3892535039370077
21
1.224589251968504
0
LINE
8
BLACK
6
CONTINUOUS
10
1.3892535039370077
20
1.224589251968504
11
1.3879750787401575
21
1.2258676771653543
0
LINE
8
BLACK
6
CONTINUOUS
10
1.3879750787401575
20
1.2258676771653543
11
1.3877952755905512
21
1.2267716535433071
0
LINE
8
BLACK
6
CONTINUOUS
10
1.3877952755905512
20
1.2267716535433071
11
1.3877952755905512
21
1.25
0
LINE
8
BLACK
6
CONTINUOUS
10
1.3877952755905512
20
1.25
11
1.3645669291338582
21
1.25
0
LINE
8
BLACK
6
CONTINUOUS
10
1.3645669291338582
20
1.25
11
1.3636629527559054
21
1.2501798031496063
0
LINE
8
BLACK
6
CONTINUOUS
10
1.3636629527559054
20
1.2501798031496063
11
1.3623845275590551
21
1.2514582283464566
0
LINE
8
BLACK
6
CONTINUOUS
10
1.3623845275590551
20
1.2514582283464566
11
1.3623845275590551
21
1.2532661811023622
0
LINE
8
BLACK
6
CONTINUOUS
10
1.3623845275590551
20
1.2532661811023622
11
1.3636629527559054
21
1.2545446062992125
0
LINE
8
BLACK
6
CONTINUOUS
10
1.3636629527559054
20
1.2545446062992125
11
1.3645669291338582
21
1.2547244094488188
0
LINE
8
BLACK
6
CONTINUOUS
10
1.3645669291338582
20
1.2547244094488188
11
1.3901574803149606
21
1.2547244094488188
0
LINE
8
BLACK
6
CONTINUOUS
10
1.3901574803149606
20
1.2547244094488188
11
1.3910614566929134
21
1.2545446062992125
0
LINE
8
BLACK
6
CONTINUOUS
10
1.6342209842519684
20
1.280135157480315
11
1.6354994094488189
21
1.2788567322834645
0
LINE
8
BLACK
6
CONTINUOUS
10
1.6354994094488189
20
1.2788567322834645
11
1.6354994094488189
21
1.2770487795275591
0
LINE
8
BLACK
6
CONTINUOUS
10
1.6354994094488189
20
1.2770487795275591
11
1.6342209842519684
21
1.2757703543307086
0
LINE
8
BLACK
6
CONTINUOUS
10
1.6342209842519684
20
1.2757703543307086
11
1.6333170078740158
21
1.2755905511811023
0
LINE
8
BLACK
6
CONTINUOUS
10
1.6333170078740158
20
1.2755905511811023
11
1.6127459842519685
21
1.2755905511811023
0
LINE
8
BLACK
6
CONTINUOUS
10
1.6127459842519685
20
1.2755905511811023
11
1.6118420078740157
21
1.2757703543307086
0
LINE
8
BLACK
6
CONTINUOUS
10
1.6118420078740157
20
1.2757703543307086
11
1.6105635826771654
21
1.2770487795275591
0
LINE
8
BLACK
6
CONTINUOUS
10
1.6105635826771654
20
1.2770487795275591
11
1.6105635826771654
21
1.2788567322834645
0
LINE
8
BLACK
6
CONTINUOUS
10
1.6105635826771654
20
1.2788567322834645
11
1.6118420078740157
21
1.280135157480315
0
LINE
8
BLACK
6
CONTINUOUS
10
1.6118420078740157
20
1.280135157480315
11
1.6127459842519685
21
1.2803149606299213
0
LINE
8
BLACK
6
CONTINUOUS
10
1.6127459842519685
20
1.2803149606299213
11
1.6333170078740158
21
1.2803149606299213
0
LINE
8
BLACK
6
CONTINUOUS
10
1.6333170078740158
20
1.2803149606299213
11
1.6342209842519684
21
1.280135157480315
0
LINE
8
BLACK
6
CONTINUOUS
10
1.6024601968503938
20
1.3295675196850394
11
1.6037918503937008
21
1.3282358661417322
0
LINE
8
BLACK
6
CONTINUOUS
10
1.6037918503937008
20
1.3282358661417322
11
1.6037918503937008
21
1.3263525590551182
0
LINE
8
BLACK
6
CONTINUOUS
10
1.6037918503937008
20
1.3263525590551182
11
1.6024601968503938
21
1.325020905511811
0
LINE
8
BLACK
6
CONTINUOUS
10
1.6024601968503938
20
1.325020905511811
11
1.6015185433070867
21
1.3248335826771653
0
LINE
8
BLACK
6
CONTINUOUS
10
1.6015185433070867
20
1.3248335826771653
11
1.5862250393700787
21
1.3248335826771653
0
LINE
8
BLACK
6
CONTINUOUS
10
1.5862250393700787
20
1.3248335826771653
11
1.5938090551181101
21
1.3161661811023622
0
LINE
8
BLACK
6
CONTINUOUS
10
1.5938090551181101
20
1.3161661811023622
11
1.5941581496062991
21
1.3155598818897638
0
LINE
8
BLACK
6
CONTINUOUS
10
1.5941581496062991
20
1.3155598818897638
11
1.5942305511811024
21
1.3154874803149605
0
LINE
8
BLACK
6
CONTINUOUS
10
1.5942305511811024
20
1.3154874803149605
11
1.5942305511811024
21
1.3154341732283463
0
LINE
8
BLACK
6
CONTINUOUS
10
1.5942305511811024
20
1.3154341732283463
11
1.5942881496062993
21
1.3153341338582676
0
LINE
8
BLACK
6
CONTINUOUS
10
1.5942881496062993
20
1.3153341338582676
11
1.5942305511811024
21
1.3144699606299213
0
LINE
8
BLACK
6
CONTINUOUS
10
1.5942305511811024
20
1.3144699606299213
11
1.5942305511811024
21
1.3136041732283463
0
LINE
8
BLACK
6
CONTINUOUS
10
1.5942305511811024
20
1.3136041732283463
11
1.5941687007874015
21
1.3135423622047244
0
LINE
8
BLACK
6
CONTINUOUS
10
1.5941687007874015
20
1.3135423622047244
11
1.5941629133858268
21
1.3134550787401575
0
LINE
8
BLACK
6
CONTINUOUS
10
1.5941629133858268
20
1.3134550787401575
11
1.5935113779527559
21
1.3128850393700786
0
LINE
8
BLACK
6
CONTINUOUS
10
1.5935113779527559
20
1.3128850393700786
11
1.5928988976377951
21
1.3122725196850393
0
LINE
8
BLACK
6
CONTINUOUS
10
1.5928988976377951
20
1.3122725196850393
11
1.592785590551181
21
1.3122499999999999
0
LINE
8
BLACK
6
CONTINUOUS
10
1.592785590551181
20
1.3122499999999999
11
1.5927455511811024
21
1.3122149212598424
0
LINE
8
BLACK
6
CONTINUOUS
10
1.5927455511811024
20
1.3122149212598424
11
1.5926435039370079
21
1.3122217322834646
0
LINE
8
BLACK
6
CONTINUOUS
10
1.5926435039370079
20
1.3122217322834646
11
1.5919572440944882
21
1.3120851968503937
0
LINE
8
BLACK
6
CONTINUOUS
10
1.5919572440944882
20
1.3120851968503937
11
1.5877574803149606
21
1.3120851968503937
0
LINE
8
BLACK
6
CONTINUOUS
10
1.5877574803149606
20
1.3120851968503937
11
1.5854470078740157
21
1.3109299999999999
0
LINE
8
BLACK
6
CONTINUOUS
10
1.5854470078740157
20
1.3109299999999999
11
1.584418188976378
21
1.3099011417322834
0
LINE
8
BLACK
6
CONTINUOUS
10
1.584418188976378
20
1.3099011417322834
11
1.5832629921259842
21
1.3075907874015749
0
LINE
8
BLACK
6
CONTINUOUS
10
1.5832629921259842
20
1.3075907874015749
11
1.5832629921259842
21
1.3007847244094488
0
LINE
8
BLACK
6
CONTINUOUS
10
1.5832629921259842
20
1.3007847244094488
11
1.584418188976378
21
1.2984743700787402
0
LINE
8
BLACK
6
CONTINUOUS
10
1.584418188976378
20
1.2984743700787402
11
1.5854470078740157
21
1.2974455118110235
0
LINE
8
BLACK
6
CONTINUOUS
10
1.5854470078740157
20
1.2974455118110235
11
1.5877574803149606
21
1.2962902755905512
0
LINE
8
BLACK
6
CONTINUOUS
10
1.5877574803149606
20
1.2962902755905512
11
1.596156968503937
21
1.2962902755905512
0
LINE
8
BLACK
6
CONTINUOUS
10
1.596156968503937
20
1.2962902755905512
11
1.598467401574803
21
1.2974455118110235
0
LINE
8
BLACK
6
CONTINUOUS
10
1.598467401574803
20
1.2974455118110235
11
1.5997785826771653
21
1.298756653543307
0
LINE
8
BLACK
6
CONTINUOUS
10
1.5997785826771653
20
1.298756653543307
11
1.6005768897637795
21
1.2992900787401576
0
LINE
8
BLACK
6
CONTINUOUS
10
1.6005768897637795
20
1.2992900787401576
11
1.6024601181102363
21
1.2992900787401576
0
LINE
8
BLACK
6
CONTINUOUS
10
1.6024601181102363
20
1.2992900787401576
11
1.6037918503937008
21
1.2979584251968503
0
LINE
8
BLACK
6
CONTINUOUS
10
1.6037918503937008
20
1.2979584251968503
11
1.6037918503937008
21
1.2960751574803149
0
LINE
8
BLACK
6
CONTINUOUS
10
1.6037918503937008
20
1.2960751574803149
11
1.603258464566929
21
1.2952768503937007
0
LINE
8
BLACK
6
CONTINUOUS
10
1.603258464566929
20
1.2952768503937007
11
1.6016649606299211
21
1.2936832677165353
0
LINE
8
BLACK
6
CONTINUOUS
10
1.6016649606299211
20
1.2936832677165353
11
1.6013370472440944
21
1.2934642125984253
0
LINE
8
BLACK
6
CONTINUOUS
10
1.6013370472440944
20
1.2934642125984253
11
1.6010254330708662
21
1.2932223228346456
0
LINE
8
BLACK
6
CONTINUOUS
10
1.6010254330708662
20
1.2932223228346456
11
1.5978383070866142
21
1.2916287795275589
0
LINE
8
BLACK
6
CONTINUOUS
10
1.5978383070866142
20
1.2916287795275589
11
1.597719409448819
21
1.2915962598425197
0
LINE
8
BLACK
6
CONTINUOUS
10
1.597719409448819
20
1.2915962598425197
11
1.5976795275590552
21
1.2915563385826772
0
LINE
8
BLACK
6
CONTINUOUS
10
1.5976795275590552
20
1.2915563385826772
11
1.5972925984251969
21
1.2914794094488189
0
LINE
8
BLACK
6
CONTINUOUS
10
1.5972925984251969
20
1.2914794094488189
11
1.5969122834645668
21
1.2913752362204725
0
LINE
8
BLACK
6
CONTINUOUS
10
1.5969122834645668
20
1.2913752362204725
11
1.5968587795275591
21
1.2913930708661416
0
LINE
8
BLACK
6
CONTINUOUS
10
1.5968587795275591
20
1.2913930708661416
11
1.5967378740157481
21
1.2913690157480315
0
LINE
8
BLACK
6
CONTINUOUS
10
1.5967378740157481
20
1.2913690157480315
11
1.5871765748031497
21
1.2913690157480315
0
LINE
8
BLACK
6
CONTINUOUS
10
1.5871765748031497
20
1.2913690157480315
11
1.5870556299212597
21
1.2913930708661416
0
LINE
8
BLACK
6
CONTINUOUS
10
1.5870556299212597
20
1.2913930708661416
11
1.5870021653543307
21
1.2913752362204725
0
LINE
8
BLACK
6
CONTINUOUS
10
1.5870021653543307
20
1.2913752362204725
11
1.5866218110236221
21
1.2914794094488189
0
LINE
8
BLACK
6
CONTINUOUS
10
1.5866218110236221
20
1.2914794094488189
11
1.5862349212598426
21
1.2915563385826772
0
LINE
8
BLACK
6
CONTINUOUS
10
1.5862349212598426
20
1.2915563385826772
11
1.586195
21
1.2915962598425197
0
LINE
8
BLACK
6
CONTINUOUS
10
1.586195
20
1.2915962598425197
11
1.5860761417322835
21
1.2916287795275589
0
LINE
8
BLACK
6
CONTINUOUS
10
1.5860761417322835
20
1.2916287795275589
11
1.5828890551181103
21
1.2932223228346456
0
LINE
8
BLACK
6
CONTINUOUS
10
1.5828890551181103
20
1.2932223228346456
11
1.5825772047244093
21
1.29346437007874
0
LINE
8
BLACK
6
CONTINUOUS
10
1.5825772047244093
20
1.29346437007874
11
1.5822495275590551
21
1.2936833070866141
0
LINE
8
BLACK
6
CONTINUOUS
10
1.5822495275590551
20
1.2936833070866141
11
1.5806559842519685
21
1.2952768503937007
0
LINE
8
BLACK
6
CONTINUOUS
10
1.5806559842519685
20
1.2952768503937007
11
1.5804368503937007
21
1.2956048425196851
0
LINE
8
BLACK
6
CONTINUOUS
10
1.5804368503937007
20
1.2956048425196851
11
1.5801951181102363
21
1.2959162992125983
0
LINE
8
BLACK
6
CONTINUOUS
10
1.5801951181102363
20
1.2959162992125983
11
1.5786015354330709
21
1.2991034251968503
0
LINE
8
BLACK
6
CONTINUOUS
10
1.5786015354330709
20
1.2991034251968503
11
1.5785689763779527
21
1.2992222834645668
0
LINE
8
BLACK
6
CONTINUOUS
10
1.5785689763779527
20
1.2992222834645668
11
1.5785290551181101
21
1.2992622047244093
0
LINE
8
BLACK
6
CONTINUOUS
10
1.5785290551181101
20
1.2992622047244093
11
1.5784520472440944
21
1.2996492519685039
0
LINE
8
BLACK
6
CONTINUOUS
10
1.5784520472440944
20
1.2996492519685039
11
1.5783479527559054
21
1.300029409448819
0
LINE
8
BLACK
6
CONTINUOUS
10
1.5783479527559054
20
1.300029409448819
11
1.5783657874015748
21
1.3000829527559055
0
LINE
8
BLACK
6
CONTINUOUS
10
1.5783657874015748
20
1.3000829527559055
11
1.5783417322834645
21
1.3002038582677165
0
LINE
8
BLACK
6
CONTINUOUS
10
1.5783417322834645
20
1.3002038582677165
11
1.5783417322834645
21
1.3081716141732282
0
LINE
8
BLACK
6
CONTINUOUS
10
1.5783417322834645
20
1.3081716141732282
11
1.5783657874015748
21
1.308292559055118
0
LINE
8
BLACK
6
CONTINUOUS
10
1.5783657874015748
20
1.308292559055118
11
1.5783479527559054
21
1.308346062992126
0
LINE
8
BLACK
6
CONTINUOUS
10
1.5783479527559054
20
1.308346062992126
11
1.5784520472440944
21
1.3087262598425196
0
LINE
8
BLACK
6
CONTINUOUS
10
1.5784520472440944
20
1.3087262598425196
11
1.5785290551181101
21
1.3091132677165354
0
LINE
8
BLACK
6
CONTINUOUS
10
1.5785290551181101
20
1.3091132677165354
11
1.5785689763779527
21
1.3091532283464566
0
LINE
8
BLACK
6
CONTINUOUS
10
1.5785689763779527
20
1.3091532283464566
11
1.5786015354330709
21
1.3092720472440944
0
LINE
8
BLACK
6
CONTINUOUS
10
1.5786015354330709
20
1.3092720472440944
11
1.5801951181102363
21
1.3124591732283464
0
LINE
8
BLACK
6
CONTINUOUS
10
1.5801951181102363
20
1.3124591732283464
11
1.5804368503937007
21
1.3127706692913386
0
LINE
8
BLACK
6
CONTINUOUS
10
1.5804368503937007
20
1.3127706692913386
11
1.5806559842519685
21
1.313098622047244
0
LINE
8
BLACK
6
CONTINUOUS
10
1.5806559842519685
20
1.313098622047244
11
1.5822495275590551
21
1.3146921653543306
0
LINE
8
BLACK
6
CONTINUOUS
10
1.5822495275590551
20
1.3146921653543306
11
1.5825772047244093
21
1.3149111417322834
0
LINE
8
BLACK
6
CONTINUOUS
10
1.5825772047244093
20
1.3149111417322834
11
1.5828890551181103
21
1.3151531496062991
0
LINE
8
BLACK
6
CONTINUOUS
10
1.5828890551181103
20
1.3151531496062991
11
1.5860761417322835
21
1.3167466929133858
0
LINE
8
BLACK
6
CONTINUOUS
10
1.5860761417322835
20
1.3167466929133858
11
1.586195
21
1.316779251968504
0
LINE
8
BLACK
6
CONTINUOUS
10
1.586195
20
1.316779251968504
11
1.5862349212598426
21
1.3168191338582678
0
LINE
8
BLACK
6
CONTINUOUS
10
1.5862349212598426
20
1.3168191338582678
11
1.5866218110236221
21
1.3168961023622048
0
LINE
8
BLACK
6
CONTINUOUS
10
1.5866218110236221
20
1.3168961023622048
11
1.5866292913385827
21
1.316898188976378
0
LINE
8
BLACK
6
CONTINUOUS
10
1.5866292913385827
20
1.316898188976378
11
1.5789505511811024
21
1.3256738582677166
0
LINE
8
BLACK
6
CONTINUOUS
10
1.5789505511811024
20
1.3256738582677166
11
1.5786014173228347
21
1.3262801968503937
0
LINE
8
BLACK
6
CONTINUOUS
10
1.5786014173228347
20
1.3262801968503937
11
1.5785290551181101
21
1.3263525590551182
0
LINE
8
BLACK
6
CONTINUOUS
10
1.5785290551181101
20
1.3263525590551182
11
1.5785290551181101
21
1.3264059055118109
0
LINE
8
BLACK
6
CONTINUOUS
10
1.5785290551181101
20
1.3264059055118109
11
1.5784714566929134
21
1.3265059055118109
0
LINE
8
BLACK
6
CONTINUOUS
10
1.5784714566929134
20
1.3265059055118109
11
1.5785290551181101
21
1.3273701181102362
0
LINE
8
BLACK
6
CONTINUOUS
10
1.5785290551181101
20
1.3273701181102362
11
1.5785290551181101
21
1.3282358661417322
0
LINE
8
BLACK
6
CONTINUOUS
10
1.5785290551181101
20
1.3282358661417322
11
1.5785908661417323
21
1.328297716535433
0
LINE
8
BLACK
6
CONTINUOUS
10
1.5785908661417323
20
1.328297716535433
11
1.5785966929133859
21
1.3283849606299212
0
LINE
8
BLACK
6
CONTINUOUS
10
1.5785966929133859
20
1.3283849606299212
11
1.5792481889763779
21
1.3289550393700786
0
LINE
8
BLACK
6
CONTINUOUS
10
1.5792481889763779
20
1.3289550393700786
11
1.5798607086614174
21
1.3295675196850394
0
LINE
8
BLACK
6
CONTINUOUS
10
1.5798607086614174
20
1.3295675196850394
11
1.5799739763779528
21
1.3295900787401576
0
LINE
8
BLACK
6
CONTINUOUS
10
1.5799739763779528
20
1.3295900787401576
11
1.5800140551181101
21
1.3296251181102361
0
LINE
8
BLACK
6
CONTINUOUS
10
1.5800140551181101
20
1.3296251181102361
11
1.580116062992126
21
1.3296183464566929
0
LINE
8
BLACK
6
CONTINUOUS
10
1.580116062992126
20
1.3296183464566929
11
1.5808023622047245
21
1.329754842519685
0
LINE
8
BLACK
6
CONTINUOUS
10
1.5808023622047245
20
1.329754842519685
11
1.6015185433070867
21
1.329754842519685
0
LINE
8
BLACK
6
CONTINUOUS
10
1.6015185433070867
20
1.329754842519685
11
1.6024601968503938
21
1.3295675196850394
0
LINE
8
BLACK
6
CONTINUOUS
10
1.6224598818897638
20
1.3295675196850394
11
1.6231763779527559
21
1.3295675196850394
0
LINE
8
BLACK
6
CONTINUOUS
10
1.6231763779527559
20
1.3295675196850394
11
1.6233555118110237
21
1.3293883858267717
0
LINE
8
BLACK
6
CONTINUOUS
10
1.6233555118110237
20
1.3293883858267717
11
1.6236038976377953
21
1.3293387007874016
0
LINE
8
BLACK
6
CONTINUOUS
10
1.6236038976377953
20
1.3293387007874016
11
1.6242820866141732
21
1.3286591338582676
0
LINE
8
BLACK
6
CONTINUOUS
10
1.6242820866141732
20
1.3286591338582676
11
1.6273340551181101
21
1.3240811811023623
0
LINE
8
BLACK
6
CONTINUOUS
10
1.6273340551181101
20
1.3240811811023623
11
1.6300664173228345
21
1.3213488188976377
0
LINE
8
BLACK
6
CONTINUOUS
10
1.6300664173228345
20
1.3213488188976377
11
1.6328964566929134
21
1.319933779527559
0
LINE
8
BLACK
6
CONTINUOUS
10
1.6328964566929134
20
1.319933779527559
11
1.6336549212598426
21
1.3193451181102362
0
LINE
8
BLACK
6
CONTINUOUS
10
1.6336549212598426
20
1.3193451181102362
11
1.6342504724409448
21
1.3175585039370079
0
LINE
8
BLACK
6
CONTINUOUS
10
1.6342504724409448
20
1.3175585039370079
11
1.6334082283464566
21
1.3158740157480315
0
LINE
8
BLACK
6
CONTINUOUS
10
1.6334082283464566
20
1.3158740157480315
11
1.6316216141732283
21
1.3152785039370078
0
LINE
8
BLACK
6
CONTINUOUS
10
1.6316216141732283
20
1.3152785039370078
11
1.6306955905511811
21
1.3155320472440946
0
LINE
8
BLACK
6
CONTINUOUS
10
1.6306955905511811
20
1.3155320472440946
11
1.6275084645669291
21
1.3171255905511812
0
LINE
8
BLACK
6
CONTINUOUS
10
1.6275084645669291
20
1.3171255905511812
11
1.6271968110236219
21
1.3173674803149606
0
LINE
8
BLACK
6
CONTINUOUS
10
1.6271968110236219
20
1.3173674803149606
11
1.6268689370078739
21
1.3175865354330709
0
LINE
8
BLACK
6
CONTINUOUS
10
1.6268689370078739
20
1.3175865354330709
11
1.6246953543307086
21
1.3197601968503936
0
LINE
8
BLACK
6
CONTINUOUS
10
1.6246953543307086
20
1.3197601968503936
11
1.6246953543307086
21
1.2962902755905512
0
LINE
8
BLACK
6
CONTINUOUS
10
1.6246953543307086
20
1.2962902755905512
11
1.6317960236220472
21
1.2962902755905512
0
LINE
8
BLACK
6
CONTINUOUS
10
1.6317960236220472
20
1.2962902755905512
11
1.6327376771653543
21
1.2961029527559056
0
LINE
8
BLACK
6
CONTINUOUS
10
1.6327376771653543
20
1.2961029527559056
11
1.6340693307086613
21
1.2947712992125984
0
LINE
8
BLACK
6
CONTINUOUS
10
1.6340693307086613
20
1.2947712992125984
11
1.6340693307086613
21
1.2928879921259842
0
LINE
8
BLACK
6
CONTINUOUS
10
1.6340693307086613
20
1.2928879921259842
11
1.6327376771653543
21
1.2915563385826772
0
LINE
8
BLACK
6
CONTINUOUS
10
1.6327376771653543
20
1.2915563385826772
11
1.6317960236220472
21
1.2913690157480315
0
LINE
8
BLACK
6
CONTINUOUS
10
1.6317960236220472
20
1.2913690157480315
11
1.6126733858267717
21
1.2913690157480315
0
LINE
8
BLACK
6
CONTINUOUS
10
1.6126733858267717
20
1.2913690157480315
11
1.6117317322834646
21
1.2915563385826772
0
LINE
8
BLACK
6
CONTINUOUS
10
1.6117317322834646
20
1.2915563385826772
11
1.6104000787401573
21
1.2928879921259842
0
LINE
8
BLACK
6
CONTINUOUS
10
1.6104000787401573
20
1.2928879921259842
11
1.6104000787401573
21
1.2947712992125984
0
LINE
8
BLACK
6
CONTINUOUS
10
1.6104000787401573
20
1.2947712992125984
11
1.6117317322834646
21
1.2961029527559056
0
LINE
8
BLACK
6
CONTINUOUS
10
1.6117317322834646
20
1.2961029527559056
11
1.6126733858267717
21
1.2962902755905512
0
LINE
8
BLACK
6
CONTINUOUS
10
1.6126733858267717
20
1.2962902755905512
11
1.6197740944881889
21
1.2962902755905512
0
LINE
8
BLACK
6
CONTINUOUS
10
1.6197740944881889
20
1.2962902755905512
11
1.6197740944881889
21
1.3272942125984251
0
LINE
8
BLACK
6
CONTINUOUS
10
1.6197740944881889
20
1.3272942125984251
11
1.6199614173228347
21
1.3282358661417322
0
LINE
8
BLACK
6
CONTINUOUS
10
1.6199614173228347
20
1.3282358661417322
11
1.6201405511811022
21
1.3284150393700787
0
LINE
8
BLACK
6
CONTINUOUS
10
1.6201405511811022
20
1.3284150393700787
11
1.6201902362204723
21
1.3286633858267716
0
LINE
8
BLACK
6
CONTINUOUS
10
1.6201902362204723
20
1.3286633858267716
11
1.6207863779527558
21
1.3290608661417322
0
LINE
8
BLACK
6
CONTINUOUS
10
1.6207863779527558
20
1.3290608661417322
11
1.6212930708661417
21
1.3295675196850394
0
LINE
8
BLACK
6
CONTINUOUS
10
1.6212930708661417
20
1.3295675196850394
11
1.6215463779527559
21
1.3295675196850394
0
LINE
8
BLACK
6
CONTINUOUS
10
1.6215463779527559
20
1.3295675196850394
11
1.6217572047244093
21
1.3297080708661417
0
LINE
8
BLACK
6
CONTINUOUS
10
1.6217572047244093
20
1.3297080708661417
11
1.6224598818897638
21
1.3295675196850394
0
LINE
8
BLACK
6
CONTINUOUS
10
1.6544925196850393
20
1.3296779133858267
11
1.6548838188976378
21
1.3296285826771652
0
LINE
8
BLACK
6
CONTINUOUS
10
1.6548838188976378
20
1.3296285826771652
11
1.6596644881889764
21
1.3280350393700786
0
LINE
8
BLACK
6
CONTINUOUS
10
1.6596644881889764
20
1.3280350393700786
11
1.6597716141732284
21
1.3279739763779528
0
LINE
8
BLACK
6
CONTINUOUS
10
1.6597716141732284
20
1.3279739763779528
11
1.6598279921259842
21
1.3279739763779528
0
LINE
8
BLACK
6
CONTINUOUS
10
1.6598279921259842
20
1.3279739763779528
11
1.6601556299212599
21
1.3277550787401575
0
LINE
8
BLACK
6
CONTINUOUS
10
1.6601556299212599
20
1.3277550787401575
11
1.6604985826771652
21
1.3275595669291338
0
LINE
8
BLACK
6
CONTINUOUS
10
1.6604985826771652
20
1.3275595669291338
11
1.6605238188976377
21
1.3275090551181101
0
LINE
8
BLACK
6
CONTINUOUS
10
1.6605238188976377
20
1.3275090551181101
11
1.6606262992125984
21
1.327440590551181
0
LINE
8
BLACK
6
CONTINUOUS
10
1.6606262992125984
20
1.327440590551181
11
1.6638133858267716
21
1.3242535039370078
0
LINE
8
BLACK
6
CONTINUOUS
10
1.6638133858267716
20
1.3242535039370078
11
1.6640323622047244
21
1.3239257480314961
0
LINE
8
BLACK
6
CONTINUOUS
10
1.6640323622047244
20
1.3239257480314961
11
1.6642743307086614
21
1.3236140157480314
0
LINE
8
BLACK
6
CONTINUOUS
10
1.6642743307086614
20
1.3236140157480314
11
1.665867874015748
21
1.3204269291338582
0
LINE
8
BLACK
6
CONTINUOUS
10
1.665867874015748
20
1.3204269291338582
11
1.6659390551181101
21
1.3201670078740158
0
LINE
8
BLACK
6
CONTINUOUS
10
1.6659390551181101
20
1.3201670078740158
11
1.6660542125984252
21
1.3199232283464566
0
LINE
8
BLACK
6
CONTINUOUS
10
1.6660542125984252
20
1.3199232283464566
11
1.6676477559055118
21
1.3135490551181102
0
LINE
8
BLACK
6
CONTINUOUS
10
1.6676477559055118
20
1.3135490551181102
11
1.6676624015748032
21
1.3132479527559056
0
LINE
8
BLACK
6
CONTINUOUS
10
1.6676624015748032
20
1.3132479527559056
11
1.667721220472441
21
1.3129522834645668
0
LINE
8
BLACK
6
CONTINUOUS
10
1.667721220472441
20
1.3129522834645668
11
1.667721220472441
21
1.3081716141732282
0
LINE
8
BLACK
6
CONTINUOUS
10
1.667721220472441
20
1.3081716141732282
11
1.6676624015748032
21
1.3078759842519685
0
LINE
8
BLACK
6
CONTINUOUS
10
1.6676624015748032
20
1.3078759842519685
11
1.6676477559055118
21
1.3075748425196849
0
LINE
8
BLACK
6
CONTINUOUS
10
1.6676477559055118
20
1.3075748425196849
11
1.6660542125984252
21
1.3012006299212597
0
LINE
8
BLACK
6
CONTINUOUS
10
1.6660542125984252
20
1.3012006299212597
11
1.6659390944881889
21
1.3009570472440946
0
LINE
8
BLACK
6
CONTINUOUS
10
1.6659390944881889
20
1.3009570472440946
11
1.6658679133858267
21
1.3006969685039369
0
LINE
8
BLACK
6
CONTINUOUS
10
1.6658679133858267
20
1.3006969685039369
11
1.6642742913385826
21
1.2975098818897637
0
LINE
8
BLACK
6
CONTINUOUS
10
1.6642742913385826
20
1.2975098818897637
11
1.6640325196850394
21
1.2971984251968505
0
LINE
8
BLACK
6
CONTINUOUS
10
1.6640325196850394
20
1.2971984251968505
11
1.6638133858267716
21
1.2968703937007873
0
LINE
8
BLACK
6
CONTINUOUS
10
1.6638133858267716
20
1.2968703937007873
11
1.6606262992125984
21
1.2936832677165353
0
LINE
8
BLACK
6
CONTINUOUS
10
1.6606262992125984
20
1.2936832677165353
11
1.6605238188976377
21
1.2936148425196849
0
LINE
8
BLACK
6
CONTINUOUS
10
1.6605238188976377
20
1.2936148425196849
11
1.6604985826771652
21
1.2935642913385828
0
LINE
8
BLACK
6
CONTINUOUS
10
1.6604985826771652
20
1.2935642913385828
11
1.6601557874015747
21
1.2933688976377953
0
LINE
8
BLACK
6
CONTINUOUS
10
1.6601557874015747
20
1.2933688976377953
11
1.659828031496063
21
1.2931498818897638
0
LINE
8
BLACK
6
CONTINUOUS
10
1.659828031496063
20
1.2931498818897638
11
1.6597716141732284
21
1.2931498818897638
0
LINE
8
BLACK
6
CONTINUOUS
10
1.6597716141732284
20
1.2931498818897638
11
1.6596644881889764
21
1.2930888188976377
0
LINE
8
BLACK
6
CONTINUOUS
10
1.6596644881889764
20
1.2930888188976377
11
1.6548838188976378
21
1.2914952755905511
0
LINE
8
BLACK
6
CONTINUOUS
10
1.6548838188976378
20
1.2914952755905511
11
1.6544925196850393
21
1.2914459842519685
0
LINE
8
BLACK
6
CONTINUOUS
10
1.6544925196850393
20
1.2914459842519685
11
1.6541057086614173
21
1.2913690157480315
0
LINE
8
BLACK
6
CONTINUOUS
10
1.6541057086614173
20
1.2913690157480315
11
1.650918622047244
21
1.2913690157480315
0
LINE
8
BLACK
6
CONTINUOUS
10
1.650918622047244
20
1.2913690157480315
11
1.6505317716535433
21
1.2914459842519685
0
LINE
8
BLACK
6
CONTINUOUS
10
1.6505317716535433
20
1.2914459842519685
11
1.6501405118110235
21
1.2914952755905511
0
LINE
8
BLACK
6
CONTINUOUS
10
1.6501405118110235
20
1.2914952755905511
11
1.6453598425196849
21
1.2930888188976377
0
LINE
8
BLACK
6
CONTINUOUS
10
1.6453598425196849
20
1.2930888188976377
11
1.6452527165354329
21
1.2931498818897638
0
LINE
8
BLACK
6
CONTINUOUS
10
1.6452527165354329
20
1.2931498818897638
11
1.6451962992125984
21
1.2931498818897638
0
LINE
8
BLACK
6
CONTINUOUS
10
1.6451962992125984
20
1.2931498818897638
11
1.6448683464566929
21
1.2933690157480315
0
LINE
8
BLACK
6
CONTINUOUS
10
1.6448683464566929
20
1.2933690157480315
11
1.6445257480314961
21
1.2935643307086613
0
LINE
8
BLACK
6
CONTINUOUS
10
1.6445257480314961
20
1.2935643307086613
11
1.6445004724409449
21
1.2936148425196849
0
LINE
8
BLACK
6
CONTINUOUS
10
1.6445004724409449
20
1.2936148425196849
11
1.6443979921259841
21
1.2936833070866141
0
LINE
8
BLACK
6
CONTINUOUS
10
1.6443979921259841
20
1.2936833070866141
11
1.6428044488188975
21
1.2952768503937007
0
LINE
8
BLACK
6
CONTINUOUS
10
1.6428044488188975
20
1.2952768503937007
11
1.642271062992126
21
1.2960751968503936
0
LINE
8
BLACK
6
CONTINUOUS
10
1.642271062992126
20
1.2960751968503936
11
1.6422711023622047
21
1.2979584251968503
0
LINE
8
BLACK
6
CONTINUOUS
10
1.6422711023622047
20
1.2979584251968503
11
1.6436028346456693
21
1.2992901181102361
0
LINE
8
BLACK
6
CONTINUOUS
10
1.6436028346456693
20
1.2992901181102361
11
1.645486062992126
21
1.2992900787401576
0
LINE
8
BLACK
6
CONTINUOUS
10
1.645486062992126
20
1.2992900787401576
11
1.6462843700787402
21
1.2987566929133858
0
LINE
8
BLACK
6
CONTINUOUS
10
1.6462843700787402
20
1.2987566929133858
11
1.6474671259842519
21
1.2975738976377953
0
LINE
8
BLACK
6
CONTINUOUS
10
1.6474671259842519
20
1.2975738976377953
11
1.6513179527559054
21
1.2962902755905512
0
LINE
8
BLACK
6
CONTINUOUS
10
1.6513179527559054
20
1.2962902755905512
11
1.6537063779527559
21
1.2962902755905512
0
LINE
8
BLACK
6
CONTINUOUS
10
1.6537063779527559
20
1.2962902755905512
11
1.6575572047244094
21
1.2975738976377953
0
LINE
8
BLACK
6
CONTINUOUS
10
1.6575572047244094
20
1.2975738976377953
11
1.6600512204724409
21
1.3000679921259841
0
LINE
8
BLACK
6
CONTINUOUS
10
1.6600512204724409
20
1.3000679921259841
11
1.6613453543307086
21
1.3026562598425198
0
LINE
8
BLACK
6
CONTINUOUS
10
1.6613453543307086
20
1.3026562598425198
11
1.6627999606299213
21
1.3084745669291338
0
LINE
8
BLACK
6
CONTINUOUS
10
1.6627999606299213
20
1.3084745669291338
11
1.6627999606299213
21
1.3126493700787401
0
LINE
8
BLACK
6
CONTINUOUS
10
1.6627999606299213
20
1.3126493700787401
11
1.6613453937007874
21
1.318467559055118
0
LINE
8
BLACK
6
CONTINUOUS
10
1.6613453937007874
20
1.318467559055118
11
1.6600511417322834
21
1.321056062992126
0
LINE
8
BLACK
6
CONTINUOUS
10
1.6600511417322834
20
1.321056062992126
11
1.6575572047244094
21
1.32355
0
LINE
8
BLACK
6
CONTINUOUS
10
1.6575572047244094
20
1.32355
11
1.6537063779527559
21
1.3248335826771653
0
LINE
8
BLACK
6
CONTINUOUS
10
1.6537063779527559
20
1.3248335826771653
11
1.6513179527559054
21
1.3248335826771653
0
LINE
8
BLACK
6
CONTINUOUS
10
1.6513179527559054
20
1.3248335826771653
11
1.6474670866141732
21
1.32355
0
LINE
8
BLACK
6
CONTINUOUS
10
1.6474670866141732
20
1.32355
11
1.6462843307086614
21
1.3223672047244095
0
LINE
8
BLACK
6
CONTINUOUS
10
1.6462843307086614
20
1.3223672047244095
11
1.6454860236220472
21
1.3218338188976377
0
LINE
8
BLACK
6
CONTINUOUS
10
1.6454860236220472
20
1.3218338188976377
11
1.6436027952755905
21
1.3218338188976377
0
LINE
8
BLACK
6
CONTINUOUS
10
1.6436027952755905
20
1.3218338188976377
11
1.6422711023622047
21
1.3231655118110235
0
LINE
8
BLACK
6
CONTINUOUS
10
1.6422711023622047
20
1.3231655118110235
11
1.6422711023622047
21
1.3250487401574802
0
LINE
8
BLACK
6
CONTINUOUS
10
1.6422711023622047
20
1.3250487401574802
11
1.6428044881889763
21
1.3258470472440944
0
LINE
8
BLACK
6
CONTINUOUS
10
1.6428044881889763
20
1.3258470472440944
11
1.6443980314960629
21
1.327440590551181
0
LINE
8
BLACK
6
CONTINUOUS
10
1.6443980314960629
20
1.327440590551181
11
1.6445005118110236
21
1.3275090944881889
0
LINE
8
BLACK
6
CONTINUOUS
10
1.6445005118110236
20
1.3275090944881889
11
1.6445257480314961
21
1.327559527559055
0
LINE
8
BLACK
6
CONTINUOUS
10
1.6445257480314961
20
1.327559527559055
11
1.6448681889763779
21
1.3277548031496063
0
LINE
8
BLACK
6
CONTINUOUS
10
1.6448681889763779
20
1.3277548031496063
11
1.6451963385826771
21
1.3279740157480315
0
LINE
8
BLACK
6
CONTINUOUS
10
1.6451963385826771
20
1.3279740157480315
11
1.6452527952755904
21
1.3279740157480315
0
LINE
8
BLACK
6
CONTINUOUS
10
1.6452527952755904
20
1.3279740157480315
11
1.6453598425196849
21
1.3280350393700786
0
LINE
8
BLACK
6
CONTINUOUS
10
1.6453598425196849
20
1.3280350393700786
11
1.6501405118110235
21
1.3296285826771652
0
LINE
8
BLACK
6
CONTINUOUS
10
1.6501405118110235
20
1.3296285826771652
11
1.6505317716535433
21
1.3296779133858267
0
LINE
8
BLACK
6
CONTINUOUS
10
1.6505317716535433
20
1.3296779133858267
11
1.650918622047244
21
1.329754842519685
0
LINE
8
BLACK
6
CONTINUOUS
10
1.650918622047244
20
1.329754842519685
11
1.6541057086614173
21
1.329754842519685
0
LINE
8
BLACK
6
CONTINUOUS
10
1.6541057086614173
20
1.329754842519685
11
1.6544925196850393
21
1.3296779133858267
0
LINE
8
BLACK
6
CONTINUOUS
10
1.183392874015748
20
1.3441239370078739
11
1.183446377952756
21
1.3441417322834646
0
LINE
8
BLACK
6
CONTINUOUS
10
1.183446377952756
20
1.3441417322834646
11
1.1838266929133858
21
1.3440375984251969
0
LINE
8
BLACK
6
CONTINUOUS
10
1.1838266929133858
20
1.3440375984251969
11
1.1842136220472441
21
1.3439606299212599
0
LINE
8
BLACK
6
CONTINUOUS
10
1.1842136220472441
20
1.3439606299212599
11
1.1842535039370079
21
1.3439207480314961
0
LINE
8
BLACK
6
CONTINUOUS
10
1.1842535039370079
20
1.3439207480314961
11
1.1843724015748032
21
1.3438881889763779
0
LINE
8
BLACK
6
CONTINUOUS
10
1.1843724015748032
20
1.3438881889763779
11
1.1875594881889764
21
1.3422946456692912
0
LINE
8
BLACK
6
CONTINUOUS
10
1.1875594881889764
20
1.3422946456692912
11
1.1878711023622046
21
1.3420527952755905
0
LINE
8
BLACK
6
CONTINUOUS
10
1.1878711023622046
20
1.3420527952755905
11
1.1881990157480316
21
1.3418337007874015
0
LINE
8
BLACK
6
CONTINUOUS
10
1.1881990157480316
20
1.3418337007874015
11
1.1896461417322834
21
1.3403865354330708
0
LINE
8
BLACK
6
CONTINUOUS
10
1.1896461417322834
20
1.3403865354330708
11
1.1910933070866141
21
1.3418336614173227
0
LINE
8
BLACK
6
CONTINUOUS
10
1.1910933070866141
20
1.3418336614173227
11
1.1914209842519685
21
1.3420526377952755
0
LINE
8
BLACK
6
CONTINUOUS
10
1.1914209842519685
20
1.3420526377952755
11
1.1917328346456693
21
1.3422946456692912
0
LINE
8
BLACK
6
CONTINUOUS
10
1.1917328346456693
20
1.3422946456692912
11
1.1949199212598425
21
1.3438881889763779
0
LINE
8
BLACK
6
CONTINUOUS
10
1.1949199212598425
20
1.3438881889763779
11
1.195038779527559
21
1.3439207480314961
0
LINE
8
BLACK
6
CONTINUOUS
10
1.195038779527559
20
1.3439207480314961
11
1.1950787007874015
21
1.3439606299212599
0
LINE
8
BLACK
6
CONTINUOUS
10
1.1950787007874015
20
1.3439606299212599
11
1.1954655905511811
21
1.3440375984251969
0
LINE
8
BLACK
6
CONTINUOUS
10
1.1954655905511811
20
1.3440375984251969
11
1.1958459448818897
21
1.3441417322834646
0
LINE
8
BLACK
6
CONTINUOUS
10
1.1958459448818897
20
1.3441417322834646
11
1.1958994094488189
21
1.3441239370078739
0
LINE
8
BLACK
6
CONTINUOUS
10
1.1958994094488189
20
1.3441239370078739
11
1.1960203543307086
21
1.3441479527559055
0
LINE
8
BLACK
6
CONTINUOUS
10
1.1960203543307086
20
1.3441479527559055
11
1.2023945669291338
21
1.3441479527559055
0
LINE
8
BLACK
6
CONTINUOUS
10
1.2023945669291338
20
1.3441479527559055
11
1.2025154724409448
21
1.3441239370078739
0
LINE
8
BLACK
6
CONTINUOUS
10
1.2025154724409448
20
1.3441239370078739
11
1.2025689763779528
21
1.3441417322834646
0
LINE
8
BLACK
6
CONTINUOUS
10
1.2025689763779528
20
1.3441417322834646
11
1.2029492913385826
21
1.3440375984251969
0
LINE
8
BLACK
6
CONTINUOUS
10
1.2029492913385826
20
1.3440375984251969
11
1.2033362204724409
21
1.3439606299212599
0
LINE
8
BLACK
6
CONTINUOUS
10
1.2033362204724409
20
1.3439606299212599
11
1.2033761023622047
21
1.3439207480314961
0
LINE
8
BLACK
6
CONTINUOUS
10
1.2033761023622047
20
1.3439207480314961
11
1.203495
21
1.3438881889763779
0
LINE
8
BLACK
6
CONTINUOUS
10
1.203495
20
1.3438881889763779
11
1.2066820866141732
21
1.3422946456692912
0
LINE
8
BLACK
6
CONTINUOUS
10
1.2066820866141732
20
1.3422946456692912
11
1.2069939370078739
21
1.3420526377952755
0
LINE
8
BLACK
6
CONTINUOUS
10
1.2069939370078739
20
1.3420526377952755
11
1.2073215748031496
21
1.3418337007874015
0
LINE
8
BLACK
6
CONTINUOUS
10
1.2073215748031496
20
1.3418337007874015
11
1.208915157480315
21
1.3402401181102361
0
LINE
8
BLACK
6
CONTINUOUS
10
1.208915157480315
20
1.3402401181102361
11
1.2091340551181102
21
1.3399125196850394
0
LINE
8
BLACK
6
CONTINUOUS
10
1.2091340551181102
20
1.3399125196850394
11
1.2093761023622047
21
1.3396006299212597
0
LINE
8
BLACK
6
CONTINUOUS
10
1.2093761023622047
20
1.3396006299212597
11
1.2109696456692913
21
1.3364135433070865
0
LINE
8
BLACK
6
CONTINUOUS
10
1.2109696456692913
20
1.3364135433070865
11
1.2110021653543306
21
1.33629468503937
0
LINE
8
BLACK
6
CONTINUOUS
10
1.2110021653543306
20
1.33629468503937
11
1.2110420866141731
21
1.3362547637795275
0
LINE
8
BLACK
6
CONTINUOUS
10
1.2110420866141731
20
1.3362547637795275
11
1.2111190157480314
21
1.3358678740157479
0
LINE
8
BLACK
6
CONTINUOUS
10
1.2111190157480314
20
1.3358678740157479
11
1.2112231889763778
21
1.3354875196850393
0
LINE
8
BLACK
6
CONTINUOUS
10
1.2112231889763778
20
1.3354875196850393
11
1.2112053543307086
21
1.3354340551181103
0
LINE
8
BLACK
6
CONTINUOUS
10
1.2112053543307086
20
1.3354340551181103
11
1.211229409448819
21
1.3353131102362203
0
LINE
8
BLACK
6
CONTINUOUS
10
1.211229409448819
20
1.3353131102362203
11
1.211229409448819
21
1.3289388976377952
0
LINE
8
BLACK
6
CONTINUOUS
10
1.211229409448819
20
1.3289388976377952
11
1.2112053543307086
21
1.3288179921259842
0
LINE
8
BLACK
6
CONTINUOUS
10
1.2112053543307086
20
1.3288179921259842
11
1.2112231889763778
21
1.3287644881889764
0
LINE
8
BLACK
6
CONTINUOUS
10
1.2112231889763778
20
1.3287644881889764
11
1.2111190157480314
21
1.3283841732283463
0
LINE
8
BLACK
6
CONTINUOUS
10
1.2111190157480314
20
1.3283841732283463
11
1.2110420866141731
21
1.327997244094488
0
LINE
8
BLACK
6
CONTINUOUS
10
1.2110420866141731
20
1.327997244094488
11
1.2110021653543306
21
1.3279573622047245
0
LINE
8
BLACK
6
CONTINUOUS
10
1.2110021653543306
20
1.3279573622047245
11
1.2109696456692913
21
1.327838464566929
0
LINE
8
BLACK
6
CONTINUOUS
10
1.2109696456692913
20
1.327838464566929
11
1.2093761023622047
21
1.3246513779527558
0
LINE
8
BLACK
6
CONTINUOUS
10
1.2093761023622047
20
1.3246513779527558
11
1.2091340551181102
21
1.3243395669291338
0
LINE
8
BLACK
6
CONTINUOUS
10
1.2091340551181102
20
1.3243395669291338
11
1.2089151181102362
21
1.3240118503937008
0
LINE
8
BLACK
6
CONTINUOUS
10
1.2089151181102362
20
1.3240118503937008
11
1.2073215748031496
21
1.3224183070866142
0
LINE
8
BLACK
6
CONTINUOUS
10
1.2073215748031496
20
1.3224183070866142
11
1.2069935826771654
21
1.3221992125984252
0
LINE
8
BLACK
6
CONTINUOUS
10
1.2069935826771654
20
1.3221992125984252
11
1.206682125984252
21
1.3219574409448818
0
LINE
8
BLACK
6
CONTINUOUS
10
1.206682125984252
20
1.3219574409448818
11
1.203495
21
1.3203638582677164
0
LINE
8
BLACK
6
CONTINUOUS
10
1.203495
20
1.3203638582677164
11
1.2033761417322835
21
1.3203313385826771
0
LINE
8
BLACK
6
CONTINUOUS
10
1.2033761417322835
20
1.3203313385826771
11
1.2033362204724409
21
1.3202913779527559
0
LINE
8
BLACK
6
CONTINUOUS
10
1.2033362204724409
20
1.3202913779527559
11
1.2029491732283464
21
1.3202144094488188
0
LINE
8
BLACK
6
CONTINUOUS
10
1.2029491732283464
20
1.3202144094488188
11
1.2025690157480315
21
1.3201102755905512
0
LINE
8
BLACK
6
CONTINUOUS
10
1.2025690157480315
20
1.3201102755905512
11
1.2025154724409448
21
1.3201281496062991
0
LINE
8
BLACK
6
CONTINUOUS
10
1.2025154724409448
20
1.3201281496062991
11
1.2023945669291338
21
1.3201040551181102
0
LINE
8
BLACK
6
CONTINUOUS
10
1.2023945669291338
20
1.3201040551181102
11
1.1960203543307086
21
1.3201040551181102
0
LINE
8
BLACK
6
CONTINUOUS
10
1.1960203543307086
20
1.3201040551181102
11
1.1958994881889764
21
1.3201281102362203
0
LINE
8
BLACK
6
CONTINUOUS
10
1.1958994881889764
20
1.3201281102362203
11
1.1958459448818897
21
1.3201102362204724
0
LINE
8
BLACK
6
CONTINUOUS
10
1.1958459448818897
20
1.3201102362204724
11
1.195465275590551
21
1.3202144881889764
0
LINE
8
BLACK
6
CONTINUOUS
10
1.195465275590551
20
1.3202144881889764
11
1.1950787007874015
21
1.3202913779527559
0
LINE
8
BLACK
6
CONTINUOUS
10
1.1950787007874015
20
1.3202913779527559
11
1.195038779527559
21
1.3203312992125984
0
LINE
8
BLACK
6
CONTINUOUS
10
1.195038779527559
20
1.3203312992125984
11
1.1949199212598425
21
1.3203638188976379
0
LINE
8
BLACK
6
CONTINUOUS
10
1.1949199212598425
20
1.3203638188976379
11
1.1917328346456693
21
1.3219574409448818
0
LINE
8
BLACK
6
CONTINUOUS
10
1.1917328346456693
20
1.3219574409448818
11
1.1914214566929133
21
1.322199094488189
0
LINE
8
BLACK
6
CONTINUOUS
10
1.1914214566929133
20
1.322199094488189
11
1.1910933464566928
21
1.322418346456693
0
LINE
8
BLACK
6
CONTINUOUS
10
1.1910933464566928
20
1.322418346456693
11
1.1896461417322834
21
1.3238655511811024
0
LINE
8
BLACK
6
CONTINUOUS
10
1.1896461417322834
20
1.3238655511811024
11
1.1881989763779528
21
1.322418346456693
0
LINE
8
BLACK
6
CONTINUOUS
10
1.1881989763779528
20
1.322418346456693
11
1.1878712598425196
21
1.322199409448819
0
LINE
8
BLACK
6
CONTINUOUS
10
1.1878712598425196
20
1.322199409448819
11
1.1875595275590551
21
1.3219574409448818
0
LINE
8
BLACK
6
CONTINUOUS
10
1.1875595275590551
20
1.3219574409448818
11
1.1843724015748032
21
1.3203638582677164
0
LINE
8
BLACK
6
CONTINUOUS
10
1.1843724015748032
20
1.3203638582677164
11
1.1842535433070867
21
1.3203313385826771
0
LINE
8
BLACK
6
CONTINUOUS
10
1.1842535433070867
20
1.3203313385826771
11
1.1842136220472441
21
1.3202913779527559
0
LINE
8
BLACK
6
CONTINUOUS
10
1.1842136220472441
20
1.3202913779527559
11
1.1838265748031496
21
1.3202144094488188
0
LINE
8
BLACK
6
CONTINUOUS
10
1.1838265748031496
20
1.3202144094488188
11
1.1834464173228345
21
1.3201102755905512
0
LINE
8
BLACK
6
CONTINUOUS
10
1.1834464173228345
20
1.3201102755905512
11
1.183392874015748
21
1.3201281496062991
0
LINE
8
BLACK
6
CONTINUOUS
10
1.183392874015748
20
1.3201281496062991
11
1.183271968503937
21
1.3201040551181102
0
LINE
8
BLACK
6
CONTINUOUS
10
1.183271968503937
20
1.3201040551181102
11
1.1816783858267716
21
1.3201040551181102
0
LINE
8
BLACK
6
CONTINUOUS
10
1.1816783858267716
20
1.3201040551181102
11
1.1815575196850394
21
1.3201281102362203
0
LINE
8
BLACK
6
CONTINUOUS
10
1.1815575196850394
20
1.3201281102362203
11
1.1815039763779527
21
1.3201102362204724
0
LINE
8
BLACK
6
CONTINUOUS
10
1.1815039763779527
20
1.3201102362204724
11
1.1811233070866141
21
1.3202144881889764
0
LINE
8
BLACK
6
CONTINUOUS
10
1.1811233070866141
20
1.3202144881889764
11
1.1807367322834645
21
1.3202913779527559
0
LINE
8
BLACK
6
CONTINUOUS
10
1.1807367322834645
20
1.3202913779527559
11
1.180696811023622
21
1.3203312992125984
0
LINE
8
BLACK
6
CONTINUOUS
10
1.180696811023622
20
1.3203312992125984
11
1.1805779527559055
21
1.3203638188976379
0
LINE
8
BLACK
6
CONTINUOUS
10
1.1805779527559055
20
1.3203638188976379
11
1.1773908661417323
21
1.3219574409448818
0
LINE
8
BLACK
6
CONTINUOUS
10
1.1773908661417323
20
1.3219574409448818
11
1.1770794881889763
21
1.322199094488189
0
LINE
8
BLACK
6
CONTINUOUS
10
1.1770794881889763
20
1.322199094488189
11
1.1767513779527559
21
1.322418346456693
0
LINE
8
BLACK
6
CONTINUOUS
10
1.1767513779527559
20
1.322418346456693
11
1.1751578346456693
21
1.3240118897637796
0
LINE
8
BLACK
6
CONTINUOUS
10
1.1751578346456693
20
1.3240118897637796
11
1.1749388976377952
21
1.324339527559055
0
LINE
8
BLACK
6
CONTINUOUS
10
1.1749388976377952
20
1.324339527559055
11
1.1746968897637795
21
1.3246513779527558
0
LINE
8
BLACK
6
CONTINUOUS
10
1.1746968897637795
20
1.3246513779527558
11
1.1731033464566929
21
1.327838464566929
0
LINE
8
BLACK
6
CONTINUOUS
10
1.1731033464566929
20
1.327838464566929
11
1.1730707874015747
21
1.3279573622047245
0
LINE
8
BLACK
6
CONTINUOUS
10
1.1730707874015747
20
1.3279573622047245
11
1.1730309055118111
21
1.327997244094488
0
LINE
8
BLACK
6
CONTINUOUS
10
1.1730309055118111
20
1.327997244094488
11
1.1729539370078741
21
1.3283841732283463
0
LINE
8
BLACK
6
CONTINUOUS
10
1.1729539370078741
20
1.3283841732283463
11
1.1728498031496062
21
1.3287644881889764
0
LINE
8
BLACK
6
CONTINUOUS
10
1.1728498031496062
20
1.3287644881889764
11
1.1728675984251968
21
1.3288179921259842
0
LINE
8
BLACK
6
CONTINUOUS
10
1.1728675984251968
20
1.3288179921259842
11
1.1728435826771653
21
1.3289388976377952
0
LINE
8
BLACK
6
CONTINUOUS
10
1.1728435826771653
20
1.3289388976377952
11
1.1728435826771653
21
1.3353131102362203
0
LINE
8
BLACK
6
CONTINUOUS
10
1.1728435826771653
20
1.3353131102362203
11
1.1728675984251968
21
1.3354340551181103
0
LINE
8
BLACK
6
CONTINUOUS
10
1.1728675984251968
20
1.3354340551181103
11
1.1728498031496062
21
1.3354875196850393
0
LINE
8
BLACK
6
CONTINUOUS
10
1.1728498031496062
20
1.3354875196850393
11
1.1729539370078741
21
1.3358678740157479
0
LINE
8
BLACK
6
CONTINUOUS
10
1.1729539370078741
20
1.3358678740157479
11
1.1730309055118111
21
1.3362547637795275
0
LINE
8
BLACK
6
CONTINUOUS
10
1.1730309055118111
20
1.3362547637795275
11
1.1730707874015747
21
1.33629468503937
0
LINE
8
BLACK
6
CONTINUOUS
10
1.1730707874015747
20
1.33629468503937
11
1.1731033464566929
21
1.3364135433070865
0
LINE
8
BLACK
6
CONTINUOUS
10
1.1731033464566929
20
1.3364135433070865
11
1.1746968897637795
21
1.3396006299212597
0
LINE
8
BLACK
6
CONTINUOUS
10
1.1746968897637795
20
1.3396006299212597
11
1.1749387007874015
21
1.3399122440944882
0
LINE
8
BLACK
6
CONTINUOUS
10
1.1749387007874015
20
1.3399122440944882
11
1.1751577952755905
21
1.3402401181102361
0
LINE
8
BLACK
6
CONTINUOUS
10
1.1751577952755905
20
1.3402401181102361
11
1.1767513385826771
21
1.3418336614173227
0
LINE
8
BLACK
6
CONTINUOUS
10
1.1767513385826771
20
1.3418336614173227
11
1.1770790157480315
21
1.3420526377952755
0
LINE
8
BLACK
6
CONTINUOUS
10
1.1770790157480315
20
1.3420526377952755
11
1.1773908661417323
21
1.3422946456692912
0
LINE
8
BLACK
6
CONTINUOUS
10
1.1773908661417323
20
1.3422946456692912
11
1.1805779527559055
21
1.3438881889763779
0
LINE
8
BLACK
6
CONTINUOUS
10
1.1805779527559055
20
1.3438881889763779
11
1.180696811023622
21
1.3439207480314961
0
LINE
8
BLACK
6
CONTINUOUS
10
1.180696811023622
20
1.3439207480314961
11
1.1807367322834645
21
1.3439606299212599
0
LINE
8
BLACK
6
CONTINUOUS
10
1.1807367322834645
20
1.3439606299212599
11
1.1811236220472441
21
1.3440375984251969
0
LINE
8
BLACK
6
CONTINUOUS
10
1.1811236220472441
20
1.3440375984251969
11
1.1815039763779527
21
1.3441417322834646
0
LINE
8
BLACK
6
CONTINUOUS
10
1.1815039763779527
20
1.3441417322834646
11
1.1815574409448819
21
1.3441239370078739
0
LINE
8
BLACK
6
CONTINUOUS
10
1.1815574409448819
20
1.3441239370078739
11
1.1816783858267716
21
1.3441479527559055
0
LINE
8
BLACK
6
CONTINUOUS
10
1.1816783858267716
20
1.3441479527559055
11
1.183271968503937
21
1.3441479527559055
0
LINE
8
BLACK
6
CONTINUOUS
10
1.183271968503937
20
1.3441479527559055
11
1.183392874015748
21
1.3441239370078739
0
LINE
8
BLACK
6
CONTINUOUS
10
1.1799488188976377
20
1.338071496062992
11
1.1789200393700787
21
1.3370426377952755
0
LINE
8
BLACK
6
CONTINUOUS
10
1.1789200393700787
20
1.3370426377952755
11
1.1777648425196849
21
1.3347322047244095
0
LINE
8
BLACK
6
CONTINUOUS
10
1.1777648425196849
20
1.3347322047244095
11
1.1777648425196849
21
1.3295198031496063
0
LINE
8
BLACK
6
CONTINUOUS
10
1.1777648425196849
20
1.3295198031496063
11
1.1789200787401575
21
1.3272093307086614
0
LINE
8
BLACK
6
CONTINUOUS
10
1.1789200787401575
20
1.3272093307086614
11
1.1799488976377952
21
1.3261805118110237
0
LINE
8
BLACK
6
CONTINUOUS
10
1.1799488976377952
20
1.3261805118110237
11
1.182259251968504
21
1.3250253149606299
0
LINE
8
BLACK
6
CONTINUOUS
10
1.182259251968504
20
1.3250253149606299
11
1.1826911023622046
21
1.3250253149606299
0
LINE
8
BLACK
6
CONTINUOUS
10
1.1826911023622046
20
1.3250253149606299
11
1.185001496062992
21
1.326180590551181
0
LINE
8
BLACK
6
CONTINUOUS
10
1.185001496062992
20
1.326180590551181
11
1.1860302755905512
21
1.3272093307086614
0
LINE
8
BLACK
6
CONTINUOUS
10
1.1860302755905512
20
1.3272093307086614
11
1.1871855118110235
21
1.3295198031496063
0
LINE
8
BLACK
6
CONTINUOUS
10
1.1871855118110235
20
1.3295198031496063
11
1.1871855118110235
21
1.3347322047244095
0
LINE
8
BLACK
6
CONTINUOUS
10
1.1871855118110235
20
1.3347322047244095
11
1.1860302755905512
21
1.3370426771653543
0
LINE
8
BLACK
6
CONTINUOUS
10
1.1860302755905512
20
1.3370426771653543
11
1.1850014566929135
21
1.338071496062992
0
LINE
8
BLACK
6
CONTINUOUS
10
1.1850014566929135
20
1.338071496062992
11
1.1826910629921259
21
1.3392266929133858
0
LINE
8
BLACK
6
CONTINUOUS
10
1.1826910629921259
20
1.3392266929133858
11
1.1822592913385825
21
1.3392266929133858
0
LINE
8
BLACK
6
CONTINUOUS
10
1.1822592913385825
20
1.3392266929133858
11
1.1799488188976377
21
1.338071496062992
0
LINE
8
BLACK
6
CONTINUOUS
10
1.1942907874015747
20
1.338071496062992
11
1.193261968503937
21
1.3370426377952755
0
LINE
8
BLACK
6
CONTINUOUS
10
1.193261968503937
20
1.3370426377952755
11
1.1921067716535432
21
1.334732283464567
0
LINE
8
BLACK
6
CONTINUOUS
10
1.1921067716535432
20
1.334732283464567
11
1.1921067716535432
21
1.3295197637795275
0
LINE
8
BLACK
6
CONTINUOUS
10
1.1921067716535432
20
1.3295197637795275
11
1.1932620078740157
21
1.3272093700787402
0
LINE
8
BLACK
6
CONTINUOUS
10
1.1932620078740157
20
1.3272093700787402
11
1.1942908661417322
21
1.3261805118110237
0
LINE
8
BLACK
6
CONTINUOUS
10
1.1942908661417322
20
1.3261805118110237
11
1.196601220472441
21
1.3250253149606299
0
LINE
8
BLACK
6
CONTINUOUS
10
1.196601220472441
20
1.3250253149606299
11
1.2018137007874015
21
1.3250253149606299
0
LINE
8
BLACK
6
CONTINUOUS
10
1.2018137007874015
20
1.3250253149606299
11
1.2041240551181103
21
1.3261805511811022
0
LINE
8
BLACK
6
CONTINUOUS
10
1.2041240551181103
20
1.3261805511811022
11
1.2051529133858268
21
1.3272093700787402
0
LINE
8
BLACK
6
CONTINUOUS
10
1.2051529133858268
20
1.3272093700787402
11
1.2063081496062993
21
1.3295198031496063
0
LINE
8
BLACK
6
CONTINUOUS
10
1.2063081496062993
20
1.3295198031496063
11
1.2063081496062993
21
1.3347322047244095
0
LINE
8
BLACK
6
CONTINUOUS
10
1.2063081496062993
20
1.3347322047244095
11
1.2051529133858268
21
1.3370426771653543
0
LINE
8
BLACK
6
CONTINUOUS
10
1.2051529133858268
20
1.3370426771653543
11
1.2041241338582678
21
1.3380714566929133
0
LINE
8
BLACK
6
CONTINUOUS
10
1.2041241338582678
20
1.3380714566929133
11
1.2018136614173227
21
1.3392266929133858
0
LINE
8
BLACK
6
CONTINUOUS
10
1.2018136614173227
20
1.3392266929133858
11
1.1966012598425197
21
1.3392266929133858
0
LINE
8
BLACK
6
CONTINUOUS
10
1.1966012598425197
20
1.3392266929133858
11
1.1942907874015747
21
1.338071496062992
0
LINE
8
BLACK
6
CONTINUOUS
10
1.2097104330708661
20
1.3758316535433071
11
1.2110420866141731
21
1.3745000000000001
0
LINE
8
BLACK
6
CONTINUOUS
10
1.2110420866141731
20
1.3745000000000001
11
1.2110420866141731
21
1.3726166929133858
0
LINE
8
BLACK
6
CONTINUOUS
10
1.2110420866141731
20
1.3726166929133858
11
1.2097104330708661
21
1.3712850393700786
0
LINE
8
BLACK
6
CONTINUOUS
10
1.2097104330708661
20
1.3712850393700786
11
1.208768779527559
21
1.371097716535433
0
LINE
8
BLACK
6
CONTINUOUS
10
1.208768779527559
20
1.371097716535433
11
1.1952938976377951
21
1.371097716535433
0
LINE
8
BLACK
6
CONTINUOUS
10
1.1952938976377951
20
1.371097716535433
11
1.1952938976377951
21
1.3668717322834645
0
LINE
8
BLACK
6
CONTINUOUS
10
1.1952938976377951
20
1.3668717322834645
11
1.210179842519685
21
1.3564515354330708
0
LINE
8
BLACK
6
CONTINUOUS
10
1.210179842519685
20
1.3564515354330708
11
1.2108438582677166
21
1.3557580708661416
0
LINE
8
BLACK
6
CONTINUOUS
10
1.2108438582677166
20
1.3557580708661416
11
1.2111711417322835
21
1.3539035039370078
0
LINE
8
BLACK
6
CONTINUOUS
10
1.2111711417322835
20
1.3539035039370078
11
1.2100911417322835
21
1.3523606299212598
0
LINE
8
BLACK
6
CONTINUOUS
10
1.2100911417322835
20
1.3523606299212598
11
1.2082365354330709
21
1.3520333464566929
0
LINE
8
BLACK
6
CONTINUOUS
10
1.2082365354330709
20
1.3520333464566929
11
1.2073576771653542
21
1.3524198818897637
0
LINE
8
BLACK
6
CONTINUOUS
10
1.2073576771653542
20
1.3524198818897637
11
1.1952938976377951
21
1.3608645669291339
0
LINE
8
BLACK
6
CONTINUOUS
10
1.1952938976377951
20
1.3608645669291339
11
1.1952938976377951
21
1.3608099212598426
0
LINE
8
BLACK
6
CONTINUOUS
10
1.1952938976377951
20
1.3608099212598426
11
1.195269842519685
21
1.3606890157480314
0
LINE
8
BLACK
6
CONTINUOUS
10
1.195269842519685
20
1.3606890157480314
11
1.1952876771653542
21
1.3606355118110236
0
LINE
8
BLACK
6
CONTINUOUS
10
1.1952876771653542
20
1.3606355118110236
11
1.1951835039370078
21
1.3602551968503938
0
LINE
8
BLACK
6
CONTINUOUS
10
1.1951835039370078
20
1.3602551968503938
11
1.1951065748031495
21
1.3598682677165355
0
LINE
8
BLACK
6
CONTINUOUS
10
1.1951065748031495
20
1.3598682677165355
11
1.195066653543307
21
1.3598283858267717
0
LINE
8
BLACK
6
CONTINUOUS
10
1.195066653543307
20
1.3598283858267717
11
1.1950341338582677
21
1.3597094881889764
0
LINE
8
BLACK
6
CONTINUOUS
10
1.1950341338582677
20
1.3597094881889764
11
1.1934405905511811
21
1.3565224015748032
0
LINE
8
BLACK
6
CONTINUOUS
10
1.1934405905511811
20
1.3565224015748032
11
1.1931985433070866
21
1.3562105511811022
0
LINE
8
BLACK
6
CONTINUOUS
10
1.1931985433070866
20
1.3562105511811022
11
1.1929796456692914
21
1.3558829133858268
0
LINE
8
BLACK
6
CONTINUOUS
10
1.1929796456692914
20
1.3558829133858268
11
1.191386062992126
21
1.3542893307086614
0
LINE
8
BLACK
6
CONTINUOUS
10
1.191386062992126
20
1.3542893307086614
11
1.1910584251968503
21
1.3540704330708662
0
LINE
8
BLACK
6
CONTINUOUS
10
1.1910584251968503
20
1.3540704330708662
11
1.1907465748031496
21
1.3538283858267717
0
LINE
8
BLACK
6
CONTINUOUS
10
1.1907465748031496
20
1.3538283858267717
11
1.1875594881889764
21
1.3522348425196851
0
LINE
8
BLACK
6
CONTINUOUS
10
1.1875594881889764
20
1.3522348425196851
11
1.1874405905511811
21
1.3522023228346456
0
LINE
8
BLACK
6
CONTINUOUS
10
1.1874405905511811
20
1.3522023228346456
11
1.1874007086614173
21
1.3521624015748031
0
LINE
8
BLACK
6
CONTINUOUS
10
1.1874007086614173
20
1.3521624015748031
11
1.187013779527559
21
1.3520854724409448
0
LINE
8
BLACK
6
CONTINUOUS
10
1.187013779527559
20
1.3520854724409448
11
1.1866334645669292
21
1.3519812992125984
0
LINE
8
BLACK
6
CONTINUOUS
10
1.1866334645669292
20
1.3519812992125984
11
1.1865799606299212
21
1.3519991338582678
0
LINE
8
BLACK
6
CONTINUOUS
10
1.1865799606299212
20
1.3519991338582678
11
1.1864590551181102
21
1.3519750787401574
0
LINE
8
BLACK
6
CONTINUOUS
10
1.1864590551181102
20
1.3519750787401574
11
1.1816783858267716
21
1.3519750787401574
0
LINE
8
BLACK
6
CONTINUOUS
10
1.1816783858267716
20
1.3519750787401574
11
1.1815574409448819
21
1.3519991338582678
0
LINE
8
BLACK
6
CONTINUOUS
10
1.1815574409448819
20
1.3519991338582678
11
1.1815039763779527
21
1.3519812992125984
0
LINE
8
BLACK
6
CONTINUOUS
10
1.1815039763779527
20
1.3519812992125984
11
1.1811236220472441
21
1.3520854724409448
0
LINE
8
BLACK
6
CONTINUOUS
10
1.1811236220472441
20
1.3520854724409448
11
1.1807367322834645
21
1.3521624015748031
0
LINE
8
BLACK
6
CONTINUOUS
10
1.1807367322834645
20
1.3521624015748031
11
1.180696811023622
21
1.3522023228346456
0
LINE
8
BLACK
6
CONTINUOUS
10
1.180696811023622
20
1.3522023228346456
11
1.1805779527559055
21
1.3522348425196851
0
LINE
8
BLACK
6
CONTINUOUS
10
1.1805779527559055
20
1.3522348425196851
11
1.1773908661417323
21
1.3538283858267717
0
LINE
8
BLACK
6
CONTINUOUS
10
1.1773908661417323
20
1.3538283858267717
11
1.1770790157480315
21
1.3540704330708662
0
LINE
8
BLACK
6
CONTINUOUS
10
1.1770790157480315
20
1.3540704330708662
11
1.1767513385826771
21
1.3542893700787402
0
LINE
8
BLACK
6
CONTINUOUS
10
1.1767513385826771
20
1.3542893700787402
11
1.1751577952755905
21
1.3558829133858268
0
LINE
8
BLACK
6
CONTINUOUS
10
1.1751577952755905
20
1.3558829133858268
11
1.1749387007874015
21
1.3562108267716535
0
LINE
8
BLACK
6
CONTINUOUS
10
1.1749387007874015
20
1.3562108267716535
11
1.1746968897637795
21
1.3565224015748032
0
LINE
8
BLACK
6
CONTINUOUS
10
1.1746968897637795
20
1.3565224015748032
11
1.1731033464566929
21
1.3597094881889764
0
LINE
8
BLACK
6
CONTINUOUS
10
1.1731033464566929
20
1.3597094881889764
11
1.1730707874015747
21
1.3598283858267717
0
LINE
8
BLACK
6
CONTINUOUS
10
1.1730707874015747
20
1.3598283858267717
11
1.1730309055118111
21
1.3598682677165355
0
LINE
8
BLACK
6
CONTINUOUS
10
1.1730309055118111
20
1.3598682677165355
11
1.1729539370078741
21
1.3602551968503938
0
LINE
8
BLACK
6
CONTINUOUS
10
1.1729539370078741
20
1.3602551968503938
11
1.1728498031496062
21
1.3606355118110236
0
LINE
8
BLACK
6
CONTINUOUS
10
1.1728498031496062
20
1.3606355118110236
11
1.1728675984251968
21
1.3606890157480314
0
LINE
8
BLACK
6
CONTINUOUS
10
1.1728675984251968
20
1.3606890157480314
11
1.1728435826771653
21
1.3608099212598426
0
LINE
8
BLACK
6
CONTINUOUS
10
1.1728435826771653
20
1.3608099212598426
11
1.1728435826771653
21
1.3735583464566929
0
LINE
8
BLACK
6
CONTINUOUS
10
1.1728435826771653
20
1.3735583464566929
11
1.1730309055118111
21
1.3745000000000001
0
LINE
8
BLACK
6
CONTINUOUS
10
1.1730309055118111
20
1.3745000000000001
11
1.1743625590551181
21
1.3758316535433071
0
LINE
8
BLACK
6
CONTINUOUS
10
1.1743625590551181
20
1.3758316535433071
11
1.1753042125984252
21
1.3760189763779527
0
LINE
8
BLACK
6
CONTINUOUS
10
1.1753042125984252
20
1.3760189763779527
11
1.208768779527559
21
1.3760189763779527
0
LINE
8
BLACK
6
CONTINUOUS
10
1.208768779527559
20
1.3760189763779527
11
1.2097104330708661
21
1.3758316535433071
0
LINE
8
BLACK
6
CONTINUOUS
10
1.1777648425196849
20
1.3613908267716535
11
1.1789200393700787
21
1.3590804330708661
0
LINE
8
BLACK
6
CONTINUOUS
10
1.1789200393700787
20
1.3590804330708661
11
1.1799488188976377
21
1.3580515748031496
0
LINE
8
BLACK
6
CONTINUOUS
10
1.1799488188976377
20
1.3580515748031496
11
1.1822592913385825
21
1.3568963385826771
0
LINE
8
BLACK
6
CONTINUOUS
10
1.1822592913385825
20
1.3568963385826771
11
1.1858781496062991
21
1.3568963385826771
0
LINE
8
BLACK
6
CONTINUOUS
10
1.1858781496062991
20
1.3568963385826771
11
1.188188622047244
21
1.3580515748031496
0
LINE
8
BLACK
6
CONTINUOUS
10
1.188188622047244
20
1.3580515748031496
11
1.1892174015748032
21
1.3590803543307086
0
LINE
8
BLACK
6
CONTINUOUS
10
1.1892174015748032
20
1.3590803543307086
11
1.1903726377952755
21
1.3613908267716535
0
LINE
8
BLACK
6
CONTINUOUS
10
1.1903726377952755
20
1.3613908267716535
11
1.1903726377952755
21
1.371097716535433
0
LINE
8
BLACK
6
CONTINUOUS
10
1.1903726377952755
20
1.371097716535433
11
1.1777648425196849
21
1.371097716535433
0
LINE
8
BLACK
6
CONTINUOUS
10
1.1777648425196849
20
1.371097716535433
11
1.1777648425196849
21
1.3613908267716535
0
LINE
8
BLACK
6
CONTINUOUS
10
1.4219196456692913
20
1.3939875590551181
11
1.4223109055118111
21
1.3939382283464568
0
LINE
8
BLACK
6
CONTINUOUS
10
1.4223109055118111
20
1.3939382283464568
11
1.4256912992125983
21
1.3928114566929133
0
LINE
8
BLACK
6
CONTINUOUS
10
1.4256912992125983
20
1.3928114566929133
11
1.4257984251968503
21
1.3927503937007875
0
LINE
8
BLACK
6
CONTINUOUS
10
1.4257984251968503
20
1.3927503937007875
11
1.4258548425196851
21
1.3927503937007875
0
LINE
8
BLACK
6
CONTINUOUS
10
1.4258548425196851
20
1.3927503937007875
11
1.426182559055118
21
1.3925314173228347
0
LINE
8
BLACK
6
CONTINUOUS
10
1.426182559055118
20
1.3925314173228347
11
1.4265254330708661
21
1.3923359842519685
0
LINE
8
BLACK
6
CONTINUOUS
10
1.4265254330708661
20
1.3923359842519685
11
1.4265506692913386
21
1.3922854724409448
0
LINE
8
BLACK
6
CONTINUOUS
10
1.4265506692913386
20
1.3922854724409448
11
1.4266531496062991
21
1.3922170078740157
0
LINE
8
BLACK
6
CONTINUOUS
10
1.4266531496062991
20
1.3922170078740157
11
1.4322872047244095
21
1.3865829527559055
0
LINE
8
BLACK
6
CONTINUOUS
10
1.4322872047244095
20
1.3865829527559055
11
1.4323556692913386
21
1.3864804724409447
0
LINE
8
BLACK
6
CONTINUOUS
10
1.4323556692913386
20
1.3864804724409447
11
1.4324061417322835
21
1.3864552362204725
0
LINE
8
BLACK
6
CONTINUOUS
10
1.4324061417322835
20
1.3864552362204725
11
1.432601496062992
21
1.386112559055118
0
LINE
8
BLACK
6
CONTINUOUS
10
1.432601496062992
20
1.386112559055118
11
1.4328205905511811
21
1.3857846456692913
0
LINE
8
BLACK
6
CONTINUOUS
10
1.4328205905511811
20
1.3857846456692913
11
1.4328205905511811
21
1.3857282677165355
0
LINE
8
BLACK
6
CONTINUOUS
10
1.4328205905511811
20
1.3857282677165355
11
1.4328816535433071
21
1.3856211417322835
0
LINE
8
BLACK
6
CONTINUOUS
10
1.4328816535433071
20
1.3856211417322835
11
1.4340084645669291
21
1.3822407086614172
0
LINE
8
BLACK
6
CONTINUOUS
10
1.4340084645669291
20
1.3822407086614172
11
1.4340577952755904
21
1.3818492125984252
0
LINE
8
BLACK
6
CONTINUOUS
10
1.4340577952755904
20
1.3818492125984252
11
1.4341347244094489
21
1.3814625984251969
0
LINE
8
BLACK
6
CONTINUOUS
10
1.4341347244094489
20
1.3814625984251969
11
1.4341347244094489
21
1.3792089763779527
0
LINE
8
BLACK
6
CONTINUOUS
10
1.4341347244094489
20
1.3792089763779527
11
1.4340577952755904
21
1.3788224015748032
0
LINE
8
BLACK
6
CONTINUOUS
10
1.4340577952755904
20
1.3788224015748032
11
1.4340084645669291
21
1.3784308661417322
0
LINE
8
BLACK
6
CONTINUOUS
10
1.4340084645669291
20
1.3784308661417322
11
1.4328816535433071
21
1.3750504330708662
0
LINE
8
BLACK
6
CONTINUOUS
10
1.4328816535433071
20
1.3750504330708662
11
1.4328205905511811
21
1.3749433464566929
0
LINE
8
BLACK
6
CONTINUOUS
10
1.4328205905511811
20
1.3749433464566929
11
1.4328205905511811
21
1.3748869291338581
0
LINE
8
BLACK
6
CONTINUOUS
10
1.4328205905511811
20
1.3748869291338581
11
1.432601496062992
21
1.3745590551181102
0
LINE
8
BLACK
6
CONTINUOUS
10
1.432601496062992
20
1.3745590551181102
11
1.4324061417322835
21
1.3742163385826771
0
LINE
8
BLACK
6
CONTINUOUS
10
1.4324061417322835
20
1.3742163385826771
11
1.4323556692913386
21
1.3741911417322834
0
LINE
8
BLACK
6
CONTINUOUS
10
1.4323556692913386
20
1.3741911417322834
11
1.4322872047244095
21
1.3740886220472441
0
LINE
8
BLACK
6
CONTINUOUS
10
1.4322872047244095
20
1.3740886220472441
11
1.4277799606299213
21
1.3695813779527559
0
LINE
8
BLACK
6
CONTINUOUS
10
1.4277799606299213
20
1.3695813779527559
11
1.4276775196850393
21
1.3695129527559056
0
LINE
8
BLACK
6
CONTINUOUS
10
1.4276775196850393
20
1.3695129527559056
11
1.4276522834645669
21
1.3694624409448819
0
LINE
8
BLACK
6
CONTINUOUS
10
1.4276522834645669
20
1.3694624409448819
11
1.4273092913385828
21
1.3692669291338582
0
LINE
8
BLACK
6
CONTINUOUS
10
1.4273092913385828
20
1.3692669291338582
11
1.4269816535433071
21
1.3690479921259842
0
LINE
8
BLACK
6
CONTINUOUS
10
1.4269816535433071
20
1.3690479921259842
11
1.4269253149606298
21
1.3690479921259842
0
LINE
8
BLACK
6
CONTINUOUS
10
1.4269253149606298
20
1.3690479921259842
11
1.426818188976378
21
1.3689869291338583
0
LINE
8
BLACK
6
CONTINUOUS
10
1.426818188976378
20
1.3689869291338583
11
1.4246497637795275
21
1.3682641732283465
0
LINE
8
BLACK
6
CONTINUOUS
10
1.4246497637795275
20
1.3682641732283465
11
1.4269405511811024
21
1.3668896850393701
0
LINE
8
BLACK
6
CONTINUOUS
10
1.4269405511811024
20
1.3668896850393701
11
1.4319176771653543
21
1.365894251968504
0
LINE
8
BLACK
6
CONTINUOUS
10
1.4319176771653543
20
1.365894251968504
11
1.4335283858267716
21
1.365894251968504
0
LINE
8
BLACK
6
CONTINUOUS
10
1.4335283858267716
20
1.365894251968504
11
1.4359789763779527
21
1.3667111417322835
0
LINE
8
BLACK
6
CONTINUOUS
10
1.4359789763779527
20
1.3667111417322835
11
1.4400754724409448
21
1.3708075984251968
0
LINE
8
BLACK
6
CONTINUOUS
10
1.4400754724409448
20
1.3708075984251968
11
1.440873779527559
21
1.3713409842519684
0
LINE
8
BLACK
6
CONTINUOUS
10
1.440873779527559
20
1.3713409842519684
11
1.4427570078740157
21
1.3713409842519684
0
LINE
8
BLACK
6
CONTINUOUS
10
1.4427570078740157
20
1.3713409842519684
11
1.4440887007874015
21
1.3700092913385826
0
LINE
8
BLACK
6
CONTINUOUS
10
1.4440887007874015
20
1.3700092913385826
11
1.4440887007874015
21
1.3681260629921259
0
LINE
8
BLACK
6
CONTINUOUS
10
1.4440887007874015
20
1.3681260629921259
11
1.4435553149606299
21
1.3673277559055117
0
LINE
8
BLACK
6
CONTINUOUS
10
1.4435553149606299
20
1.3673277559055117
11
1.4390480708661417
21
1.3628205118110235
0
LINE
8
BLACK
6
CONTINUOUS
10
1.4390480708661417
20
1.3628205118110235
11
1.4389456299212597
21
1.3627520866141731
0
LINE
8
BLACK
6
CONTINUOUS
10
1.4389456299212597
20
1.3627520866141731
11
1.4389203937007873
21
1.3627015748031497
0
LINE
8
BLACK
6
CONTINUOUS
10
1.4389203937007873
20
1.3627015748031497
11
1.4385774015748032
21
1.362506062992126
0
LINE
8
BLACK
6
CONTINUOUS
10
1.4385774015748032
20
1.362506062992126
11
1.4382497637795275
21
1.3622871259842519
0
LINE
8
BLACK
6
CONTINUOUS
10
1.4382497637795275
20
1.3622871259842519
11
1.4381934251968505
21
1.3622871259842519
0
LINE
8
BLACK
6
CONTINUOUS
10
1.4381934251968505
20
1.3622871259842519
11
1.4380862992125985
21
1.3622260629921259
0
LINE
8
BLACK
6
CONTINUOUS
10
1.4380862992125985
20
1.3622260629921259
11
1.4347058267716535
21
1.3610992519685039
0
LINE
8
BLACK
6
CONTINUOUS
10
1.4347058267716535
20
1.3610992519685039
11
1.434314527559055
21
1.3610499606299211
0
LINE
8
BLACK
6
CONTINUOUS
10
1.434314527559055
20
1.3610499606299211
11
1.4339277165354329
21
1.3609729921259843
0
LINE
8
BLACK
6
CONTINUOUS
10
1.4339277165354329
20
1.3609729921259843
11
1.4316740944881889
21
1.3609729921259843
0
LINE
8
BLACK
6
CONTINUOUS
10
1.4316740944881889
20
1.3609729921259843
11
1.4314350787401575
21
1.3610205511811024
0
LINE
8
BLACK
6
CONTINUOUS
10
1.4314350787401575
20
1.3610205511811024
11
1.4311915354330709
21
1.3610207874015747
0
LINE
8
BLACK
6
CONTINUOUS
10
1.4311915354330709
20
1.3610207874015747
11
1.4255574803149607
21
1.3621475984251967
0
LINE
8
BLACK
6
CONTINUOUS
10
1.4255574803149607
20
1.3621475984251967
11
1.4251694094488188
21
1.3623088188976378
0
LINE
8
BLACK
6
CONTINUOUS
10
1.4251694094488188
20
1.3623088188976378
11
1.4247740551181103
21
1.3624504724409447
0
LINE
8
BLACK
6
CONTINUOUS
10
1.4247740551181103
20
1.3624504724409447
11
1.4191400000000001
21
1.365830905511811
0
LINE
8
BLACK
6
CONTINUOUS
10
1.4191400000000001
20
1.365830905511811
11
1.4189166929133858
21
1.3660334645669292
0
LINE
8
BLACK
6
CONTINUOUS
10
1.4189166929133858
20
1.3660334645669292
11
1.4186660629921259
21
1.3662009448818897
0
LINE
8
BLACK
6
CONTINUOUS
10
1.4186660629921259
20
1.3662009448818897
11
1.4096515748031495
21
1.3752154330708661
0
LINE
8
BLACK
6
CONTINUOUS
10
1.4096515748031495
20
1.3752154330708661
11
1.4095831102362204
21
1.3753178740157479
0
LINE
8
BLACK
6
CONTINUOUS
10
1.4095831102362204
20
1.3753178740157479
11
1.4095326377952755
21
1.3753431102362204
0
LINE
8
BLACK
6
CONTINUOUS
10
1.4095326377952755
20
1.3753431102362204
11
1.4093370866141732
21
1.3756861023622047
0
LINE
8
BLACK
6
CONTINUOUS
10
1.4093370866141732
20
1.3756861023622047
11
1.409118188976378
21
1.3760137401574803
0
LINE
8
BLACK
6
CONTINUOUS
10
1.409118188976378
20
1.3760137401574803
11
1.409118188976378
21
1.3760701181102362
0
LINE
8
BLACK
6
CONTINUOUS
10
1.409118188976378
20
1.3760701181102362
11
1.4090571259842519
21
1.3761772047244094
0
LINE
8
BLACK
6
CONTINUOUS
10
1.4090571259842519
20
1.3761772047244094
11
1.4079303149606299
21
1.3795576771653544
0
LINE
8
BLACK
6
CONTINUOUS
10
1.4079303149606299
20
1.3795576771653544
11
1.4078809842519684
21
1.3799489763779527
0
LINE
8
BLACK
6
CONTINUOUS
10
1.4078809842519684
20
1.3799489763779527
11
1.4078040551181101
21
1.3803357874015747
0
LINE
8
BLACK
6
CONTINUOUS
10
1.4078040551181101
20
1.3803357874015747
11
1.4078040551181101
21
1.3825894094488189
0
LINE
8
BLACK
6
CONTINUOUS
10
1.4078040551181101
20
1.3825894094488189
11
1.4078809842519684
21
1.3829762598425197
0
LINE
8
BLACK
6
CONTINUOUS
10
1.4078809842519684
20
1.3829762598425197
11
1.4079303149606299
21
1.3833675196850392
0
LINE
8
BLACK
6
CONTINUOUS
10
1.4079303149606299
20
1.3833675196850392
11
1.4090571259842519
21
1.3867479921259842
0
LINE
8
BLACK
6
CONTINUOUS
10
1.4090571259842519
20
1.3867479921259842
11
1.409118188976378
21
1.3868551181102362
0
LINE
8
BLACK
6
CONTINUOUS
10
1.409118188976378
20
1.3868551181102362
11
1.409118188976378
21
1.3869114566929133
0
LINE
8
BLACK
6
CONTINUOUS
10
1.409118188976378
20
1.3869114566929133
11
1.4093370866141732
21
1.3872391338582677
0
LINE
8
BLACK
6
CONTINUOUS
10
1.4093370866141732
20
1.3872391338582677
11
1.4095326377952755
21
1.3875820866141733
0
LINE
8
BLACK
6
CONTINUOUS
10
1.4095326377952755
20
1.3875820866141733
11
1.4095831102362204
21
1.3876073622047245
0
LINE
8
BLACK
6
CONTINUOUS
10
1.4095831102362204
20
1.3876073622047245
11
1.4096515748031495
21
1.3877097637795275
0
LINE
8
BLACK
6
CONTINUOUS
10
1.4096515748031495
20
1.3877097637795275
11
1.4141588188976377
21
1.3922170078740157
0
LINE
8
BLACK
6
CONTINUOUS
10
1.4141588188976377
20
1.3922170078740157
11
1.4142612598425197
21
1.3922854724409448
0
LINE
8
BLACK
6
CONTINUOUS
10
1.4142612598425197
20
1.3922854724409448
11
1.4142865354330709
21
1.3923359842519685
0
LINE
8
BLACK
6
CONTINUOUS
10
1.4142865354330709
20
1.3923359842519685
11
1.4146294488188975
21
1.3925314960629922
0
LINE
8
BLACK
6
CONTINUOUS
10
1.4146294488188975
20
1.3925314960629922
11
1.4149571259842519
21
1.3927503937007875
0
LINE
8
BLACK
6
CONTINUOUS
10
1.4149571259842519
20
1.3927503937007875
11
1.4150135039370078
21
1.3927503937007875
0
LINE
8
BLACK
6
CONTINUOUS
10
1.4150135039370078
20
1.3927503937007875
11
1.4151206299212598
21
1.3928114566929133
0
LINE
8
BLACK
6
CONTINUOUS
10
1.4151206299212598
20
1.3928114566929133
11
1.418501062992126
21
1.3939382283464568
0
LINE
8
BLACK
6
CONTINUOUS
10
1.418501062992126
20
1.3939382283464568
11
1.4188923228346457
21
1.3939875590551181
0
LINE
8
BLACK
6
CONTINUOUS
10
1.4188923228346457
20
1.3939875590551181
11
1.4192791732283465
21
1.3940644881889763
0
LINE
8
BLACK
6
CONTINUOUS
10
1.4192791732283465
20
1.3940644881889763
11
1.4215327952755905
21
1.3940644881889763
0
LINE
8
BLACK
6
CONTINUOUS
10
1.4215327952755905
20
1.3940644881889763
11
1.4219196456692913
21
1.3939875590551181
0
LINE
8
BLACK
6
CONTINUOUS
10
1.417227874015748
20
1.3883264173228347
11
1.4135421653543307
21
1.3846407086614172
0
LINE
8
BLACK
6
CONTINUOUS
10
1.4135421653543307
20
1.3846407086614172
11
1.4127253149606298
21
1.3821900787401575
0
LINE
8
BLACK
6
CONTINUOUS
10
1.4127253149606298
20
1.3821900787401575
11
1.4127253149606298
21
1.3807351181102361
0
LINE
8
BLACK
6
CONTINUOUS
10
1.4127253149606298
20
1.3807351181102361
11
1.4135421653543307
21
1.3782845275590552
0
LINE
8
BLACK
6
CONTINUOUS
10
1.4135421653543307
20
1.3782845275590552
11
1.41835468503937
21
1.3734720078740157
0
LINE
8
BLACK
6
CONTINUOUS
10
1.41835468503937
20
1.3734720078740157
11
1.4208053543307086
21
1.3726551181102362
0
LINE
8
BLACK
6
CONTINUOUS
10
1.4208053543307086
20
1.3726551181102362
11
1.4222602755905511
21
1.3726551181102362
0
LINE
8
BLACK
6
CONTINUOUS
10
1.4222602755905511
20
1.3726551181102362
11
1.4247108661417323
21
1.3734720078740157
0
LINE
8
BLACK
6
CONTINUOUS
10
1.4247108661417323
20
1.3734720078740157
11
1.4283965748031495
21
1.377157716535433
0
LINE
8
BLACK
6
CONTINUOUS
10
1.4283965748031495
20
1.377157716535433
11
1.429213464566929
21
1.3796083464566928
0
LINE
8
BLACK
6
CONTINUOUS
10
1.429213464566929
20
1.3796083464566928
11
1.429213464566929
21
1.3810632677165353
0
LINE
8
BLACK
6
CONTINUOUS
10
1.429213464566929
20
1.3810632677165353
11
1.4283965748031495
21
1.3835138976377952
0
LINE
8
BLACK
6
CONTINUOUS
10
1.4283965748031495
20
1.3835138976377952
11
1.4235840551181103
21
1.3883264173228347
0
LINE
8
BLACK
6
CONTINUOUS
10
1.4235840551181103
20
1.3883264173228347
11
1.4211334645669291
21
1.3891432283464566
0
LINE
8
BLACK
6
CONTINUOUS
10
1.4211334645669291
20
1.3891432283464566
11
1.4196784645669291
21
1.3891432283464566
0
LINE
8
BLACK
6
CONTINUOUS
10
1.4196784645669291
20
1.3891432283464566
11
1.417227874015748
21
1.3883264173228347
0
LINE
8
BLACK
6
CONTINUOUS
10
1.2281666535433071
20
1.382382874015748
11
1.2283464566929134
21
1.3814788976377952
0
LINE
8
BLACK
6
CONTINUOUS
10
1.2283464566929134
20
1.3814788976377952
11
1.2283464566929134
21
1.3635998425196849
0
LINE
8
BLACK
6
CONTINUOUS
10
1.2283464566929134
20
1.3635998425196849
11
1.2281666535433071
21
1.3626958661417323
0
LINE
8
BLACK
6
CONTINUOUS
10
1.2281666535433071
20
1.3626958661417323
11
1.2268882283464566
21
1.3614174409448818
0
LINE
8
BLACK
6
CONTINUOUS
10
1.2268882283464566
20
1.3614174409448818
11
1.2250802755905512
21
1.3614174409448818
0
LINE
8
BLACK
6
CONTINUOUS
10
1.2250802755905512
20
1.3614174409448818
11
1.2238018503937007
21
1.3626958661417323
0
LINE
8
BLACK
6
CONTINUOUS
10
1.2238018503937007
20
1.3626958661417323
11
1.2236220472440944
21
1.3635998425196849
0
LINE
8
BLACK
6
CONTINUOUS
10
1.2236220472440944
20
1.3635998425196849
11
1.2236220472440944
21
1.3814788976377952
0
LINE
8
BLACK
6
CONTINUOUS
10
1.2236220472440944
20
1.3814788976377952
11
1.2238018503937007
21
1.382382874015748
0
LINE
8
BLACK
6
CONTINUOUS
10
1.2238018503937007
20
1.382382874015748
11
1.2250802755905512
21
1.3836612992125983
0
LINE
8
BLACK
6
CONTINUOUS
10
1.2250802755905512
20
1.3836612992125983
11
1.2268882283464566
21
1.3836612992125983
0
LINE
8
BLACK
6
CONTINUOUS
10
1.2268882283464566
20
1.3836612992125983
11
1.2281666535433071
21
1.382382874015748
0
LINE
8
BLACK
6
CONTINUOUS
10
1.2860406692913386
20
1.382382874015748
11
1.286220472440945
21
1.3814788976377952
0
LINE
8
BLACK
6
CONTINUOUS
10
1.286220472440945
20
1.3814788976377952
11
1.286220472440945
21
1.3635998425196849
0
LINE
8
BLACK
6
CONTINUOUS
10
1.286220472440945
20
1.3635998425196849
11
1.2860406692913386
21
1.3626958661417323
0
LINE
8
BLACK
6
CONTINUOUS
10
1.2860406692913386
20
1.3626958661417323
11
1.2847622440944881
21
1.3614174409448818
0
LINE
8
BLACK
6
CONTINUOUS
10
1.2847622440944881
20
1.3614174409448818
11
1.2829542913385827
21
1.3614174409448818
0
LINE
8
BLACK
6
CONTINUOUS
10
1.2829542913385827
20
1.3614174409448818
11
1.2816758661417322
21
1.3626958661417323
0
LINE
8
BLACK
6
CONTINUOUS
10
1.2816758661417322
20
1.3626958661417323
11
1.2814960629921259
21
1.3635998425196849
0
LINE
8
BLACK
6
CONTINUOUS
10
1.2814960629921259
20
1.3635998425196849
11
1.2814960629921259
21
1.3814788976377952
0
LINE
8
BLACK
6
CONTINUOUS
10
1.2814960629921259
20
1.3814788976377952
11
1.2816758661417322
21
1.382382874015748
0
LINE
8
BLACK
6
CONTINUOUS
10
1.2816758661417322
20
1.382382874015748
11
1.2829542913385827
21
1.3836612992125983
0
LINE
8
BLACK
6
CONTINUOUS
10
1.2829542913385827
20
1.3836612992125983
11
1.2847622440944881
21
1.3836612992125983
0
LINE
8
BLACK
6
CONTINUOUS
10
1.2847622440944881
20
1.3836612992125983
11
1.2860406692913386
21
1.382382874015748
0
LINE
8
BLACK
6
CONTINUOUS
10
1.4455826377952756
20
1.4153969685039369
11
1.4459739370078739
21
1.4153476377952756
0
LINE
8
BLACK
6
CONTINUOUS
10
1.4459739370078739
20
1.4153476377952756
11
1.4493543700787401
21
1.4142208267716536
0
LINE
8
BLACK
6
CONTINUOUS
10
1.4493543700787401
20
1.4142208267716536
11
1.449588622047244
21
1.4140872834645668
0
LINE
8
BLACK
6
CONTINUOUS
10
1.449588622047244
20
1.4140872834645668
11
1.4498422047244095
21
1.4139964173228345
0
LINE
8
BLACK
6
CONTINUOUS
10
1.4498422047244095
20
1.4139964173228345
11
1.4554762598425197
21
1.4106159842519685
0
LINE
8
BLACK
6
CONTINUOUS
10
1.4554762598425197
20
1.4106159842519685
11
1.4556995275590552
21
1.4104134251968503
0
LINE
8
BLACK
6
CONTINUOUS
10
1.4556995275590552
20
1.4104134251968503
11
1.4559501968503936
21
1.4102459448818898
0
LINE
8
BLACK
6
CONTINUOUS
10
1.4559501968503936
20
1.4102459448818898
11
1.4593306299212598
21
1.4068655118110236
0
LINE
8
BLACK
6
CONTINUOUS
10
1.4593306299212598
20
1.4068655118110236
11
1.4594981102362203
21
1.4066148818897637
0
LINE
8
BLACK
6
CONTINUOUS
10
1.4594981102362203
20
1.4066148818897637
11
1.4597006692913386
21
1.4063915748031495
0
LINE
8
BLACK
6
CONTINUOUS
10
1.4597006692913386
20
1.4063915748031495
11
1.4630811023622048
21
1.4007575196850393
0
LINE
8
BLACK
6
CONTINUOUS
10
1.4630811023622048
20
1.4007575196850393
11
1.463171968503937
21
1.4005038582677165
0
LINE
8
BLACK
6
CONTINUOUS
10
1.463171968503937
20
1.4005038582677165
11
1.4633055118110236
21
1.4002696456692914
0
LINE
8
BLACK
6
CONTINUOUS
10
1.4633055118110236
20
1.4002696456692914
11
1.4644323228346456
21
1.3968892125984251
0
LINE
8
BLACK
6
CONTINUOUS
10
1.4644323228346456
20
1.3968892125984251
11
1.4644816535433069
21
1.3964977165354331
0
LINE
8
BLACK
6
CONTINUOUS
10
1.4644816535433069
20
1.3964977165354331
11
1.4645585826771652
21
1.3961111023622046
0
LINE
8
BLACK
6
CONTINUOUS
10
1.4645585826771652
20
1.3961111023622046
11
1.4645585826771652
21
1.3916038582677166
0
LINE
8
BLACK
6
CONTINUOUS
10
1.4645585826771652
20
1.3916038582677166
11
1.4645345275590551
21
1.3914829527559054
0
LINE
8
BLACK
6
CONTINUOUS
10
1.4645345275590551
20
1.3914829527559054
11
1.4645523622047243
21
1.3914294488188976
0
LINE
8
BLACK
6
CONTINUOUS
10
1.4645523622047243
20
1.3914294488188976
11
1.4644481889763779
21
1.3910491338582678
0
LINE
8
BLACK
6
CONTINUOUS
10
1.4644481889763779
20
1.3910491338582678
11
1.4643712598425196
21
1.3906622047244095
0
LINE
8
BLACK
6
CONTINUOUS
10
1.4643712598425196
20
1.3906622047244095
11
1.4643313385826771
21
1.3906223228346457
0
LINE
8
BLACK
6
CONTINUOUS
10
1.4643313385826771
20
1.3906223228346457
11
1.4642988188976378
21
1.3905034251968504
0
LINE
8
BLACK
6
CONTINUOUS
10
1.4642988188976378
20
1.3905034251968504
11
1.4620451968503936
21
1.385996220472441
0
LINE
8
BLACK
6
CONTINUOUS
10
1.4620451968503936
20
1.385996220472441
11
1.4618032283464566
21
1.385684527559055
0
LINE
8
BLACK
6
CONTINUOUS
10
1.4618032283464566
20
1.385684527559055
11
1.4615842519685038
21
1.3853567322834646
0
LINE
8
BLACK
6
CONTINUOUS
10
1.4615842519685038
20
1.3853567322834646
11
1.4593306299212598
21
1.3831031102362203
0
LINE
8
BLACK
6
CONTINUOUS
10
1.4593306299212598
20
1.3831031102362203
11
1.4590029921259842
21
1.3828842125984251
0
LINE
8
BLACK
6
CONTINUOUS
10
1.4590029921259842
20
1.3828842125984251
11
1.4586911417322834
21
1.3826421653543306
0
LINE
8
BLACK
6
CONTINUOUS
10
1.4586911417322834
20
1.3826421653543306
11
1.4541838976377952
21
1.3803885433070866
0
LINE
8
BLACK
6
CONTINUOUS
10
1.4541838976377952
20
1.3803885433070866
11
1.4540649999999999
21
1.3803560236220471
0
LINE
8
BLACK
6
CONTINUOUS
10
1.4540649999999999
20
1.3803560236220471
11
1.4540251181102362
21
1.3803161023622046
0
LINE
8
BLACK
6
CONTINUOUS
10
1.4540251181102362
20
1.3803161023622046
11
1.4536381889763779
21
1.3802391732283463
0
LINE
8
BLACK
6
CONTINUOUS
10
1.4536381889763779
20
1.3802391732283463
11
1.453257874015748
21
1.3801349999999999
0
LINE
8
BLACK
6
CONTINUOUS
10
1.453257874015748
20
1.3801349999999999
11
1.45320437007874
21
1.3801528346456693
0
LINE
8
BLACK
6
CONTINUOUS
10
1.45320437007874
20
1.3801528346456693
11
1.4530834645669291
21
1.380128779527559
0
LINE
8
BLACK
6
CONTINUOUS
10
1.4530834645669291
20
1.380128779527559
11
1.4508298425196851
21
1.380128779527559
0
LINE
8
BLACK
6
CONTINUOUS
10
1.4508298425196851
20
1.380128779527559
11
1.4498881889763779
21
1.3803161023622046
0
LINE
8
BLACK
6
CONTINUOUS
10
1.4498881889763779
20
1.3803161023622046
11
1.4485565354330707
21
1.3816477559055118
0
LINE
8
BLACK
6
CONTINUOUS
10
1.4485565354330707
20
1.3816477559055118
11
1.4485565354330707
21
1.383531062992126
0
LINE
8
BLACK
6
CONTINUOUS
10
1.4485565354330707
20
1.383531062992126
11
1.4498881889763779
21
1.384862716535433
0
LINE
8
BLACK
6
CONTINUOUS
10
1.4498881889763779
20
1.384862716535433
11
1.4508298425196851
21
1.3850500393700786
0
LINE
8
BLACK
6
CONTINUOUS
10
1.4508298425196851
20
1.3850500393700786
11
1.4525025590551182
21
1.3850500393700786
0
LINE
8
BLACK
6
CONTINUOUS
10
1.4525025590551182
20
1.3850500393700786
11
1.456133188976378
21
1.3868653543307086
0
LINE
8
BLACK
6
CONTINUOUS
10
1.456133188976378
20
1.3868653543307086
11
1.4578220078740156
21
1.3885542125984252
0
LINE
8
BLACK
6
CONTINUOUS
10
1.4578220078740156
20
1.3885542125984252
11
1.4596373228346455
21
1.3921848031496062
0
LINE
8
BLACK
6
CONTINUOUS
10
1.4596373228346455
20
1.3921848031496062
11
1.4596373228346455
21
1.3957117716535432
0
LINE
8
BLACK
6
CONTINUOUS
10
1.4596373228346455
20
1.3957117716535432
11
1.458722125984252
21
1.398457283464567
0
LINE
8
BLACK
6
CONTINUOUS
10
1.458722125984252
20
1.398457283464567
11
1.4556365748031497
21
1.4035998818897637
0
LINE
8
BLACK
6
CONTINUOUS
10
1.4556365748031497
20
1.4035998818897637
11
1.4526845275590552
21
1.4065519291338582
0
LINE
8
BLACK
6
CONTINUOUS
10
1.4526845275590552
20
1.4065519291338582
11
1.4475418897637795
21
1.4096375196850393
0
LINE
8
BLACK
6
CONTINUOUS
10
1.4475418897637795
20
1.4096375196850393
11
1.444796496062992
21
1.4105526377952755
0
LINE
8
BLACK
6
CONTINUOUS
10
1.444796496062992
20
1.4105526377952755
11
1.4412694881889763
21
1.4105526377952755
0
LINE
8
BLACK
6
CONTINUOUS
10
1.4412694881889763
20
1.4105526377952755
11
1.4376388582677164
21
1.4087373228346456
0
LINE
8
BLACK
6
CONTINUOUS
10
1.4376388582677164
20
1.4087373228346456
11
1.4359500393700788
21
1.4070485039370078
0
LINE
8
BLACK
6
CONTINUOUS
10
1.4359500393700788
20
1.4070485039370078
11
1.4341347244094489
21
1.4034178740157479
0
LINE
8
BLACK
6
CONTINUOUS
10
1.4341347244094489
20
1.4034178740157479
11
1.4341347244094489
21
1.401745157480315
0
LINE
8
BLACK
6
CONTINUOUS
10
1.4341347244094489
20
1.401745157480315
11
1.433947401574803
21
1.4008035039370079
0
LINE
8
BLACK
6
CONTINUOUS
10
1.433947401574803
20
1.4008035039370079
11
1.4326157480314961
21
1.3994718503937007
0
LINE
8
BLACK
6
CONTINUOUS
10
1.4326157480314961
20
1.3994718503937007
11
1.4307324409448818
21
1.3994718503937007
0
LINE
8
BLACK
6
CONTINUOUS
10
1.4307324409448818
20
1.3994718503937007
11
1.4294007874015748
21
1.4008035039370079
0
LINE
8
BLACK
6
CONTINUOUS
10
1.4294007874015748
20
1.4008035039370079
11
1.429213464566929
21
1.401745157480315
0
LINE
8
BLACK
6
CONTINUOUS
10
1.429213464566929
20
1.401745157480315
11
1.429213464566929
21
1.403998779527559
0
LINE
8
BLACK
6
CONTINUOUS
10
1.429213464566929
20
1.403998779527559
11
1.4292374803149606
21
1.4041197244094488
0
LINE
8
BLACK
6
CONTINUOUS
10
1.4292374803149606
20
1.4041197244094488
11
1.4292196850393701
21
1.404173188976378
0
LINE
8
BLACK
6
CONTINUOUS
10
1.4292196850393701
20
1.404173188976378
11
1.4293238188976378
21
1.4045535433070866
0
LINE
8
BLACK
6
CONTINUOUS
10
1.4293238188976378
20
1.4045535433070866
11
1.4294007874015748
21
1.4049404330708661
0
LINE
8
BLACK
6
CONTINUOUS
10
1.4294007874015748
20
1.4049404330708661
11
1.4294406692913386
21
1.4049803543307087
0
LINE
8
BLACK
6
CONTINUOUS
10
1.4294406692913386
20
1.4049803543307087
11
1.4294732283464566
21
1.4050992125984252
0
LINE
8
BLACK
6
CONTINUOUS
10
1.4294732283464566
20
1.4050992125984252
11
1.4317268503937008
21
1.4096064566929134
0
LINE
8
BLACK
6
CONTINUOUS
10
1.4317268503937008
20
1.4096064566929134
11
1.4319688582677166
21
1.4099183464566929
0
LINE
8
BLACK
6
CONTINUOUS
10
1.4319688582677166
20
1.4099183464566929
11
1.4321877952755906
21
1.4102459448818898
0
LINE
8
BLACK
6
CONTINUOUS
10
1.4321877952755906
20
1.4102459448818898
11
1.4344414173228346
21
1.4124995669291338
0
LINE
8
BLACK
6
CONTINUOUS
10
1.4344414173228346
20
1.4124995669291338
11
1.4347690157480315
21
1.4127185039370078
0
LINE
8
BLACK
6
CONTINUOUS
10
1.4347690157480315
20
1.4127185039370078
11
1.435080905511811
21
1.4129605118110236
0
LINE
8
BLACK
6
CONTINUOUS
10
1.435080905511811
20
1.4129605118110236
11
1.4395881496062992
21
1.4152141338582678
0
LINE
8
BLACK
6
CONTINUOUS
10
1.4395881496062992
20
1.4152141338582678
11
1.4397070078740157
21
1.4152466929133858
0
LINE
8
BLACK
6
CONTINUOUS
10
1.4397070078740157
20
1.4152466929133858
11
1.4397469291338583
21
1.4152865748031496
0
LINE
8
BLACK
6
CONTINUOUS
10
1.4397469291338583
20
1.4152865748031496
11
1.4401338188976378
21
1.4153635433070866
0
LINE
8
BLACK
6
CONTINUOUS
10
1.4401338188976378
20
1.4153635433070866
11
1.4405141732283464
21
1.4154676771653543
0
LINE
8
BLACK
6
CONTINUOUS
10
1.4405141732283464
20
1.4154676771653543
11
1.4405676377952756
21
1.4154498818897638
0
LINE
8
BLACK
6
CONTINUOUS
10
1.4405676377952756
20
1.4154498818897638
11
1.4406885826771654
21
1.4154738976377952
0
LINE
8
BLACK
6
CONTINUOUS
10
1.4406885826771654
20
1.4154738976377952
11
1.4451958267716536
21
1.4154738976377952
0
LINE
8
BLACK
6
CONTINUOUS
10
1.4451958267716536
20
1.4154738976377952
11
1.4455826377952756
21
1.4153969685039369
0
LINE
8
BLACK
6
CONTINUOUS
10
1.1111668110236219
20
1.4353688976377952
11
1.1112203149606299
21
1.4353866929133858
0
LINE
8
BLACK
6
CONTINUOUS
10
1.1112203149606299
20
1.4353866929133858
11
1.1116006299212597
21
1.4352825590551181
0
LINE
8
BLACK
6
CONTINUOUS
10
1.1116006299212597
20
1.4352825590551181
11
1.111987559055118
21
1.4352055905511811
0
LINE
8
BLACK
6
CONTINUOUS
10
1.111987559055118
20
1.4352055905511811
11
1.1120274409448818
21
1.4351657086614173
0
LINE
8
BLACK
6
CONTINUOUS
10
1.1120274409448818
20
1.4351657086614173
11
1.1121463385826771
21
1.4351331496062991
0
LINE
8
BLACK
6
CONTINUOUS
10
1.1121463385826771
20
1.4351331496062991
11
1.1166535826771653
21
1.4328795275590551
0
LINE
8
BLACK
6
CONTINUOUS
10
1.1166535826771653
20
1.4328795275590551
11
1.116965433070866
21
1.4326375196850394
0
LINE
8
BLACK
6
CONTINUOUS
10
1.116965433070866
20
1.4326375196850394
11
1.1172930708661417
21
1.4324185826771654
0
LINE
8
BLACK
6
CONTINUOUS
10
1.1172930708661417
20
1.4324185826771654
11
1.1195466929133857
21
1.4301649606299212
0
LINE
8
BLACK
6
CONTINUOUS
10
1.1195466929133857
20
1.4301649606299212
11
1.119765590551181
21
1.4298373622047245
0
LINE
8
BLACK
6
CONTINUOUS
10
1.119765590551181
20
1.4298373622047245
11
1.1200076377952755
21
1.4295254724409447
0
LINE
8
BLACK
6
CONTINUOUS
10
1.1200076377952755
20
1.4295254724409447
11
1.1222612598425197
21
1.4250182283464568
0
LINE
8
BLACK
6
CONTINUOUS
10
1.1222612598425197
20
1.4250182283464568
11
1.1222937795275589
21
1.4248993700787402
0
LINE
8
BLACK
6
CONTINUOUS
10
1.1222937795275589
20
1.4248993700787402
11
1.1223337007874015
21
1.4248594488188977
0
LINE
8
BLACK
6
CONTINUOUS
10
1.1223337007874015
20
1.4248594488188977
11
1.1224106299212597
21
1.4244725590551182
0
LINE
8
BLACK
6
CONTINUOUS
10
1.1224106299212597
20
1.4244725590551182
11
1.1225148031496062
21
1.4240922047244093
0
LINE
8
BLACK
6
CONTINUOUS
10
1.1225148031496062
20
1.4240922047244093
11
1.122496968503937
21
1.4240387401574803
0
LINE
8
BLACK
6
CONTINUOUS
10
1.122496968503937
20
1.4240387401574803
11
1.1225210236220473
21
1.4239177952755906
0
LINE
8
BLACK
6
CONTINUOUS
10
1.1225210236220473
20
1.4239177952755906
11
1.1225210236220473
21
1.4194105511811024
0
LINE
8
BLACK
6
CONTINUOUS
10
1.1225210236220473
20
1.4194105511811024
11
1.122444094488189
21
1.4190239763779526
0
LINE
8
BLACK
6
CONTINUOUS
10
1.122444094488189
20
1.4190239763779526
11
1.1223947637795275
21
1.4186324409448818
0
LINE
8
BLACK
6
CONTINUOUS
10
1.1223947637795275
20
1.4186324409448818
11
1.1212679527559055
21
1.4152520472440944
0
LINE
8
BLACK
6
CONTINUOUS
10
1.1212679527559055
20
1.4152520472440944
11
1.1211344094488189
21
1.415017874015748
0
LINE
8
BLACK
6
CONTINUOUS
10
1.1211344094488189
20
1.415017874015748
11
1.1210435433070867
21
1.4147641732283465
0
LINE
8
BLACK
6
CONTINUOUS
10
1.1210435433070867
20
1.4147641732283465
11
1.1176631102362204
21
1.4091301181102363
0
LINE
8
BLACK
6
CONTINUOUS
10
1.1176631102362204
20
1.4091301181102363
11
1.1174605511811024
21
1.4089068503937008
0
LINE
8
BLACK
6
CONTINUOUS
10
1.1174605511811024
20
1.4089068503937008
11
1.1172930708661417
21
1.4086561811023621
0
LINE
8
BLACK
6
CONTINUOUS
10
1.1172930708661417
20
1.4086561811023621
11
1.1139126377952755
21
1.4052757480314961
0
LINE
8
BLACK
6
CONTINUOUS
10
1.1139126377952755
20
1.4052757480314961
11
1.1136619685039371
21
1.4051083070866142
0
LINE
8
BLACK
6
CONTINUOUS
10
1.1136619685039371
20
1.4051083070866142
11
1.1134387007874016
21
1.4049057086614174
0
LINE
8
BLACK
6
CONTINUOUS
10
1.1134387007874016
20
1.4049057086614174
11
1.1078046456692914
21
1.4015252755905512
0
LINE
8
BLACK
6
CONTINUOUS
10
1.1078046456692914
20
1.4015252755905512
11
1.1075510629921259
21
1.4014344488188977
0
LINE
8
BLACK
6
CONTINUOUS
10
1.1075510629921259
20
1.4014344488188977
11
1.107316811023622
21
1.4013008661417323
0
LINE
8
BLACK
6
CONTINUOUS
10
1.107316811023622
20
1.4013008661417323
11
1.103936338582677
21
1.4001740551181101
0
LINE
8
BLACK
6
CONTINUOUS
10
1.103936338582677
20
1.4001740551181101
11
1.1035450393700788
21
1.4001247637795275
0
LINE
8
BLACK
6
CONTINUOUS
10
1.1035450393700788
20
1.4001247637795275
11
1.1031582283464567
21
1.4000477952755905
0
LINE
8
BLACK
6
CONTINUOUS
10
1.1031582283464567
20
1.4000477952755905
11
1.0986509842519685
21
1.4000477952755905
0
LINE
8
BLACK
6
CONTINUOUS
10
1.0986509842519685
20
1.4000477952755905
11
1.0985300393700788
21
1.4000718503937009
0
LINE
8
BLACK
6
CONTINUOUS
10
1.0985300393700788
20
1.4000718503937009
11
1.0984765748031495
21
1.4000540157480315
0
LINE
8
BLACK
6
CONTINUOUS
10
1.0984765748031495
20
1.4000540157480315
11
1.0980962204724409
21
1.4001581889763779
0
LINE
8
BLACK
6
CONTINUOUS
10
1.0980962204724409
20
1.4001581889763779
11
1.0977093307086614
21
1.4002351181102362
0
LINE
8
BLACK
6
CONTINUOUS
10
1.0977093307086614
20
1.4002351181102362
11
1.0976694094488189
21
1.4002750393700787
0
LINE
8
BLACK
6
CONTINUOUS
10
1.0976694094488189
20
1.4002750393700787
11
1.0975505511811023
21
1.4003075590551182
0
LINE
8
BLACK
6
CONTINUOUS
10
1.0975505511811023
20
1.4003075590551182
11
1.0930433464566929
21
1.4025611811023622
0
LINE
8
BLACK
6
CONTINUOUS
10
1.0930433464566929
20
1.4025611811023622
11
1.0927316141732284
21
1.4028031496062991
0
LINE
8
BLACK
6
CONTINUOUS
10
1.0927316141732284
20
1.4028031496062991
11
1.0924038582677165
21
1.4030221259842519
0
LINE
8
BLACK
6
CONTINUOUS
10
1.0924038582677165
20
1.4030221259842519
11
1.0901502362204725
21
1.4052757480314961
0
LINE
8
BLACK
6
CONTINUOUS
10
1.0901502362204725
20
1.4052757480314961
11
1.0899312992125985
21
1.4056033858267716
0
LINE
8
BLACK
6
CONTINUOUS
10
1.0899312992125985
20
1.4056033858267716
11
1.0896892913385827
21
1.4059152362204723
0
LINE
8
BLACK
6
CONTINUOUS
10
1.0896892913385827
20
1.4059152362204723
11
1.0874356692913385
21
1.4104224803149605
0
LINE
8
BLACK
6
CONTINUOUS
10
1.0874356692913385
20
1.4104224803149605
11
1.0874031102362205
21
1.4105413779527558
0
LINE
8
BLACK
6
CONTINUOUS
10
1.0874031102362205
20
1.4105413779527558
11
1.0873632283464567
21
1.4105812598425196
0
LINE
8
BLACK
6
CONTINUOUS
10
1.0873632283464567
20
1.4105812598425196
11
1.0872862598425197
21
1.4109681889763779
0
LINE
8
BLACK
6
CONTINUOUS
10
1.0872862598425197
20
1.4109681889763779
11
1.087182125984252
21
1.4113485039370079
0
LINE
8
BLACK
6
CONTINUOUS
10
1.087182125984252
20
1.4113485039370079
11
1.0871999212598424
21
1.4114020078740157
0
LINE
8
BLACK
6
CONTINUOUS
10
1.0871999212598424
20
1.4114020078740157
11
1.0871759055118111
21
1.4115229133858267
0
LINE
8
BLACK
6
CONTINUOUS
10
1.0871759055118111
20
1.4115229133858267
11
1.0871759055118111
21
1.4137765354330709
0
LINE
8
BLACK
6
CONTINUOUS
10
1.0871759055118111
20
1.4137765354330709
11
1.0873632283464567
21
1.414718188976378
0
LINE
8
BLACK
6
CONTINUOUS
10
1.0873632283464567
20
1.414718188976378
11
1.0886948818897637
21
1.416049842519685
0
LINE
8
BLACK
6
CONTINUOUS
10
1.0886948818897637
20
1.416049842519685
11
1.0905781889763779
21
1.416049842519685
0
LINE
8
BLACK
6
CONTINUOUS
10
1.0905781889763779
20
1.416049842519685
11
1.0919098425196849
21
1.414718188976378
0
LINE
8
BLACK
6
CONTINUOUS
10
1.0919098425196849
20
1.414718188976378
11
1.0920971653543308
21
1.4137765354330709
0
LINE
8
BLACK
6
CONTINUOUS
10
1.0920971653543308
20
1.4137765354330709
11
1.0920971653543308
21
1.4121038188976378
0
LINE
8
BLACK
6
CONTINUOUS
10
1.0920971653543308
20
1.4121038188976378
11
1.0939124803149607
21
1.408473188976378
0
LINE
8
BLACK
6
CONTINUOUS
10
1.0939124803149607
20
1.408473188976378
11
1.0956012992125983
21
1.4067843700787401
0
LINE
8
BLACK
6
CONTINUOUS
10
1.0956012992125983
20
1.4067843700787401
11
1.0992318897637796
21
1.4049690551181102
0
LINE
8
BLACK
6
CONTINUOUS
10
1.0992318897637796
20
1.4049690551181102
11
1.1027588976377953
21
1.4049690551181102
0
LINE
8
BLACK
6
CONTINUOUS
10
1.1027588976377953
20
1.4049690551181102
11
1.1055043700787401
21
1.4058842125984252
0
LINE
8
BLACK
6
CONTINUOUS
10
1.1055043700787401
20
1.4058842125984252
11
1.1106469685039371
21
1.4089698031496063
0
LINE
8
BLACK
6
CONTINUOUS
10
1.1106469685039371
20
1.4089698031496063
11
1.1135990157480316
21
1.4119218503937008
0
LINE
8
BLACK
6
CONTINUOUS
10
1.1135990157480316
20
1.4119218503937008
11
1.1166846062992126
21
1.4170644488188977
0
LINE
8
BLACK
6
CONTINUOUS
10
1.1166846062992126
20
1.4170644488188977
11
1.1175997637795276
21
1.4198099212598425
0
LINE
8
BLACK
6
CONTINUOUS
10
1.1175997637795276
20
1.4198099212598425
11
1.1175997637795276
21
1.4233368897637795
0
LINE
8
BLACK
6
CONTINUOUS
10
1.1175997637795276
20
1.4233368897637795
11
1.1157844488188977
21
1.4269675196850393
0
LINE
8
BLACK
6
CONTINUOUS
10
1.1157844488188977
20
1.4269675196850393
11
1.1140956299212599
21
1.4286563385826772
0
LINE
8
BLACK
6
CONTINUOUS
10
1.1140956299212599
20
1.4286563385826772
11
1.110465
21
1.4304716535433071
0
LINE
8
BLACK
6
CONTINUOUS
10
1.110465
20
1.4304716535433071
11
1.1087922834645669
21
1.4304716535433071
0
LINE
8
BLACK
6
CONTINUOUS
10
1.1087922834645669
20
1.4304716535433071
11
1.1078506299212598
21
1.4306589763779527
0
LINE
8
BLACK
6
CONTINUOUS
10
1.1078506299212598
20
1.4306589763779527
11
1.1065189763779528
21
1.4319906299212599
0
LINE
8
BLACK
6
CONTINUOUS
10
1.1065189763779528
20
1.4319906299212599
11
1.1065189763779528
21
1.4338739370078739
0
LINE
8
BLACK
6
CONTINUOUS
10
1.1065189763779528
20
1.4338739370078739
11
1.1078506299212598
21
1.4352055905511811
0
LINE
8
BLACK
6
CONTINUOUS
10
1.1078506299212598
20
1.4352055905511811
11
1.1087922834645669
21
1.4353929133858268
0
LINE
8
BLACK
6
CONTINUOUS
10
1.1087922834645669
20
1.4353929133858268
11
1.1110459055118109
21
1.4353929133858268
0
LINE
8
BLACK
6
CONTINUOUS
10
1.1110459055118109
20
1.4353929133858268
11
1.1111668110236219
21
1.4353688976377952
0
LINE
8
BLACK
6
CONTINUOUS
10
1.4215212992125983
20
1.4216425984251968
11
1.4215212992125983
21
1.4198346456692914
0
LINE
8
BLACK
6
CONTINUOUS
10
1.4215212992125983
20
1.4198346456692914
11
1.4210092125984253
21
1.4190682677165354
0
LINE
8
BLACK
6
CONTINUOUS
10
1.4210092125984253
20
1.4190682677165354
11
1.4064632677165354
21
1.4045223622047245
0
LINE
8
BLACK
6
CONTINUOUS
10
1.4064632677165354
20
1.4045223622047245
11
1.4056969291338581
21
1.4040102755905512
0
LINE
8
BLACK
6
CONTINUOUS
10
1.4056969291338581
20
1.4040102755905512
11
1.4038889763779527
21
1.4040102755905512
0
LINE
8
BLACK
6
CONTINUOUS
10
1.4038889763779527
20
1.4040102755905512
11
1.4026105511811022
21
1.4052887007874015
0
LINE
8
BLACK
6
CONTINUOUS
10
1.4026105511811022
20
1.4052887007874015
11
1.4026105511811022
21
1.4070966535433072
0
LINE
8
BLACK
6
CONTINUOUS
10
1.4026105511811022
20
1.4070966535433072
11
1.4031226377952755
21
1.4078629921259842
0
LINE
8
BLACK
6
CONTINUOUS
10
1.4031226377952755
20
1.4078629921259842
11
1.4176685433070866
21
1.4224089370078741
0
LINE
8
BLACK
6
CONTINUOUS
10
1.4176685433070866
20
1.4224089370078741
11
1.4184349212598424
21
1.4229210236220473
0
LINE
8
BLACK
6
CONTINUOUS
10
1.4184349212598424
20
1.4229210236220473
11
1.420242874015748
21
1.4229210236220473
0
LINE
8
BLACK
6
CONTINUOUS
10
1.420242874015748
20
1.4229210236220473
11
1.4215212992125983
21
1.4216425984251968
0
LINE
8
BLACK
6
CONTINUOUS
10
1.0878207086614173
20
1.4611222440944882
11
1.0883245275590552
21
1.4611222440944882
0
LINE
8
BLACK
6
CONTINUOUS
10
1.0883245275590552
20
1.4611222440944882
11
1.0890761023622046
21
1.4606200787401575
0
LINE
8
BLACK
6
CONTINUOUS
10
1.0890761023622046
20
1.4606200787401575
11
1.0891014960629921
21
1.4606099212598425
0
LINE
8
BLACK
6
CONTINUOUS
10
1.0891014960629921
20
1.4606099212598425
11
1.0891055511811023
21
1.4606003937007874
0
LINE
8
BLACK
6
CONTINUOUS
10
1.0891055511811023
20
1.4606003937007874
11
1.0891228346456692
21
1.4605888582677165
0
LINE
8
BLACK
6
CONTINUOUS
10
1.0891228346456692
20
1.4605888582677165
11
1.1048981496062993
21
1.4448135039370078
0
LINE
8
BLACK
6
CONTINUOUS
10
1.1048981496062993
20
1.4448135039370078
11
1.1054315354330708
21
1.4440151968503936
0
LINE
8
BLACK
6
CONTINUOUS
10
1.1054315354330708
20
1.4440151968503936
11
1.1054315354330708
21
1.4421319685039369
0
LINE
8
BLACK
6
CONTINUOUS
10
1.1054315354330708
20
1.4421319685039369
11
1.1040998425196851
21
1.4408002755905511
0
LINE
8
BLACK
6
CONTINUOUS
10
1.1040998425196851
20
1.4408002755905511
11
1.1022166141732284
21
1.4408002755905511
0
LINE
8
BLACK
6
CONTINUOUS
10
1.1022166141732284
20
1.4408002755905511
11
1.1014183070866141
21
1.4413336614173229
0
LINE
8
BLACK
6
CONTINUOUS
10
1.1014183070866141
20
1.4413336614173229
11
1.0882816535433071
21
1.4544703543307087
0
LINE
8
BLACK
6
CONTINUOUS
10
1.0882816535433071
20
1.4544703543307087
11
1.0761458267716535
21
1.424130748031496
0
LINE
8
BLACK
6
CONTINUOUS
10
1.0761458267716535
20
1.424130748031496
11
1.0756221653543308
21
1.4233260236220473
0
LINE
8
BLACK
6
CONTINUOUS
10
1.0756221653543308
20
1.4233260236220473
11
1.0738911811023621
21
1.4225841732283464
0
LINE
8
BLACK
6
CONTINUOUS
10
1.0738911811023621
20
1.4225841732283464
11
1.0721425984251969
21
1.423283622047244
0
LINE
8
BLACK
6
CONTINUOUS
10
1.0721425984251969
20
1.423283622047244
11
1.071400748031496
21
1.4250146062992126
0
LINE
8
BLACK
6
CONTINUOUS
10
1.071400748031496
20
1.4250146062992126
11
1.0715765354330709
21
1.4259584645669292
0
LINE
8
BLACK
6
CONTINUOUS
10
1.0715765354330709
20
1.4259584645669292
11
1.0850982677165355
21
1.4597627952755905
0
LINE
8
BLACK
6
CONTINUOUS
10
1.0850982677165355
20
1.4597627952755905
11
1.0851096062992125
21
1.4597802362204724
0
LINE
8
BLACK
6
CONTINUOUS
10
1.0851096062992125
20
1.4597802362204724
11
1.0851096062992125
21
1.4597905511811022
0
LINE
8
BLACK
6
CONTINUOUS
10
1.0851096062992125
20
1.4597905511811022
11
1.0851288188976378
21
1.4598098031496063
0
LINE
8
BLACK
6
CONTINUOUS
10
1.0851288188976378
20
1.4598098031496063
11
1.0856219291338582
21
1.4605675196850394
0
LINE
8
BLACK
6
CONTINUOUS
10
1.0856219291338582
20
1.4605675196850394
11
1.0860850393700787
21
1.4607660236220472
0
LINE
8
BLACK
6
CONTINUOUS
10
1.0860850393700787
20
1.4607660236220472
11
1.0864412992125985
21
1.4611222440944882
0
LINE
8
BLACK
6
CONTINUOUS
10
1.0864412992125985
20
1.4611222440944882
11
1.0869162992125985
21
1.4611222440944882
0
LINE
8
BLACK
6
CONTINUOUS
10
1.0869162992125985
20
1.4611222440944882
11
1.0873529133858268
21
1.4613093700787401
0
LINE
8
BLACK
6
CONTINUOUS
10
1.0873529133858268
20
1.4613093700787401
11
1.0878207086614173
21
1.4611222440944882
0
LINE
8
BLACK
6
CONTINUOUS
10
1.1149101574803149
20
1.4614837401574803
11
1.1294561023622047
21
1.4469378346456692
0
LINE
8
BLACK
6
CONTINUOUS
10
1.1294561023622047
20
1.4469378346456692
11
1.129968188976378
21
1.4461714566929134
0
LINE
8
BLACK
6
CONTINUOUS
10
1.129968188976378
20
1.4461714566929134
11
1.129968188976378
21
1.4443635039370077
0
LINE
8
BLACK
6
CONTINUOUS
10
1.129968188976378
20
1.4443635039370077
11
1.1286897637795275
21
1.4430850787401575
0
LINE
8
BLACK
6
CONTINUOUS
10
1.1286897637795275
20
1.4430850787401575
11
1.1268818110236221
21
1.4430850787401575
0
LINE
8
BLACK
6
CONTINUOUS
10
1.1268818110236221
20
1.4430850787401575
11
1.126115433070866
21
1.4435971653543307
0
LINE
8
BLACK
6
CONTINUOUS
10
1.126115433070866
20
1.4435971653543307
11
1.1115695275590551
21
1.4581431102362203
0
LINE
8
BLACK
6
CONTINUOUS
10
1.1115695275590551
20
1.4581431102362203
11
1.1110574409448819
21
1.4589094488188976
0
LINE
8
BLACK
6
CONTINUOUS
10
1.1110574409448819
20
1.4589094488188976
11
1.1110574409448819
21
1.460717401574803
0
LINE
8
BLACK
6
CONTINUOUS
10
1.1110574409448819
20
1.460717401574803
11
1.1123358661417322
21
1.4619958267716535
0
LINE
8
BLACK
6
CONTINUOUS
10
1.1123358661417322
20
1.4619958267716535
11
1.1141438188976378
21
1.4619958267716535
0
LINE
8
BLACK
6
CONTINUOUS
10
1.1141438188976378
20
1.4619958267716535
11
1.1149101574803149
21
1.4614837401574803
0
LINE
8
BLACK
6
CONTINUOUS
10
1.2527240157480315
20
1.6625026377952756
11
1.35016
21
1.5650666929133858
0
LINE
8
BLACK
6
CONTINUOUS
10
1.35016
20
1.5650666929133858
11
1.3506720866141733
21
1.5643003149606298
0
LINE
8
BLACK
6
CONTINUOUS
10
1.3506720866141733
20
1.5643003149606298
11
1.3506720866141733
21
1.5624923622047244
0
LINE
8
BLACK
6
CONTINUOUS
10
1.3506720866141733
20
1.5624923622047244
11
1.35016
21
1.5617259842519684
0
LINE
8
BLACK
6
CONTINUOUS
10
1.35016
20
1.5617259842519684
11
1.2332368503937008
21
1.4448028740157479
0
LINE
8
BLACK
6
CONTINUOUS
10
1.2332368503937008
20
1.4448028740157479
11
1.2324705118110235
21
1.4442907874015747
0
LINE
8
BLACK
6
CONTINUOUS
10
1.2324705118110235
20
1.4442907874015747
11
1.2306625590551181
21
1.4442907874015747
0
LINE
8
BLACK
6
CONTINUOUS
10
1.2306625590551181
20
1.4442907874015747
11
1.2293841338582676
21
1.4455692125984252
0
LINE
8
BLACK
6
CONTINUOUS
10
1.2293841338582676
20
1.4455692125984252
11
1.2293841338582676
21
1.4473771653543306
0
LINE
8
BLACK
6
CONTINUOUS
10
1.2293841338582676
20
1.4473771653543306
11
1.2298962204724408
21
1.4481435039370079
0
LINE
8
BLACK
6
CONTINUOUS
10
1.2298962204724408
20
1.4481435039370079
11
1.3451490157480315
21
1.5633963779527558
0
LINE
8
BLACK
6
CONTINUOUS
10
1.3451490157480315
20
1.5633963779527558
11
1.2493833858267716
21
1.6591620078740157
0
LINE
8
BLACK
6
CONTINUOUS
10
1.2493833858267716
20
1.6591620078740157
11
1.2488712992125983
21
1.659928346456693
0
LINE
8
BLACK
6
CONTINUOUS
10
1.2488712992125983
20
1.659928346456693
11
1.2488712992125983
21
1.6617362992125984
0
LINE
8
BLACK
6
CONTINUOUS
10
1.2488712992125983
20
1.6617362992125984
11
1.2501497244094488
21
1.6630147244094489
0
LINE
8
BLACK
6
CONTINUOUS
10
1.2501497244094488
20
1.6630147244094489
11
1.2519576771653542
21
1.6630147244094489
0
LINE
8
BLACK
6
CONTINUOUS
10
1.2519576771653542
20
1.6630147244094489
11
1.2527240157480315
21
1.6625026377952756
0
LINE
8
BLACK
6
CONTINUOUS
10
1.3805981889763779
20
1.4625657086614172
11
1.3805981889763779
21
1.4607577559055118
0
LINE
8
BLACK
6
CONTINUOUS
10
1.3805981889763779
20
1.4607577559055118
11
1.3800861023622046
21
1.4599913779527558
0
LINE
8
BLACK
6
CONTINUOUS
10
1.3800861023622046
20
1.4599913779527558
11
1.365540157480315
21
1.4454454724409449
0
LINE
8
BLACK
6
CONTINUOUS
10
1.365540157480315
20
1.4454454724409449
11
1.3647738188976377
21
1.4449333858267717
0
LINE
8
BLACK
6
CONTINUOUS
10
1.3647738188976377
20
1.4449333858267717
11
1.3629658661417323
21
1.4449333858267717
0
LINE
8
BLACK
6
CONTINUOUS
10
1.3629658661417323
20
1.4449333858267717
11
1.3616874409448818
21
1.446211811023622
0
LINE
8
BLACK
6
CONTINUOUS
10
1.3616874409448818
20
1.446211811023622
11
1.3616874409448818
21
1.4480197637795276
0
LINE
8
BLACK
6
CONTINUOUS
10
1.3616874409448818
20
1.4480197637795276
11
1.362199527559055
21
1.4487861023622046
0
LINE
8
BLACK
6
CONTINUOUS
10
1.362199527559055
20
1.4487861023622046
11
1.3767454330708662
21
1.4633320472440945
0
LINE
8
BLACK
6
CONTINUOUS
10
1.3767454330708662
20
1.4633320472440945
11
1.377511811023622
21
1.4638441338582677
0
LINE
8
BLACK
6
CONTINUOUS
10
1.377511811023622
20
1.4638441338582677
11
1.3793197637795276
21
1.4638441338582677
0
LINE
8
BLACK
6
CONTINUOUS
10
1.3793197637795276
20
1.4638441338582677
11
1.3805981889763779
21
1.4625657086614172
0
LINE
8
BLACK
6
CONTINUOUS
10
1.3655468503937007
20
1.4778728740157481
11
1.3655468503937007
21
1.4760649212598425
0
LINE
8
BLACK
6
CONTINUOUS
10
1.3655468503937007
20
1.4760649212598425
11
1.3650347637795275
21
1.4752985433070867
0
LINE
8
BLACK
6
CONTINUOUS
10
1.3650347637795275
20
1.4752985433070867
11
1.3504888188976378
21
1.4607526377952755
0
LINE
8
BLACK
6
CONTINUOUS
10
1.3504888188976378
20
1.4607526377952755
11
1.3497224803149606
21
1.4602405511811023
0
LINE
8
BLACK
6
CONTINUOUS
10
1.3497224803149606
20
1.4602405511811023
11
1.3479145275590552
21
1.4602405511811023
0
LINE
8
BLACK
6
CONTINUOUS
10
1.3479145275590552
20
1.4602405511811023
11
1.3466361023622047
21
1.4615189763779528
0
LINE
8
BLACK
6
CONTINUOUS
10
1.3466361023622047
20
1.4615189763779528
11
1.3466361023622047
21
1.4633269291338582
0
LINE
8
BLACK
6
CONTINUOUS
10
1.3466361023622047
20
1.4633269291338582
11
1.3471481889763779
21
1.4640932677165355
0
LINE
8
BLACK
6
CONTINUOUS
10
1.3471481889763779
20
1.4640932677165355
11
1.361694094488189
21
1.4786392125984251
0
LINE
8
BLACK
6
CONTINUOUS
10
1.361694094488189
20
1.4786392125984251
11
1.3624604724409448
21
1.4791512992125984
0
LINE
8
BLACK
6
CONTINUOUS
10
1.3624604724409448
20
1.4791512992125984
11
1.3642684251968504
21
1.4791512992125984
0
LINE
8
BLACK
6
CONTINUOUS
10
1.3642684251968504
20
1.4791512992125984
11
1.3655468503937007
21
1.4778728740157481
0
LINE
8
BLACK
6
CONTINUOUS
10
1.1558332677165355
20
1.5024068503937007
11
1.1703792125984251
21
1.4878609448818898
0
LINE
8
BLACK
6
CONTINUOUS
10
1.1703792125984251
20
1.4878609448818898
11
1.1708912992125984
21
1.4870945669291338
0
LINE
8
BLACK
6
CONTINUOUS
10
1.1708912992125984
20
1.4870945669291338
11
1.1708912992125984
21
1.4852866141732284
0
LINE
8
BLACK
6
CONTINUOUS
10
1.1708912992125984
20
1.4852866141732284
11
1.1696128740157481
21
1.4840081889763779
0
LINE
8
BLACK
6
CONTINUOUS
10
1.1696128740157481
20
1.4840081889763779
11
1.1678049212598425
21
1.4840081889763779
0
LINE
8
BLACK
6
CONTINUOUS
10
1.1678049212598425
20
1.4840081889763779
11
1.1670385433070867
21
1.4845202755905511
0
LINE
8
BLACK
6
CONTINUOUS
10
1.1670385433070867
20
1.4845202755905511
11
1.1524926377952756
21
1.499066220472441
0
LINE
8
BLACK
6
CONTINUOUS
10
1.1524926377952756
20
1.499066220472441
11
1.1519805511811023
21
1.499832559055118
0
LINE
8
BLACK
6
CONTINUOUS
10
1.1519805511811023
20
1.499832559055118
11
1.1519805511811023
21
1.5016405118110236
0
LINE
8
BLACK
6
CONTINUOUS
10
1.1519805511811023
20
1.5016405118110236
11
1.1532589763779528
21
1.5029189370078739
0
LINE
8
BLACK
6
CONTINUOUS
10
1.1532589763779528
20
1.5029189370078739
11
1.1550669291338582
21
1.5029189370078739
0
LINE
8
BLACK
6
CONTINUOUS
10
1.1550669291338582
20
1.5029189370078739
11
1.1558332677165355
21
1.5024068503937007
0
LINE
8
BLACK
6
CONTINUOUS
10
1.3246237401574803
20
1.5187959842519685
11
1.3246237401574803
21
1.5169880314960629
0
LINE
8
BLACK
6
CONTINUOUS
10
1.3246237401574803
20
1.5169880314960629
11
1.3241116535433071
21
1.5162216535433071
0
LINE
8
BLACK
6
CONTINUOUS
10
1.3241116535433071
20
1.5162216535433071
11
1.3095657086614172
21
1.5016757480314959
0
LINE
8
BLACK
6
CONTINUOUS
10
1.3095657086614172
20
1.5016757480314959
11
1.3087993700787401
21
1.5011636614173227
0
LINE
8
BLACK
6
CONTINUOUS
10
1.3087993700787401
20
1.5011636614173227
11
1.3069914173228345
21
1.5011636614173227
0
LINE
8
BLACK
6
CONTINUOUS
10
1.3069914173228345
20
1.5011636614173227
11
1.3057129921259842
21
1.5024420866141732
0
LINE
8
BLACK
6
CONTINUOUS
10
1.3057129921259842
20
1.5024420866141732
11
1.3057129921259842
21
1.5042500393700786
0
LINE
8
BLACK
6
CONTINUOUS
10
1.3057129921259842
20
1.5042500393700786
11
1.3062250787401575
21
1.5050163779527559
0
LINE
8
BLACK
6
CONTINUOUS
10
1.3062250787401575
20
1.5050163779527559
11
1.3207709842519684
21
1.5195623228346455
0
LINE
8
BLACK
6
CONTINUOUS
10
1.3207709842519684
20
1.5195623228346455
11
1.3215373622047244
21
1.5200744094488188
0
LINE
8
BLACK
6
CONTINUOUS
10
1.3215373622047244
20
1.5200744094488188
11
1.3233453149606298
21
1.5200744094488188
0
LINE
8
BLACK
6
CONTINUOUS
10
1.3233453149606298
20
1.5200744094488188
11
1.3246237401574803
21
1.5187959842519685
0
LINE
8
BLACK
6
CONTINUOUS
10
1.4020892913385827
20
1.5446878740157479
11
1.4024805511811023
21
1.5446385433070866
0
LINE
8
BLACK
6
CONTINUOUS
10
1.4024805511811023
20
1.5446385433070866
11
1.4058609448818897
21
1.5435117716535434
0
LINE
8
BLACK
6
CONTINUOUS
10
1.4058609448818897
20
1.5435117716535434
11
1.4059680708661417
21
1.5434507086614173
0
LINE
8
BLACK
6
CONTINUOUS
10
1.4059680708661417
20
1.5434507086614173
11
1.4060244881889763
21
1.5434507086614173
0
LINE
8
BLACK
6
CONTINUOUS
10
1.4060244881889763
20
1.5434507086614173
11
1.4063522047244095
21
1.5432317322834646
0
LINE
8
BLACK
6
CONTINUOUS
10
1.4063522047244095
20
1.5432317322834646
11
1.4066950787401575
21
1.5430362992125983
0
LINE
8
BLACK
6
CONTINUOUS
10
1.4066950787401575
20
1.5430362992125983
11
1.40672031496063
21
1.5429857874015747
0
LINE
8
BLACK
6
CONTINUOUS
10
1.40672031496063
20
1.5429857874015747
11
1.4068227952755905
21
1.5429173228346456
0
LINE
8
BLACK
6
CONTINUOUS
10
1.4068227952755905
20
1.5429173228346456
11
1.4079496062992125
21
1.5417905118110236
0
LINE
8
BLACK
6
CONTINUOUS
10
1.4079496062992125
20
1.5417905118110236
11
1.4080180708661416
21
1.541688031496063
0
LINE
8
BLACK
6
CONTINUOUS
10
1.4080180708661416
20
1.541688031496063
11
1.4080685433070865
21
1.5416627952755906
0
LINE
8
BLACK
6
CONTINUOUS
10
1.4080685433070865
20
1.5416627952755906
11
1.4082638976377952
21
1.5413201181102363
0
LINE
8
BLACK
6
CONTINUOUS
10
1.4082638976377952
20
1.5413201181102363
11
1.4084829921259843
21
1.5409922047244093
0
LINE
8
BLACK
6
CONTINUOUS
10
1.4084829921259843
20
1.5409922047244093
11
1.4084829921259843
21
1.5409358267716535
0
LINE
8
BLACK
6
CONTINUOUS
10
1.4084829921259843
20
1.5409358267716535
11
1.4085440551181101
21
1.5408287007874015
0
LINE
8
BLACK
6
CONTINUOUS
10
1.4085440551181101
20
1.5408287007874015
11
1.4096708661417323
21
1.5374482677165353
0
LINE
8
BLACK
6
CONTINUOUS
10
1.4096708661417323
20
1.5374482677165353
11
1.4097201968503936
21
1.5370567716535433
0
LINE
8
BLACK
6
CONTINUOUS
10
1.4097201968503936
20
1.5370567716535433
11
1.4097971259842519
21
1.536670157480315
0
LINE
8
BLACK
6
CONTINUOUS
10
1.4097971259842519
20
1.536670157480315
11
1.4097971259842519
21
1.5346235433070865
0
LINE
8
BLACK
6
CONTINUOUS
10
1.4097971259842519
20
1.5346235433070865
11
1.4118437401574804
21
1.5346235433070865
0
LINE
8
BLACK
6
CONTINUOUS
10
1.4118437401574804
20
1.5346235433070865
11
1.4122305511811024
21
1.5345466141732282
0
LINE
8
BLACK
6
CONTINUOUS
10
1.4122305511811024
20
1.5345466141732282
11
1.4126218503937007
21
1.5344972834645669
0
LINE
8
BLACK
6
CONTINUOUS
10
1.4126218503937007
20
1.5344972834645669
11
1.4160023228346457
21
1.5333704724409449
0
LINE
8
BLACK
6
CONTINUOUS
10
1.4160023228346457
20
1.5333704724409449
11
1.4161094488188977
21
1.5333094094488189
0
LINE
8
BLACK
6
CONTINUOUS
10
1.4161094488188977
20
1.5333094094488189
11
1.4161657874015747
21
1.5333094094488189
0
LINE
8
BLACK
6
CONTINUOUS
10
1.4161657874015747
20
1.5333094094488189
11
1.4164934251968504
21
1.5330905118110236
0
LINE
8
BLACK
6
CONTINUOUS
10
1.4164934251968504
20
1.5330905118110236
11
1.4168364173228347
21
1.5328949606299211
0
LINE
8
BLACK
6
CONTINUOUS
10
1.4168364173228347
20
1.5328949606299211
11
1.416861653543307
21
1.5328444881889765
0
LINE
8
BLACK
6
CONTINUOUS
10
1.416861653543307
20
1.5328444881889765
11
1.4169640944881889
21
1.5327760236220471
0
LINE
8
BLACK
6
CONTINUOUS
10
1.4169640944881889
20
1.5327760236220471
11
1.4214713385826772
21
1.5282687795275591
0
LINE
8
BLACK
6
CONTINUOUS
10
1.4214713385826772
20
1.5282687795275591
11
1.4215398031496063
21
1.5281662992125984
0
LINE
8
BLACK
6
CONTINUOUS
10
1.4215398031496063
20
1.5281662992125984
11
1.4215902755905512
21
1.5281410629921259
0
LINE
8
BLACK
6
CONTINUOUS
10
1.4215902755905512
20
1.5281410629921259
11
1.4217856299212599
21
1.5277983858267716
0
LINE
8
BLACK
6
CONTINUOUS
10
1.4217856299212599
20
1.5277983858267716
11
1.4220047244094487
21
1.5274704724409449
0
LINE
8
BLACK
6
CONTINUOUS
10
1.4220047244094487
20
1.5274704724409449
11
1.4220047244094487
21
1.5274140944881889
0
LINE
8
BLACK
6
CONTINUOUS
10
1.4220047244094487
20
1.5274140944881889
11
1.4220657874015747
21
1.5273069685039369
0
LINE
8
BLACK
6
CONTINUOUS
10
1.4220657874015747
20
1.5273069685039369
11
1.4231925984251967
21
1.5239265354330709
0
LINE
8
BLACK
6
CONTINUOUS
10
1.4231925984251967
20
1.5239265354330709
11
1.4232419291338583
21
1.5235350393700786
0
LINE
8
BLACK
6
CONTINUOUS
10
1.4232419291338583
20
1.5235350393700786
11
1.4233188582677165
21
1.5231484251968503
0
LINE
8
BLACK
6
CONTINUOUS
10
1.4233188582677165
20
1.5231484251968503
11
1.4233188582677165
21
1.5208948031496063
0
LINE
8
BLACK
6
CONTINUOUS
10
1.4233188582677165
20
1.5208948031496063
11
1.4232419291338583
21
1.5205082283464566
0
LINE
8
BLACK
6
CONTINUOUS
10
1.4232419291338583
20
1.5205082283464566
11
1.4231925984251967
21
1.5201166929133858
0
LINE
8
BLACK
6
CONTINUOUS
10
1.4231925984251967
20
1.5201166929133858
11
1.4220657874015747
21
1.5167362598425196
0
LINE
8
BLACK
6
CONTINUOUS
10
1.4220657874015747
20
1.5167362598425196
11
1.4220047244094487
21
1.5166291732283463
0
LINE
8
BLACK
6
CONTINUOUS
10
1.4220047244094487
20
1.5166291732283463
11
1.4220047244094487
21
1.5165727559055118
0
LINE
8
BLACK
6
CONTINUOUS
10
1.4220047244094487
20
1.5165727559055118
11
1.4217856299212599
21
1.5162448818897638
0
LINE
8
BLACK
6
CONTINUOUS
10
1.4217856299212599
20
1.5162448818897638
11
1.4215902755905512
21
1.5159021653543308
0
LINE
8
BLACK
6
CONTINUOUS
10
1.4215902755905512
20
1.5159021653543308
11
1.4215398031496063
21
1.5158769685039371
0
LINE
8
BLACK
6
CONTINUOUS
10
1.4215398031496063
20
1.5158769685039371
11
1.4214713385826772
21
1.5157744488188976
0
LINE
8
BLACK
6
CONTINUOUS
10
1.4214713385826772
20
1.5157744488188976
11
1.4169640944881889
21
1.5112672047244093
0
LINE
8
BLACK
6
CONTINUOUS
10
1.4169640944881889
20
1.5112672047244093
11
1.416861653543307
21
1.511198779527559
0
LINE
8
BLACK
6
CONTINUOUS
10
1.416861653543307
20
1.511198779527559
11
1.4168364173228347
21
1.5111482677165353
0
LINE
8
BLACK
6
CONTINUOUS
10
1.4168364173228347
20
1.5111482677165353
11
1.4164934251968504
21
1.5109527559055118
0
LINE
8
BLACK
6
CONTINUOUS
10
1.4164934251968504
20
1.5109527559055118
11
1.4161657874015747
21
1.5107338188976378
0
LINE
8
BLACK
6
CONTINUOUS
10
1.4161657874015747
20
1.5107338188976378
11
1.4161094488188977
21
1.5107338188976378
0
LINE
8
BLACK
6
CONTINUOUS
10
1.4161094488188977
20
1.5107338188976378
11
1.4160023228346457
21
1.5106727559055118
0
LINE
8
BLACK
6
CONTINUOUS
10
1.4160023228346457
20
1.5106727559055118
11
1.4126218503937007
21
1.5095459448818898
0
LINE
8
BLACK
6
CONTINUOUS
10
1.4126218503937007
20
1.5095459448818898
11
1.4122305511811024
21
1.509496653543307
0
LINE
8
BLACK
6
CONTINUOUS
10
1.4122305511811024
20
1.509496653543307
11
1.4118437401574804
21
1.50941968503937
0
LINE
8
BLACK
6
CONTINUOUS
10
1.4118437401574804
20
1.50941968503937
11
1.4095901181102362
21
1.50941968503937
0
LINE
8
BLACK
6
CONTINUOUS
10
1.4095901181102362
20
1.50941968503937
11
1.4092035039370079
21
1.5094966141732282
0
LINE
8
BLACK
6
CONTINUOUS
10
1.4092035039370079
20
1.5094966141732282
11
1.4088120078740156
21
1.5095459448818898
0
LINE
8
BLACK
6
CONTINUOUS
10
1.4088120078740156
20
1.5095459448818898
11
1.4054315748031496
21
1.5106727559055118
0
LINE
8
BLACK
6
CONTINUOUS
10
1.4054315748031496
20
1.5106727559055118
11
1.4053244488188976
21
1.5107338188976378
0
LINE
8
BLACK
6
CONTINUOUS
10
1.4053244488188976
20
1.5107338188976378
11
1.4052680708661418
21
1.5107338188976378
0
LINE
8
BLACK
6
CONTINUOUS
10
1.4052680708661418
20
1.5107338188976378
11
1.4049401574803149
21
1.5109529133858268
0
LINE
8
BLACK
6
CONTINUOUS
10
1.4049401574803149
20
1.5109529133858268
11
1.4045974803149606
21
1.5111482677165353
0
LINE
8
BLACK
6
CONTINUOUS
10
1.4045974803149606
20
1.5111482677165353
11
1.4045722440944881
21
1.5111987401574802
0
LINE
8
BLACK
6
CONTINUOUS
10
1.4045722440944881
20
1.5111987401574802
11
1.4044697637795276
21
1.5112672047244093
0
LINE
8
BLACK
6
CONTINUOUS
10
1.4044697637795276
20
1.5112672047244093
11
1.3999625196850394
21
1.5157744488188976
0
LINE
8
BLACK
6
CONTINUOUS
10
1.3999625196850394
20
1.5157744488188976
11
1.3998940551181103
21
1.5158768897637795
0
LINE
8
BLACK
6
CONTINUOUS
10
1.3998940551181103
20
1.5158768897637795
11
1.3998435826771654
21
1.515902125984252
0
LINE
8
BLACK
6
CONTINUOUS
10
1.3998435826771654
20
1.515902125984252
11
1.3996480314960629
21
1.5162451181102361
0
LINE
8
BLACK
6
CONTINUOUS
10
1.3996480314960629
20
1.5162451181102361
11
1.3994291338582676
21
1.5165727559055118
0
LINE
8
BLACK
6
CONTINUOUS
10
1.3994291338582676
20
1.5165727559055118
11
1.3994291338582676
21
1.5166291338582676
0
LINE
8
BLACK
6
CONTINUOUS
10
1.3994291338582676
20
1.5166291338582676
11
1.3993680708661418
21
1.5167362204724408
0
LINE
8
BLACK
6
CONTINUOUS
10
1.3993680708661418
20
1.5167362204724408
11
1.3982412598425196
21
1.5201166929133858
0
LINE
8
BLACK
6
CONTINUOUS
10
1.3982412598425196
20
1.5201166929133858
11
1.3981919291338583
21
1.5205079921259843
0
LINE
8
BLACK
6
CONTINUOUS
10
1.3981919291338583
20
1.5205079921259843
11
1.398115
21
1.5208948031496063
0
LINE
8
BLACK
6
CONTINUOUS
10
1.398115
20
1.5208948031496063
11
1.398115
21
1.5229414173228346
0
LINE
8
BLACK
6
CONTINUOUS
10
1.398115
20
1.5229414173228346
11
1.3960683858267717
21
1.5229414173228346
0
LINE
8
BLACK
6
CONTINUOUS
10
1.3960683858267717
20
1.5229414173228346
11
1.3956817716535432
21
1.5230183464566929
0
LINE
8
BLACK
6
CONTINUOUS
10
1.3956817716535432
20
1.5230183464566929
11
1.3952902755905512
21
1.5230676771653544
0
LINE
8
BLACK
6
CONTINUOUS
10
1.3952902755905512
20
1.5230676771653544
11
1.391909842519685
21
1.5241944881889764
0
LINE
8
BLACK
6
CONTINUOUS
10
1.391909842519685
20
1.5241944881889764
11
1.391802716535433
21
1.5242555511811022
0
LINE
8
BLACK
6
CONTINUOUS
10
1.391802716535433
20
1.5242555511811022
11
1.3917463385826772
21
1.5242555511811022
0
LINE
8
BLACK
6
CONTINUOUS
10
1.3917463385826772
20
1.5242555511811022
11
1.3914184251968504
21
1.5244746456692913
0
LINE
8
BLACK
6
CONTINUOUS
10
1.3914184251968504
20
1.5244746456692913
11
1.3910757480314961
21
1.52467
0
LINE
8
BLACK
6
CONTINUOUS
10
1.3910757480314961
20
1.52467
11
1.3910505118110237
21
1.5247204724409449
0
LINE
8
BLACK
6
CONTINUOUS
10
1.3910505118110237
20
1.5247204724409449
11
1.3909480314960629
21
1.524788937007874
0
LINE
8
BLACK
6
CONTINUOUS
10
1.3909480314960629
20
1.524788937007874
11
1.3898212204724409
21
1.525915748031496
0
LINE
8
BLACK
6
CONTINUOUS
10
1.3898212204724409
20
1.525915748031496
11
1.3897527559055118
21
1.526018188976378
0
LINE
8
BLACK
6
CONTINUOUS
10
1.3897527559055118
20
1.526018188976378
11
1.3897022834645669
21
1.5260434251968504
0
LINE
8
BLACK
6
CONTINUOUS
10
1.3897022834645669
20
1.5260434251968504
11
1.3895067322834644
21
1.5263864173228345
0
LINE
8
BLACK
6
CONTINUOUS
10
1.3895067322834644
20
1.5263864173228345
11
1.3892878346456692
21
1.5267140551181102
0
LINE
8
BLACK
6
CONTINUOUS
10
1.3892878346456692
20
1.5267140551181102
11
1.3892878346456692
21
1.526770433070866
0
LINE
8
BLACK
6
CONTINUOUS
10
1.3892878346456692
20
1.526770433070866
11
1.3892267716535434
21
1.5268775196850393
0
LINE
8
BLACK
6
CONTINUOUS
10
1.3892267716535434
20
1.5268775196850393
11
1.3880999606299211
21
1.5302579921259842
0
LINE
8
BLACK
6
CONTINUOUS
10
1.3880999606299211
20
1.5302579921259842
11
1.3880506299212598
21
1.5306492913385827
0
LINE
8
BLACK
6
CONTINUOUS
10
1.3880506299212598
20
1.5306492913385827
11
1.3879737007874016
21
1.5310361023622048
0
LINE
8
BLACK
6
CONTINUOUS
10
1.3879737007874016
20
1.5310361023622048
11
1.3879737007874016
21
1.5332897244094488
0
LINE
8
BLACK
6
CONTINUOUS
10
1.3879737007874016
20
1.5332897244094488
11
1.3880506299212598
21
1.5336765748031496
0
LINE
8
BLACK
6
CONTINUOUS
10
1.3880506299212598
20
1.5336765748031496
11
1.3880999606299211
21
1.5340678346456693
0
LINE
8
BLACK
6
CONTINUOUS
10
1.3880999606299211
20
1.5340678346456693
11
1.3892267716535434
21
1.5374483070866141
0
LINE
8
BLACK
6
CONTINUOUS
10
1.3892267716535434
20
1.5374483070866141
11
1.3892878346456692
21
1.5375554330708661
0
LINE
8
BLACK
6
CONTINUOUS
10
1.3892878346456692
20
1.5375554330708661
11
1.3892878346456692
21
1.5376117716535433
0
LINE
8
BLACK
6
CONTINUOUS
10
1.3892878346456692
20
1.5376117716535433
11
1.3895067322834644
21
1.5379394488188975
0
LINE
8
BLACK
6
CONTINUOUS
10
1.3895067322834644
20
1.5379394488188975
11
1.3897022834645669
21
1.5382824015748031
0
LINE
8
BLACK
6
CONTINUOUS
10
1.3897022834645669
20
1.5382824015748031
11
1.3897527559055118
21
1.5383076771653543
0
LINE
8
BLACK
6
CONTINUOUS
10
1.3897527559055118
20
1.5383076771653543
11
1.3898212204724409
21
1.5384100787401573
0
LINE
8
BLACK
6
CONTINUOUS
10
1.3898212204724409
20
1.5384100787401573
11
1.3943284645669292
21
1.5429173228346456
0
LINE
8
BLACK
6
CONTINUOUS
10
1.3943284645669292
20
1.5429173228346456
11
1.3944309055118109
21
1.5429857874015747
0
LINE
8
BLACK
6
CONTINUOUS
10
1.3944309055118109
20
1.5429857874015747
11
1.3944561811023621
21
1.5430362992125983
0
LINE
8
BLACK
6
CONTINUOUS
10
1.3944561811023621
20
1.5430362992125983
11
1.394799094488189
21
1.5432318110236221
0
LINE
8
BLACK
6
CONTINUOUS
10
1.394799094488189
20
1.5432318110236221
11
1.3951267716535434
21
1.5434507086614173
0
LINE
8
BLACK
6
CONTINUOUS
10
1.3951267716535434
20
1.5434507086614173
11
1.3951831496062992
21
1.5434507086614173
0
LINE
8
BLACK
6
CONTINUOUS
10
1.3951831496062992
20
1.5434507086614173
11
1.3952902755905512
21
1.5435117716535434
0
LINE
8
BLACK
6
CONTINUOUS
10
1.3952902755905512
20
1.5435117716535434
11
1.3986707086614172
21
1.5446385433070866
0
LINE
8
BLACK
6
CONTINUOUS
10
1.3986707086614172
20
1.5446385433070866
11
1.3990619685039369
21
1.5446878740157479
0
LINE
8
BLACK
6
CONTINUOUS
10
1.3990619685039369
20
1.5446878740157479
11
1.3994488188976377
21
1.5447648031496062
0
LINE
8
BLACK
6
CONTINUOUS
10
1.3994488188976377
20
1.5447648031496062
11
1.4017024409448819
21
1.5447648031496062
0
LINE
8
BLACK
6
CONTINUOUS
10
1.4017024409448819
20
1.5447648031496062
11
1.4020892913385827
21
1.5446878740157479
0
LINE
8
BLACK
6
CONTINUOUS
10
1.4075388188976377
20
1.5288854330708661
11
1.4038531102362204
21
1.5251997244094488
0
LINE
8
BLACK
6
CONTINUOUS
10
1.4038531102362204
20
1.5251997244094488
11
1.4030362598425197
21
1.522749094488189
0
LINE
8
BLACK
6
CONTINUOUS
10
1.4030362598425197
20
1.522749094488189
11
1.4030362598425197
21
1.5212941338582677
0
LINE
8
BLACK
6
CONTINUOUS
10
1.4030362598425197
20
1.5212941338582677
11
1.4038531102362204
21
1.5188435433070866
0
LINE
8
BLACK
6
CONTINUOUS
10
1.4038531102362204
20
1.5188435433070866
11
1.4075388188976377
21
1.5151578346456693
0
LINE
8
BLACK
6
CONTINUOUS
10
1.4075388188976377
20
1.5151578346456693
11
1.4099894881889763
21
1.5143409448818896
0
LINE
8
BLACK
6
CONTINUOUS
10
1.4099894881889763
20
1.5143409448818896
11
1.4114444094488188
21
1.5143409448818896
0
LINE
8
BLACK
6
CONTINUOUS
10
1.4114444094488188
20
1.5143409448818896
11
1.4138949999999999
21
1.5151578346456693
0
LINE
8
BLACK
6
CONTINUOUS
10
1.4138949999999999
20
1.5151578346456693
11
1.4175807086614174
21
1.5188435433070866
0
LINE
8
BLACK
6
CONTINUOUS
10
1.4175807086614174
20
1.5188435433070866
11
1.4183975984251969
21
1.5212941732283465
0
LINE
8
BLACK
6
CONTINUOUS
10
1.4183975984251969
20
1.5212941732283465
11
1.4183975984251969
21
1.522749094488189
0
LINE
8
BLACK
6
CONTINUOUS
10
1.4183975984251969
20
1.522749094488189
11
1.4175807086614174
21
1.5251997244094488
0
LINE
8
BLACK
6
CONTINUOUS
10
1.4175807086614174
20
1.5251997244094488
11
1.4138949999999999
21
1.5288854330708661
0
LINE
8
BLACK
6
CONTINUOUS
10
1.4138949999999999
20
1.5288854330708661
11
1.4114444094488188
21
1.5297022834645668
0
LINE
8
BLACK
6
CONTINUOUS
10
1.4114444094488188
20
1.5297022834645668
11
1.4099894881889763
21
1.5297022834645668
0
LINE
8
BLACK
6
CONTINUOUS
10
1.4099894881889763
20
1.5297022834645668
11
1.4075388188976377
21
1.5288854330708661
0
LINE
8
BLACK
6
CONTINUOUS
10
1.3973975196850394
20
1.5390267322834645
11
1.393711811023622
21
1.5353410236220473
0
LINE
8
BLACK
6
CONTINUOUS
10
1.393711811023622
20
1.5353410236220473
11
1.3928949606299212
21
1.5328903937007874
0
LINE
8
BLACK
6
CONTINUOUS
10
1.3928949606299212
20
1.5328903937007874
11
1.3928949606299212
21
1.5314354330708662
0
LINE
8
BLACK
6
CONTINUOUS
10
1.3928949606299212
20
1.5314354330708662
11
1.393711811023622
21
1.528984842519685
0
LINE
8
BLACK
6
CONTINUOUS
10
1.393711811023622
20
1.528984842519685
11
1.3940170866141732
21
1.5286795669291338
0
LINE
8
BLACK
6
CONTINUOUS
10
1.3940170866141732
20
1.5286795669291338
11
1.3964677559055119
21
1.5278626771653543
0
LINE
8
BLACK
6
CONTINUOUS
10
1.3964677559055119
20
1.5278626771653543
11
1.3979226771653543
21
1.5278626771653543
0
LINE
8
BLACK
6
CONTINUOUS
10
1.3979226771653543
20
1.5278626771653543
11
1.4003732677165355
21
1.5286795669291338
0
LINE
8
BLACK
6
CONTINUOUS
10
1.4003732677165355
20
1.5286795669291338
11
1.4040589763779527
21
1.5323652755905512
0
LINE
8
BLACK
6
CONTINUOUS
10
1.4040589763779527
20
1.5323652755905512
11
1.4048758661417322
21
1.5348159055118109
0
LINE
8
BLACK
6
CONTINUOUS
10
1.4048758661417322
20
1.5348159055118109
11
1.4048758661417322
21
1.5362708267716536
0
LINE
8
BLACK
6
CONTINUOUS
10
1.4048758661417322
20
1.5362708267716536
11
1.4040589763779527
21
1.5387214566929133
0
LINE
8
BLACK
6
CONTINUOUS
10
1.4040589763779527
20
1.5387214566929133
11
1.4037537007874015
21
1.5390267322834645
0
LINE
8
BLACK
6
CONTINUOUS
10
1.4037537007874015
20
1.5390267322834645
11
1.4013031102362203
21
1.5398435433070865
0
LINE
8
BLACK
6
CONTINUOUS
10
1.4013031102362203
20
1.5398435433070865
11
1.3998481102362204
21
1.5398435433070865
0
LINE
8
BLACK
6
CONTINUOUS
10
1.3998481102362204
20
1.5398435433070865
11
1.3973975196850394
21
1.5390267322834645
0
LINE
8
BLACK
6
CONTINUOUS
10
1.4257522834645668
20
1.566097283464567
11
1.4261435826771653
21
1.5660479527559055
0
LINE
8
BLACK
6
CONTINUOUS
10
1.4261435826771653
20
1.5660479527559055
11
1.4295240157480316
21
1.5649211417322835
0
LINE
8
BLACK
6
CONTINUOUS
10
1.4295240157480316
20
1.5649211417322835
11
1.4297582677165355
21
1.5647875984251969
0
LINE
8
BLACK
6
CONTINUOUS
10
1.4297582677165355
20
1.5647875984251969
11
1.4300118503937007
21
1.5646967322834646
0
LINE
8
BLACK
6
CONTINUOUS
10
1.4300118503937007
20
1.5646967322834646
11
1.4356459055118109
21
1.5613162992125984
0
LINE
8
BLACK
6
CONTINUOUS
10
1.4356459055118109
20
1.5613162992125984
11
1.4358691732283464
21
1.5611137401574804
0
LINE
8
BLACK
6
CONTINUOUS
10
1.4358691732283464
20
1.5611137401574804
11
1.4361198425196851
21
1.5609462598425197
0
LINE
8
BLACK
6
CONTINUOUS
10
1.4361198425196851
20
1.5609462598425197
11
1.439500275590551
21
1.5575658267716534
0
LINE
8
BLACK
6
CONTINUOUS
10
1.439500275590551
20
1.5575658267716534
11
1.4396677559055118
21
1.5573151968503938
0
LINE
8
BLACK
6
CONTINUOUS
10
1.4396677559055118
20
1.5573151968503938
11
1.4398703149606298
21
1.5570918897637795
0
LINE
8
BLACK
6
CONTINUOUS
10
1.4398703149606298
20
1.5570918897637795
11
1.443250748031496
21
1.5514578346456693
0
LINE
8
BLACK
6
CONTINUOUS
10
1.443250748031496
20
1.5514578346456693
11
1.4433416141732283
21
1.5512041732283464
0
LINE
8
BLACK
6
CONTINUOUS
10
1.4433416141732283
20
1.5512041732283464
11
1.4434751574803149
21
1.5509699606299212
0
LINE
8
BLACK
6
CONTINUOUS
10
1.4434751574803149
20
1.5509699606299212
11
1.4446019685039371
21
1.547589527559055
0
LINE
8
BLACK
6
CONTINUOUS
10
1.4446019685039371
20
1.547589527559055
11
1.4446512992125984
21
1.5471980314960629
0
LINE
8
BLACK
6
CONTINUOUS
10
1.4446512992125984
20
1.5471980314960629
11
1.4447282283464566
21
1.5468114173228347
0
LINE
8
BLACK
6
CONTINUOUS
10
1.4447282283464566
20
1.5468114173228347
11
1.4447282283464566
21
1.5423041732283465
0
LINE
8
BLACK
6
CONTINUOUS
10
1.4447282283464566
20
1.5423041732283465
11
1.4447041732283463
21
1.5421832677165355
0
LINE
8
BLACK
6
CONTINUOUS
10
1.4447041732283463
20
1.5421832677165355
11
1.4447220078740157
21
1.5421297637795275
0
LINE
8
BLACK
6
CONTINUOUS
10
1.4447220078740157
20
1.5421297637795275
11
1.4446178346456693
21
1.5417494488188976
0
LINE
8
BLACK
6
CONTINUOUS
10
1.4446178346456693
20
1.5417494488188976
11
1.444540905511811
21
1.5413625196850393
0
LINE
8
BLACK
6
CONTINUOUS
10
1.444540905511811
20
1.5413625196850393
11
1.4445009842519685
21
1.5413226377952756
0
LINE
8
BLACK
6
CONTINUOUS
10
1.4445009842519685
20
1.5413226377952756
11
1.444468464566929
21
1.5412037401574803
0
LINE
8
BLACK
6
CONTINUOUS
10
1.444468464566929
20
1.5412037401574803
11
1.442214842519685
21
1.5366965354330708
0
LINE
8
BLACK
6
CONTINUOUS
10
1.442214842519685
20
1.5366965354330708
11
1.441972874015748
21
1.5363848425196851
0
LINE
8
BLACK
6
CONTINUOUS
10
1.441972874015748
20
1.5363848425196851
11
1.4417538976377953
21
1.5360570472440944
0
LINE
8
BLACK
6
CONTINUOUS
10
1.4417538976377953
20
1.5360570472440944
11
1.439500275590551
21
1.5338034251968504
0
LINE
8
BLACK
6
CONTINUOUS
10
1.439500275590551
20
1.5338034251968504
11
1.4391726377952756
21
1.5335845275590552
0
LINE
8
BLACK
6
CONTINUOUS
10
1.4391726377952756
20
1.5335845275590552
11
1.4388607874015749
21
1.5333424803149607
0
LINE
8
BLACK
6
CONTINUOUS
10
1.4388607874015749
20
1.5333424803149607
11
1.4343535433070866
21
1.5310888582677165
0
LINE
8
BLACK
6
CONTINUOUS
10
1.4343535433070866
20
1.5310888582677165
11
1.4342346456692914
21
1.5310563385826772
0
LINE
8
BLACK
6
CONTINUOUS
10
1.4342346456692914
20
1.5310563385826772
11
1.4341947637795276
21
1.5310164173228347
0
LINE
8
BLACK
6
CONTINUOUS
10
1.4341947637795276
20
1.5310164173228347
11
1.4338078346456693
21
1.5309394881889764
0
LINE
8
BLACK
6
CONTINUOUS
10
1.4338078346456693
20
1.5309394881889764
11
1.4334275196850392
21
1.53083531496063
0
LINE
8
BLACK
6
CONTINUOUS
10
1.4334275196850392
20
1.53083531496063
11
1.4333740157480315
21
1.5308531496062991
0
LINE
8
BLACK
6
CONTINUOUS
10
1.4333740157480315
20
1.5308531496062991
11
1.4332531102362205
21
1.530829094488189
0
LINE
8
BLACK
6
CONTINUOUS
10
1.4332531102362205
20
1.530829094488189
11
1.4309994881889763
21
1.530829094488189
0
LINE
8
BLACK
6
CONTINUOUS
10
1.4309994881889763
20
1.530829094488189
11
1.4300578346456692
21
1.5310164173228347
0
LINE
8
BLACK
6
CONTINUOUS
10
1.4300578346456692
20
1.5310164173228347
11
1.4287261811023622
21
1.5323480708661417
0
LINE
8
BLACK
6
CONTINUOUS
10
1.4287261811023622
20
1.5323480708661417
11
1.4287261811023622
21
1.5342313779527559
0
LINE
8
BLACK
6
CONTINUOUS
10
1.4287261811023622
20
1.5342313779527559
11
1.4300578346456692
21
1.5355630314960629
0
LINE
8
BLACK
6
CONTINUOUS
10
1.4300578346456692
20
1.5355630314960629
11
1.4309994881889763
21
1.5357503543307087
0
LINE
8
BLACK
6
CONTINUOUS
10
1.4309994881889763
20
1.5357503543307087
11
1.4326722047244094
21
1.5357503543307087
0
LINE
8
BLACK
6
CONTINUOUS
10
1.4326722047244094
20
1.5357503543307087
11
1.4363028346456692
21
1.5375656692913386
0
LINE
8
BLACK
6
CONTINUOUS
10
1.4363028346456692
20
1.5375656692913386
11
1.437991653543307
21
1.539254527559055
0
LINE
8
BLACK
6
CONTINUOUS
10
1.437991653543307
20
1.539254527559055
11
1.439806968503937
21
1.5428851181102361
0
LINE
8
BLACK
6
CONTINUOUS
10
1.439806968503937
20
1.5428851181102361
11
1.439806968503937
21
1.5464120866141733
0
LINE
8
BLACK
6
CONTINUOUS
10
1.439806968503937
20
1.5464120866141733
11
1.4388917716535432
21
1.5491575984251968
0
LINE
8
BLACK
6
CONTINUOUS
10
1.4388917716535432
20
1.5491575984251968
11
1.4358062204724409
21
1.5543001968503936
0
LINE
8
BLACK
6
CONTINUOUS
10
1.4358062204724409
20
1.5543001968503936
11
1.4328541732283464
21
1.5572522440944883
0
LINE
8
BLACK
6
CONTINUOUS
10
1.4328541732283464
20
1.5572522440944883
11
1.4277115354330709
21
1.5603378346456693
0
LINE
8
BLACK
6
CONTINUOUS
10
1.4277115354330709
20
1.5603378346456693
11
1.4249661417322834
21
1.5612529527559054
0
LINE
8
BLACK
6
CONTINUOUS
10
1.4249661417322834
20
1.5612529527559054
11
1.4214391338582677
21
1.5612529527559054
0
LINE
8
BLACK
6
CONTINUOUS
10
1.4214391338582677
20
1.5612529527559054
11
1.4178085039370079
21
1.5594376377952754
0
LINE
8
BLACK
6
CONTINUOUS
10
1.4178085039370079
20
1.5594376377952754
11
1.41611968503937
21
1.5577488188976378
0
LINE
8
BLACK
6
CONTINUOUS
10
1.41611968503937
20
1.5577488188976378
11
1.4143043700787401
21
1.554118188976378
0
LINE
8
BLACK
6
CONTINUOUS
10
1.4143043700787401
20
1.554118188976378
11
1.4143043700787401
21
1.5524454724409449
0
LINE
8
BLACK
6
CONTINUOUS
10
1.4143043700787401
20
1.5524454724409449
11
1.4141170472440945
21
1.5515038188976378
0
LINE
8
BLACK
6
CONTINUOUS
10
1.4141170472440945
20
1.5515038188976378
11
1.4127853937007873
21
1.5501721653543308
0
LINE
8
BLACK
6
CONTINUOUS
10
1.4127853937007873
20
1.5501721653543308
11
1.4109020866141733
21
1.5501721653543308
0
LINE
8
BLACK
6
CONTINUOUS
10
1.4109020866141733
20
1.5501721653543308
11
1.409570433070866
21
1.5515038188976378
0
LINE
8
BLACK
6
CONTINUOUS
10
1.409570433070866
20
1.5515038188976378
11
1.4093831102362204
21
1.5524454724409449
0
LINE
8
BLACK
6
CONTINUOUS
10
1.4093831102362204
20
1.5524454724409449
11
1.4093831102362204
21
1.5546990944881889
0
LINE
8
BLACK
6
CONTINUOUS
10
1.4093831102362204
20
1.5546990944881889
11
1.409407125984252
21
1.5548200393700786
0
LINE
8
BLACK
6
CONTINUOUS
10
1.409407125984252
20
1.5548200393700786
11
1.4093893307086613
21
1.5548735039370079
0
LINE
8
BLACK
6
CONTINUOUS
10
1.4093893307086613
20
1.5548735039370079
11
1.409493464566929
21
1.5552538582677164
0
LINE
8
BLACK
6
CONTINUOUS
10
1.409493464566929
20
1.5552538582677164
11
1.409570433070866
21
1.555640748031496
0
LINE
8
BLACK
6
CONTINUOUS
10
1.409570433070866
20
1.555640748031496
11
1.4096103149606298
21
1.5556806692913385
0
LINE
8
BLACK
6
CONTINUOUS
10
1.4096103149606298
20
1.5556806692913385
11
1.4096428740157481
21
1.555799527559055
0
LINE
8
BLACK
6
CONTINUOUS
10
1.4096428740157481
20
1.555799527559055
11
1.4118964960629921
21
1.5603067716535433
0
LINE
8
BLACK
6
CONTINUOUS
10
1.4118964960629921
20
1.5603067716535433
11
1.4121385039370078
21
1.5606186614173228
0
LINE
8
BLACK
6
CONTINUOUS
10
1.4121385039370078
20
1.5606186614173228
11
1.4123574409448818
21
1.5609462598425197
0
LINE
8
BLACK
6
CONTINUOUS
10
1.4123574409448818
20
1.5609462598425197
11
1.414611062992126
21
1.5631998818897637
0
LINE
8
BLACK
6
CONTINUOUS
10
1.414611062992126
20
1.5631998818897637
11
1.4149386614173227
21
1.5634188188976377
0
LINE
8
BLACK
6
CONTINUOUS
10
1.4149386614173227
20
1.5634188188976377
11
1.4152505511811024
21
1.5636608267716534
0
LINE
8
BLACK
6
CONTINUOUS
10
1.4152505511811024
20
1.5636608267716534
11
1.4197577952755904
21
1.5659144488188976
0
LINE
8
BLACK
6
CONTINUOUS
10
1.4197577952755904
20
1.5659144488188976
11
1.4198766535433069
21
1.5659470078740156
0
LINE
8
BLACK
6
CONTINUOUS
10
1.4198766535433069
20
1.5659470078740156
11
1.4199165748031495
21
1.5659868897637794
0
LINE
8
BLACK
6
CONTINUOUS
10
1.4199165748031495
20
1.5659868897637794
11
1.420303464566929
21
1.5660638582677164
0
LINE
8
BLACK
6
CONTINUOUS
10
1.420303464566929
20
1.5660638582677164
11
1.4206838188976378
21
1.5661679921259841
0
LINE
8
BLACK
6
CONTINUOUS
10
1.4206838188976378
20
1.5661679921259841
11
1.4207372834645668
21
1.5661501968503937
0
LINE
8
BLACK
6
CONTINUOUS
10
1.4207372834645668
20
1.5661501968503937
11
1.4208582283464566
21
1.5661742125984253
0
LINE
8
BLACK
6
CONTINUOUS
10
1.4208582283464566
20
1.5661742125984253
11
1.4253654724409448
21
1.5661742125984253
0
LINE
8
BLACK
6
CONTINUOUS
10
1.4253654724409448
20
1.5661742125984253
11
1.4257522834645668
21
1.566097283464567
0
LINE
8
BLACK
6
CONTINUOUS
10
1.3381090157480315
20
1.6046234645669291
11
1.3526549606299212
21
1.5900775590551182
0
LINE
8
BLACK
6
CONTINUOUS
10
1.3526549606299212
20
1.5900775590551182
11
1.3531670472440944
21
1.5893111811023621
0
LINE
8
BLACK
6
CONTINUOUS
10
1.3531670472440944
20
1.5893111811023621
11
1.3531670472440944
21
1.5875032283464567
0
LINE
8
BLACK
6
CONTINUOUS
10
1.3531670472440944
20
1.5875032283464567
11
1.3518886220472441
21
1.5862248031496062
0
LINE
8
BLACK
6
CONTINUOUS
10
1.3518886220472441
20
1.5862248031496062
11
1.3500806692913385
21
1.5862248031496062
0
LINE
8
BLACK
6
CONTINUOUS
10
1.3500806692913385
20
1.5862248031496062
11
1.3493142913385827
21
1.5867368897637795
0
LINE
8
BLACK
6
CONTINUOUS
10
1.3493142913385827
20
1.5867368897637795
11
1.3347683858267716
21
1.6012828346456693
0
LINE
8
BLACK
6
CONTINUOUS
10
1.3347683858267716
20
1.6012828346456693
11
1.3342562992125984
21
1.6020491732283464
0
LINE
8
BLACK
6
CONTINUOUS
10
1.3342562992125984
20
1.6020491732283464
11
1.3342562992125984
21
1.603857125984252
0
LINE
8
BLACK
6
CONTINUOUS
10
1.3342562992125984
20
1.603857125984252
11
1.3355347244094489
21
1.6051355511811023
0
LINE
8
BLACK
6
CONTINUOUS
10
1.3355347244094489
20
1.6051355511811023
11
1.3373426771653543
21
1.6051355511811023
0
LINE
8
BLACK
6
CONTINUOUS
10
1.3373426771653543
20
1.6051355511811023
11
1.3381090157480315
21
1.6046234645669291
0
LINE
8
BLACK
6
CONTINUOUS
10
1.1626633858267716
20
1.6290097244094488
11
1.1632589370078741
21
1.6272230708661417
0
LINE
8
BLACK
6
CONTINUOUS
10
1.1632589370078741
20
1.6272230708661417
11
1.1624167322834646
21
1.6255386614173228
0
LINE
8
BLACK
6
CONTINUOUS
10
1.1624167322834646
20
1.6255386614173228
11
1.1615826377952756
21
1.6250631496062993
0
LINE
8
BLACK
6
CONTINUOUS
10
1.1615826377952756
20
1.6250631496062993
11
1.1582021653543306
21
1.6239363385826771
0
LINE
8
BLACK
6
CONTINUOUS
10
1.1582021653543306
20
1.6239363385826771
11
1.1578108661417323
21
1.6238870472440945
0
LINE
8
BLACK
6
CONTINUOUS
10
1.1578108661417323
20
1.6238870472440945
11
1.1574240551181103
21
1.6238100787401575
0
LINE
8
BLACK
6
CONTINUOUS
10
1.1574240551181103
20
1.6238100787401575
11
1.1543500393700787
21
1.6238100787401575
0
LINE
8
BLACK
6
CONTINUOUS
10
1.1543500393700787
20
1.6238100787401575
11
1.170945748031496
21
1.60721437007874
0
LINE
8
BLACK
6
CONTINUOUS
10
1.170945748031496
20
1.60721437007874
11
1.1759666929133858
21
1.6122352755905511
0
LINE
8
BLACK
6
CONTINUOUS
10
1.1759666929133858
20
1.6122352755905511
11
1.1767650000000001
21
1.6127686614173229
0
LINE
8
BLACK
6
CONTINUOUS
10
1.1767650000000001
20
1.6127686614173229
11
1.1786482677165353
21
1.6127686614173229
0
LINE
8
BLACK
6
CONTINUOUS
10
1.1786482677165353
20
1.6127686614173229
11
1.1799799606299213
21
1.6114369685039369
0
LINE
8
BLACK
6
CONTINUOUS
10
1.1799799606299213
20
1.6114369685039369
11
1.1799799606299213
21
1.6095537007874015
0
LINE
8
BLACK
6
CONTINUOUS
10
1.1799799606299213
20
1.6095537007874015
11
1.1794465748031495
21
1.6087553937007875
0
LINE
8
BLACK
6
CONTINUOUS
10
1.1794465748031495
20
1.6087553937007875
11
1.1659248425196851
21
1.5952337007874016
0
LINE
8
BLACK
6
CONTINUOUS
10
1.1659248425196851
20
1.5952337007874016
11
1.1651265354330709
21
1.5947003149606298
0
LINE
8
BLACK
6
CONTINUOUS
10
1.1651265354330709
20
1.5947003149606298
11
1.1632433070866142
21
1.5947003149606298
0
LINE
8
BLACK
6
CONTINUOUS
10
1.1632433070866142
20
1.5947003149606298
11
1.1619116141732284
21
1.5960320078740158
0
LINE
8
BLACK
6
CONTINUOUS
10
1.1619116141732284
20
1.5960320078740158
11
1.1619116141732284
21
1.5979152362204725
0
LINE
8
BLACK
6
CONTINUOUS
10
1.1619116141732284
20
1.5979152362204725
11
1.162445
21
1.5987135433070865
0
LINE
8
BLACK
6
CONTINUOUS
10
1.162445
20
1.5987135433070865
11
1.1674659055118111
21
1.6037345275590551
0
LINE
8
BLACK
6
CONTINUOUS
10
1.1674659055118111
20
1.6037345275590551
11
1.1455428346456693
21
1.6256575984251969
0
LINE
8
BLACK
6
CONTINUOUS
10
1.1455428346456693
20
1.6256575984251969
11
1.1450094488188975
21
1.6264559055118111
0
LINE
8
BLACK
6
CONTINUOUS
10
1.1450094488188975
20
1.6264559055118111
11
1.1450094488188975
21
1.6267092519685038
0
LINE
8
BLACK
6
CONTINUOUS
10
1.1450094488188975
20
1.6267092519685038
11
1.144868937007874
21
1.6269199999999999
0
LINE
8
BLACK
6
CONTINUOUS
10
1.144868937007874
20
1.6269199999999999
11
1.1450094488188975
21
1.6276225984251969
0
LINE
8
BLACK
6
CONTINUOUS
10
1.1450094488188975
20
1.6276225984251969
11
1.1450094488188975
21
1.6283391338582678
0
LINE
8
BLACK
6
CONTINUOUS
10
1.1450094488188975
20
1.6283391338582678
11
1.1451885433070865
21
1.6285182677165353
0
LINE
8
BLACK
6
CONTINUOUS
10
1.1451885433070865
20
1.6285182677165353
11
1.1452382677165354
21
1.6287667322834645
0
LINE
8
BLACK
6
CONTINUOUS
10
1.1452382677165354
20
1.6287667322834645
11
1.1458345275590551
21
1.6291642519685039
0
LINE
8
BLACK
6
CONTINUOUS
10
1.1458345275590551
20
1.6291642519685039
11
1.1463411417322835
21
1.6296708267716535
0
LINE
8
BLACK
6
CONTINUOUS
10
1.1463411417322835
20
1.6296708267716535
11
1.1465944488188977
21
1.6296708267716535
0
LINE
8
BLACK
6
CONTINUOUS
10
1.1465944488188977
20
1.6296708267716535
11
1.1468052362204724
21
1.6298113385826771
0
LINE
8
BLACK
6
CONTINUOUS
10
1.1468052362204724
20
1.6298113385826771
11
1.1477653149606299
21
1.6298103543307085
0
LINE
8
BLACK
6
CONTINUOUS
10
1.1477653149606299
20
1.6298103543307085
11
1.1531603937007873
21
1.6287313385826772
0
LINE
8
BLACK
6
CONTINUOUS
10
1.1531603937007873
20
1.6287313385826772
11
1.1570247244094487
21
1.6287313385826772
0
LINE
8
BLACK
6
CONTINUOUS
10
1.1570247244094487
20
1.6287313385826772
11
1.160026377952756
21
1.6297318897637796
0
LINE
8
BLACK
6
CONTINUOUS
10
1.160026377952756
20
1.6297318897637796
11
1.160978937007874
21
1.629851968503937
0
LINE
8
BLACK
6
CONTINUOUS
10
1.160978937007874
20
1.629851968503937
11
1.1626633858267716
21
1.6290097244094488
0
LINE
8
BLACK
6
CONTINUOUS
10
1.1785947637795275
20
1.6581069291338582
11
1.1789818897637796
21
1.6572283464566928
0
LINE
8
BLACK
6
CONTINUOUS
10
1.1789818897637796
20
1.6572283464566928
11
1.1833336614173229
21
1.6376452362204723
0
LINE
8
BLACK
6
CONTINUOUS
10
1.1833336614173229
20
1.6376452362204723
11
1.1940950787401574
21
1.6268838582677165
0
LINE
8
BLACK
6
CONTINUOUS
10
1.1940950787401574
20
1.6268838582677165
11
1.1946284645669292
21
1.6260855511811023
0
LINE
8
BLACK
6
CONTINUOUS
10
1.1946284645669292
20
1.6260855511811023
11
1.1946284645669292
21
1.6242022834645669
0
LINE
8
BLACK
6
CONTINUOUS
10
1.1946284645669292
20
1.6242022834645669
11
1.1932967716535432
21
1.6228705905511811
0
LINE
8
BLACK
6
CONTINUOUS
10
1.1932967716535432
20
1.6228705905511811
11
1.1914135433070865
21
1.6228705905511811
0
LINE
8
BLACK
6
CONTINUOUS
10
1.1914135433070865
20
1.6228705905511811
11
1.1906152362204725
21
1.6234039763779526
0
LINE
8
BLACK
6
CONTINUOUS
10
1.1906152362204725
20
1.6234039763779526
11
1.1798538188976377
21
1.6341653543307086
0
LINE
8
BLACK
6
CONTINUOUS
10
1.1798538188976377
20
1.6341653543307086
11
1.1602707086614172
21
1.6385171653543307
0
LINE
8
BLACK
6
CONTINUOUS
10
1.1602707086614172
20
1.6385171653543307
11
1.1593921259842519
21
1.6389043307086615
0
LINE
8
BLACK
6
CONTINUOUS
10
1.1593921259842519
20
1.6389043307086615
11
1.1583810236220473
21
1.6404931496062991
0
LINE
8
BLACK
6
CONTINUOUS
10
1.1583810236220473
20
1.6404931496062991
11
1.1587896062992127
21
1.6423315748031495
0
LINE
8
BLACK
6
CONTINUOUS
10
1.1587896062992127
20
1.6423315748031495
11
1.1603784251968503
21
1.6433426771653543
0
LINE
8
BLACK
6
CONTINUOUS
10
1.1603784251968503
20
1.6433426771653543
11
1.1613382677165354
21
1.6433212598425198
0
LINE
8
BLACK
6
CONTINUOUS
10
1.1613382677165354
20
1.6433212598425198
11
1.1778461811023622
21
1.6396528346456694
0
LINE
8
BLACK
6
CONTINUOUS
10
1.1778461811023622
20
1.6396528346456694
11
1.1741777952755905
21
1.6561607874015747
0
LINE
8
BLACK
6
CONTINUOUS
10
1.1741777952755905
20
1.6561607874015747
11
1.174156377952756
21
1.6571206692913385
0
LINE
8
BLACK
6
CONTINUOUS
10
1.174156377952756
20
1.6571206692913385
11
1.1751674803149605
21
1.6587094881889763
0
LINE
8
BLACK
6
CONTINUOUS
10
1.1751674803149605
20
1.6587094881889763
11
1.1770059448818897
21
1.659118031496063
0
LINE
8
BLACK
6
CONTINUOUS
10
1.1770059448818897
20
1.659118031496063
11
1.1785947637795275
21
1.6581069291338582
0
LINE
8
BLACK
6
CONTINUOUS
10
1.379032125984252
20
1.6455465748031495
11
1.3935780708661416
21
1.6310006692913386
0
LINE
8
BLACK
6
CONTINUOUS
10
1.3935780708661416
20
1.6310006692913386
11
1.3940901574803148
21
1.6302342913385826
0
LINE
8
BLACK
6
CONTINUOUS
10
1.3940901574803148
20
1.6302342913385826
11
1.3940901574803148
21
1.6284263385826772
0
LINE
8
BLACK
6
CONTINUOUS
10
1.3940901574803148
20
1.6284263385826772
11
1.3928117322834646
21
1.6271479133858266
0
LINE
8
BLACK
6
CONTINUOUS
10
1.3928117322834646
20
1.6271479133858266
11
1.3910037795275589
21
1.6271479133858266
0
LINE
8
BLACK
6
CONTINUOUS
10
1.3910037795275589
20
1.6271479133858266
11
1.3902374015748031
21
1.6276599999999999
0
LINE
8
BLACK
6
CONTINUOUS
10
1.3902374015748031
20
1.6276599999999999
11
1.375691496062992
21
1.6422059448818898
0
LINE
8
BLACK
6
CONTINUOUS
10
1.375691496062992
20
1.6422059448818898
11
1.3751794094488188
21
1.6429722834645668
0
LINE
8
BLACK
6
CONTINUOUS
10
1.3751794094488188
20
1.6429722834645668
11
1.3751794094488188
21
1.6447802362204724
0
LINE
8
BLACK
6
CONTINUOUS
10
1.3751794094488188
20
1.6447802362204724
11
1.3764578346456693
21
1.6460586614173227
0
LINE
8
BLACK
6
CONTINUOUS
10
1.3764578346456693
20
1.6460586614173227
11
1.3782657874015747
21
1.6460586614173227
0
LINE
8
BLACK
6
CONTINUOUS
10
1.3782657874015747
20
1.6460586614173227
11
1.379032125984252
21
1.6455465748031495
0
LINE
8
BLACK
6
CONTINUOUS
10
1.4177731102362205
20
1.6787263385826772
11
1.4178266141732283
21
1.6787441338582676
0
LINE
8
BLACK
6
CONTINUOUS
10
1.4178266141732283
20
1.6787441338582676
11
1.4182069291338582
21
1.6786399999999999
0
LINE
8
BLACK
6
CONTINUOUS
10
1.4182069291338582
20
1.6786399999999999
11
1.4185938582677164
21
1.6785630314960629
0
LINE
8
BLACK
6
CONTINUOUS
10
1.4185938582677164
20
1.6785630314960629
11
1.4186337401574802
21
1.6785231496062991
0
LINE
8
BLACK
6
CONTINUOUS
10
1.4186337401574802
20
1.6785231496062991
11
1.4187526377952755
21
1.6784905905511811
0
LINE
8
BLACK
6
CONTINUOUS
10
1.4187526377952755
20
1.6784905905511811
11
1.4232598818897637
21
1.6762369685039369
0
LINE
8
BLACK
6
CONTINUOUS
10
1.4232598818897637
20
1.6762369685039369
11
1.4235717322834645
21
1.6759949606299211
0
LINE
8
BLACK
6
CONTINUOUS
10
1.4235717322834645
20
1.6759949606299211
11
1.4238993700787401
21
1.6757760236220471
0
LINE
8
BLACK
6
CONTINUOUS
10
1.4238993700787401
20
1.6757760236220471
11
1.4261529921259841
21
1.6735224015748031
0
LINE
8
BLACK
6
CONTINUOUS
10
1.4261529921259841
20
1.6735224015748031
11
1.4263718897637796
21
1.6731948031496062
0
LINE
8
BLACK
6
CONTINUOUS
10
1.4263718897637796
20
1.6731948031496062
11
1.4266139370078741
21
1.6728829133858267
0
LINE
8
BLACK
6
CONTINUOUS
10
1.4266139370078741
20
1.6728829133858267
11
1.4288675590551181
21
1.6683756692913385
0
LINE
8
BLACK
6
CONTINUOUS
10
1.4288675590551181
20
1.6683756692913385
11
1.4289000787401573
21
1.668256811023622
0
LINE
8
BLACK
6
CONTINUOUS
10
1.4289000787401573
20
1.668256811023622
11
1.4289399999999999
21
1.6682168897637795
0
LINE
8
BLACK
6
CONTINUOUS
10
1.4289399999999999
20
1.6682168897637795
11
1.4290169291338581
21
1.6678299999999999
0
LINE
8
BLACK
6
CONTINUOUS
10
1.4290169291338581
20
1.6678299999999999
11
1.4291211023622048
21
1.6674496456692913
0
LINE
8
BLACK
6
CONTINUOUS
10
1.4291211023622048
20
1.6674496456692913
11
1.4291032677165354
21
1.6673961811023621
0
LINE
8
BLACK
6
CONTINUOUS
10
1.4291032677165354
20
1.6673961811023621
11
1.4291273228346457
21
1.6672752362204724
0
LINE
8
BLACK
6
CONTINUOUS
10
1.4291273228346457
20
1.6672752362204724
11
1.4291273228346457
21
1.6627680314960629
0
LINE
8
BLACK
6
CONTINUOUS
10
1.4291273228346457
20
1.6627680314960629
11
1.4290503937007875
21
1.6623814566929134
0
LINE
8
BLACK
6
CONTINUOUS
10
1.4290503937007875
20
1.6623814566929134
11
1.4290010629921259
21
1.6619899212598426
0
LINE
8
BLACK
6
CONTINUOUS
10
1.4290010629921259
20
1.6619899212598426
11
1.4278742519685039
21
1.6586094881889764
0
LINE
8
BLACK
6
CONTINUOUS
10
1.4278742519685039
20
1.6586094881889764
11
1.4277407086614173
21
1.65837531496063
0
LINE
8
BLACK
6
CONTINUOUS
10
1.4277407086614173
20
1.65837531496063
11
1.4276498425196851
21
1.6581216141732282
0
LINE
8
BLACK
6
CONTINUOUS
10
1.4276498425196851
20
1.6581216141732282
11
1.4242694094488189
21
1.652487559055118
0
LINE
8
BLACK
6
CONTINUOUS
10
1.4242694094488189
20
1.652487559055118
11
1.4240668503937008
21
1.6522642913385825
0
LINE
8
BLACK
6
CONTINUOUS
10
1.4240668503937008
20
1.6522642913385825
11
1.4238993700787401
21
1.6520136220472441
0
LINE
8
BLACK
6
CONTINUOUS
10
1.4238993700787401
20
1.6520136220472441
11
1.4205189370078739
21
1.6486331889763779
0
LINE
8
BLACK
6
CONTINUOUS
10
1.4205189370078739
20
1.6486331889763779
11
1.4202682677165355
21
1.6484657480314959
0
LINE
8
BLACK
6
CONTINUOUS
10
1.4202682677165355
20
1.6484657480314959
11
1.420045
21
1.6482631496062992
0
LINE
8
BLACK
6
CONTINUOUS
10
1.420045
20
1.6482631496062992
11
1.4144109448818898
21
1.6448827165354329
0
LINE
8
BLACK
6
CONTINUOUS
10
1.4144109448818898
20
1.6448827165354329
11
1.4141573622047243
21
1.6447918897637794
0
LINE
8
BLACK
6
CONTINUOUS
10
1.4141573622047243
20
1.6447918897637794
11
1.4139231102362204
21
1.6446583070866141
0
LINE
8
BLACK
6
CONTINUOUS
10
1.4139231102362204
20
1.6446583070866141
11
1.4105426377952757
21
1.6435314960629921
0
LINE
8
BLACK
6
CONTINUOUS
10
1.4105426377952757
20
1.6435314960629921
11
1.4101513385826772
21
1.6434822047244093
0
LINE
8
BLACK
6
CONTINUOUS
10
1.4101513385826772
20
1.6434822047244093
11
1.4097645275590551
21
1.6434052362204723
0
LINE
8
BLACK
6
CONTINUOUS
10
1.4097645275590551
20
1.6434052362204723
11
1.4052572834645669
21
1.6434052362204723
0
LINE
8
BLACK
6
CONTINUOUS
10
1.4052572834645669
20
1.6434052362204723
11
1.4051363385826772
21
1.6434292913385826
0
LINE
8
BLACK
6
CONTINUOUS
10
1.4051363385826772
20
1.6434292913385826
11
1.4050828740157479
21
1.6434114566929134
0
LINE
8
BLACK
6
CONTINUOUS
10
1.4050828740157479
20
1.6434114566929134
11
1.4047025196850393
21
1.6435156299212599
0
LINE
8
BLACK
6
CONTINUOUS
10
1.4047025196850393
20
1.6435156299212599
11
1.4043156299212598
21
1.6435925590551181
0
LINE
8
BLACK
6
CONTINUOUS
10
1.4043156299212598
20
1.6435925590551181
11
1.4042757086614173
21
1.6436324803149607
0
LINE
8
BLACK
6
CONTINUOUS
10
1.4042757086614173
20
1.6436324803149607
11
1.4041568503937008
21
1.6436649999999999
0
LINE
8
BLACK
6
CONTINUOUS
10
1.4041568503937008
20
1.6436649999999999
11
1.3996496062992125
21
1.6459186220472442
0
LINE
8
BLACK
6
CONTINUOUS
10
1.3996496062992125
20
1.6459186220472442
11
1.399337716535433
21
1.6461606692913386
0
LINE
8
BLACK
6
CONTINUOUS
10
1.399337716535433
20
1.6461606692913386
11
1.3990101181102361
21
1.6463795669291339
0
LINE
8
BLACK
6
CONTINUOUS
10
1.3990101181102361
20
1.6463795669291339
11
1.3967564960629921
21
1.6486331889763779
0
LINE
8
BLACK
6
CONTINUOUS
10
1.3967564960629921
20
1.6486331889763779
11
1.3965373228346456
21
1.6489612204724409
0
LINE
8
BLACK
6
CONTINUOUS
10
1.3965373228346456
20
1.6489612204724409
11
1.3962955905511811
21
1.6492726771653543
0
LINE
8
BLACK
6
CONTINUOUS
10
1.3962955905511811
20
1.6492726771653543
11
1.3940419685039369
21
1.6537799212598425
0
LINE
8
BLACK
6
CONTINUOUS
10
1.3940419685039369
20
1.6537799212598425
11
1.3940094094488189
21
1.6538988188976378
0
LINE
8
BLACK
6
CONTINUOUS
10
1.3940094094488189
20
1.6538988188976378
11
1.3939695275590551
21
1.6539387007874016
0
LINE
8
BLACK
6
CONTINUOUS
10
1.3939695275590551
20
1.6539387007874016
11
1.3938925590551181
21
1.6543256299212599
0
LINE
8
BLACK
6
CONTINUOUS
10
1.3938925590551181
20
1.6543256299212599
11
1.3937884251968504
21
1.6547059448818897
0
LINE
8
BLACK
6
CONTINUOUS
10
1.3937884251968504
20
1.6547059448818897
11
1.3938062204724408
21
1.6547594488188977
0
LINE
8
BLACK
6
CONTINUOUS
10
1.3938062204724408
20
1.6547594488188977
11
1.3937822047244095
21
1.6548803543307087
0
LINE
8
BLACK
6
CONTINUOUS
10
1.3937822047244095
20
1.6548803543307087
11
1.3937822047244095
21
1.6571339763779527
0
LINE
8
BLACK
6
CONTINUOUS
10
1.3937822047244095
20
1.6571339763779527
11
1.3939695275590551
21
1.6580756299212598
0
LINE
8
BLACK
6
CONTINUOUS
10
1.3939695275590551
20
1.6580756299212598
11
1.3953011811023621
21
1.6594072834645668
0
LINE
8
BLACK
6
CONTINUOUS
10
1.3953011811023621
20
1.6594072834645668
11
1.3971844881889763
21
1.6594072834645668
0
LINE
8
BLACK
6
CONTINUOUS
10
1.3971844881889763
20
1.6594072834645668
11
1.3985161417322833
21
1.6580756299212598
0
LINE
8
BLACK
6
CONTINUOUS
10
1.3985161417322833
20
1.6580756299212598
11
1.3987034645669292
21
1.6571339763779527
0
LINE
8
BLACK
6
CONTINUOUS
10
1.3987034645669292
20
1.6571339763779527
11
1.3987034645669292
21
1.6554612598425196
0
LINE
8
BLACK
6
CONTINUOUS
10
1.3987034645669292
20
1.6554612598425196
11
1.4005187401574803
21
1.6518307086614172
0
LINE
8
BLACK
6
CONTINUOUS
10
1.4005187401574803
20
1.6518307086614172
11
1.4022076377952755
21
1.6501417716535434
0
LINE
8
BLACK
6
CONTINUOUS
10
1.4022076377952755
20
1.6501417716535434
11
1.405838188976378
21
1.6483264960629922
0
LINE
8
BLACK
6
CONTINUOUS
10
1.405838188976378
20
1.6483264960629922
11
1.4093651968503937
21
1.6483264960629922
0
LINE
8
BLACK
6
CONTINUOUS
10
1.4093651968503937
20
1.6483264960629922
11
1.4121106692913385
21
1.649241653543307
0
LINE
8
BLACK
6
CONTINUOUS
10
1.4121106692913385
20
1.649241653543307
11
1.4172532677165355
21
1.6523272440944881
0
LINE
8
BLACK
6
CONTINUOUS
10
1.4172532677165355
20
1.6523272440944881
11
1.42020531496063
21
1.6552792913385825
0
LINE
8
BLACK
6
CONTINUOUS
10
1.42020531496063
20
1.6552792913385825
11
1.4232908661417323
21
1.6604218897637795
0
LINE
8
BLACK
6
CONTINUOUS
10
1.4232908661417323
20
1.6604218897637795
11
1.424206062992126
21
1.663167401574803
0
LINE
8
BLACK
6
CONTINUOUS
10
1.424206062992126
20
1.663167401574803
11
1.424206062992126
21
1.6666943307086615
0
LINE
8
BLACK
6
CONTINUOUS
10
1.424206062992126
20
1.6666943307086615
11
1.4223907480314961
21
1.6703249606299213
0
LINE
8
BLACK
6
CONTINUOUS
10
1.4223907480314961
20
1.6703249606299213
11
1.4207019291338583
21
1.6720137795275589
0
LINE
8
BLACK
6
CONTINUOUS
10
1.4207019291338583
20
1.6720137795275589
11
1.4170712992125984
21
1.6738290944881888
0
LINE
8
BLACK
6
CONTINUOUS
10
1.4170712992125984
20
1.6738290944881888
11
1.4153985826771653
21
1.6738290944881888
0
LINE
8
BLACK
6
CONTINUOUS
10
1.4153985826771653
20
1.6738290944881888
11
1.4144569291338582
21
1.6740164173228347
0
LINE
8
BLACK
6
CONTINUOUS
10
1.4144569291338582
20
1.6740164173228347
11
1.4131252755905512
21
1.6753480708661417
0
LINE
8
BLACK
6
CONTINUOUS
10
1.4131252755905512
20
1.6753480708661417
11
1.4131252755905512
21
1.6772313779527559
0
LINE
8
BLACK
6
CONTINUOUS
10
1.4131252755905512
20
1.6772313779527559
11
1.4144569291338582
21
1.6785630314960629
0
LINE
8
BLACK
6
CONTINUOUS
10
1.4144569291338582
20
1.6785630314960629
11
1.4153985826771653
21
1.6787503543307085
0
LINE
8
BLACK
6
CONTINUOUS
10
1.4153985826771653
20
1.6787503543307085
11
1.4176522047244093
21
1.6787503543307085
0
LINE
8
BLACK
6
CONTINUOUS
10
1.4176522047244093
20
1.6787503543307085
11
1.4177731102362205
21
1.6787263385826772
0
LINE
8
BLACK
6
CONTINUOUS
10
1.4021017322834646
20
1.6965920472440945
11
1.402818464566929
21
1.6965920472440945
0
LINE
8
BLACK
6
CONTINUOUS
10
1.402818464566929
20
1.6965920472440945
11
1.4029976377952755
21
1.696412874015748
0
LINE
8
BLACK
6
CONTINUOUS
10
1.4029976377952755
20
1.696412874015748
11
1.403246062992126
21
1.6963631889763779
0
LINE
8
BLACK
6
CONTINUOUS
10
1.403246062992126
20
1.6963631889763779
11
1.4036434645669291
21
1.6957670472440944
0
LINE
8
BLACK
6
CONTINUOUS
10
1.4036434645669291
20
1.6957670472440944
11
1.4041501968503938
21
1.6952603149606298
0
LINE
8
BLACK
6
CONTINUOUS
10
1.4041501968503938
20
1.6952603149606298
11
1.4041501968503938
21
1.6950069685039371
0
LINE
8
BLACK
6
CONTINUOUS
10
1.4041501968503938
20
1.6950069685039371
11
1.4042906692913386
21
1.6947962204724409
0
LINE
8
BLACK
6
CONTINUOUS
10
1.4042906692913386
20
1.6947962204724409
11
1.40428968503937
21
1.6938361417322834
0
LINE
8
BLACK
6
CONTINUOUS
10
1.40428968503937
20
1.6938361417322834
11
1.4032106692913386
21
1.688441062992126
0
LINE
8
BLACK
6
CONTINUOUS
10
1.4032106692913386
20
1.688441062992126
11
1.4032106692913386
21
1.6845767322834646
0
LINE
8
BLACK
6
CONTINUOUS
10
1.4032106692913386
20
1.6845767322834646
11
1.4042112204724408
21
1.6815750787401575
0
LINE
8
BLACK
6
CONTINUOUS
10
1.4042112204724408
20
1.6815750787401575
11
1.4043312992125985
21
1.6806225196850393
0
LINE
8
BLACK
6
CONTINUOUS
10
1.4043312992125985
20
1.6806225196850393
11
1.4034890551181103
21
1.6789380708661417
0
LINE
8
BLACK
6
CONTINUOUS
10
1.4034890551181103
20
1.6789380708661417
11
1.4017024015748032
21
1.6783425196850392
0
LINE
8
BLACK
6
CONTINUOUS
10
1.4017024015748032
20
1.6783425196850392
11
1.4000179921259843
21
1.6791847244094489
0
LINE
8
BLACK
6
CONTINUOUS
10
1.4000179921259843
20
1.6791847244094489
11
1.3995424803149605
21
1.6800188188976377
0
LINE
8
BLACK
6
CONTINUOUS
10
1.3995424803149605
20
1.6800188188976377
11
1.3984156692913385
21
1.6833992913385827
0
LINE
8
BLACK
6
CONTINUOUS
10
1.3984156692913385
20
1.6833992913385827
11
1.3983663385826772
21
1.683790590551181
0
LINE
8
BLACK
6
CONTINUOUS
10
1.3983663385826772
20
1.683790590551181
11
1.398289409448819
21
1.684177401574803
0
LINE
8
BLACK
6
CONTINUOUS
10
1.398289409448819
20
1.684177401574803
11
1.398289409448819
21
1.6872514173228346
0
LINE
8
BLACK
6
CONTINUOUS
10
1.398289409448819
20
1.6872514173228346
11
1.3816937007874015
21
1.6706557086614173
0
LINE
8
BLACK
6
CONTINUOUS
10
1.3816937007874015
20
1.6706557086614173
11
1.3867146456692914
21
1.6656347637795275
0
LINE
8
BLACK
6
CONTINUOUS
10
1.3867146456692914
20
1.6656347637795275
11
1.3872480314960629
21
1.6648364566929132
0
LINE
8
BLACK
6
CONTINUOUS
10
1.3872480314960629
20
1.6648364566929132
11
1.3872480708661417
21
1.6629532283464568
0
LINE
8
BLACK
6
CONTINUOUS
10
1.3872480708661417
20
1.6629532283464568
11
1.3859163385826772
21
1.6616215354330708
0
LINE
8
BLACK
6
CONTINUOUS
10
1.3859163385826772
20
1.6616215354330708
11
1.3840331102362204
21
1.661621496062992
0
LINE
8
BLACK
6
CONTINUOUS
10
1.3840331102362204
20
1.661621496062992
11
1.3832348031496062
21
1.6621549212598425
0
LINE
8
BLACK
6
CONTINUOUS
10
1.3832348031496062
20
1.6621549212598425
11
1.3697130708661418
21
1.6756766141732282
0
LINE
8
BLACK
6
CONTINUOUS
10
1.3697130708661418
20
1.6756766141732282
11
1.36917968503937
21
1.6764749212598424
0
LINE
8
BLACK
6
CONTINUOUS
10
1.36917968503937
20
1.6764749212598424
11
1.36917968503937
21
1.6783581496062991
0
LINE
8
BLACK
6
CONTINUOUS
10
1.36917968503937
20
1.6783581496062991
11
1.3705113779527558
21
1.6796898425196849
0
LINE
8
BLACK
6
CONTINUOUS
10
1.3705113779527558
20
1.6796898425196849
11
1.3723946062992125
21
1.6796898425196849
0
LINE
8
BLACK
6
CONTINUOUS
10
1.3723946062992125
20
1.6796898425196849
11
1.3731929133858267
21
1.6791564566929134
0
LINE
8
BLACK
6
CONTINUOUS
10
1.3731929133858267
20
1.6791564566929134
11
1.3782138582677166
21
1.6741355511811022
0
LINE
8
BLACK
6
CONTINUOUS
10
1.3782138582677166
20
1.6741355511811022
11
1.4001369291338583
21
1.696058622047244
0
LINE
8
BLACK
6
CONTINUOUS
10
1.4001369291338583
20
1.696058622047244
11
1.4009352362204723
21
1.6965920472440945
0
LINE
8
BLACK
6
CONTINUOUS
10
1.4009352362204723
20
1.6965920472440945
11
1.401188622047244
21
1.6965920472440945
0
LINE
8
BLACK
6
CONTINUOUS
10
1.401188622047244
20
1.6965920472440945
11
1.4013993307086614
21
1.6967325196850394
0
LINE
8
BLACK
6
CONTINUOUS
10
1.4013993307086614
20
1.6967325196850394
11
1.4021017322834646
21
1.6965920472440945
0
LINE
8
BLACK
6
CONTINUOUS
10
1.3740934251968504
20
1.7226190551181102
11
1.3744847244094487
21
1.7225697244094489
0
LINE
8
BLACK
6
CONTINUOUS
10
1.3744847244094487
20
1.7225697244094489
11
1.3778651968503937
21
1.7214429133858267
0
LINE
8
BLACK
6
CONTINUOUS
10
1.3778651968503937
20
1.7214429133858267
11
1.3779723228346457
21
1.7213818503937008
0
LINE
8
BLACK
6
CONTINUOUS
10
1.3779723228346457
20
1.7213818503937008
11
1.3780286614173227
21
1.7213818503937008
0
LINE
8
BLACK
6
CONTINUOUS
10
1.3780286614173227
20
1.7213818503937008
11
1.3783562992125984
21
1.7211629527559054
0
LINE
8
BLACK
6
CONTINUOUS
10
1.3783562992125984
20
1.7211629527559054
11
1.3786992913385827
21
1.7209674015748031
0
LINE
8
BLACK
6
CONTINUOUS
10
1.3786992913385827
20
1.7209674015748031
11
1.3787245275590552
21
1.7209169291338582
0
LINE
8
BLACK
6
CONTINUOUS
10
1.3787245275590552
20
1.7209169291338582
11
1.3788269685039369
21
1.7208484645669291
0
LINE
8
BLACK
6
CONTINUOUS
10
1.3788269685039369
20
1.7208484645669291
11
1.3844610236220471
21
1.7152144094488189
0
LINE
8
BLACK
6
CONTINUOUS
10
1.3844610236220471
20
1.7152144094488189
11
1.3845294881889763
21
1.7151119291338581
0
LINE
8
BLACK
6
CONTINUOUS
10
1.3845294881889763
20
1.7151119291338581
11
1.3845799606299212
21
1.7150866929133859
0
LINE
8
BLACK
6
CONTINUOUS
10
1.3845799606299212
20
1.7150866929133859
11
1.3847753149606299
21
1.7147440157480314
0
LINE
8
BLACK
6
CONTINUOUS
10
1.3847753149606299
20
1.7147440157480314
11
1.3849944094488189
21
1.7144161023622047
0
LINE
8
BLACK
6
CONTINUOUS
10
1.3849944094488189
20
1.7144161023622047
11
1.3849944094488189
21
1.7143597244094488
0
LINE
8
BLACK
6
CONTINUOUS
10
1.3849944094488189
20
1.7143597244094488
11
1.385055472440945
21
1.7142525984251968
0
LINE
8
BLACK
6
CONTINUOUS
10
1.385055472440945
20
1.7142525984251968
11
1.386182283464567
21
1.7108721653543306
0
LINE
8
BLACK
6
CONTINUOUS
10
1.386182283464567
20
1.7108721653543306
11
1.3862316141732283
21
1.7104806692913386
0
LINE
8
BLACK
6
CONTINUOUS
10
1.3862316141732283
20
1.7104806692913386
11
1.3863085433070865
21
1.7100940551181103
0
LINE
8
BLACK
6
CONTINUOUS
10
1.3863085433070865
20
1.7100940551181103
11
1.3863085433070865
21
1.7078404330708661
0
LINE
8
BLACK
6
CONTINUOUS
10
1.3863085433070865
20
1.7078404330708661
11
1.3861212204724409
21
1.706898779527559
0
LINE
8
BLACK
6
CONTINUOUS
10
1.3861212204724409
20
1.706898779527559
11
1.3847895669291339
21
1.705567125984252
0
LINE
8
BLACK
6
CONTINUOUS
10
1.3847895669291339
20
1.705567125984252
11
1.3829062598425197
21
1.705567125984252
0
LINE
8
BLACK
6
CONTINUOUS
10
1.3829062598425197
20
1.705567125984252
11
1.3815746062992125
21
1.706898779527559
0
LINE
8
BLACK
6
CONTINUOUS
10
1.3815746062992125
20
1.706898779527559
11
1.3813872834645669
21
1.7078404330708661
0
LINE
8
BLACK
6
CONTINUOUS
10
1.3813872834645669
20
1.7078404330708661
11
1.3813872834645669
21
1.7096947244094487
0
LINE
8
BLACK
6
CONTINUOUS
10
1.3813872834645669
20
1.7096947244094487
11
1.3805703937007874
21
1.7121453543307086
0
LINE
8
BLACK
6
CONTINUOUS
10
1.3805703937007874
20
1.7121453543307086
11
1.3757578740157479
21
1.7169578740157481
0
LINE
8
BLACK
6
CONTINUOUS
10
1.3757578740157479
20
1.7169578740157481
11
1.373307283464567
21
1.7177747244094488
0
LINE
8
BLACK
6
CONTINUOUS
10
1.373307283464567
20
1.7177747244094488
11
1.3718523622047243
21
1.7177747244094488
0
LINE
8
BLACK
6
CONTINUOUS
10
1.3718523622047243
20
1.7177747244094488
11
1.3694016929133859
21
1.7169578740157481
0
LINE
8
BLACK
6
CONTINUOUS
10
1.3694016929133859
20
1.7169578740157481
11
1.3678412598425196
21
1.715397401574803
0
LINE
8
BLACK
6
CONTINUOUS
10
1.3678412598425196
20
1.715397401574803
11
1.3660259448818897
21
1.7117667716535432
0
LINE
8
BLACK
6
CONTINUOUS
10
1.3660259448818897
20
1.7117667716535432
11
1.3660259448818897
21
1.6853042125984252
0
LINE
8
BLACK
6
CONTINUOUS
10
1.3660259448818897
20
1.6853042125984252
11
1.3658386614173228
21
1.6843627952755904
0
LINE
8
BLACK
6
CONTINUOUS
10
1.3658386614173228
20
1.6843627952755904
11
1.3658386614173228
21
1.6843625984251969
0
LINE
8
BLACK
6
CONTINUOUS
10
1.3658386614173228
20
1.6843625984251969
11
1.3645069291338583
21
1.6830308661417321
0
LINE
8
BLACK
6
CONTINUOUS
10
1.3645069291338583
20
1.6830308661417321
11
1.3626237007874016
21
1.6830308661417321
0
LINE
8
BLACK
6
CONTINUOUS
10
1.3626237007874016
20
1.6830308661417321
11
1.3618253937007874
21
1.6835642913385827
0
LINE
8
BLACK
6
CONTINUOUS
10
1.3618253937007874
20
1.6835642913385827
11
1.3471768503937007
21
1.6982128346456693
0
LINE
8
BLACK
6
CONTINUOUS
10
1.3471768503937007
20
1.6982128346456693
11
1.3466434645669292
21
1.6990111417322835
0
LINE
8
BLACK
6
CONTINUOUS
10
1.3466434645669292
20
1.6990111417322835
11
1.3466434645669292
21
1.7008943700787402
0
LINE
8
BLACK
6
CONTINUOUS
10
1.3466434645669292
20
1.7008943700787402
11
1.3479751574803149
21
1.702226062992126
0
LINE
8
BLACK
6
CONTINUOUS
10
1.3479751574803149
20
1.702226062992126
11
1.3498583858267716
21
1.702226062992126
0
LINE
8
BLACK
6
CONTINUOUS
10
1.3498583858267716
20
1.702226062992126
11
1.3506566929133859
21
1.7016926771653542
0
LINE
8
BLACK
6
CONTINUOUS
10
1.3506566929133859
20
1.7016926771653542
11
1.36110468503937
21
1.6912446850393701
0
LINE
8
BLACK
6
CONTINUOUS
10
1.36110468503937
20
1.6912446850393701
11
1.36110468503937
21
1.7123476771653543
0
LINE
8
BLACK
6
CONTINUOUS
10
1.36110468503937
20
1.7123476771653543
11
1.3611287007874016
21
1.712468622047244
0
LINE
8
BLACK
6
CONTINUOUS
10
1.3611287007874016
20
1.712468622047244
11
1.3611109055118109
21
1.7125220866141733
0
LINE
8
BLACK
6
CONTINUOUS
10
1.3611109055118109
20
1.7125220866141733
11
1.3612150393700788
21
1.7129024409448819
0
LINE
8
BLACK
6
CONTINUOUS
10
1.3612150393700788
20
1.7129024409448819
11
1.3612920078740156
21
1.7132893307086614
0
LINE
8
BLACK
6
CONTINUOUS
10
1.3612920078740156
20
1.7132893307086614
11
1.3613318897637794
21
1.7133292519685039
0
LINE
8
BLACK
6
CONTINUOUS
10
1.3613318897637794
20
1.7133292519685039
11
1.3613644488188976
21
1.7134481102362205
0
LINE
8
BLACK
6
CONTINUOUS
10
1.3613644488188976
20
1.7134481102362205
11
1.3636180708661416
21
1.7179553543307087
0
LINE
8
BLACK
6
CONTINUOUS
10
1.3636180708661416
20
1.7179553543307087
11
1.3638600787401574
21
1.7182672440944882
0
LINE
8
BLACK
6
CONTINUOUS
10
1.3638600787401574
20
1.7182672440944882
11
1.3640790157480314
21
1.7185948425196851
0
LINE
8
BLACK
6
CONTINUOUS
10
1.3640790157480314
20
1.7185948425196851
11
1.3663326377952756
21
1.7208484645669291
0
LINE
8
BLACK
6
CONTINUOUS
10
1.3663326377952756
20
1.7208484645669291
11
1.3664351181102361
21
1.7209169685039369
0
LINE
8
BLACK
6
CONTINUOUS
10
1.3664351181102361
20
1.7209169685039369
11
1.3664603543307086
21
1.7209674015748031
0
LINE
8
BLACK
6
CONTINUOUS
10
1.3664603543307086
20
1.7209674015748031
11
1.3668030314960629
21
1.7211627952755906
0
LINE
8
BLACK
6
CONTINUOUS
10
1.3668030314960629
20
1.7211627952755906
11
1.3671309448818898
21
1.7213818503937008
0
LINE
8
BLACK
6
CONTINUOUS
10
1.3671309448818898
20
1.7213818503937008
11
1.3671873228346456
21
1.7213818503937008
0
LINE
8
BLACK
6
CONTINUOUS
10
1.3671873228346456
20
1.7213818503937008
11
1.3672944488188976
21
1.7214429133858267
0
LINE
8
BLACK
6
CONTINUOUS
10
1.3672944488188976
20
1.7214429133858267
11
1.3706748818897638
21
1.7225697244094489
0
LINE
8
BLACK
6
CONTINUOUS
10
1.3706748818897638
20
1.7225697244094489
11
1.3710663779527559
21
1.722619094488189
0
LINE
8
BLACK
6
CONTINUOUS
10
1.3710663779527559
20
1.722619094488189
11
1.3714529921259841
21
1.7226959842519685
0
LINE
8
BLACK
6
CONTINUOUS
10
1.3714529921259841
20
1.7226959842519685
11
1.3737066141732284
21
1.7226959842519685
0
LINE
8
BLACK
6
CONTINUOUS
10
1.3737066141732284
20
1.7226959842519685
11
1.3740934251968504
21
1.7226190551181102
0
CIRCLE
8
BLACK
10
0.305511811023622
20
0.4
40
0.0068897637795276
0
CIRCLE
8
BLACK
10
0.3331867716535433
20
0.4668132283464567
40
0.0068897637795276
0
CIRCLE
8
BLACK
10
0.3331867716535433
20
0.3331867716535433
40
0.0068897637795276
0
CIRCLE
8
BLACK
10
0.4
20
0.4944881889763779
40
0.0068897637795276
0
CIRCLE
8
BLACK
10
0.4
20
0.4
40
0.0068897637795276
0
CIRCLE
8
BLACK
10
0.4
20
0.305511811023622
40
0.0068897637795276
0
CIRCLE
8
BLACK
10
0.4668132283464567
20
0.4668132283464567
40
0.0068897637795276
0
CIRCLE
8
BLACK
10
0.4668132283464567
20
0.3331867716535433
40
0.0068897637795276
0
CIRCLE
8
BLACK
10
0.4944881889763779
20
0.4
40
0.0068897637795276
0
CIRCLE
8
BLACK
10
1.905511811023622
20
0.4
40
0.0068897637795276
0
CIRCLE
8
BLACK
10
1.9331867716535434
20
0.4668132283464567
40
0.0068897637795276
0
CIRCLE
8
BLACK
10
1.9331867716535434
20
0.3331867716535433
40
0.0068897637795276
0
CIRCLE
8
BLACK
10
2.
20
0.4944881889763779
40
0.0068897637795276
0
CIRCLE
8
BLACK
10
2.
20
0.4
40
0.0068897637795276
0
CIRCLE
8
BLACK
10
2.
20
0.305511811023622
40
0.0068897637795276
0
CIRCLE
8
BLACK
10
2.0668132283464566
20
0.4668132283464567
40
0.0068897637795276
0
CIRCLE
8
BLACK
10
2.0668132283464566
20
0.3331867716535433
40
0.0068897637795276
0
CIRCLE
8
BLACK
10
2.0944881889763778
20
0.4
40
0.0068897637795276
0
CIRCLE
8
BLACK
10
1.5523622047244094
20
0.4858267716535433
40
0.0068897637795276
0
CIRCLE
8
BLACK
10
1.6523622047244093
20
0.4858267716535433
40
0.0068897637795276
0
CIRCLE
8
BLACK
10
1.5523622047244094
20
0.3858267716535433
40
0.0068897637795276
0
CIRCLE
8
BLACK
10
1.6523622047244093
20
0.3858267716535433
40
0.0068897637795276
0
CIRCLE
8
BLACK
10
1.5523622047244094
20
0.2858267716535433
40
0.0068897637795276
0
CIRCLE
8
BLACK
10
1.6523622047244093
20
0.2858267716535433
40
0.0068897637795276
0
CIRCLE
8
BLACK
10
1.2297244094488189
20
2.0980314960629922
40
0.0068897637795276
0
CIRCLE
8
BLACK
10
1.2297244094488189
20
1.9980314960629921
40
0.0068897637795276
0
CIRCLE
8
BLACK
10
1.1297244094488188
20
2.0980314960629922
40
0.0068897637795276
0
CIRCLE
8
BLACK
10
1.1297244094488188
20
1.9980314960629921
40
0.0068897637795276
0
CIRCLE
8
BLACK
10
1.0297244094488189
20
2.0980314960629922
40
0.0068897637795276
0
CIRCLE
8
BLACK
10
1.0297244094488189
20
1.9980314960629921
40
0.0068897637795276
0
CIRCLE
8
BLACK
10
0.9297244094488188
20
2.0980314960629922
40
0.0068897637795276
0
CIRCLE
8
BLACK
10
0.9297244094488188
20
1.9980314960629921
40
0.0068897637795276
0
CIRCLE
8
BLACK
10
0.8297244094488189
20
2.0980314960629922
40
0.0068897637795276
0
CIRCLE
8
BLACK
10
0.8297244094488189
20
1.9980314960629921
40
0.0068897637795276
0
CIRCLE
8
BLACK
10
1.9669291338582677
20
1.7811023622047244
40
0.0068897637795276
0
CIRCLE
8
BLACK
10
2.0669291338582676
20
1.7811023622047244
40
0.0068897637795276
0
CIRCLE
8
BLACK
10
1.9669291338582677
20
1.6811023622047243
40
0.0068897637795276
0
CIRCLE
8
BLACK
10
2.0669291338582676
20
1.6811023622047243
40
0.0068897637795276
0
CIRCLE
8
BLACK
10
1.9669291338582677
20
1.5811023622047244
40
0.0068897637795276
0
CIRCLE
8
BLACK
10
2.0669291338582676
20
1.5811023622047244
40
0.0068897637795276
0
CIRCLE
8
BLACK
10
1.9669291338582677
20
1.4811023622047244
40
0.0068897637795276
0
CIRCLE
8
BLACK
10
2.0669291338582676
20
1.4811023622047244
40
0.0068897637795276
0
CIRCLE
8
BLACK
10
1.9669291338582677
20
1.3811023622047245
40
0.0068897637795276
0
CIRCLE
8
BLACK
10
2.0669291338582676
20
1.3811023622047245
40
0.0068897637795276
0
CIRCLE
8
BLACK
10
1.9669291338582677
20
1.2811023622047244
40
0.0068897637795276
0
CIRCLE
8
BLACK
10
2.0669291338582676
20
1.2811023622047244
40
0.0068897637795276
0
CIRCLE
8
BLACK
10
1.9669291338582677
20
1.1811023622047243
40
0.0068897637795276
0
CIRCLE
8
BLACK
10
2.0669291338582676
20
1.1811023622047243
40
0.0068897637795276
0
CIRCLE
8
BLACK
10
1.9669291338582677
20
1.0811023622047244
40
0.0068897637795276
0
CIRCLE
8
BLACK
10
2.0669291338582676
20
1.0811023622047244
40
0.0068897637795276
0
CIRCLE
8
BLACK
10
1.9669291338582677
20
0.9811023622047244
40
0.0068897637795276
0
CIRCLE
8
BLACK
10
2.0669291338582676
20
0.9811023622047244
40
0.0068897637795276
0
CIRCLE
8
BLACK
10
1.9669291338582677
20
0.8811023622047244
40
0.0068897637795276
0
CIRCLE
8
BLACK
10
2.0669291338582676
20
0.8811023622047244
40
0.0068897637795276
0
CIRCLE
8
BLACK
10
1.905511811023622
20
2.
40
0.0068897637795276
0
CIRCLE
8
BLACK
10
1.9331867716535434
20
2.0668132283464566
40
0.0068897637795276
0
CIRCLE
8
BLACK
10
1.9331867716535434
20
1.9331867716535434
40
0.0068897637795276
0
CIRCLE
8
BLACK
10
2.
20
2.0944881889763778
40
0.0068897637795276
0
CIRCLE
8
BLACK
10
2.
20
2.
40
0.0068897637795276
0
CIRCLE
8
BLACK
10
2.
20
1.905511811023622
40
0.0068897637795276
0
CIRCLE
8
BLACK
10
2.0668132283464566
20
2.0668132283464566
40
0.0068897637795276
0
CIRCLE
8
BLACK
10
2.0668132283464566
20
1.9331867716535434
40
0.0068897637795276
0
CIRCLE
8
BLACK
10
2.0944881889763778
20
2.
40
0.0068897637795276
0
CIRCLE
8
BLACK
10
1.0523622047244094
20
0.4818897637795275
40
0.0068897637795276
0
CIRCLE
8
BLACK
10
1.1523622047244095
20
0.4818897637795275
40
0.0068897637795276
0
CIRCLE
8
BLACK
10
1.0523622047244094
20
0.3818897637795275
40
0.0068897637795276
0
CIRCLE
8
BLACK
10
1.1523622047244095
20
0.3818897637795275
40
0.0068897637795276
0
CIRCLE
8
BLACK
10
1.0523622047244094
20
0.2818897637795276
40
0.0068897637795276
0
CIRCLE
8
BLACK
10
1.1523622047244095
20
0.2818897637795276
40
0.0068897637795276
0
CIRCLE
8
BLACK
10
0.4346456692913386
20
0.879527559055118
40
0.0068897637795276
0
CIRCLE
8
BLACK
10
0.3346456692913386
20
0.879527559055118
40
0.0068897637795276
0
CIRCLE
8
BLACK
10
0.4346456692913386
20
0.9795275590551181
40
0.0068897637795276
0
CIRCLE
8
BLACK
10
0.3346456692913386
20
0.9795275590551181
40
0.0068897637795276
0
CIRCLE
8
BLACK
10
0.4346456692913386
20
1.0795275590551181
40
0.0068897637795276
0
CIRCLE
8
BLACK
10
0.3346456692913386
20
1.0795275590551181
40
0.0068897637795276
0
CIRCLE
8
BLACK
10
0.4346456692913386
20
1.1795275590551182
40
0.0068897637795276
0
CIRCLE
8
BLACK
10
0.3346456692913386
20
1.1795275590551182
40
0.0068897637795276
0
CIRCLE
8
BLACK
10
0.4346456692913386
20
1.2795275590551181
40
0.0068897637795276
0
CIRCLE
8
BLACK
10
0.3346456692913386
20
1.2795275590551181
40
0.0068897637795276
0
CIRCLE
8
BLACK
10
0.4346456692913386
20
1.3795275590551181
40
0.0068897637795276
0
CIRCLE
8
BLACK
10
0.3346456692913386
20
1.3795275590551181
40
0.0068897637795276
0
CIRCLE
8
BLACK
10
0.4346456692913386
20
1.479527559055118
40
0.0068897637795276
0
CIRCLE
8
BLACK
10
0.3346456692913386
20
1.479527559055118
40
0.0068897637795276
0
CIRCLE
8
BLACK
10
0.4346456692913386
20
1.5795275590551181
40
0.0068897637795276
0
CIRCLE
8
BLACK
10
0.3346456692913386
20
1.5795275590551181
40
0.0068897637795276
0
CIRCLE
8
BLACK
10
0.4346456692913386
20
1.679527559055118
40
0.0068897637795276
0
CIRCLE
8
BLACK
10
0.3346456692913386
20
1.679527559055118
40
0.0068897637795276
0
CIRCLE
8
BLACK
10
0.4346456692913386
20
1.7795275590551181
40
0.0068897637795276
0
CIRCLE
8
BLACK
10
0.3346456692913386
20
1.7795275590551181
40
0.0068897637795276
0
CIRCLE
8
BLACK
10
1.5816929133858266
20
1.5383858267716535
40
0.0068897637795276
0
CIRCLE
8
BLACK
10
1.4816929133858268
20
1.5383858267716535
40
0.0068897637795276
0
CIRCLE
8
BLACK
10
0.305511811023622
20
2.
40
0.0068897637795276
0
CIRCLE
8
BLACK
10
0.3331867716535433
20
2.0668132283464566
40
0.0068897637795276
0
CIRCLE
8
BLACK
10
0.3331867716535433
20
1.9331867716535434
40
0.0068897637795276
0
CIRCLE
8
BLACK
10
0.4
20
2.0944881889763778
40
0.0068897637795276
0
CIRCLE
8
BLACK
10
0.4
20
2.
40
0.0068897637795276
0
CIRCLE
8
BLACK
10
0.4
20
1.905511811023622
40
0.0068897637795276
0
CIRCLE
8
BLACK
10
0.4668132283464567
20
2.0668132283464566
40
0.0068897637795276
0
CIRCLE
8
BLACK
10
0.4668132283464567
20
1.9331867716535434
40
0.0068897637795276
0
CIRCLE
8
BLACK
10
0.4944881889763779
20
2.
40
0.0068897637795276
0
CIRCLE
8
BLACK
10
0.6765748031496063
20
1.7838582677165353
40
0.0068897637795276
0
CIRCLE
8
BLACK
10
0.6765748031496063
20
1.8838582677165354
40
0.0068897637795276
0
CIRCLE
8
BLACK
10
0.7765748031496063
20
1.7838582677165353
40
0.0068897637795276
0
CIRCLE
8
BLACK
10
0.7765748031496063
20
1.8838582677165354
40
0.0068897637795276
0
CIRCLE
8
BLACK
10
0.8765748031496062
20
1.7838582677165353
40
0.0068897637795276
0
CIRCLE
8
BLACK
10
0.8765748031496062
20
1.8838582677165354
40
0.0068897637795276
0
CIRCLE
8
BLACK
10
0.9765748031496063
20
1.7838582677165353
40
0.0068897637795276
0
CIRCLE
8
BLACK
10
0.9765748031496063
20
1.8838582677165354
40
0.0068897637795276
0
CIRCLE
8
BLACK
10
1.0765748031496063
20
1.7838582677165353
40
0.0068897637795276
0
CIRCLE
8
BLACK
10
1.0765748031496063
20
1.8838582677165354
40
0.0068897637795276
0
CIRCLE
8
BLACK
10
1.1765748031496062
20
1.7838582677165353
40
0.0068897637795276
0
CIRCLE
8
BLACK
10
1.1765748031496062
20
1.8838582677165354
40
0.0068897637795276
0
CIRCLE
8
BLACK
10
1.2765748031496063
20
1.7838582677165353
40
0.0068897637795276
0
CIRCLE
8
BLACK
10
1.2765748031496063
20
1.8838582677165354
40
0.0068897637795276
0
CIRCLE
8
BLACK
10
1.3765748031496063
20
1.7838582677165353
40
0.0068897637795276
0
CIRCLE
8
BLACK
10
1.3765748031496063
20
1.8838582677165354
40
0.0068897637795276
0
CIRCLE
8
BLACK
10
1.4765748031496062
20
1.7838582677165353
40
0.0068897637795276
0
CIRCLE
8
BLACK
10
1.4765748031496062
20
1.8838582677165354
40
0.0068897637795276
0
CIRCLE
8
BLACK
10
1.5765748031496063
20
1.7838582677165353
40
0.0068897637795276
0
CIRCLE
8
BLACK
10
1.5765748031496063
20
1.8838582677165354
40
0.0068897637795276
0
CIRCLE
8
BLACK
10
1.6765748031496062
20
1.7838582677165353
40
0.0068897637795276
0
CIRCLE
8
BLACK
10
1.6765748031496062
20
1.8838582677165354
40
0.0068897637795276
0
CIRCLE
8
BLACK
10
1.7765748031496063
20
1.7838582677165353
40
0.0068897637795276
0
CIRCLE
8
BLACK
10
1.7765748031496063
20
1.8838582677165354
40
0.0068897637795276
0
CIRCLE
8
BLACK
10
0.8854330708661418
20
0.4454724409448819
40
0.0068897637795276
0
CIRCLE
8
BLACK
10
0.6578740157480315
20
0.4454724409448819
40
0.0068897637795276
0
LINE
8
BLACK
6
CONTINUOUS
10
0.9300223228346457
20
0.3178802362204725
11
0.9308203149606299
21
0.3208584645669291
0
LINE
8
BLACK
6
CONTINUOUS
10
0.9308203149606299
20
0.3208584645669291
11
0.9323619685039369
21
0.3235286614173228
0
LINE
8
BLACK
6
CONTINUOUS
10
0.9323619685039369
20
0.3235286614173228
11
0.9345422047244094
21
0.3257088976377953
0
LINE
8
BLACK
6
CONTINUOUS
10
0.9345422047244094
20
0.3257088976377953
11
0.9372124015748031
21
0.3272505511811024
0
LINE
8
BLACK
6
CONTINUOUS
10
0.9372124015748031
20
0.3272505511811024
11
0.9401906299212598
21
0.3280485433070866
0
LINE
8
BLACK
6
CONTINUOUS
10
0.9401906299212598
20
0.3280485433070866
11
0.943273937007874
21
0.3280485433070866
0
LINE
8
BLACK
6
CONTINUOUS
10
0.943273937007874
20
0.3280485433070866
11
0.9462521653543307
21
0.3272505511811024
0
LINE
8
BLACK
6
CONTINUOUS
10
0.9462521653543307
20
0.3272505511811024
11
0.9489223622047244
21
0.3257088976377953
0
LINE
8
BLACK
6
CONTINUOUS
10
0.9489223622047244
20
0.3257088976377953
11
0.9511025984251968
21
0.3235286614173228
0
LINE
8
BLACK
6
CONTINUOUS
10
0.9511025984251968
20
0.3235286614173228
11
0.9526442519685039
21
0.3208584645669291
0
LINE
8
BLACK
6
CONTINUOUS
10
0.9526442519685039
20
0.3208584645669291
11
0.9534422440944882
21
0.3178802362204725
0
LINE
8
BLACK
6
CONTINUOUS
10
0.9534422440944882
20
0.3178802362204725
11
0.9535433070866142
21
0.3163385826771654
0
LINE
8
BLACK
6
CONTINUOUS
10
0.9535433070866142
20
0.3163385826771654
11
0.9535433070866142
21
0.2848425196850394
0
LINE
8
BLACK
6
CONTINUOUS
10
0.9535433070866142
20
0.2848425196850394
11
0.9534422440944882
21
0.2833008661417323
0
LINE
8
BLACK
6
CONTINUOUS
10
0.9534422440944882
20
0.2833008661417323
11
0.9526442519685039
21
0.2803226377952756
0
LINE
8
BLACK
6
CONTINUOUS
10
0.9526442519685039
20
0.2803226377952756
11
0.9511025984251968
21
0.2776524409448819
0
LINE
8
BLACK
6
CONTINUOUS
10
0.9511025984251968
20
0.2776524409448819
11
0.9489223622047244
21
0.2754722047244094
0
LINE
8
BLACK
6
CONTINUOUS
10
0.9489223622047244
20
0.2754722047244094
11
0.9462521653543307
21
0.2739305511811024
0
LINE
8
BLACK
6
CONTINUOUS
10
0.9462521653543307
20
0.2739305511811024
11
0.943273937007874
21
0.2731325590551181
0
LINE
8
BLACK
6
CONTINUOUS
10
0.943273937007874
20
0.2731325590551181
11
0.9401906299212598
21
0.2731325590551181
0
LINE
8
BLACK
6
CONTINUOUS
10
0.9401906299212598
20
0.2731325590551181
11
0.9372124015748031
21
0.2739305511811024
0
LINE
8
BLACK
6
CONTINUOUS
10
0.9372124015748031
20
0.2739305511811024
11
0.9345422047244094
21
0.2754722047244094
0
LINE
8
BLACK
6
CONTINUOUS
10
0.9345422047244094
20
0.2754722047244094
11
0.9323619685039369
21
0.2776524409448819
0
LINE
8
BLACK
6
CONTINUOUS
10
0.9323619685039369
20
0.2776524409448819
11
0.9308203149606299
21
0.2803226377952756
0
LINE
8
BLACK
6
CONTINUOUS
10
0.9308203149606299
20
0.2803226377952756
11
0.9300223228346457
21
0.2833008661417323
0
LINE
8
BLACK
6
CONTINUOUS
10
0.9300223228346457
20
0.2833008661417323
11
0.9299212598425196
21
0.2848425196850394
0
LINE
8
BLACK
6
CONTINUOUS
10
0.9299212598425196
20
0.2848425196850394
11
0.9299212598425196
21
0.3163385826771654
0
LINE
8
BLACK
6
CONTINUOUS
10
0.9299212598425196
20
0.3163385826771654
11
0.9300223228346457
21
0.3178802362204725
0
LINE
8
BLACK
6
CONTINUOUS
10
0.5898648425196851
20
0.3178802362204725
11
0.5906628346456693
21
0.3208584645669291
0
LINE
8
BLACK
6
CONTINUOUS
10
0.5906628346456693
20
0.3208584645669291
11
0.5922044881889764
21
0.3235286614173228
0
LINE
8
BLACK
6
CONTINUOUS
10
0.5922044881889764
20
0.3235286614173228
11
0.5943847244094488
21
0.3257088976377953
0
LINE
8
BLACK
6
CONTINUOUS
10
0.5943847244094488
20
0.3257088976377953
11
0.5970549212598425
21
0.3272505511811024
0
LINE
8
BLACK
6
CONTINUOUS
10
0.5970549212598425
20
0.3272505511811024
11
0.6000331496062992
21
0.3280485433070866
0
LINE
8
BLACK
6
CONTINUOUS
10
0.6000331496062992
20
0.3280485433070866
11
0.6031164566929134
21
0.3280485433070866
0
LINE
8
BLACK
6
CONTINUOUS
10
0.6031164566929134
20
0.3280485433070866
11
0.60609468503937
21
0.3272505511811024
0
LINE
8
BLACK
6
CONTINUOUS
10
0.60609468503937
20
0.3272505511811024
11
0.6087648818897637
21
0.3257088976377953
0
LINE
8
BLACK
6
CONTINUOUS
10
0.6087648818897637
20
0.3257088976377953
11
0.6109451181102362
21
0.3235286614173228
0
LINE
8
BLACK
6
CONTINUOUS
10
0.6109451181102362
20
0.3235286614173228
11
0.6124867716535433
21
0.3208584645669291
0
LINE
8
BLACK
6
CONTINUOUS
10
0.6124867716535433
20
0.3208584645669291
11
0.6132847637795276
21
0.3178802362204725
0
LINE
8
BLACK
6
CONTINUOUS
10
0.6132847637795276
20
0.3178802362204725
11
0.6133858267716535
21
0.3163385826771654
0
LINE
8
BLACK
6
CONTINUOUS
10
0.6133858267716535
20
0.3163385826771654
11
0.6133858267716535
21
0.2848425196850394
0
LINE
8
BLACK
6
CONTINUOUS
10
0.6133858267716535
20
0.2848425196850394
11
0.6132847637795276
21
0.2833008661417323
0
LINE
8
BLACK
6
CONTINUOUS
10
0.6132847637795276
20
0.2833008661417323
11
0.6124867716535433
21
0.2803226377952756
0
LINE
8
BLACK
6
CONTINUOUS
10
0.6124867716535433
20
0.2803226377952756
11
0.6109451181102362
21
0.2776524409448819
0
LINE
8
BLACK
6
CONTINUOUS
10
0.6109451181102362
20
0.2776524409448819
11
0.6087648818897637
21
0.2754722047244094
0
LINE
8
BLACK
6
CONTINUOUS
10
0.6087648818897637
20
0.2754722047244094
11
0.60609468503937
21
0.2739305511811024
0
LINE
8
BLACK
6
CONTINUOUS
10
0.60609468503937
20
0.2739305511811024
11
0.6031164566929134
21
0.2731325590551181
0
LINE
8
BLACK
6
CONTINUOUS
10
0.6031164566929134
20
0.2731325590551181
11
0.6000331496062992
21
0.2731325590551181
0
LINE
8
BLACK
6
CONTINUOUS
10
0.6000331496062992
20
0.2731325590551181
11
0.5970549212598425
21
0.2739305511811024
0
LINE
8
BLACK
6
CONTINUOUS
10
0.5970549212598425
20
0.2739305511811024
11
0.5943847244094488
21
0.2754722047244094
0
LINE
8
BLACK
6
CONTINUOUS
10
0.5943847244094488
20
0.2754722047244094
11
0.5922044881889764
21
0.2776524409448819
0
LINE
8
BLACK
6
CONTINUOUS
10
0.5922044881889764
20
0.2776524409448819
11
0.5906628346456693
21
0.2803226377952756
0
LINE
8
BLACK
6
CONTINUOUS
10
0.5906628346456693
20
0.2803226377952756
11
0.5898648425196851
21
0.2833008661417323
0
LINE
8
BLACK
6
CONTINUOUS
10
0.5898648425196851
20
0.2833008661417323
11
0.5897637795275591
21
0.2848425196850394
0
LINE
8
BLACK
6
CONTINUOUS
10
0.5897637795275591
20
0.2848425196850394
11
0.5897637795275591
21
0.3163385826771654
0
LINE
8
BLACK
6
CONTINUOUS
10
0.5897637795275591
20
0.3163385826771654
11
0.5898648425196851
21
0.3178802362204725
0
LINE
8
BLACK
6
CONTINUOUS
10
0.9300223228346457
20
0.4883526771653543
11
0.9308203149606299
21
0.491330905511811
0
LINE
8
BLACK
6
CONTINUOUS
10
0.9308203149606299
20
0.491330905511811
11
0.9323619685039369
21
0.4940011023622047
0
LINE
8
BLACK
6
CONTINUOUS
10
0.9323619685039369
20
0.4940011023622047
11
0.9345422047244094
21
0.4961813385826772
0
LINE
8
BLACK
6
CONTINUOUS
10
0.9345422047244094
20
0.4961813385826772
11
0.9372124015748031
21
0.4977229921259843
0
LINE
8
BLACK
6
CONTINUOUS
10
0.9372124015748031
20
0.4977229921259843
11
0.9401906299212598
21
0.4985209842519685
0
LINE
8
BLACK
6
CONTINUOUS
10
0.9401906299212598
20
0.4985209842519685
11
0.943273937007874
21
0.4985209842519685
0
LINE
8
BLACK
6
CONTINUOUS
10
0.943273937007874
20
0.4985209842519685
11
0.9462521653543307
21
0.4977229921259843
0
LINE
8
BLACK
6
CONTINUOUS
10
0.9462521653543307
20
0.4977229921259843
11
0.9489223622047244
21
0.4961813385826772
0
LINE
8
BLACK
6
CONTINUOUS
10
0.9489223622047244
20
0.4961813385826772
11
0.9511025984251968
21
0.4940011023622047
0
LINE
8
BLACK
6
CONTINUOUS
10
0.9511025984251968
20
0.4940011023622047
11
0.9526442519685039
21
0.491330905511811
0
LINE
8
BLACK
6
CONTINUOUS
10
0.9526442519685039
20
0.491330905511811
11
0.9534422440944882
21
0.4883526771653543
0
LINE
8
BLACK
6
CONTINUOUS
10
0.9534422440944882
20
0.4883526771653543
11
0.9535433070866142
21
0.4868110236220473
0
LINE
8
BLACK
6
CONTINUOUS
10
0.9535433070866142
20
0.4868110236220473
11
0.9535433070866142
21
0.443503937007874
0
LINE
8
BLACK
6
CONTINUOUS
10
0.9535433070866142
20
0.443503937007874
11
0.9534422440944882
21
0.4419622834645669
0
LINE
8
BLACK
6
CONTINUOUS
10
0.9534422440944882
20
0.4419622834645669
11
0.9526442519685039
21
0.4389840551181102
0
LINE
8
BLACK
6
CONTINUOUS
10
0.9526442519685039
20
0.4389840551181102
11
0.9511025984251968
21
0.4363138582677165
0
LINE
8
BLACK
6
CONTINUOUS
10
0.9511025984251968
20
0.4363138582677165
11
0.9489223622047244
21
0.4341336220472441
0
LINE
8
BLACK
6
CONTINUOUS
10
0.9489223622047244
20
0.4341336220472441
11
0.9462521653543307
21
0.432591968503937
0
LINE
8
BLACK
6
CONTINUOUS
10
0.9462521653543307
20
0.432591968503937
11
0.943273937007874
21
0.4317939763779527
0
LINE
8
BLACK
6
CONTINUOUS
10
0.943273937007874
20
0.4317939763779527
11
0.9401906299212598
21
0.4317939763779527
0
LINE
8
BLACK
6
CONTINUOUS
10
0.9401906299212598
20
0.4317939763779527
11
0.9372124015748031
21
0.432591968503937
0
LINE
8
BLACK
6
CONTINUOUS
10
0.9372124015748031
20
0.432591968503937
11
0.9345422047244094
21
0.4341336220472441
0
LINE
8
BLACK
6
CONTINUOUS
10
0.9345422047244094
20
0.4341336220472441
11
0.9323619685039369
21
0.4363138582677165
0
LINE
8
BLACK
6
CONTINUOUS
10
0.9323619685039369
20
0.4363138582677165
11
0.9308203149606299
21
0.4389840551181102
0
LINE
8
BLACK
6
CONTINUOUS
10
0.9308203149606299
20
0.4389840551181102
11
0.9300223228346457
21
0.4419622834645669
0
LINE
8
BLACK
6
CONTINUOUS
10
0.9300223228346457
20
0.4419622834645669
11
0.9299212598425196
21
0.443503937007874
0
LINE
8
BLACK
6
CONTINUOUS
10
0.9299212598425196
20
0.443503937007874
11
0.9299212598425196
21
0.4868110236220473
0
LINE
8
BLACK
6
CONTINUOUS
10
0.9299212598425196
20
0.4868110236220473
11
0.9300223228346457
21
0.4883526771653543
0
LINE
8
BLACK
6
CONTINUOUS
10
0.5898648425196851
20
0.4883526771653543
11
0.5906628346456693
21
0.491330905511811
0
LINE
8
BLACK
6
CONTINUOUS
10
0.5906628346456693
20
0.491330905511811
11
0.5922044881889764
21
0.4940011023622047
0
LINE
8
BLACK
6
CONTINUOUS
10
0.5922044881889764
20
0.4940011023622047
11
0.5943847244094488
21
0.4961813385826772
0
LINE
8
BLACK
6
CONTINUOUS
10
0.5943847244094488
20
0.4961813385826772
11
0.5970549212598425
21
0.4977229921259843
0
LINE
8
BLACK
6
CONTINUOUS
10
0.5970549212598425
20
0.4977229921259843
11
0.6000331496062992
21
0.4985209842519685
0
LINE
8
BLACK
6
CONTINUOUS
10
0.6000331496062992
20
0.4985209842519685
11
0.6031164566929134
21
0.4985209842519685
0
LINE
8
BLACK
6
CONTINUOUS
10
0.6031164566929134
20
0.4985209842519685
11
0.60609468503937
21
0.4977229921259843
0
LINE
8
BLACK
6
CONTINUOUS
10
0.60609468503937
20
0.4977229921259843
11
0.6087648818897637
21
0.4961813385826772
0
LINE
8
BLACK
6
CONTINUOUS
10
0.6087648818897637
20
0.4961813385826772
11
0.6109451181102362
21
0.4940011023622047
0
LINE
8
BLACK
6
CONTINUOUS
10
0.6109451181102362
20
0.4940011023622047
11
0.6124867716535433
21
0.491330905511811
0
LINE
8
BLACK
6
CONTINUOUS
10
0.6124867716535433
20
0.491330905511811
11
0.6132847637795276
21
0.4883526771653543
0
LINE
8
BLACK
6
CONTINUOUS
10
0.6132847637795276
20
0.4883526771653543
11
0.6133858267716535
21
0.4868110236220473
0
LINE
8
BLACK
6
CONTINUOUS
10
0.6133858267716535
20
0.4868110236220473
11
0.6133858267716535
21
0.443503937007874
0
LINE
8
BLACK
6
CONTINUOUS
10
0.6133858267716535
20
0.443503937007874
11
0.6132847637795276
21
0.4419622834645669
0
LINE
8
BLACK
6
CONTINUOUS
10
0.6132847637795276
20
0.4419622834645669
11
0.6124867716535433
21
0.4389840551181102
0
LINE
8
BLACK
6
CONTINUOUS
10
0.6124867716535433
20
0.4389840551181102
11
0.6109451181102362
21
0.4363138582677165
0
LINE
8
BLACK
6
CONTINUOUS
10
0.6109451181102362
20
0.4363138582677165
11
0.6087648818897637
21
0.4341336220472441
0
LINE
8
BLACK
6
CONTINUOUS
10
0.6087648818897637
20
0.4341336220472441
11
0.60609468503937
21
0.432591968503937
0
LINE
8
BLACK
6
CONTINUOUS
10
0.60609468503937
20
0.432591968503937
11
0.6031164566929134
21
0.4317939763779527
0
LINE
8
BLACK
6
CONTINUOUS
10
0.6031164566929134
20
0.4317939763779527
11
0.6000331496062992
21
0.4317939763779527
0
LINE
8
BLACK
6
CONTINUOUS
10
0.6000331496062992
20
0.4317939763779527
11
0.5970549212598425
21
0.432591968503937
0
LINE
8
BLACK
6
CONTINUOUS
10
0.5970549212598425
20
0.432591968503937
11
0.5943847244094488
21
0.4341336220472441
0
LINE
8
BLACK
6
CONTINUOUS
10
0.5943847244094488
20
0.4341336220472441
11
0.5922044881889764
21
0.4363138582677165
0
LINE
8
BLACK
6
CONTINUOUS
10
0.5922044881889764
20
0.4363138582677165
11
0.5906628346456693
21
0.4389840551181102
0
LINE
8
BLACK
6
CONTINUOUS
10
0.5906628346456693
20
0.4389840551181102
11
0.5898648425196851
21
0.4419622834645669
0
LINE
8
BLACK
6
CONTINUOUS
10
0.5898648425196851
20
0.4419622834645669
11
0.5897637795275591
21
0.443503937007874
0
LINE
8
BLACK
6
CONTINUOUS
10
0.5897637795275591
20
0.443503937007874
11
0.5897637795275591
21
0.4868110236220473
0
LINE
8
BLACK
6
CONTINUOUS
10
0.5897637795275591
20
0.4868110236220473
11
0.5898648425196851
21
0.4883526771653543
0
LINE
8
BLACK
6
CONTINUOUS
10
1.4899773622047243
20
0.6400348031496063
11
1.488546968503937
21
0.6328437007874016
0
LINE
8
BLACK
6
CONTINUOUS
10
1.488546968503937
20
0.6328437007874016
11
1.4857411417322834
21
0.6260698031496063
0
LINE
8
BLACK
6
CONTINUOUS
10
1.4857411417322834
20
0.6260698031496063
11
1.4816677165354331
21
0.6199734645669291
0
LINE
8
BLACK
6
CONTINUOUS
10
1.4816677165354331
20
0.6199734645669291
11
1.4764832283464566
21
0.6147889763779527
0
LINE
8
BLACK
6
CONTINUOUS
10
1.4764832283464566
20
0.6147889763779527
11
1.4703868897637795
21
0.6107155511811023
0
LINE
8
BLACK
6
CONTINUOUS
10
1.4703868897637795
20
0.6107155511811023
11
1.4636129921259842
21
0.6079097244094488
0
LINE
8
BLACK
6
CONTINUOUS
10
1.4636129921259842
20
0.6079097244094488
11
1.4564218897637795
21
0.6064793307086614
0
LINE
8
BLACK
6
CONTINUOUS
10
1.4564218897637795
20
0.6064793307086614
11
1.4490899212598425
21
0.6064793307086614
0
LINE
8
BLACK
6
CONTINUOUS
10
1.4490899212598425
20
0.6064793307086614
11
1.4418988188976378
21
0.6079097244094488
0
LINE
8
BLACK
6
CONTINUOUS
10
1.4418988188976378
20
0.6079097244094488
11
1.4351249212598425
21
0.6107155511811023
0
LINE
8
BLACK
6
CONTINUOUS
10
1.4351249212598425
20
0.6107155511811023
11
1.4290285826771654
21
0.6147889763779527
0
LINE
8
BLACK
6
CONTINUOUS
10
1.4290285826771654
20
0.6147889763779527
11
1.4238440944881889
21
0.6199734645669291
0
LINE
8
BLACK
6
CONTINUOUS
10
1.4238440944881889
20
0.6199734645669291
11
1.4197706692913385
21
0.6260698031496063
0
LINE
8
BLACK
6
CONTINUOUS
10
1.4197706692913385
20
0.6260698031496063
11
1.416964842519685
21
0.6328437007874016
0
LINE
8
BLACK
6
CONTINUOUS
10
1.416964842519685
20
0.6328437007874016
11
1.4155344488188977
21
0.6400348031496063
0
LINE
8
BLACK
6
CONTINUOUS
10
1.4155344488188977
20
0.6400348031496063
11
1.4153543307086613
21
0.6437007874015748
0
LINE
8
BLACK
6
CONTINUOUS
10
1.4153543307086613
20
0.6437007874015748
11
1.4153543307086613
21
0.6633858267716535
0
LINE
8
BLACK
6
CONTINUOUS
10
1.4153543307086613
20
0.6633858267716535
11
1.4155344488188977
21
0.667051811023622
0
LINE
8
BLACK
6
CONTINUOUS
10
1.4155344488188977
20
0.667051811023622
11
1.416964842519685
21
0.6742429133858268
0
LINE
8
BLACK
6
CONTINUOUS
10
1.416964842519685
20
0.6742429133858268
11
1.4197706692913385
21
0.681016811023622
0
LINE
8
BLACK
6
CONTINUOUS
10
1.4197706692913385
20
0.681016811023622
11
1.4238440944881889
21
0.6871131496062992
0
LINE
8
BLACK
6
CONTINUOUS
10
1.4238440944881889
20
0.6871131496062992
11
1.4290285826771654
21
0.6922976377952755
0
LINE
8
BLACK
6
CONTINUOUS
10
1.4290285826771654
20
0.6922976377952755
11
1.4351249212598425
21
0.6963710629921259
0
LINE
8
BLACK
6
CONTINUOUS
10
1.4351249212598425
20
0.6963710629921259
11
1.4418988188976378
21
0.6991768897637796
0
LINE
8
BLACK
6
CONTINUOUS
10
1.4418988188976378
20
0.6991768897637796
11
1.4490899212598425
21
0.7006072834645669
0
LINE
8
BLACK
6
CONTINUOUS
10
1.4490899212598425
20
0.7006072834645669
11
1.4564218897637795
21
0.7006072834645669
0
LINE
8
BLACK
6
CONTINUOUS
10
1.4564218897637795
20
0.7006072834645669
11
1.4636129921259842
21
0.6991768897637796
0
LINE
8
BLACK
6
CONTINUOUS
10
1.4636129921259842
20
0.6991768897637796
11
1.4703868897637795
21
0.6963710629921259
0
LINE
8
BLACK
6
CONTINUOUS
10
1.4703868897637795
20
0.6963710629921259
11
1.4764832283464566
21
0.6922976377952755
0
LINE
8
BLACK
6
CONTINUOUS
10
1.4764832283464566
20
0.6922976377952755
11
1.4816677165354331
21
0.6871131496062992
0
LINE
8
BLACK
6
CONTINUOUS
10
1.4816677165354331
20
0.6871131496062992
11
1.4857411417322834
21
0.681016811023622
0
LINE
8
BLACK
6
CONTINUOUS
10
1.4857411417322834
20
0.681016811023622
11
1.488546968503937
21
0.6742429133858268
0
LINE
8
BLACK
6
CONTINUOUS
10
1.488546968503937
20
0.6742429133858268
11
1.4899773622047243
21
0.667051811023622
0
LINE
8
BLACK
6
CONTINUOUS
10
1.4899773622047243
20
0.667051811023622
11
1.4901574803149606
21
0.6633858267716535
0
LINE
8
BLACK
6
CONTINUOUS
10
1.4901574803149606
20
0.6633858267716535
11
1.4901574803149606
21
0.6437007874015748
0
LINE
8
BLACK
6
CONTINUOUS
10
1.4901574803149606
20
0.6437007874015748
11
1.4899773622047243
21
0.6400348031496063
0
LINE
8
BLACK
6
CONTINUOUS
10
1.6202588582677164
20
0.667051811023622
11
1.621689251968504
21
0.6742429133858268
0
LINE
8
BLACK
6
CONTINUOUS
10
1.621689251968504
20
0.6742429133858268
11
1.6244950787401575
21
0.681016811023622
0
LINE
8
BLACK
6
CONTINUOUS
10
1.6244950787401575
20
0.681016811023622
11
1.6285685039370079
21
0.6871131496062992
0
LINE
8
BLACK
6
CONTINUOUS
10
1.6285685039370079
20
0.6871131496062992
11
1.6337529921259841
21
0.6922976377952755
0
LINE
8
BLACK
6
CONTINUOUS
10
1.6337529921259841
20
0.6922976377952755
11
1.6398493307086615
21
0.6963710629921259
0
LINE
8
BLACK
6
CONTINUOUS
10
1.6398493307086615
20
0.6963710629921259
11
1.6466232283464566
21
0.6991768897637796
0
LINE
8
BLACK
6
CONTINUOUS
10
1.6466232283464566
20
0.6991768897637796
11
1.6538143307086615
21
0.7006072834645669
0
LINE
8
BLACK
6
CONTINUOUS
10
1.6538143307086615
20
0.7006072834645669
11
1.6611462992125985
21
0.7006072834645669
0
LINE
8
BLACK
6
CONTINUOUS
10
1.6611462992125985
20
0.7006072834645669
11
1.6683374015748031
21
0.6991768897637796
0
LINE
8
BLACK
6
CONTINUOUS
10
1.6683374015748031
20
0.6991768897637796
11
1.6751112992125985
21
0.6963710629921259
0
LINE
8
BLACK
6
CONTINUOUS
10
1.6751112992125985
20
0.6963710629921259
11
1.6812076377952756
21
0.6922976377952755
0
LINE
8
BLACK
6
CONTINUOUS
10
1.6812076377952756
20
0.6922976377952755
11
1.686392125984252
21
0.6871131496062992
0
LINE
8
BLACK
6
CONTINUOUS
10
1.686392125984252
20
0.6871131496062992
11
1.6904655511811024
21
0.681016811023622
0
LINE
8
BLACK
6
CONTINUOUS
10
1.6904655511811024
20
0.681016811023622
11
1.693271377952756
21
0.6742429133858268
0
LINE
8
BLACK
6
CONTINUOUS
10
1.693271377952756
20
0.6742429133858268
11
1.6947017716535433
21
0.667051811023622
0
LINE
8
BLACK
6
CONTINUOUS
10
1.6947017716535433
20
0.667051811023622
11
1.6948818897637794
21
0.6633858267716535
0
LINE
8
BLACK
6
CONTINUOUS
10
1.6948818897637794
20
0.6633858267716535
11
1.6948818897637794
21
0.6437007874015748
0
LINE
8
BLACK
6
CONTINUOUS
10
1.6948818897637794
20
0.6437007874015748
11
1.6947017716535433
21
0.6400348031496063
0
LINE
8
BLACK
6
CONTINUOUS
10
1.6947017716535433
20
0.6400348031496063
11
1.693271377952756
21
0.6328437007874016
0
LINE
8
BLACK
6
CONTINUOUS
10
1.693271377952756
20
0.6328437007874016
11
1.6904655511811024
21
0.6260698031496063
0
LINE
8
BLACK
6
CONTINUOUS
10
1.6904655511811024
20
0.6260698031496063
11
1.686392125984252
21
0.6199734645669291
0
LINE
8
BLACK
6
CONTINUOUS
10
1.686392125984252
20
0.6199734645669291
11
1.6812076377952756
21
0.6147889763779527
0
LINE
8
BLACK
6
CONTINUOUS
10
1.6812076377952756
20
0.6147889763779527
11
1.6751112992125985
21
0.6107155511811023
0
LINE
8
BLACK
6
CONTINUOUS
10
1.6751112992125985
20
0.6107155511811023
11
1.6683374015748031
21
0.6079097244094488
0
LINE
8
BLACK
6
CONTINUOUS
10
1.6683374015748031
20
0.6079097244094488
11
1.6611462992125985
21
0.6064793307086614
0
LINE
8
BLACK
6
CONTINUOUS
10
1.6611462992125985
20
0.6064793307086614
11
1.6538143307086615
21
0.6064793307086614
0
LINE
8
BLACK
6
CONTINUOUS
10
1.6538143307086615
20
0.6064793307086614
11
1.6466232283464566
21
0.6079097244094488
0
LINE
8
BLACK
6
CONTINUOUS
10
1.6466232283464566
20
0.6079097244094488
11
1.6398493307086615
21
0.6107155511811023
0
LINE
8
BLACK
6
CONTINUOUS
10
1.6398493307086615
20
0.6107155511811023
11
1.6337529921259841
21
0.6147889763779527
0
LINE
8
BLACK
6
CONTINUOUS
10
1.6337529921259841
20
0.6147889763779527
11
1.6285685039370079
21
0.6199734645669291
0
LINE
8
BLACK
6
CONTINUOUS
10
1.6285685039370079
20
0.6199734645669291
11
1.6244950787401575
21
0.6260698031496063
0
LINE
8
BLACK
6
CONTINUOUS
10
1.6244950787401575
20
0.6260698031496063
11
1.621689251968504
21
0.6328437007874016
0
LINE
8
BLACK
6
CONTINUOUS
10
1.621689251968504
20
0.6328437007874016
11
1.6202588582677164
21
0.6400348031496063
0
LINE
8
BLACK
6
CONTINUOUS
10
1.6202588582677164
20
0.6400348031496063
11
1.6200787401574803
21
0.6437007874015748
0
LINE
8
BLACK
6
CONTINUOUS
10
1.6200787401574803
20
0.6437007874015748
11
1.6200787401574803
21
0.6633858267716535
0
LINE
8
BLACK
6
CONTINUOUS
10
1.6200787401574803
20
0.6633858267716535
11
1.6202588582677164
21
0.667051811023622
0
CIRCLE
8
BLACK
10
0.305511811023622
20
0.4
40
0.0068897637795276
0
CIRCLE
8
BLACK
10
0.3331867716535433
20
0.4668132283464567
40
0.0068897637795276
0
CIRCLE
8
BLACK
10
0.3331867716535433
20
0.3331867716535433
40
0.0068897637795276
0
CIRCLE
8
BLACK
10
0.4
20
0.4944881889763779
40
0.0068897637795276
0
CIRCLE
8
BLACK
10
0.4
20
0.4
40
0.0068897637795276
0
CIRCLE
8
BLACK
10
0.4
20
0.305511811023622
40
0.0068897637795276
0
CIRCLE
8
BLACK
10
0.4668132283464567
20
0.4668132283464567
40
0.0068897637795276
0
CIRCLE
8
BLACK
10
0.4668132283464567
20
0.3331867716535433
40
0.0068897637795276
0
CIRCLE
8
BLACK
10
0.4944881889763779
20
0.4
40
0.0068897637795276
0
CIRCLE
8
BLACK
10
1.905511811023622
20
0.4
40
0.0068897637795276
0
CIRCLE
8
BLACK
10
1.9331867716535434
20
0.4668132283464567
40
0.0068897637795276
0
CIRCLE
8
BLACK
10
1.9331867716535434
20
0.3331867716535433
40
0.0068897637795276
0
CIRCLE
8
BLACK
10
2.
20
0.4944881889763779
40
0.0068897637795276
0
CIRCLE
8
BLACK
10
2.
20
0.4
40
0.0068897637795276
0
CIRCLE
8
BLACK
10
2.
20
0.305511811023622
40
0.0068897637795276
0
CIRCLE
8
BLACK
10
2.0668132283464566
20
0.4668132283464567
40
0.0068897637795276
0
CIRCLE
8
BLACK
10
2.0668132283464566
20
0.3331867716535433
40
0.0068897637795276
0
CIRCLE
8
BLACK
10
2.0944881889763778
20
0.4
40
0.0068897637795276
0
CIRCLE
8
BLACK
10
1.5523622047244094
20
0.4858267716535433
40
0.0068897637795276
0
CIRCLE
8
BLACK
10
1.6523622047244093
20
0.4858267716535433
40
0.0068897637795276
0
CIRCLE
8
BLACK
10
1.5523622047244094
20
0.3858267716535433
40
0.0068897637795276
0
CIRCLE
8
BLACK
10
1.6523622047244093
20
0.3858267716535433
40
0.0068897637795276
0
CIRCLE
8
BLACK
10
1.5523622047244094
20
0.2858267716535433
40
0.0068897637795276
0
CIRCLE
8
BLACK
10
1.6523622047244093
20
0.2858267716535433
40
0.0068897637795276
0
CIRCLE
8
BLACK
10
1.2297244094488189
20
2.0980314960629922
40
0.0068897637795276
0
CIRCLE
8
BLACK
10
1.2297244094488189
20
1.9980314960629921
40
0.0068897637795276
0
CIRCLE
8
BLACK
10
1.1297244094488188
20
2.0980314960629922
40
0.0068897637795276
0
CIRCLE
8
BLACK
10
1.1297244094488188
20
1.9980314960629921
40
0.0068897637795276
0
CIRCLE
8
BLACK
10
1.0297244094488189
20
2.0980314960629922
40
0.0068897637795276
0
CIRCLE
8
BLACK
10
1.0297244094488189
20
1.9980314960629921
40
0.0068897637795276
0
CIRCLE
8
BLACK
10
0.9297244094488188
20
2.0980314960629922
40
0.0068897637795276
0
CIRCLE
8
BLACK
10
0.9297244094488188
20
1.9980314960629921
40
0.0068897637795276
0
CIRCLE
8
BLACK
10
0.8297244094488189
20
2.0980314960629922
40
0.0068897637795276
0
CIRCLE
8
BLACK
10
0.8297244094488189
20
1.9980314960629921
40
0.0068897637795276
0
CIRCLE
8
BLACK
10
1.9669291338582677
20
1.7811023622047244
40
0.0068897637795276
0
CIRCLE
8
BLACK
10
2.0669291338582676
20
1.7811023622047244
40
0.0068897637795276
0
CIRCLE
8
BLACK
10
1.9669291338582677
20
1.6811023622047243
40
0.0068897637795276
0
CIRCLE
8
BLACK
10
2.0669291338582676
20
1.6811023622047243
40
0.0068897637795276
0
CIRCLE
8
BLACK
10
1.9669291338582677
20
1.5811023622047244
40
0.0068897637795276
0
CIRCLE
8
BLACK
10
2.0669291338582676
20
1.5811023622047244
40
0.0068897637795276
0
CIRCLE
8
BLACK
10
1.9669291338582677
20
1.4811023622047244
40
0.0068897637795276
0
CIRCLE
8
BLACK
10
2.0669291338582676
20
1.4811023622047244
40
0.0068897637795276
0
CIRCLE
8
BLACK
10
1.9669291338582677
20
1.3811023622047245
40
0.0068897637795276
0
CIRCLE
8
BLACK
10
2.0669291338582676
20
1.3811023622047245
40
0.0068897637795276
0
CIRCLE
8
BLACK
10
1.9669291338582677
20
1.2811023622047244
40
0.0068897637795276
0
CIRCLE
8
BLACK
10
2.0669291338582676
20
1.2811023622047244
40
0.0068897637795276
0
CIRCLE
8
BLACK
10
1.9669291338582677
20
1.1811023622047243
40
0.0068897637795276
0
CIRCLE
8
BLACK
10
2.0669291338582676
20
1.1811023622047243
40
0.0068897637795276
0
CIRCLE
8
BLACK
10
1.9669291338582677
20
1.0811023622047244
40
0.0068897637795276
0
CIRCLE
8
BLACK
10
2.0669291338582676
20
1.0811023622047244
40
0.0068897637795276
0
CIRCLE
8
BLACK
10
1.9669291338582677
20
0.9811023622047244
40
0.0068897637795276
0
CIRCLE
8
BLACK
10
2.0669291338582676
20
0.9811023622047244
40
0.0068897637795276
0
CIRCLE
8
BLACK
10
1.9669291338582677
20
0.8811023622047244
40
0.0068897637795276
0
CIRCLE
8
BLACK
10
2.0669291338582676
20
0.8811023622047244
40
0.0068897637795276
0
CIRCLE
8
BLACK
10
1.905511811023622
20
2.
40
0.0068897637795276
0
CIRCLE
8
BLACK
10
1.9331867716535434
20
2.0668132283464566
40
0.0068897637795276
0
CIRCLE
8
BLACK
10
1.9331867716535434
20
1.9331867716535434
40
0.0068897637795276
0
CIRCLE
8
BLACK
10
2.
20
2.0944881889763778
40
0.0068897637795276
0
CIRCLE
8
BLACK
10
2.
20
2.
40
0.0068897637795276
0
CIRCLE
8
BLACK
10
2.
20
1.905511811023622
40
0.0068897637795276
0
CIRCLE
8
BLACK
10
2.0668132283464566
20
2.0668132283464566
40
0.0068897637795276
0
CIRCLE
8
BLACK
10
2.0668132283464566
20
1.9331867716535434
40
0.0068897637795276
0
CIRCLE
8
BLACK
10
2.0944881889763778
20
2.
40
0.0068897637795276
0
CIRCLE
8
BLACK
10
1.0523622047244094
20
0.4818897637795275
40
0.0068897637795276
0
CIRCLE
8
BLACK
10
1.1523622047244095
20
0.4818897637795275
40
0.0068897637795276
0
CIRCLE
8
BLACK
10
1.0523622047244094
20
0.3818897637795275
40
0.0068897637795276
0
CIRCLE
8
BLACK
10
1.1523622047244095
20
0.3818897637795275
40
0.0068897637795276
0
CIRCLE
8
BLACK
10
1.0523622047244094
20
0.2818897637795276
40
0.0068897637795276
0
CIRCLE
8
BLACK
10
1.1523622047244095
20
0.2818897637795276
40
0.0068897637795276
0
CIRCLE
8
BLACK
10
0.4346456692913386
20
0.879527559055118
40
0.0068897637795276
0
CIRCLE
8
BLACK
10
0.3346456692913386
20
0.879527559055118
40
0.0068897637795276
0
CIRCLE
8
BLACK
10
0.4346456692913386
20
0.9795275590551181
40
0.0068897637795276
0
CIRCLE
8
BLACK
10
0.3346456692913386
20
0.9795275590551181
40
0.0068897637795276
0
CIRCLE
8
BLACK
10
0.4346456692913386
20
1.0795275590551181
40
0.0068897637795276
0
CIRCLE
8
BLACK
10
0.3346456692913386
20
1.0795275590551181
40
0.0068897637795276
0
CIRCLE
8
BLACK
10
0.4346456692913386
20
1.1795275590551182
40
0.0068897637795276
0
CIRCLE
8
BLACK
10
0.3346456692913386
20
1.1795275590551182
40
0.0068897637795276
0
CIRCLE
8
BLACK
10
0.4346456692913386
20
1.2795275590551181
40
0.0068897637795276
0
CIRCLE
8
BLACK
10
0.3346456692913386
20
1.2795275590551181
40
0.0068897637795276
0
CIRCLE
8
BLACK
10
0.4346456692913386
20
1.3795275590551181
40
0.0068897637795276
0
CIRCLE
8
BLACK
10
0.3346456692913386
20
1.3795275590551181
40
0.0068897637795276
0
CIRCLE
8
BLACK
10
0.4346456692913386
20
1.479527559055118
40
0.0068897637795276
0
CIRCLE
8
BLACK
10
0.3346456692913386
20
1.479527559055118
40
0.0068897637795276
0
CIRCLE
8
BLACK
10
0.4346456692913386
20
1.5795275590551181
40
0.0068897637795276
0
CIRCLE
8
BLACK
10
0.3346456692913386
20
1.5795275590551181
40
0.0068897637795276
0
CIRCLE
8
BLACK
10
0.4346456692913386
20
1.679527559055118
40
0.0068897637795276
0
CIRCLE
8
BLACK
10
0.3346456692913386
20
1.679527559055118
40
0.0068897637795276
0
CIRCLE
8
BLACK
10
0.4346456692913386
20
1.7795275590551181
40
0.0068897637795276
0
CIRCLE
8
BLACK
10
0.3346456692913386
20
1.7795275590551181
40
0.0068897637795276
0
CIRCLE
8
BLACK
10
1.5816929133858266
20
1.5383858267716535
40
0.0068897637795276
0
CIRCLE
8
BLACK
10
1.4816929133858268
20
1.5383858267716535
40
0.0068897637795276
0
CIRCLE
8
BLACK
10
0.305511811023622
20
2.
40
0.0068897637795276
0
CIRCLE
8
BLACK
10
0.3331867716535433
20
2.0668132283464566
40
0.0068897637795276
0
CIRCLE
8
BLACK
10
0.3331867716535433
20
1.9331867716535434
40
0.0068897637795276
0
CIRCLE
8
BLACK
10
0.4
20
2.0944881889763778
40
0.0068897637795276
0
CIRCLE
8
BLACK
10
0.4
20
2.
40
0.0068897637795276
0
CIRCLE
8
BLACK
10
0.4
20
1.905511811023622
40
0.0068897637795276
0
CIRCLE
8
BLACK
10
0.4668132283464567
20
2.0668132283464566
40
0.0068897637795276
0
CIRCLE
8
BLACK
10
0.4668132283464567
20
1.9331867716535434
40
0.0068897637795276
0
CIRCLE
8
BLACK
10
0.4944881889763779
20
2.
40
0.0068897637795276
0
CIRCLE
8
BLACK
10
0.6765748031496063
20
1.7838582677165353
40
0.0068897637795276
0
CIRCLE
8
BLACK
10
0.6765748031496063
20
1.8838582677165354
40
0.0068897637795276
0
CIRCLE
8
BLACK
10
0.7765748031496063
20
1.7838582677165353
40
0.0068897637795276
0
CIRCLE
8
BLACK
10
0.7765748031496063
20
1.8838582677165354
40
0.0068897637795276
0
CIRCLE
8
BLACK
10
0.8765748031496062
20
1.7838582677165353
40
0.0068897637795276
0
CIRCLE
8
BLACK
10
0.8765748031496062
20
1.8838582677165354
40
0.0068897637795276
0
CIRCLE
8
BLACK
10
0.9765748031496063
20
1.7838582677165353
40
0.0068897637795276
0
CIRCLE
8
BLACK
10
0.9765748031496063
20
1.8838582677165354
40
0.0068897637795276
0
CIRCLE
8
BLACK
10
1.0765748031496063
20
1.7838582677165353
40
0.0068897637795276
0
CIRCLE
8
BLACK
10
1.0765748031496063
20
1.8838582677165354
40
0.0068897637795276
0
CIRCLE
8
BLACK
10
1.1765748031496062
20
1.7838582677165353
40
0.0068897637795276
0
CIRCLE
8
BLACK
10
1.1765748031496062
20
1.8838582677165354
40
0.0068897637795276
0
CIRCLE
8
BLACK
10
1.2765748031496063
20
1.7838582677165353
40
0.0068897637795276
0
CIRCLE
8
BLACK
10
1.2765748031496063
20
1.8838582677165354
40
0.0068897637795276
0
CIRCLE
8
BLACK
10
1.3765748031496063
20
1.7838582677165353
40
0.0068897637795276
0
CIRCLE
8
BLACK
10
1.3765748031496063
20
1.8838582677165354
40
0.0068897637795276
0
CIRCLE
8
BLACK
10
1.4765748031496062
20
1.7838582677165353
40
0.0068897637795276
0
CIRCLE
8
BLACK
10
1.4765748031496062
20
1.8838582677165354
40
0.0068897637795276
0
CIRCLE
8
BLACK
10
1.5765748031496063
20
1.7838582677165353
40
0.0068897637795276
0
CIRCLE
8
BLACK
10
1.5765748031496063
20
1.8838582677165354
40
0.0068897637795276
0
CIRCLE
8
BLACK
10
1.6765748031496062
20
1.7838582677165353
40
0.0068897637795276
0
CIRCLE
8
BLACK
10
1.6765748031496062
20
1.8838582677165354
40
0.0068897637795276
0
CIRCLE
8
BLACK
10
1.7765748031496063
20
1.7838582677165353
40
0.0068897637795276
0
CIRCLE
8
BLACK
10
1.7765748031496063
20
1.8838582677165354
40
0.0068897637795276
0
CIRCLE
8
BLACK
10
0.8854330708661418
20
0.4454724409448819
40
0.0068897637795276
0
CIRCLE
8
BLACK
10
0.6578740157480315
20
0.4454724409448819
40
0.0068897637795276
0
LINE
8
BLACK
6
CONTINUOUS
10
0.9535433070866142
20
0.2848425196850394
11
0.9535433070866142
21
0.3163385826771654
0
ARC
8
BLACK
10
0.9417322834645669
20
0.3163385826771654
40
0.0118110236220472
50
0.00000000
51
180.00000000
0
LINE
8
BLACK
6
CONTINUOUS
10
0.9299212598425196
20
0.3163385826771654
11
0.9299212598425196
21
0.2848425196850394
0
ARC
8
BLACK
10
0.9417322834645669
20
0.2848425196850394
40
0.0118110236220472
50
180.00000000
51
360.00000000
0
LINE
8
BLACK
6
CONTINUOUS
10
0.6133858267716535
20
0.2848425196850394
11
0.6133858267716535
21
0.3163385826771654
0
ARC
8
BLACK
10
0.6015748031496063
20
0.3163385826771654
40
0.0118110236220472
50
0.00000000
51
180.00000000
0
LINE
8
BLACK
6
CONTINUOUS
10
0.5897637795275591
20
0.3163385826771654
11
0.5897637795275591
21
0.2848425196850394
0
ARC
8
BLACK
10
0.6015748031496063
20
0.2848425196850394
40
0.0118110236220472
50
180.00000000
51
360.00000000
0
LINE
8
BLACK
6
CONTINUOUS
10
0.9535433070866142
20
0.443503937007874
11
0.9535433070866142
21
0.4868110236220473
0
ARC
8
BLACK
10
0.9417322834645669
20
0.4868110236220473
40
0.0118110236220472
50
0.00000000
51
180.00000000
0
LINE
8
BLACK
6
CONTINUOUS
10
0.9299212598425196
20
0.4868110236220473
11
0.9299212598425196
21
0.443503937007874
0
ARC
8
BLACK
10
0.9417322834645669
20
0.443503937007874
40
0.0118110236220472
50
180.00000000
51
360.00000000
0
LINE
8
BLACK
6
CONTINUOUS
10
0.6133858267716535
20
0.443503937007874
11
0.6133858267716535
21
0.4868110236220473
0
ARC
8
BLACK
10
0.6015748031496063
20
0.4868110236220473
40
0.0118110236220472
50
0.00000000
51
180.00000000
0
LINE
8
BLACK
6
CONTINUOUS
10
0.5897637795275591
20
0.4868110236220473
11
0.5897637795275591
21
0.443503937007874
0
ARC
8
BLACK
10
0.6015748031496063
20
0.443503937007874
40
0.0118110236220472
50
180.00000000
51
360.00000000
0
LINE
8
BLACK
6
CONTINUOUS
10
1.4153543700787401
20
0.6633858267716535
11
1.4153543700787401
21
0.6437007874015748
0
ARC
8
BLACK
10
1.4527559055118109
20
0.6437007874015748
40
0.0374015354330709
50
-180.00000000
51
0.00000000
0
LINE
8
BLACK
6
CONTINUOUS
10
1.4901574409448819
20
0.6437007874015748
11
1.4901574409448819
21
0.6633858267716535
0
ARC
8
BLACK
10
1.4527559055118109
20
0.6633858267716535
40
0.0374015354330709
50
0.00000000
51
180.00000000
0
LINE
8
BLACK
6
CONTINUOUS
10
1.6948818503937007
20
0.6437007874015748
11
1.6948818503937007
21
0.6633858267716535
0
ARC
8
BLACK
10
1.6574803149606299
20
0.6633858267716535
40
0.0374015354330709
50
0.00000000
51
180.00000000
0
LINE
8
BLACK
6
CONTINUOUS
10
1.6200787795275591
20
0.6633858267716535
11
1.6200787795275591
21
0.6437007874015748
0
ARC
8
BLACK
10
1.6574803149606299
20
0.6437007874015748
40
0.0374015354330709
50
180.00000000
51
360.00000000
  0
ENDSEC
  0
EOF
